id,name,category,source_category,source_file,source_table,latitude,longitude,x_utm,y_utm,cluster_id,dist_to_cluster_centroid_m,competitor_density_500m,competitor_density_1km,same_category_density_500m,nearest_neighbor_dist_m,rating,review_log,price_level
15,SIB Batam,community college,Education,Indonesia.Batam.School.202408060757.db,places,1.1272635,104.0158592,390505.40492519765,124615.14945619283,0,582.9097977881281,8,27,0,96.7654153772946,5.0,0.6931471805599453,0
27,Sekolah Suluh Bangsa,school,Education,Indonesia.Batam.School.202408060757.db,places,1.1566271,104.0031088,389087.78981593176,127861.69927510765,2,512.6483312005766,5,19,0,22.249650563785348,5.0,1.791759469228055,0
36,SuksesMuda Education,education center,Education,Indonesia.Batam.School.202408060757.db,places,1.1304264,104.0106331,389924.01484383945,124964.99578208645,0,109.78928900414823,9,40,1,154.13029804838732,0.0,0.0,0
46,Baloi Mas Indah,housing complex,Education,Indonesia.Batam.School.202408060757.db,places,1.1280331,104.0072354,389545.8617458395,124700.55226638306,0,551.1761918826036,10,33,0,79.73067030195102,4.5,4.634728988229636,0
56,KP2A Education Centre,community college,Education,Indonesia.Batam.School.202408060757.db,places,1.126748,104.0069133,389509.97311353055,124558.50031451992,0,658.2054057289844,10,28,0,60.07311437558715,5.0,0.6931471805599453,0
62,TK Islam Robbani,kindergarten,Education,Indonesia.Batam.School.202408060757.db,places,1.1162517,104.036237,392772.43659843935,123397.0784279934,3,1955.071576536565,6,34,1,107.8124731148831,5.0,1.6094379124341003,0
87,PONDOK TA LIMUL QUR AN BATU MERAH ATAS,school,Education,Indonesia.Batam.School.202408060757.db,places,1.1844241,104.0134215,390236.35678962665,130934.17310071734,1,796.8981852038422,10,26,4,124.2242278796666,5.0,0.6931471805599453,0
91,Taman Kanak-Kanak Al - Muhajirin,kindergarten,Education,Indonesia.Batam.School.202408060757.db,places,1.1865949,104.0096789,389820.0109912249,131174.29732828162,1,1254.4560157157152,7,12,2,52.703175675219384,4.7,1.3862943611198906,0
93,TPA Asakinatulmardiyah,school,Education,Indonesia.Batam.School.202408060757.db,places,1.1856665,104.0084254,389680.4997826224,131071.71529176742,1,1294.6929996294393,6,11,2,173.1659653082436,5.0,0.6931471805599453,0
95,TK DAR EL FIKRI,kindergarten,Education,Indonesia.Batam.School.202408060757.db,places,1.1841912,104.0123293,390114.8207526809,130908.46997803122,1,857.8553880932077,9,23,2,124.2242278796666,5.0,0.6931471805599453,0
98,Tpq-Arsyada,kindergarten,Education,Indonesia.Batam.School.202408060757.db,places,1.1858634,104.0107163,389935.4114656879,131093.39082855743,1,1115.4818784596903,7,13,2,99.31398245368838,5.0,1.0986122886681098,0
103,Anizar dan zarina,school,Education,Indonesia.Batam.School.202408060757.db,places,1.1825165,104.0109724,389963.77518817305,130723.39060273995,1,867.0527331660054,7,20,2,238.89147685863026,0.0,0.0,0
105,Batu ampar,greenhouse & equipment supplier,Education,Indonesia.Batam.School.202408060757.db,places,1.171941,104.0194278,390904.1791499193,129553.96917618587,1,770.0050284696858,13,26,0,0.0,5.0,1.0986122886681098,0
106,TPQ Nurul Hidayah,school,Education,Indonesia.Batam.School.202408060757.db,places,1.1870195,104.0124949,390133.3582420302,131221.12359705463,1,1091.2135676383637,6,19,2,235.58137959580333,0.0,0.0,0
111,Rumah Pak Imam,school center,Education,Indonesia.Batam.School.202408060757.db,places,1.1865588,104.0101512,389872.56142574194,131170.28776991143,1,1214.368450543295,7,12,0,52.703175675219384,0.0,0.0,0
115,Rumah Tahfidz Al - Fath,religious school,Education,Indonesia.Batam.School.202408060757.db,places,1.1726185,104.020805,391057.44391791336,129628.81099258355,1,752.339387631584,13,26,0,66.87135141495503,0.0,0.0,0
117,GBIS BUKIT DOA,school,Education,Indonesia.Batam.School.202408060757.db,places,1.1583502,104.0098273,389835.4189110126,128051.92129732441,2,606.7084810551074,3,24,1,414.6034613131444,5.0,2.0794415416798357,0
121,Yayasan Sri As-Sakinah Batam,school,Education,Indonesia.Batam.School.202408060757.db,places,1.1658069,104.02862,391926.7430512073,128875.50958960947,3,3615.9212178296198,5,25,1,129.48932282728583,0.0,0.0,0
143,SMPN 29 BATAM,middle school,Education,Indonesia.Batam.School.202408060757.db,places,1.1771018,104.0204477,391017.86155226873,130124.43920461771,1,345.4463671543181,11,36,1,2.0138871369855837,4.3,3.5553480614894135,0
149,Taman Kanak-Kanak Kartini II,kindergarten,Education,Indonesia.Batam.School.202408060757.db,places,1.154441,104.008274,389662.4336199131,127619.83079191936,2,181.7061973291596,14,28,3,59.00928887120752,5.0,1.3862943611198906,0
152,PETROTEKNO Training Center - Batam,education center,Education,Indonesia.Batam.School.202408060757.db,places,1.1663835,104.0095537,389805.287134336,128939.99009205172,-1,0.0,0,11,0,641.1718780836768,5.0,0.6931471805599453,0
158,TK PERISAI KASIH,kindergarten,Education,Indonesia.Batam.School.202408060757.db,places,1.1651186,104.0161992,390544.6742400164,128799.89997388104,1,1512.4780331577124,3,30,0,385.9070133259899,0.0,0.0,0
163,Batu merah,tourist attraction,Education,Indonesia.Batam.School.202408060757.db,places,1.1784466,104.0043327,389224.8265647603,130273.73821317,-1,0.0,0,2,0,865.004242469117,0.0,0.0,0
180,SMPN Kartini II,school,Education,Indonesia.Batam.School.202408060757.db,places,1.154369,104.0071318,389535.3390313414,127611.91574478049,2,74.12911575540505,13,28,2,70.0413954004054,0.0,0.0,0
183,Sekolah Dasar Negeri 009 Bengkong,elementary school,Education,Indonesia.Batam.School.202408060757.db,places,1.160517,104.0233499,391340.14584777656,128290.93166116474,3,3254.719858697266,14,33,2,45.04727619191427,4.7,2.5649493574615367,0
186,SDN 24 Batu Ampar,elementary school,Education,Indonesia.Batam.School.202408060757.db,places,1.171941,104.0194278,390904.1791499193,129553.96917618587,1,770.0050284696858,13,26,2,0.0,0.0,0.0,0
191,Jason Bimbel Mandarin,preschool,Education,Indonesia.Batam.School.202408060757.db,places,1.149498,104.0131322,390202.81246754195,127073.20895372372,4,258.28891802405906,11,41,0,96.74782611535008,0.0,0.0,0
213,SD 002 Kampung Bawean bengkong,elementary school,Education,Indonesia.Batam.School.202408060757.db,places,1.163397,104.027554,391808.03925638285,128609.1444702345,3,3387.543981252004,10,40,2,202.8234901640829,0.0,0.0,0
223,Tanjung buntung,elementary school,Education,Indonesia.Batam.School.202408060757.db,places,1.1642856,104.0333431,392452.2156741346,128707.15460479997,3,3367.4812482968096,6,33,0,194.47853809491247,0.0,0.0,0
224,Bimbel SECN,preschool,Education,Indonesia.Batam.School.202408060757.db,places,1.1598449,104.0333543,392453.2938953739,128216.25109897593,3,2878.548552306965,23,47,3,73.12377185545031,5.0,1.0986122886681098,0
241,Perum Putra Kelana Jaya  Blok A6 No  08  Bengkong Sadai,kindergarten,Education,Indonesia.Batam.School.202408060757.db,places,1.1511306,104.0357405,392718.4751234341,127252.8273887329,3,1901.0783410097845,14,41,0,174.12970314553758,0.0,0.0,0
242,Tk Islahul Ummah,nursery school,Education,Indonesia.Batam.School.202408060757.db,places,1.1473381,104.0329209,392404.6003706639,126833.6866611797,3,1518.9568609478,4,60,0,183.25975003207242,4.0,1.6094379124341003,0
246,Bengkong dalam,middle school,Education,Indonesia.Batam.School.202408060757.db,places,1.1616141,104.0237677,391386.6757218838,128412.19633539079,3,3345.559195990828,14,31,0,129.24687516419698,0.0,0.0,0
250,Imanuel,education center,Education,Indonesia.Batam.School.202408060757.db,places,1.1516484,104.0328567,392397.6182848599,127310.17694229586,3,1987.7477238345389,20,62,0,243.2539591437658,0.0,0.0,0
257,SD Negeri 10 Bengkong,elementary school,Education,Indonesia.Batam.School.202408060757.db,places,1.1560426,104.0324972,392357.7824207291,127795.95328724389,3,2473.553979497387,23,56,5,31.185395330739713,4.4,2.70805020110221,0
259,State Primary School 011,elementary school,Education,Indonesia.Batam.School.202408060757.db,places,1.1536347,104.0365704,392810.9104679625,127529.61495663514,3,2178.9698097741248,15,44,4,0.0,4.4,3.58351893845611,0
260,TPQ BAITUL ADZKIYA,school,Education,Indonesia.Batam.School.202408060757.db,places,1.1575043,104.0332578,392442.4682196343,127957.5100297746,3,2622.40410574855,22,49,5,40.82922750652241,5.0,0.6931471805599453,0
265,TKS Eppata 1,preschool,Education,Indonesia.Batam.School.202408060757.db,places,1.1589243,104.0279249,391849.1386560296,128114.68889457668,3,2902.4104182581755,11,57,2,141.4622870206236,0.0,0.0,0
266,Sanggar Al-Qur an Kafabihi,special education school,Education,Indonesia.Batam.School.202408060757.db,places,1.1620213,104.0344296,392573.02277732565,128456.80320794202,3,3109.3493536541596,10,40,0,85.37224472231787,5.0,1.0986122886681098,0
271,Sekolah Dasar Islam Terpadu Al - Hijrah,elementary school,Education,Indonesia.Batam.School.202408060757.db,places,1.154177,104.03702,392860.9570217963,127589.54722823676,3,2241.04967211748,15,43,4,59.62178577636792,4.7,1.3862943611198906,0
273,TK YHKI,preschool,Education,Indonesia.Batam.School.202408060757.db,places,1.1586993,104.030816,392170.8182560976,128089.70571975081,3,2796.059186892017,23,58,3,65.9558643754746,0.0,0.0,0
277,TK Yos Sudarso I,school,Education,Indonesia.Batam.School.202408060757.db,places,1.1627646,104.0342214,392549.8848529085,128538.98019147509,3,3192.6954241968065,6,37,1,85.37224472231787,3.0,1.0986122886681098,0
278,MY FUTURE HOME,preschool,Education,Indonesia.Batam.School.202408060757.db,places,1.1622358,104.0261427,391650.9619917517,128480.83195682162,3,3312.545148059181,11,43,1,175.34507741767175,0.0,0.0,0
283,에벤에셀학교,school,Education,Indonesia.Batam.School.202408060757.db,places,1.1595234,104.0303032,392113.7910221308,128180.82655369739,3,2897.099278720523,18,56,3,48.78149504912701,0.0,0.0,0
290,SMP Eben Haezer,elementary school,Education,Indonesia.Batam.School.202408060757.db,places,1.1592767,104.0306667,392154.2277318878,128153.54090246347,3,2861.934942271984,23,58,6,48.78149504912701,4.1,2.772588722239781,0
292,SD Negeri 012 Bengkong,school,Education,Indonesia.Batam.School.202408060757.db,places,1.1668813,104.0290836,391978.3679425656,128994.26292774576,3,3720.8528352635594,3,23,1,129.48932282728583,5.0,1.9459101490553132,0
293,Madrasah Aliyah Swasta Persiapan Negeri 2 Batam,school,Education,Indonesia.Batam.School.202408060757.db,places,1.1603531,104.0348846,392623.5868143846,128272.37260834385,3,2922.774084141462,18,43,5,179.30226456721513,1.5,1.0986122886681098,0
294,Taman Pendidikan Al-Qur an Darut Taqwa,religious school,Education,Indonesia.Batam.School.202408060757.db,places,1.15831,104.021913,391180.1797510392,128047.01033099713,3,3113.168121252522,12,37,1,0.0,4.7,2.0794415416798357,0
297,Sekolah Tinggi Agama Kristen,university,Education,Indonesia.Batam.School.202408060757.db,places,1.1516899,104.024113,391424.7194964767,127315.09622054704,3,2362.2001890223746,19,62,0,107.80425527370701,4.6,1.791759469228055,0
298,TK Islam Darul Ikhwan,kindergarten,Education,Indonesia.Batam.School.202408060757.db,places,1.1465249,104.026883,391732.739641714,126744.01801367872,3,1717.3837051090359,31,48,4,97.40768933137393,5.0,1.791759469228055,0
299,SDN 003 Bengkong Laut,elementary school,Education,Indonesia.Batam.School.202408060757.db,places,1.1569154,104.0329439,392407.51889293344,127892.42119936865,3,2562.019869834347,24,51,5,24.164998418309565,4.8,3.258096538021482,0
300,Sekolah Dasar Estomihi,elementary school,Education,Indonesia.Batam.School.202408060757.db,places,1.1608116,104.0290191,391970.96016327146,128323.28148602786,3,3068.9245338855276,11,48,3,201.72769266458573,3.5,1.0986122886681098,0
301,PAUD - KB - TPA Cintya Nandika,kindergarten,Education,Indonesia.Batam.School.202408060757.db,places,1.163632,104.0250499,391529.42118312255,128635.21907036897,3,3498.8624968752415,9,31,0,196.48803778271923,0.0,0.0,0
302,SD Negeri 007 Bengkong,elementary school,Education,Indonesia.Batam.School.202408060757.db,places,1.1606551,104.0262734,391665.44456991274,128306.08599519613,3,3143.032230301226,11,51,4,124.20332646135881,4.6,2.302585092994046,0
304,Bengkong permai,elementary school,Education,Indonesia.Batam.School.202408060757.db,places,1.1569417,104.0327283,392383.53042192385,127895.33674514582,3,2568.1154688173565,22,51,5,24.164998418309565,0.0,0.0,0
305,Sekolah Dasar 0011 bengkong sadai,elementary school,Education,Indonesia.Batam.School.202408060757.db,places,1.1536264,104.0365807,392812.0562216445,127528.6970350146,3,2178.090860101835,15,44,4,1.4681047650924959,0.0,0.0,0
307,Msglow batam store bengkong,beauty school,Education,Indonesia.Batam.School.202408060757.db,places,1.145821,104.0274096,391791.3074562029,126666.18441523389,3,1619.995680614357,25,50,0,97.40768933137393,5.0,1.3862943611198906,0
308,SMP Hosannah,middle school,Education,Indonesia.Batam.School.202408060757.db,places,1.1604074,104.0330085,392414.83858415927,128278.44655740945,3,2944.421673674073,22,48,2,73.12377185545031,4.8,1.791759469228055,0
315,Madrasah Salafiyah Ula Laduni,elementary school,Education,Indonesia.Batam.School.202408060757.db,places,1.1507221,104.0374471,392908.3506690541,127207.60512058996,3,1863.5209819432273,12,39,5,195.18651685113863,0.0,0.0,0
318,Pesantren Al Falah Assyafi iyyah Putra,school,Education,Indonesia.Batam.School.202408060757.db,places,1.1447144,104.0256363,391593.9525247472,126543.92062714693,3,1652.484906590629,25,54,7,3.98643897372868,0.0,0.0,0
321,Bengkong,middle school,Education,Indonesia.Batam.School.202408060757.db,places,1.1610909,104.0312315,392217.1407607987,128354.0726679137,3,3047.1294165934787,19,45,1,201.73097078478574,5.0,1.0986122886681098,0
327,RuMas,education center,Education,Indonesia.Batam.School.202408060757.db,places,1.1472015,104.0237344,391382.42348601925,126818.93312999699,3,1997.724439812642,25,63,0,240.49056332218504,3.7,1.3862943611198906,0
329,GPI Impact Community,religious school,Education,Indonesia.Batam.School.202408060757.db,places,1.148396,104.0265532,391696.1135130068,126950.8741196663,3,1908.7057685660902,25,53,1,8.741711634127295,4.9,2.8903717578961645,0
330,SMP - SMAIT Fajar Ilahi Bengkong,high school,Education,Indonesia.Batam.School.202408060757.db,places,1.1452129,104.039401,393125.5534789633,126598.5111553014,-1,0.0,5,22,0,28.819822826556894,0.0,0.0,0
331,Smp 4 bengkong,school,Education,Indonesia.Batam.School.202408060757.db,places,1.1608659,104.0195466,390916.971297603,128329.64783203187,3,3490.66452170799,12,28,3,31.95223467048377,0.0,0.0,0
332,HKI resort khusus Bengkong Indah,church,Education,Indonesia.Batam.School.202408060757.db,places,1.1449286,104.0250171,391525.06275006843,126567.62312348097,3,1717.6148148037685,25,54,0,43.14947449346562,4.5,1.6094379124341003,0
335,Pondok Pesantren Aljabar,religious school,Education,Indonesia.Batam.School.202408060757.db,places,1.1493817,104.0241134,391424.67672963743,127059.93248948937,3,2154.834970252889,17,59,1,0.0,4.3,1.9459101490553132,0
339,Ma had Al - Manar  Asrama Siswa Terpadu MTsN 1 Batam,middle school,Education,Indonesia.Batam.School.202408060757.db,places,1.1578362,104.0347831,392612.19826981775,127994.14253185273,3,2645.2999110908495,23,44,3,72.70207103859526,0.0,0.0,0
341,Home base ganteR,preschool,Education,Indonesia.Batam.School.202408060757.db,places,1.1577108,104.0363143,392782.5675056175,127980.22207897481,3,2628.7406234912874,21,42,2,170.93699282285903,0.0,0.0,0
343,SDS Theodore,elementary school,Education,Indonesia.Batam.School.202408060757.db,places,1.14859,104.037372,392899.9149477913,126971.91241439295,3,1628.0940825884013,8,30,3,235.8436201123342,0.0,0.0,0
344,Yayasan Al-Ittihad,non-governmental organization,Education,Indonesia.Batam.School.202408060757.db,places,1.148863,104.031566,392253.89941196254,127002.30982236704,3,1720.0915398916993,6,72,0,71.58560175669109,4.0,1.6094379124341003,0
345,Ma USB Fillial MAN BATAM,school,Education,Indonesia.Batam.School.202408060757.db,places,1.157743,104.0341363,392540.2264315587,127983.86412580324,3,2639.458497374624,25,46,5,60.74671546073013,5.0,1.0986122886681098,0
348,Pondok Pesantren Al Falah Assyafi Iyyah,school,Education,Indonesia.Batam.School.202408060757.db,places,1.156087,104.0337606,392498.3605894083,127800.81367792611,3,2460.693055310763,29,50,4,27.592589325132273,5.0,1.0986122886681098,0
349,STT Lintas Budaya Batam,college,Education,Indonesia.Batam.School.202408060757.db,places,1.1557018,104.0225002,391245.41738106514,127758.6599338575,3,2832.2453334139936,11,50,1,205.22741952322804,5.0,1.0986122886681098,0
350,Bengkong harapan 1 Block E No 45,corporate office,Education,Indonesia.Batam.School.202408060757.db,places,1.1503789,104.0257595,391607.8741373721,127170.10699644279,3,2141.041396464786,18,62,0,8.357604155806921,4.6,2.302585092994046,0
353,Soul Society,school,Education,Indonesia.Batam.School.202408060757.db,places,1.120414,104.0369617,392853.224789647,123857.17836532978,3,1499.081452673179,9,37,4,66.97736840932683,0.0,0.0,0
357,pkbm karya bangsa,podiatrist,Education,Indonesia.Batam.School.202408060757.db,places,1.1685119,104.0291558,391986.4637500397,129174.51722934026,-1,0.0,2,16,0,180.43601453694845,0.0,0.0,0
358,Play Group Jidhatul Ummi,preschool,Education,Indonesia.Batam.School.202408060757.db,places,1.1482168,104.0315243,392249.2353003108,126930.87632573298,3,1653.0465282390867,7,68,0,71.58560175669109,0.0,0.0,0
363,Rumah Belajar Pak Raden,private educational institution,Education,Indonesia.Batam.School.202408060757.db,places,1.0489576,103.9797262,386481.93324720516,115959.96636578233,5,343.2249441281318,27,57,1,91.85251315157042,5.0,1.0986122886681098,0
372,PUSAT KEGIATAN BELAJAR MASYARAKAT PKBM Sahabat Cendekia,school,Education,Indonesia.Batam.School.202408060757.db,places,1.0414643,103.9762067,386090.0334897845,115131.72366294867,5,848.3650753064741,4,31,0,391.9695947510625,4.7,2.772588722239781,0
373,D LESQU Qusmarttutorial,school,Education,Indonesia.Batam.School.202408060757.db,places,1.0347118,103.9781878,386310.23827049404,114385.17610476584,-1,0.0,4,14,1,375.8917059832185,5.0,0.6931471805599453,0
377,SMA Harapan,high school,Education,Indonesia.Batam.School.202408060757.db,places,1.0510759,103.9794989,386456.7170640539,116194.1485673439,5,383.7190374184497,24,57,0,30.8303165304143,4.4,2.0794415416798357,0
386,SMK kamilau bangsa,high school,Education,Indonesia.Batam.School.202408060757.db,places,1.0569828,103.976629,386137.5858911545,116847.24999894129,5,868.5897369685098,13,39,0,130.18965807515298,0.0,0.0,0
390,Yayasan Pendidikan Islam Raudhatul Ilmi,religious school,Education,Indonesia.Batam.School.202408060757.db,places,1.0354702,103.9528733,383493.39022664714,114469.9349631113,6,195.66496106497627,10,25,0,92.52283593624968,5.0,1.0986122886681098,0
399,BIMBEL GENCY SMART,school,Education,Indonesia.Batam.School.202408060757.db,places,1.0481936,103.9778761,386276.03723528003,115875.57478541158,5,171.30813068174743,29,60,11,130.82534540601569,0.0,0.0,0
402,Yayasan Islam Anzalas Sakinah,middle school,Education,Indonesia.Batam.School.202408060757.db,places,1.0414399,103.9829986,386845.79760441766,115128.78162483596,-1,0.0,3,40,1,204.84274966182718,0.0,0.0,0
411,Kera Sakti Perguruan,school,Education,Indonesia.Batam.School.202408060757.db,places,1.0461055,103.9726427,385693.61828845105,115644.92944109939,5,556.7191874930397,11,51,4,112.00336759125817,0.0,0.0,0
414,PaudQu RBAM,kindergarten,Education,Indonesia.Batam.School.202408060757.db,places,1.0456038,103.9464985,382784.403850723,115590.43148404478,15,601.6560449126177,4,17,0,317.1116408591594,5.0,0.6931471805599453,0
419,Pondok Al Qolam Batam,boarding school,Education,Indonesia.Batam.School.202408060757.db,places,1.0377321,103.9458116,382707.6776065205,114720.24670556096,-1,0.0,6,25,0,239.93086054112442,5.0,1.791759469228055,0
422,Paud Terpadu Aqbal,kindergarten,Education,Indonesia.Batam.School.202408060757.db,places,1.0546492,103.9747202,385925.1009214767,116589.34470603279,5,647.1318853072659,17,48,0,81.46944466175688,0.0,0.0,0
426,Rumah Dean,preschool,Education,Indonesia.Batam.School.202408060757.db,places,1.0250383,104.0520701,394531.0613307628,113313.26084656178,8,849.667563862717,6,36,0,78.79356013017578,0.0,0.0,0
427,Batu aji,elementary school,Education,Indonesia.Batam.School.202408060757.db,places,1.0283779,103.9564449,383890.56475663895,113685.75827960928,7,425.8220025597369,10,25,1,65.42228585687394,0.0,0.0,0
430,TK Royal,preschool,Education,Indonesia.Batam.School.202408060757.db,places,1.0485249,103.9693002,385321.77090570785,115912.5122381579,5,820.1190592212758,14,40,2,10.713919897772406,0.0,0.0,0
431,Ruli Rindang Garden,school,Education,Indonesia.Batam.School.202408060757.db,places,1.05989,103.9756295,386026.4736500983,117168.6723906125,5,1195.3394798843958,7,22,4,117.32682717781047,0.0,0.0,0
434,Aulade Gemilang,preschool,Education,Indonesia.Batam.School.202408060757.db,places,1.056216,103.977517,386236.3693018012,116762.44914487291,5,789.7854228784611,15,43,0,130.18965807515298,0.0,0.0,0
451,Pondok Pesantren Anshorulhaq Al Islami,school,Education,Indonesia.Batam.School.202408060757.db,places,1.0303089,104.0538965,394734.4621176773,113895.84220778967,8,345.4825794286922,17,53,8,134.77456857972183,0.0,0.0,0
455,Parino Arofah,preschool,Education,Indonesia.Batam.School.202408060757.db,places,1.0291556,104.0549365,394850.1475538787,113768.31569906276,8,298.85991319805566,15,54,1,41.48938249707122,0.0,0.0,0
456,Ponpes Nurul Musthofa,school,Education,Indonesia.Batam.School.202408060757.db,places,1.0581323,103.9726562,385695.55827941257,116974.47122471119,5,1090.1698193743132,9,27,5,132.08888856302093,1.0,0.6931471805599453,0
460,Sekolah Dasar Al-Azhar 3 Batam,elementary school,Education,Indonesia.Batam.School.202408060757.db,places,1.0483247,103.9474009,382884.91981311014,115891.19107919309,15,390.47736665113433,5,18,1,101.54354348687227,4.9,2.3978952727983707,0
464,RA KIBAR,kindergarten,Education,Indonesia.Batam.School.202408060757.db,places,1.0562701,103.9458097,382708.1552557457,116769.60861751152,-1,0.0,0,7,0,659.5341704005001,0.0,0.0,0
465,Sekolah Dasar Negeri 009 Sagulung,school,Education,Indonesia.Batam.School.202408060757.db,places,1.0398174,103.9464093,382774.26399537,114950.75282404805,-1,0.0,4,25,3,239.93086054112442,4.6,2.995732273553991,0
468,Batam,school,Education,Indonesia.Batam.School.202408060757.db,places,1.0316587,104.0362587,392771.9026896721,114045.6456068792,-1,0.0,0,1,0,712.7046209604796,0.0,0.0,0
469,Tunas Baru High School,school,Education,Indonesia.Batam.School.202408060757.db,places,1.0353436,103.9703023,385432.8028788166,114455.30426973362,-1,0.0,3,9,2,185.132878196696,4.5,2.1972245773362196,0
474,Playground Alma Land,preschool,Education,Indonesia.Batam.School.202408060757.db,places,1.0282801,104.0609366,395517.7637895552,113671.33606571912,8,535.3805711367887,16,51,3,41.87051861900248,0.0,0.0,0
502,RA Tarbiyyatul Hidayah,preschool,Education,Indonesia.Batam.School.202408060757.db,places,1.043987,104.030371,392117.1785504288,115408.69303691802,9,224.10720249168907,11,17,6,0.0,0.0,0.0,0
507,RA Nurul Hidayah,preschool,Education,Indonesia.Batam.School.202408060757.db,places,1.043987,104.030371,392117.1785504288,115408.69303691802,9,224.10720249168907,11,17,6,0.0,5.0,0.6931471805599453,0
510,RA Baitul Falah,preschool,Education,Indonesia.Batam.School.202408060757.db,places,1.043987,104.030371,392117.1785504288,115408.69303691802,9,224.10720249168907,11,17,6,0.0,5.0,0.6931471805599453,0
516,Perumahan Bukit Kemuning,kindergarten,Education,Indonesia.Batam.School.202408060757.db,places,1.0367781,104.0479107,394068.62184953364,114611.18326026255,8,1191.910884992592,5,38,1,241.13020907239252,4.8,2.1972245773362196,0
519,Raudhatul Athfal (RA) Az Zafirah,preschool,Education,Indonesia.Batam.School.202408060757.db,places,1.049093,104.031858,392282.8151556557,115973.09142536178,9,366.2380241759546,8,19,5,0.0,0.0,0.0,0
525,suta,school,Education,Indonesia.Batam.School.202408060757.db,places,1.0416894,104.0536959,394712.5166025248,115153.91278416409,8,1239.0252902287702,13,31,6,162.8906806968429,0.0,0.0,0
531,Raudhatul Athfal (RA) Amaliyah Ii,preschool,Education,Indonesia.Batam.School.202408060757.db,places,1.049093,104.031858,392282.8151556557,115973.09142536178,9,366.2380241759546,8,19,5,0.0,0.0,0.0,0
533,SD Negeri 29,elementary school,Education,Indonesia.Batam.School.202408060757.db,places,1.046003,104.030436,392124.4800580783,115631.55222570816,9,32.10920858075562,17,17,0,16.284653149376368,0.0,0.0,0
535,Raudhatul Athfal Al Kamilah,school,Education,Indonesia.Batam.School.202408060757.db,places,1.043987,104.030371,392117.1785504288,115408.69303691802,9,224.10720249168907,11,17,3,0.0,0.0,0.0,0
536,RA Al Ikhlas,preschool,Education,Indonesia.Batam.School.202408060757.db,places,1.043987,104.030371,392117.1785504288,115408.69303691802,9,224.10720249168907,11,17,6,0.0,0.0,0.0,0
539,Sanggar Lukis Batam Art,school,Education,Indonesia.Batam.School.202408060757.db,places,1.0396473,104.0544754,394799.18542220036,114928.14166905245,8,997.9673624911526,16,37,4,30.114834254950754,5.0,0.6931471805599453,0
541,Raudhatul Athfal Riandi,school,Education,Indonesia.Batam.School.202408060757.db,places,1.043987,104.030371,392117.1785504288,115408.69303691802,9,224.10720249168907,11,17,3,0.0,0.0,0.0,0
543,Raudhatul Athfal (RA) Al Fajriy,kindergarten,Education,Indonesia.Batam.School.202408060757.db,places,1.1062428,104.0563136,395005.9962821886,122289.91463328093,3,3810.198933546614,16,37,1,149.00986370297423,4.0,0.6931471805599453,0
545,Raudhatul Athfal (RA) Nurul Muhtadha,preschool,Education,Indonesia.Batam.School.202408060757.db,places,1.049093,104.031858,392282.8151556557,115973.09142536178,9,366.2380241759546,8,19,5,0.0,0.0,0.0,0
546,Mushola & Taman Pendidikan Al-Qur an (TPQ) Nurul Huda,school,Education,Indonesia.Batam.School.202408060757.db,places,1.0705369,104.1170556,401763.5173795406,118340.77391574346,10,361.32785918721413,12,30,6,27.417968490213667,5.0,1.0986122886681098,0
547,RA BA TA Baiturrahim,preschool,Education,Indonesia.Batam.School.202408060757.db,places,1.0487926,104.0291977,391986.7867279587,115939.97500713893,9,353.99453459374183,8,19,5,297.8750193632902,0.0,0.0,0
554,A-Plus Batam,education center,Education,Indonesia.Batam.School.202408060757.db,places,1.0355119,104.1331584,403554.17873877974,114468.48892587627,-1,0.0,4,8,0,47.859647162459815,0.0,0.0,0
555,Kursus Bahasa Inggris Kampung Seraya Kavling Batam,after school program,Education,Indonesia.Batam.School.202408060757.db,places,1.1509742,104.0174861,390687.32382988144,127236.23115916002,4,414.6450983268288,13,39,1,6.70170925916457,0.0,0.0,0
557,Sekolah Globe National Plus II,school,Education,Indonesia.Batam.School.202408060757.db,places,1.0513916,103.9508826,383272.460755057,116230.10397993549,15,287.1232799469656,7,19,1,45.14572903325627,3.3,2.772588722239781,0
559,Taman Pendidikan Al-Quran Al Ikhlas,school,Education,Indonesia.Batam.School.202408060757.db,places,1.084149,104.030914,392178.99423622363,119848.43637182894,-1,0.0,0,0,0,1402.0965670776698,0.0,0.0,0
560,Kodim 0316 Batam,army barracks,Education,Indonesia.Batam.School.202408060757.db,places,1.1528536,104.0203356,391004.4564687861,127443.88365490934,3,2717.17368820594,8,51,0,362.834404492319,4.3,3.258096538021482,0
562,Kampung seraya,homestay,Education,Indonesia.Batam.School.202408060757.db,places,1.150919,104.0174612,390684.5511266941,127230.1299278065,4,408.23415994528284,13,39,0,6.70170925916457,4.7,2.4849066497880004,0
563,RA HIDAYAH,kindergarten,Education,Indonesia.Batam.School.202408060757.db,places,1.151285,104.0134576,390239.08780016645,127270.74389225722,4,387.9414671294613,11,38,0,183.43455056139683,0.0,0.0,0
567,Sekretariat IKMI,school,Education,Indonesia.Batam.School.202408060757.db,places,1.0564391,104.0331228,392423.8042934837,116785.13176065483,-1,0.0,1,7,0,54.77174583771532,0.0,0.0,0
568,RA As Sakinah,preschool,Education,Indonesia.Batam.School.202408060757.db,places,1.043987,104.030371,392117.1785504288,115408.69303691802,9,224.10720249168907,11,17,6,0.0,0.0,0.0,0
570,Raudhatul Athfal (RA) Al Fikri,preschool,Education,Indonesia.Batam.School.202408060757.db,places,1.049093,104.031858,392282.8151556557,115973.09142536178,9,366.2380241759546,8,19,5,0.0,0.0,0.0,0
573,RA Inklusi Miftahul Jannah,preschool,Education,Indonesia.Batam.School.202408060757.db,places,1.043987,104.030371,392117.1785504288,115408.69303691802,9,224.10720249168907,11,17,6,0.0,4.0,0.6931471805599453,0
579,Raudhatul Athfal (RA) Ar Rum,preschool,Education,Indonesia.Batam.School.202408060757.db,places,1.049093,104.031858,392282.8151556557,115973.09142536178,9,366.2380241759546,8,19,5,0.0,0.0,0.0,0
589,PPS AlFatah Batam,school,Education,Indonesia.Batam.School.202408060757.db,places,1.0465341,103.9929958,387958.4080622654,115691.57600491885,5,1841.703363138843,10,18,5,304.1966113780617,5.0,2.4849066497880004,0
593,TK dan SD Cahaya Kasih yayasan HKBP Mahanaim,school,Education,Indonesia.Batam.School.202408060757.db,places,1.0510431,103.9816093,386691.54871083744,116190.44593946515,5,591.5419707694545,19,56,9,208.0025144733421,4.7,3.2188758248682006,0
594,RA ARRUM CABANG BATU AJI,kindergarten,Education,Indonesia.Batam.School.202408060757.db,places,1.0540665,103.9858169,387159.85378320725,116524.52393986344,5,1157.4382006833025,4,35,0,79.71820708236332,5.0,0.6931471805599453,0
598,Daycare Gemilang,preschool,Education,Indonesia.Batam.School.202408060757.db,places,1.0367138,103.9646919,384808.5545804493,114606.98121884411,-1,0.0,0,7,0,546.3961770428851,0.0,0.0,0
599,Pesantren Modern Nurul Haq - Batam,school,Education,Indonesia.Batam.School.202408060757.db,places,1.046392,103.983942,386950.95069033327,115676.1920358334,5,866.2552502924466,10,54,2,46.74164638204158,5.0,1.9459101490553132,0
602,Lamintang Computer College,special education school,Education,Indonesia.Batam.School.202408060757.db,places,1.0336339,104.0032074,389094.23957871116,114265.13152350728,-1,0.0,2,4,0,122.98711148482589,5.0,0.6931471805599453,0
603,RUMAH TAHFIDZ IBNU KATSIR BATAM,middle school,Education,Indonesia.Batam.School.202408060757.db,places,1.0422544,103.9813451,386661.8345465573,115218.88237639595,5,922.167542341898,5,40,1,204.84274966182718,5.0,1.0986122886681098,0
604,Sekolah Prima Mentari,kindergarten,Education,Indonesia.Batam.School.202408060757.db,places,1.0490231,104.0021567,388977.8625585977,115966.40242306041,-1,0.0,2,3,0,445.33901040448393,0.0,0.0,0
605,Majelis Dikdasmen Muhammadiyah Batam,school,Education,Indonesia.Batam.School.202408060757.db,places,1.0457074,103.989871,387610.6700560212,115600.29802330329,5,1519.319168960896,13,30,7,21.207596529631555,4.0,0.6931471805599453,0
607,TK  Aisyiyah IV,kindergarten,Education,Indonesia.Batam.School.202408060757.db,places,1.045773,103.9896919,387590.74322465877,115607.55636625587,5,1498.213987176697,13,32,1,21.207596529631555,5.0,0.6931471805599453,0
609,MTS  S  Iskandar Muda,middle school,Education,Indonesia.Batam.School.202408060757.db,places,1.0499,104.00608,389414.45208720904,116063.20228606134,-1,0.0,1,3,0,447.1919386237496,3.3,1.6094379124341003,0
611,MA PLUS NURUL HAQ,school,Education,Indonesia.Batam.School.202408060757.db,places,1.0486771,103.9789492,386395.4630760032,115928.98582891544,5,261.0159329430925,29,58,12,86.63433364875779,0.0,0.0,0
612,RA AULIYA,school,Education,Indonesia.Batam.School.202408060757.db,places,1.0542516,103.9848146,387048.3307105126,116545.02269071875,5,1071.0979677371681,4,37,1,113.39133357486548,4.0,0.6931471805599453,0
613,SD KRISTEN TABGHA SEJAHTERA Sagulung,elementary school,Education,Indonesia.Batam.School.202408060757.db,places,1.036186,103.9844119,387002.8749286244,114547.92339914075,-1,0.0,2,16,0,356.3300410425562,5.0,1.3862943611198906,0
614,Kampung Inggris Batam,education center,Education,Indonesia.Batam.School.202408060757.db,places,1.0453875,103.9778078,386268.33608479775,115565.36819801175,5,432.99320529559424,13,52,0,104.64190796792872,5.0,3.58351893845611,0
615,State Primary School 005 Batu Aji,elementary school,Education,Indonesia.Batam.School.202408060757.db,places,1.0504869,103.9886348,387473.28378539777,116128.70525527978,-1,0.0,3,32,0,75.10465210093278,4.4,3.258096538021482,0
616,Madrasah Tsanawiyah Bina Ummah,private educational institution,Education,Indonesia.Batam.School.202408060757.db,places,1.0473855,103.9834798,386899.5553874562,115786.03805585434,5,784.3577469145375,12,57,1,118.10239203871755,5.0,0.6931471805599453,0
618,TK Tunas Lestari,preschool,Education,Indonesia.Batam.School.202408060757.db,places,1.0533995,103.9860892,387190.1296382736,116450.77866787651,-1,0.0,5,37,0,79.71820708236332,4.7,1.3862943611198906,0
619,SD Integral Luqman Al-Hakim Batam,elementary school,Education,Indonesia.Batam.School.202408060757.db,places,1.0479295,103.9818047,386713.1796128815,115846.23666121175,5,589.0403389002944,21,59,3,53.416288219706516,0.0,0.0,0
620,Sekola THERESIA,school,Education,Indonesia.Batam.School.202408060757.db,places,1.0415286,103.9854908,387123.11856277834,115138.49785164683,5,1293.8068107869765,6,36,3,277.4911151902461,5.0,1.3862943611198906,0
622,SD Negeri 004 Batu Aji,primary school,Education,Indonesia.Batam.School.202408060757.db,places,1.0454074,103.9891132,387526.33596691344,115567.1608496595,5,1446.8689288241305,13,33,0,76.02692030696419,4.4,3.091042453358316,0
623,TPQ  DTA  DTW Al-Ikhlas Batu Aji,religious school,Education,Indonesia.Batam.School.202408060757.db,places,1.0545236,103.9873261,387327.8045924901,116575.0006876403,-1,0.0,4,23,0,175.3721084006445,0.0,0.0,0
624,TPQ AL JIHAD,school,Education,Indonesia.Batam.School.202408060757.db,places,1.0378793,103.9816871,386699.7343303908,114735.2116151394,-1,0.0,3,23,0,356.3300410425562,4.5,1.0986122886681098,0
625,SD Muhammadiyah Asean Kota Batam,school,Education,Indonesia.Batam.School.202408060757.db,places,1.0451056,103.9897495,387597.1288666789,115533.77476588877,5,1524.279829979661,13,30,7,67.8874626557927,5.0,1.3862943611198906,0
627,LAPANGAN FUTSAL,preschool,Education,Indonesia.Batam.School.202408060757.db,places,1.0435141,103.9906532,387697.6306521693,115357.8058169899,5,1677.531700505239,13,27,0,56.07846813872092,0.0,0.0,0
628,Trismiyanta,school,Education,Indonesia.Batam.School.202408060757.db,places,1.0597603,103.9898233,387605.865566339,117153.81559269108,-1,0.0,0,4,0,642.1406384015485,5.0,0.6931471805599453,0
629,PAUDQu ADISYARA (AEIS),kindergarten,Education,Indonesia.Batam.School.202408060757.db,places,1.0347464,104.0032155,389095.17951862456,114388.11504315256,-1,0.0,2,4,0,122.98711148482589,5.0,0.6931471805599453,0
630,TK YA BUNAYYA 01 Batu Aji  Bata,kindergarten,Education,Indonesia.Batam.School.202408060757.db,places,1.048343,103.9811712,386642.70230046596,115891.97117951485,5,510.8931926226206,26,58,2,24.47475363719292,0.0,0.0,0
631,HANTU BENGKEL,school,Education,Indonesia.Batam.School.202408060757.db,places,1.0441526,103.9915693,387799.59138557117,115428.35779241948,5,1749.1926056291754,13,27,6,123.99021087515582,5.0,1.3862943611198906,0
632,Komplek Pusat Dakwah Muhammadiyah ASEAN,religious school,Education,Indonesia.Batam.School.202408060757.db,places,1.0453381,103.9905211,387682.99611898616,115559.4494959745,5,1599.6844358277558,13,26,0,1.8647515433042772,5.0,0.6931471805599453,0
633,TK Mutiara Batam,school,Education,Indonesia.Batam.School.202408060757.db,places,1.0456699,104.0043748,389224.5602836874,115595.63690872065,-1,0.0,1,3,0,445.33901040448393,0.0,0.0,0
637,TK ISLAM NURUL HAQ,kindergarten,Education,Indonesia.Batam.School.202408060757.db,places,1.0466646,103.9842631,386986.6905712025,115706.31582082064,5,890.1586050656279,9,55,2,46.74164638204158,0.0,0.0,0
639,Credible College,training centre,Education,Indonesia.Batam.School.202408060757.db,places,1.0732758,104.0244266,391456.7474992556,118646.67331933066,-1,0.0,0,1,0,913.5057392258145,4.7,4.248495242049359,0
642,KELAS 7E,middle school,Education,Indonesia.Batam.School.202408060757.db,places,1.0322479,103.9807563,386595.9599275208,114112.70493694446,-1,0.0,3,10,2,22.088357002807115,0.0,0.0,0
643,Batam CB 102,elementary school,Education,Indonesia.Batam.School.202408060757.db,places,1.0377754,103.9998718,388723.21857460553,114723.08007544078,-1,0.0,0,9,0,500.5562073647418,0.0,0.0,0
645,Islamic Junior High School Nurul Haq,middle school,Education,Indonesia.Batam.School.202408060757.db,places,1.0469641,103.9845716,387021.029354375,115739.41379558868,5,913.6909399650788,9,54,0,47.693059909305276,4.8,2.8903717578961645,0
646,Mari Taqwa,kindergarten,Education,Indonesia.Batam.School.202408060757.db,places,1.0375503,103.99155,387797.2104179184,114698.48980390334,5,2094.702766717885,5,20,1,43.62335551487024,4.3,2.0794415416798357,0
647,SDN 019 Sagulung,elementary school,Education,Indonesia.Batam.School.202408060757.db,places,1.0398846,103.9917699,387821.7619359741,114956.53333831081,5,1968.6800608503625,9,23,0,259.20887849056635,4.3,2.4849066497880004,0
648,DTA Muka Kuning,school,Education,Indonesia.Batam.School.202408060757.db,places,1.068399,104.0134209,390231.9479445731,118107.95091376758,-1,0.0,1,2,0,242.69648712514308,0.0,0.0,0
651,Otomasi punya cerita,school,Education,Indonesia.Batam.School.202408060757.db,places,1.0432616,103.9902161,387648.9838233343,115329.90813548978,5,1643.251229671037,13,28,6,56.07846813872092,0.0,0.0,0
659,Community Centre,student dormitory,Education,Indonesia.Batam.School.202408060757.db,places,1.061327,104.0248199,391500.0918880226,117325.76087410118,-1,0.0,0,0,0,1058.0594965483024,4.4,4.31748811353631,0
660,KELAS 7C,middle school,Education,Indonesia.Batam.School.202408060757.db,places,1.0322942,103.9805632,386574.47441562975,114117.83019731485,-1,0.0,3,10,2,22.088357002807115,0.0,0.0,0
664,Batam Tutor Course,school,Education,Indonesia.Batam.School.202408060757.db,places,1.0367352,103.9740407,385848.84289383923,114609.0083445479,-1,0.0,4,12,3,22.73534105366082,5.0,0.6931471805599453,0
667,pesantren mini Nusantara,school,Education,Indonesia.Batam.School.202408060757.db,places,1.0382798,103.9872341,387316.987684463,114779.28781631988,5,1680.9639267182733,7,27,2,390.1234636844129,5.0,0.6931471805599453,0
669,Madrasah Diniyah Tarbiyah Nurul Islam,school,Education,Indonesia.Batam.School.202408060757.db,places,1.0459224,104.0303135,392110.846414751,115622.64640189338,9,46.15056794857698,17,17,3,16.284653149376368,3.0,0.6931471805599453,0
670,Manurung Market,school,Education,Indonesia.Batam.School.202408060757.db,places,1.0422681,103.9893127,387548.42359255644,115220.11125376794,5,1600.393622647264,15,30,8,36.503484172606065,3.3,1.6094379124341003,0
672,TPQ Al Hidayah,school,Education,Indonesia.Batam.School.202408060757.db,places,1.0414342,104.0064119,389451.08747348556,115127.32058462345,-1,0.0,0,7,0,520.2256694298961,2.7,1.3862943611198906,0
673,TK & Play Group Mandiri,kindergarten,Education,Indonesia.Batam.School.202408060757.db,places,1.0371698,103.9912001,387758.26217038085,114656.43883594431,5,2090.3535738448327,5,20,1,32.80417378984874,0.0,0.0,0
674,Rumah Belajar X-FAST,school,Education,Indonesia.Batam.School.202408060757.db,places,1.0528515,103.9753154,385991.26592695573,116390.59038396884,5,437.69273925318515,20,60,9,146.64505244126875,0.0,0.0,0
675,Bimbel Gemilang,community college,Education,Indonesia.Batam.School.202408060757.db,places,1.0359286,103.991891,387835.0978328857,114519.20262857947,5,2237.4159143161305,4,14,0,157.28158075388848,4.0,1.0986122886681098,0
682,Dormitory Blok P Batamindo industrial Park,corporate office,Education,Indonesia.Batam.School.202408060757.db,places,1.0559647,104.0329808,392407.9873358519,116732.69353038927,-1,0.0,1,7,0,54.77174583771532,4.5,5.497168225293202,0
683,PAUD Terpadu At- Tawwaabiin,kindergarten,Education,Indonesia.Batam.School.202408060757.db,places,1.0680584,104.0180602,390748.16132908553,118070.1333163454,-1,0.0,1,3,0,279.05109492786596,0.0,0.0,0
684,RA Akbar School,preschool,Education,Indonesia.Batam.School.202408060757.db,places,1.043987,104.030371,392117.1785504288,115408.69303691802,9,224.10720249168907,11,17,6,0.0,0.0,0.0,0
697,Junior High School 27  Batam,middle school,Education,Indonesia.Batam.School.202408060757.db,places,1.0288496,103.9582124,384087.26157389715,113737.83989812247,7,278.0314543522919,10,26,1,65.63329437243742,4.6,3.332204510175204,0
705,PAUD Islam Umar,preschool,Education,Indonesia.Batam.School.202408060757.db,places,1.0446603,103.9784098,386335.29711137596,115484.95582444425,5,531.2180927127888,12,50,0,104.64190796792872,0.0,0.0,0
711,SD Permata Nusantara,preschool,Education,Indonesia.Batam.School.202408060757.db,places,1.138271,104.116447,401698.0247745423,125828.3701607086,-1,0.0,3,10,1,86.8904947087181,3.6,1.791759469228055,0
720,Rainbow Kids Learning Centre Duta Mas,education center,Education,Indonesia.Batam.School.202408060757.db,places,1.1081706,104.0442246,393660.9251017084,122503.45559662287,3,2994.074868639545,9,27,0,37.77634435413112,4.7,1.3862943611198906,0
730,Perumahan Villa Muka Kuning,gated community,Education,Indonesia.Batam.School.202408060757.db,places,1.0374647,103.9911673,387754.62276918476,114689.0405011927,5,2067.040428544955,5,20,0,32.80417378984874,4.5,3.1780538303479458,0
749,Az- Zafirah Nur Jannah Education Fondation,school,Education,Indonesia.Batam.School.202408060757.db,places,1.0703807,104.1245448,402596.8271150701,118323.26810879924,10,601.8064662455621,8,25,4,142.6680591721728,3.0,0.6931471805599453,0
751,Psht rayon punggur,martial arts school,Education,Indonesia.Batam.School.202408060757.db,places,1.0748499,104.116472,401698.71845765645,118817.56741354628,10,789.488400559981,10,21,0,148.40559260107037,0.0,0.0,0
766,Gici Business School,school,Education,Indonesia.Batam.School.202408060757.db,places,1.0456264,104.0304535,392126.41446868156,115589.9198729145,9,49.58160060806877,17,17,3,36.24072298105083,0.0,0.0,0
769,Punggur,housing society,Education,Indonesia.Batam.School.202408060757.db,places,1.0535452,104.1105444,401038.48176898196,116462.6557357469,-1,0.0,1,3,0,159.20915022191772,5.0,0.6931471805599453,0
770,MUSHOLLA DARUL HAQ BATAM,school center,Education,Indonesia.Batam.School.202408060757.db,places,1.171938,104.130297,403240.20127645053,129549.5632700829,-1,0.0,0,0,0,1474.1258977315204,0.0,0.0,0
774,Telaga Punggur Ferry Terminal,ferry service,Education,Indonesia.Batam.School.202408060757.db,places,1.0350946,104.133273,403566.9176394913,114422.35578989815,-1,0.0,3,8,0,47.859647162459815,4.2,1.6094379124341003,0
777,Sds muhmmadiah labil,school,Education,Indonesia.Batam.School.202408060757.db,places,1.0708063,104.1223924,402357.3456697514,118370.38386237645,10,417.12106416034766,10,30,6,0.0,0.0,0.0,0
791,State Primary School 009,elementary school,Education,Indonesia.Batam.School.202408060757.db,places,1.0679452,104.0155549,390469.3869763146,118057.70859028866,-1,0.0,2,2,0,242.69648712514308,4.3,2.0794415416798357,0
793,SDN 005 Sei Beduk,elementary school,Education,Indonesia.Batam.School.202408060757.db,places,1.0417736,104.0553121,394892.35709938116,115163.16676053934,8,1208.3707489533524,11,28,2,104.9363390589218,4.7,2.302585092994046,0
796,Tk,kindergarten,Education,Indonesia.Batam.School.202408060757.db,places,1.0342182,104.0501548,394318.2432000677,114328.12234704483,8,835.4951304824428,16,46,2,97.0368090474418,5.0,0.6931471805599453,0
800,RA - SDIT Al - Mujahidin,kindergarten,Education,Indonesia.Batam.School.202408060757.db,places,1.0275544,104.0585419,395251.2765128425,113591.1917381905,8,417.4057924926806,22,47,2,90.01296701855102,4.8,1.9459101490553132,0
802,MTs Raudlatul Qur`an,school,Education,Indonesia.Batam.School.202408060757.db,places,1.0416947,104.0503942,394345.1299587024,115154.60919118952,8,1391.4541570485128,11,29,5,70.656068094179,4.5,1.6094379124341003,0
822,SDN 003 Bulang,elementary school,Education,Indonesia.Batam.School.202408060757.db,places,0.9680069,104.0344574,392569.3974720972,107009.24323662781,-1,0.0,1,1,0,5.832150002291855,5.0,1.0986122886681098,0
831,Mangsang Permai Blok i,school,Education,Indonesia.Batam.School.202408060757.db,places,1.028112,104.0475708,394030.5134142326,113653.19391753891,8,1088.3580895709626,7,28,2,153.7708019530303,4.8,1.9459101490553132,0
835,TAAM HIDAYAH ISAMIC SCHOOL,school,Education,Indonesia.Batam.School.202408060757.db,places,1.0452437,103.9861496,387196.558379224,115549.17049022573,5,1141.2413306598678,14,47,6,258.8492878102304,5.0,1.3862943611198906,0
840,SD Eben Haezer Family,private educational institution,Education,Indonesia.Batam.School.202408060757.db,places,1.0365622,104.054193,394767.66019915475,114587.10696311678,8,689.748102565454,15,46,0,29.2655347073843,5.0,0.6931471805599453,0
841,BATAM,religious school,Education,Indonesia.Batam.School.202408060757.db,places,1.0279086,103.9446231,382575.06570437626,113634.31000745684,-1,0.0,6,15,0,0.13534948400329855,0.0,0.0,0
843,SD Islam Terpadu Al- Thoriq,elementary school,Education,Indonesia.Batam.School.202408060757.db,places,1.0258517,104.0642884,395890.64717573754,113402.77850648678,8,994.7450466547643,17,39,2,7.92424299274312,4.3,1.9459101490553132,0
844,TK  TPA NURUL IMAN,religious school,Education,Indonesia.Batam.School.202408060757.db,places,1.0341798,103.9446826,382581.9164353991,114327.58440825072,-1,0.0,6,22,0,156.57160627729533,0.0,0.0,0
846,RA AL MA  RUF,kindergarten,Education,Indonesia.Batam.School.202408060757.db,places,1.0446397,104.0530607,394641.9347860692,115480.07670828894,8,1571.8663257664894,10,20,0,222.08333109025415,5.0,0.6931471805599453,0
847,Ustad arif,school,Education,Indonesia.Batam.School.202408060757.db,places,1.0298083,103.9502029,383196.0330069684,113844.11542976706,-1,0.0,3,30,0,97.22594338069449,5.0,0.6931471805599453,0
848,Sei lekop,housing society,Education,Indonesia.Batam.School.202408060757.db,places,1.0284147,103.9466862,382804.6579480211,113690.18316124253,-1,0.0,6,14,1,0.0,3.6,2.1972245773362196,0
850,Widya Prima,after school program,Education,Indonesia.Batam.School.202408060757.db,places,1.0356219,103.9544369,383667.3862569552,114486.64780803258,6,204.03629972854674,10,27,0,0.08052088281442471,0.0,0.0,0
852,Elementary School 010 Sagulung,elementary school,Education,Indonesia.Batam.School.202408060757.db,places,1.0362718,103.9544097,383664.3832692384,114558.49455485358,6,147.55827771195564,10,28,1,0.0,4.4,2.8903717578961645,0
854,Kosentrasi Keahlian TKJ Skanega,school,Education,Indonesia.Batam.School.202408060757.db,places,1.0235412,104.0587362,395272.76626246603,113147.54453011295,8,844.8552336719564,16,39,9,2.1445067522863,0.0,0.0,0
855,Taman Kanak-Kanak Islam Nur Hidayah,kindergarten,Education,Indonesia.Batam.School.202408060757.db,places,1.0366149,104.0560801,394977.64351035864,114592.8700616749,8,631.7326773141903,14,43,1,19.324248838225774,5.0,1.0986122886681098,0
856,Kavling sei lekop,housing development,Education,Indonesia.Batam.School.202408060757.db,places,1.0245507,103.947855,382934.57686088514,113262.97833214983,-1,0.0,3,11,0,228.06195398079038,5.0,2.3978952727983707,0
857,TK will nababan,kindergarten,Education,Indonesia.Batam.School.202408060757.db,places,1.0252518,104.0527457,394606.2440712761,113336.84008842615,8,784.7773725502436,8,39,1,78.79356013017578,0.0,0.0,0
863,Sei lekop,housing complex,Education,Indonesia.Batam.School.202408060757.db,places,1.0469062,103.9408692,382158.0488120633,115734.6218099347,-1,0.0,1,10,0,153.61229301025446,0.0,0.0,0
864,Rumah Krucils,school house,Education,Indonesia.Batam.School.202408060757.db,places,1.0345973,104.0478657,394063.54217522335,114370.10656160381,8,1085.8205234614034,8,41,0,62.12589824072353,0.0,0.0,0
865,TK Islam Fitria Sagulung,kindergarten,Education,Indonesia.Batam.School.202408060757.db,places,1.0356226,103.9544371,383667.40853759047,114486.72518494038,6,203.98447201059747,10,27,0,0.08052088281442471,0.0,0.0,0
867,Kav sei lekop,shopping mall,Education,Indonesia.Batam.School.202408060757.db,places,1.0362286,103.9558295,383822.37065143813,114553.66673018716,6,287.5295312791634,10,24,0,154.93622781673324,0.0,0.0,0
869,Kavling lama sei lekop,grocery store,Education,Indonesia.Batam.School.202408060757.db,places,1.0336033,103.9471543,382856.9359520585,114263.76146593234,-1,0.0,5,30,0,261.342682733442,4.0,0.6931471805599453,0
873,PKBM Sumber Ilmu,special education school,Education,Indonesia.Batam.School.202408060757.db,places,1.0358083,103.9398342,382042.4658842864,114507.79397008753,-1,0.0,4,11,0,121.58476243653749,0.0,0.0,0
875,Kavling sungai lekop,housing complex,Education,Indonesia.Batam.School.202408060757.db,places,1.0350044,103.9535641,383570.24241526827,114418.41587661096,6,238.23395438981873,9,27,0,92.52283593624968,0.0,0.0,0
876,SD Negeri 008 Sagulung,elementary school,Education,Indonesia.Batam.School.202408060757.db,places,1.047178,103.942223,382308.7038770162,115764.61827585826,-1,0.0,1,10,0,153.61229301025446,4.5,3.4657359027997265,0
877,Perumnas TJ  Piayu Batam,preschool,Education,Indonesia.Batam.School.202408060757.db,places,1.0338098,104.0584094,395236.7373670558,114282.70192476032,8,354.8534006088027,8,41,0,202.12821328025265,0.0,0.0,0
880,Rumah Cinta,preschool,Education,Indonesia.Batam.School.202408060757.db,places,1.027885,104.0575549,395141.4615193381,113627.77044591343,8,347.45326646623255,20,54,4,115.7468559273157,0.0,0.0,0
882,Rumah Belajar Ingenius,education center,Education,Indonesia.Batam.School.202408060757.db,places,1.0295088,104.0548104,394836.12768083304,113807.36454052792,8,285.7469279267354,15,54,1,41.48938249707122,5.0,1.0986122886681098,0
884,TK DELTA UTAMA,school,Education,Indonesia.Batam.School.202408060757.db,places,1.0226679,103.9666403,385024.85969265155,113054.15731548553,-1,0.0,1,11,0,3.365609498457724,0.0,0.0,0
890,Sekolah Dasar Negeri 012 Sagulung,elementary school,Education,Indonesia.Batam.School.202408060757.db,places,1.0282438,103.958302,384097.2100129744,113670.8661884726,7,230.30029884531737,12,25,2,66.30808694828879,4.6,2.0794415416798357,0
894,Jaya Sentosa Languages Course,language school,Education,Indonesia.Batam.School.202408060757.db,places,0.837166,104.053115,394641.7521034941,92544.78357119006,-1,0.0,0,0,0,9973.061444197756,0.0,0.0,0
896,RA AL- MARYAM,kindergarten,Education,Indonesia.Batam.School.202408060757.db,places,1.0764405,103.9535424,383569.36937980657,118999.13495160367,-1,0.0,2,2,0,67.90213765421646,4.0,1.0986122886681098,0
898,PERUMAHAN KAVLING PLUS SEI TEMIANG,gated community,Education,Indonesia.Batam.School.202408060757.db,places,1.0760263,103.953993,383619.49379496864,118953.32836580346,-1,0.0,2,2,0,67.90213765421646,4.6,2.3978952727983707,0
900,Pertamina Petrol Station,petrol station,Education,Indonesia.Batam.School.202408060757.db,places,1.0619939,103.968352,385216.7541503792,117401.52407337874,-1,0.0,1,13,0,495.08102334883193,4.4,5.641907070938114,0
902,Pesantren Ya Husnaya Hidayatul Mubtadi in Batam,religious school,Education,Indonesia.Batam.School.202408060757.db,places,1.0676713,103.9599336,384280.2145721438,118029.4674865475,-1,0.0,2,3,1,0.0,4.4,4.110873864173311,0
911,TK Al Ikhlas,preschool,Education,Indonesia.Batam.School.202408060757.db,places,1.135573,104.031941,392295.1303172176,125533.13456853692,3,478.8742264944869,19,48,0,100.81610862695086,5.0,1.0986122886681098,0
913,Edukits School & Stationery Supplies,stationery store,Education,Indonesia.Batam.School.202408060757.db,places,1.12553,104.025599,391589.0876208992,124423.15256116465,-1,0.0,3,28,0,15.809244631901269,4.5,0.6931471805599453,0
914,RBB(Rumah Belajar Betesda),preschool,Education,Indonesia.Batam.School.202408060757.db,places,1.1285463,104.0273433,391783.28687272023,124756.52918146731,3,1125.4270460548419,7,41,0,374.6890250254377,5.0,1.0986122886681098,0
917,sempoa sip,school,Education,Indonesia.Batam.School.202408060757.db,places,1.1294721,104.0316268,392259.9442048415,124858.71397611863,3,687.0758876602897,22,48,10,42.69422612201301,4.2,1.9459101490553132,0
918,PAUD dan Bimbel Zhen Xin,school,Education,Indonesia.Batam.School.202408060757.db,places,1.1331987,104.0369721,392854.84918109933,125270.47777339155,3,142.09278239702405,9,42,3,105.8366671690842,0.0,0.0,0
919,TK Anak Kreatif Baloi Kolam,school,Education,Indonesia.Batam.School.202408060757.db,places,1.1317611,104.0256334,391593.1460621384,125111.97793169609,3,1170.0717893775145,5,39,1,23.620479457460192,3.8,1.6094379124341003,0
920,New - G Education Centre,after school program,Education,Indonesia.Batam.School.202408060757.db,places,1.1328108,104.0298147,392058.43612163403,125227.86255494092,3,691.1423974589751,17,51,0,156.32563618293455,5.0,0.6931471805599453,0
921,SMP Maitreyawira,middle school,Education,Indonesia.Batam.School.202408060757.db,places,1.1291929,104.0326567,392374.53034728,124827.8112802073,3,637.9623488550028,21,47,1,108.77083412954386,0.0,0.0,0
923,Raudhatul Athfal (RA) Taman Kanak-Kanak Tarbiyyatul Hidayah Kota Batam,kindergarten,Education,Indonesia.Batam.School.202408060757.db,places,1.1441984,104.0284201,391903.68396342464,126486.77355114082,3,1408.807271390777,19,58,1,18.102851847517076,0.0,0.0,0
924,Sekolah Dasar Negeri (SDN) Batu Ampar 010,elementary school,Education,Indonesia.Batam.School.202408060757.db,places,1.1430695,104.0282302,391882.51172739465,126361.98478365086,3,1323.953147171143,21,57,3,44.426500857027115,0.0,0.0,0
927,FOTO COPY of LOVE,school,Education,Indonesia.Batam.School.202408060757.db,places,1.1318964,104.0254691,391574.8694944114,125126.94102368677,3,1185.0353316707115,5,37,1,23.620479457460192,5.0,0.6931471805599453,0
928,RAS Ash-Shiddiqiyah,school,Education,Indonesia.Batam.School.202408060757.db,places,1.141041,104.0249578,391518.3185909126,126137.86444526812,3,1451.319620528395,16,51,5,282.7611463489677,0.0,0.0,0
929,Sd 010 bengong sadai,elementary school,Education,Indonesia.Batam.School.202408060757.db,places,1.1511208,104.0267181,391714.5644385303,127252.08507497192,3,2158.4833677329525,18,64,2,126.55659004334842,0.0,0.0,0
930,Pusat Latihan YOGA Ananda Marga Yoga,yoga studio,Education,Indonesia.Batam.School.202408060757.db,places,1.1334737,104.0285737,391920.37533524365,125301.19006539414,3,819.5577409401443,17,51,0,156.32563618293455,4.9,2.0794415416798357,0
931,Adzkia stan,corporate office,Education,Indonesia.Batam.School.202408060757.db,places,1.136484,104.031899,392290.4907491828,125633.8438638732,3,529.254863268581,18,50,0,64.30856824480304,4.5,1.0986122886681098,0
932,Yayasan Pancaran Maitri,school,Education,Indonesia.Batam.School.202408060757.db,places,1.129365,104.0344899,392578.51576801477,124846.7684829759,3,529.7758573730811,21,44,9,25.57377546580074,3.0,1.3862943611198906,0
933,fasum lapangan badminton RT 02 RW 16,preschool,Education,Indonesia.Batam.School.202408060757.db,places,1.1319625,104.0222344,391214.94805501436,125134.36930284087,0,1194.5905450437822,5,30,0,197.7553945091262,0.0,0.0,0
934,PB Banda Baru,badminton court,Education,Indonesia.Batam.School.202408060757.db,places,1.1388545,104.0268325,391726.8333165544,125896.08383827767,3,1148.6447415924456,8,52,0,196.08444418912566,4.3,5.0106352940962555,0
935,Fortunate Education Garden,community college,Education,Indonesia.Batam.School.202408060757.db,places,1.137714,104.0319018,392290.847899869,125769.81577820682,3,612.3437990101799,15,49,0,102.38663546875208,2.3,1.3862943611198906,0
936,Auli Training Centre,tutoring service,Education,Indonesia.Batam.School.202408060757.db,places,1.1441167,104.0285611,391919.3698363751,126477.7365917631,3,1392.2527642677906,19,57,0,18.102851847517076,0.0,0.0,0
937,Al-Abdaliyah,religious school,Education,Indonesia.Batam.School.202408060757.db,places,1.1105826,104.0653368,396010.15372969006,122769.34118242313,-1,0.0,1,9,0,220.09921251806017,0.0,0.0,0
939,Maha Vihara Duta Maitreya Monastery,buddhist temple,Education,Indonesia.Batam.School.202408060757.db,places,1.1294435,104.0347061,392602.57508999796,124855.43837439876,3,514.6519795442208,22,44,0,25.57377546580074,4.7,0.6931471805599453,0
940,Panti Asuhan AL-MUKARRAMAH MANDIRI BATAM,orphanage,Education,Indonesia.Batam.School.202408060757.db,places,1.1337515,104.03552,392693.2955559722,125331.64148654432,3,49.39455918148046,15,42,0,108.40006589099443,0.0,0.0,0
941,SMK AL-JABAR KOTA BATAM,school,Education,Indonesia.Batam.School.202408060757.db,places,1.1555056,104.0247197,391492.3708812445,127736.88579778017,3,2690.8890529529667,8,59,1,130.81660109516022,4.3,1.9459101490553132,0
942,Bisnis Juta,electronics store,Education,Indonesia.Batam.School.202408060757.db,places,1.132934,104.036058,392753.12829603057,125241.25001846088,3,111.58395362508632,15,42,0,105.8366671690842,0.0,0.0,0
943,Audio Box Music Project   Karaoke And Recording,school,Education,Indonesia.Batam.School.202408060757.db,places,1.1438061,104.0291059,391979.97757350956,126443.38034484342,3,1329.1291064489553,19,55,6,69.66813836298206,5.0,0.6931471805599453,0
948,State Primary School 001 Batu Ampar,elementary school,Education,Indonesia.Batam.School.202408060757.db,places,1.184557,104.020344,391006.6134855735,130948.59154705537,1,706.6433705995714,15,25,4,0.0,4.6,3.6635616461296463,0
949,Sungai panas,gated community,Education,Indonesia.Batam.School.202408060757.db,places,1.1368869,104.0323159,392336.89379868936,125678.36744129226,3,517.4855119059556,16,49,0,64.30856824480304,0.0,0.0,0
951,Kwitiau Acek Sancheez,restaurant,Education,Indonesia.Batam.School.202408060757.db,places,1.1367423,104.0308205,392170.49648248416,125662.43823980325,3,647.2545956658806,20,52,0,50.39277808969748,4.7,4.574710978503383,0
952,State Primary School 003 Batu Ampar,elementary school,Education,Indonesia.Batam.School.202408060757.db,places,1.1848089,104.0199702,390965.0314652039,130976.4529883971,1,717.0581628403023,14,25,4,0.0,4.2,2.70805020110221,0
954,Bejo’s Bakso,bakso restaurant,Education,Indonesia.Batam.School.202408060757.db,places,1.137518,104.028306,391890.73877958825,125748.28316134244,3,935.7500160123435,14,53,0,117.53753169473138,4.2,5.099866427824199,0
955,Nasi Campur Budhe Saidah,diner,Education,Indonesia.Batam.School.202408060757.db,places,1.1332592,104.0323047,392335.51339817536,125277.33889411465,3,409.6856118831461,26,46,0,18.35099041844021,5.0,1.3862943611198906,0
957,Sungai Panas,river,Education,Indonesia.Batam.School.202408060757.db,places,1.1408443,104.0470216,393973.32589207956,126115.29744255422,-1,0.0,5,8,0,288.6145667966358,3.0,1.0986122886681098,0
961,CV Anamora Batam,uniform store,Education,Indonesia.Batam.School.202408060757.db,places,1.1437797,104.0284712,391909.3541392111,126440.4858167841,3,1368.3498299893192,20,58,0,38.57375307403423,5.0,1.6094379124341003,0
967,Yayasan Darul Ishlah Mangsang Batam,school,Education,Indonesia.Batam.School.202408060757.db,places,1.1690676,104.0164288,390570.3741676762,129236.4407266101,1,1076.2297647669309,10,25,2,55.395480937003136,0.0,0.0,0
969,Jackson s Homeware Market,homewares store,Education,Indonesia.Batam.School.202408060757.db,places,1.1277266,104.0319608,392297.0439880113,124665.74294449731,3,815.7891627076772,19,43,0,144.91905016768922,4.5,6.253828811575473,0
970,Pendawa Book Store,book store,Education,Indonesia.Batam.School.202408060757.db,places,1.14167,104.027421,391792.42042619415,126207.30542581908,3,1275.386619714012,21,57,0,179.00320190222814,0.0,0.0,0
971,Aku Tahu Center,market,Education,Indonesia.Batam.School.202408060757.db,places,1.1347389,104.0340377,392528.3976415274,125440.8498704199,3,228.05040391843772,18,41,0,28.69267980689386,4.3,0.6931471805599453,0
972,Futsal Aku Tahu,sports complex,Education,Indonesia.Batam.School.202408060757.db,places,1.1345848,104.0338302,392505.3035941377,125423.82239704116,3,243.9210908481555,20,45,0,28.69267980689386,4.4,5.929589143389895,0
974,Goducate Learning Centre,tutoring service,Education,Indonesia.Batam.School.202408060757.db,places,1.1297619,104.0307597,392163.47311643173,124890.78248033639,3,736.944733953034,20,48,0,98.08486778988501,5.0,0.6931471805599453,0
975,Raudhatul Athfal Tarbiyatul Hidayah,preschool,Education,Indonesia.Batam.School.202408060757.db,places,1.171497,104.013168,390207.6443200045,129505.13091401664,1,948.2052497401355,7,20,1,391.1769809440682,0.0,0.0,0
977,Batam,massage school,Education,Indonesia.Batam.School.202408060757.db,places,1.1500479,104.0248715,391509.05486965197,127133.5498214412,3,2164.63580554239,17,61,0,105.36448508318944,0.0,0.0,0
979,Taman Kanak - Kanak Citra,kindergarten,Education,Indonesia.Batam.School.202408060757.db,places,1.1796047,104.0193752,390898.62400352024,130401.16873285867,1,202.95841509269016,9,37,1,89.51999643030665,0.0,0.0,0
980,Home  SENG,preschool,Education,Indonesia.Batam.School.202408060757.db,places,1.1724442,104.0202044,390990.60951160995,129609.56607272566,1,742.8749449798903,12,26,0,69.55001657991541,0.0,0.0,0
982,TPQ NURUL IKHLAS,school,Education,Indonesia.Batam.School.202408060757.db,places,1.1830358,104.0197498,390940.4387666916,130780.45114426987,1,526.1465142804548,19,28,6,180.69390822041936,0.0,0.0,0
983,TKS Baitul Maghfirah,preschool,Education,Indonesia.Batam.School.202408060757.db,places,1.168593,104.0158625,390507.3444565193,129183.99724046627,1,1138.3378874458094,8,23,1,52.20689124034642,0.0,0.0,0
984,Rumah GPS,preschool,Education,Indonesia.Batam.School.202408060757.db,places,1.1755334,104.0238022,391391.04920244694,129950.92695693835,1,755.9710688372265,4,25,0,409.9116835612498,0.0,0.0,0
987,SD Negeri 011 Lubuk Baja,elementary school,Education,Indonesia.Batam.School.202408060757.db,places,1.1320479,103.995766,388269.8088536906,125144.81649223245,-1,0.0,2,6,0,331.0940921028796,4.8,1.9459101490553132,0
989,Sunah,preschool,Education,Indonesia.Batam.School.202408060757.db,places,1.1469848,103.9994134,388676.23047647206,126795.9122815731,-1,0.0,6,18,1,160.38017453731376,5.0,0.6931471805599453,0
992,Perumahan,school,Education,Indonesia.Batam.School.202408060757.db,places,1.1458464,103.9985199,388576.76680674957,126670.09980687383,-1,0.0,6,15,1,0.0,0.0,0.0,0
994,APRIANSYAH STARBOY,school,Education,Indonesia.Batam.School.202408060757.db,places,1.1349217,103.9949017,388173.7479327325,125462.54147831973,-1,0.0,2,7,0,33.23949244762252,0.0,0.0,0
998,SMP ISLAM TERPADU MAHABBATUL HAQ,middle school,Education,Indonesia.Batam.School.202408060757.db,places,1.1435177,103.992747,387934.32547521463,126412.89263863981,-1,0.0,4,11,0,334.641375649065,0.0,0.0,0
999,Raudhatul Athfal Al Muttaqin,preschool,Education,Indonesia.Batam.School.202408060757.db,places,1.134296,104.001441,388901.3545218425,125393.11996526326,-1,0.0,3,13,1,134.71933970063242,0.0,0.0,0
1000,Zhafran,preschool,Education,Indonesia.Batam.School.202408060757.db,places,1.1418812,103.9958554,388280.1345057715,126231.86037750081,-1,0.0,4,14,0,101.94707073834736,0.0,0.0,0
1009,Raudhatul Athfal (RA) Nurul Ihsan,preschool,Education,Indonesia.Batam.School.202408060757.db,places,1.1496879,104.0185781,390808.78078417067,127093.99296783042,4,429.678493698407,12,50,0,175.1808170147909,5.0,1.0986122886681098,0
1016,RA Baitul Ulum,preschool,Education,Indonesia.Batam.School.202408060757.db,places,1.1547196,104.0041768,389206.5515720533,127650.78859554879,2,305.3177983140872,14,21,1,186.00968063212022,0.0,0.0,0
1020,Tumble Tots,private educational institution,Education,Indonesia.Batam.School.202408060757.db,places,1.1264464,104.0073624,389559.9332904162,124525.1422600752,0,641.2022995727664,11,30,0,60.07311437558715,5.0,0.6931471805599453,0
1025,International Educational Services,private educational institution,Education,Indonesia.Batam.School.202408060757.db,places,1.1506539,104.0080299,389635.1269762339,127201.18711280834,2,375.9232542386809,13,37,0,293.29701223248037,0.0,0.0,0
1030,Restoran Seafood Teluk Air ( kampung berkah),restaurant,Education,Indonesia.Batam.School.202408060757.db,places,0.9592778,104.072576,396810.7616430706,106043.10162677031,-1,0.0,0,0,0,1916.3523217568074,4.4,1.791759469228055,0
1036,Raudhatul Athfal Mardhotillah,preschool,Education,Indonesia.Batam.School.202408060757.db,places,1.156619,104.002909,389065.5578777783,127860.81165122792,2,529.9467689069186,5,19,1,22.249650563785348,0.0,0.0,0
1038,Tanjung uma,housing development,Education,Indonesia.Batam.School.202408060757.db,places,1.1458464,103.9985199,388576.76680674957,126670.09980687383,-1,0.0,6,15,0,0.0,4.0,0.6931471805599453,0
1043,TPQ NURJANNAH,school,Education,Indonesia.Batam.School.202408060757.db,places,1.1550229,104.0081079,389643.9742343016,127684.1646306386,2,200.75389926393038,14,28,3,58.09006968225357,0.0,0.0,0
1046,IndoPanda Elite Akademi,chinese language school,Education,Indonesia.Batam.School.202408060757.db,places,1.1479172,104.0077371,389602.4421808633,126898.66400724225,2,660.0902794346486,7,37,0,95.78128343656222,0.0,0.0,0
1048,Liszthoven Music School,music school,Education,Indonesia.Batam.School.202408060757.db,places,1.1225052,104.0044223,389232.6384554358,124089.56499163731,0,1180.9154805644603,9,19,1,77.53193554779553,5.0,3.8501476017100584,0
1060,Graha mas,middle school,Education,Indonesia.Batam.School.202408060757.db,places,1.1300779,104.0529207,394629.31965592894,124924.90178781436,-1,0.0,6,10,2,0.0,0.0,0.0,0
1061,Aqi School,school,Education,Indonesia.Batam.School.202408060757.db,places,1.124797,104.032044,392306.19406121405,124341.88329658439,3,1098.5496314385923,10,37,5,96.05452670157239,0.0,0.0,0
1068,TKIT Tunas Cendekia,preschool,Education,Indonesia.Batam.School.202408060757.db,places,1.1318828,104.0445225,393694.9269311243,125124.73217199756,-1,0.0,3,18,0,39.12046243837199,5.0,0.6931471805599453,0
1070,Mppl,school,Education,Indonesia.Batam.School.202408060757.db,places,1.1290837,104.0357039,392713.5864605776,124815.62698791947,3,536.7983393065037,14,42,6,30.708099183874353,5.0,1.0986122886681098,0
1072,STIPAK Homeschooling Formal,high school,Education,Indonesia.Batam.School.202408060757.db,places,1.1270331,104.0513772,394457.46652297187,124588.36822518586,-1,0.0,6,16,2,377.87344188576725,5.0,1.9459101490553132,0
1082,smp 58 seibeduk,middle school,Education,Indonesia.Batam.School.202408060757.db,places,1.1300779,104.0529207,394629.31965592894,124924.90178781436,-1,0.0,6,10,2,0.0,0.0,0.0,0
1085,Taman Kanak-Kanak Nasional Batam,kindergarten,Education,Indonesia.Batam.School.202408060757.db,places,1.1308999,104.0457048,393826.4444621551,125016.03329055071,-1,0.0,3,17,0,151.56692179987658,0.0,0.0,0
1089,Pulau kasu,high school,Education,Indonesia.Batam.School.202408060757.db,places,1.1300779,104.0529207,394629.31965592894,124924.90178781436,-1,0.0,6,10,2,0.0,0.0,0.0,0
1093,Kp2a Kintamani,school,Education,Indonesia.Batam.School.202408060757.db,places,1.129298,104.0358795,392733.13321529864,124839.31056314288,3,512.5692499263894,14,46,5,30.708099183874353,5.0,0.6931471805599453,0
1094,Top global Chou (Zed ),preschool,Education,Indonesia.Batam.School.202408060757.db,places,1.1300779,104.0529207,394629.31965592894,124924.90178781436,-1,0.0,6,10,0,0.0,0.0,0.0,0
1096,TK slam Terpadu Mutiara Insani,preschool,Education,Indonesia.Batam.School.202408060757.db,places,1.123924,104.034172,392542.94385078416,124245.29795465234,3,1123.6787705631978,12,36,0,207.23106349052028,0.0,0.0,0
1104,MTS Al-Jabar,school,Education,Indonesia.Batam.School.202408060757.db,places,1.118125,104.0530069,394638.48253861116,123603.55741259291,-1,0.0,3,11,3,369.5816017165758,0.0,0.0,0
1105,Bimbel Pkn Stan Ens Batam,special education school,Education,Indonesia.Batam.School.202408060757.db,places,1.1142208,104.0429639,393520.86382930074,123172.32615620928,3,2315.737707630814,8,34,0,109.21117229842467,5.0,1.3862943611198906,0
1106,SMA Maitreyawira,high school,Education,Indonesia.Batam.School.202408060757.db,places,1.128326,104.0331191,392425.9494769953,124731.96156734097,3,694.1681216497922,19,48,0,108.77083412954386,4.5,1.0986122886681098,0
1108,Anggrek sari,elementary school,Education,Indonesia.Batam.School.202408060757.db,places,1.1178691,104.0389871,393078.4980830973,123575.77556701146,3,1808.353255808541,10,31,0,208.01789657587173,0.0,0.0,0
1118,SOLAS Kursus Bahasa Asing,school,Education,Indonesia.Batam.School.202408060757.db,places,1.1305661,104.0351537,392652.420475311,124979.52105195198,3,382.1226638950352,20,42,6,7.790529924736092,4.8,1.791759469228055,0
1121,TK Kiwi Kids,preschool,Education,Indonesia.Batam.School.202408060757.db,places,1.122615,104.046618,393927.7555556814,124100.13842263566,-1,0.0,4,20,0,350.230364910622,0.0,0.0,0
1132,Yin De Than,school,Education,Indonesia.Batam.School.202408060757.db,places,1.1281435,103.9771617,386199.5396152483,124713.9156647179,11,1042.894284101758,2,19,1,237.3478048721967,0.0,0.0,0
1134,TPQ az-zaitun khoiro,kindergarten,Education,Indonesia.Batam.School.202408060757.db,places,1.123553,103.9847746,387046.459752458,124206.14872476937,11,782.2225494513733,11,27,1,66.89151756985669,5.0,0.6931471805599453,0
1135,Ponpes Alimtiyaaz Batam,education center,Education,Indonesia.Batam.School.202408060757.db,places,1.116723,103.9811848,386646.7553863457,123451.24457881208,11,318.81062373595915,22,45,2,77.76821634925997,5.0,0.6931471805599453,0
1136,Kursus CEEC CAB TIBAN,after school program,Education,Indonesia.Batam.School.202408060757.db,places,1.1193008,103.9770193,386183.3522476096,123736.37668576062,11,267.92880015202763,16,44,1,51.451831383776906,0.0,0.0,0
1141,Pondok Ikhwan Darul Huffaz Batam,education center,Education,Indonesia.Batam.School.202408060757.db,places,1.1165886,103.9784296,386340.17439812503,123436.49330780783,11,286.27691613462054,16,44,1,99.53672446558939,0.0,0.0,0
1148,Batam Institute of Technology (ITEBA),university,Education,Indonesia.Batam.School.202408060757.db,places,1.1079069,103.9782163,386316.107859488,122476.75569954207,-1,0.0,3,24,0,2.8788287230739917,4.9,4.6443908991413725,0
1154,Top International College,after school program,Education,Indonesia.Batam.School.202408060757.db,places,1.1215127,103.9818034,386715.7718299545,123980.71262415098,11,386.3396900372443,14,43,0,52.2603480051527,0.0,0.0,0
1158,Yayasan Akademi Intisar Syafinaz,education center,Education,Indonesia.Batam.School.202408060757.db,places,1.1244352,103.9822337,386763.7644230503,124303.77255169956,11,679.7636801562986,13,32,0,154.19405982599093,0.0,0.0,0
1161,Lembaga Pendidikan Best Education,after school program,Education,Indonesia.Batam.School.202408060757.db,places,1.1182399,103.9782149,386316.3478419855,123619.04977318864,11,156.05460519243576,19,45,1,53.58358898901947,0.0,0.0,0
1162,Tempat kumpul tobrur,school,Education,Indonesia.Batam.School.202408060757.db,places,1.1209589,103.9826034,386804.7677149037,123919.4601863831,11,417.3579994465966,15,42,4,71.2091796979534,0.0,0.0,0
1166,Universitas Internasional Batam Dormitory,residential college,Education,Indonesia.Batam.School.202408060757.db,places,1.1219144,104.002105,388974.7686082214,124024.34150705086,0,1411.231425085771,7,16,0,157.98399544738743,5.0,1.0986122886681098,0
1170,Abdul Dhohir Islamic Boarding School BATAM (LDII),religious school,Education,Indonesia.Batam.School.202408060757.db,places,1.1199028,103.9591974,384200.2969482656,123803.62481785391,-1,0.0,1,8,0,376.98512519122437,5.0,3.1354942159291497,0
1173,PERUM TIBAN MAS INDAH,housing development,Education,Indonesia.Batam.School.202408060757.db,places,1.1248355,103.9793453,386442.3836193974,124348.13716847682,11,646.8809305939599,10,36,0,324.4284823784046,4.4,2.8903717578961645,0
1175,Yayasan Fauzul Adzim Madani,education center,Education,Indonesia.Batam.School.202408060757.db,places,1.1186988,103.984126,386974.1030095058,123669.5519492991,11,526.0875301853335,12,39,1,301.87508834021287,0.0,0.0,0
1178,Perumahan GPI Anggrek RT 07 RW 10,high school,Education,Indonesia.Batam.School.202408060757.db,places,1.1230772,103.985146,387087.76763828413,124153.535668487,11,782.6774702391726,12,26,0,66.89151756985669,0.0,0.0,0
1198,Gedung Serbaguna Kelurahan Tiban Lama,community college,Education,Indonesia.Batam.School.202408060757.db,places,1.10977,103.9875309,387352.63188732223,122682.36155442432,-1,0.0,6,15,0,89.27294009762078,4.3,2.4849066497880004,0
1255,Rumah alanzz,school,Education,Indonesia.Batam.School.202408060757.db,places,1.1034561,103.9597404,384260.0772952713,121985.44053598253,-1,0.0,1,14,0,480.04672395985847,5.0,0.6931471805599453,0
1256,RUMAH Bp  Habib Imam Ermoko,school,Education,Indonesia.Batam.School.202408060757.db,places,1.1012259,103.98253,386795.8491305518,121738.01937660498,-1,0.0,1,7,1,50.399019352103906,0.0,0.0,0
1298,RA TAZKiA,kindergarten,Education,Indonesia.Batam.School.202408060757.db,places,1.1210377,103.9809561,386621.4732286591,123928.23510609186,11,285.0618498800533,18,45,1,0.0,5.0,1.0986122886681098,0
1323,Perumahan Siriaon Regency Blok l   10 Tiban,school,Education,Indonesia.Batam.School.202408060757.db,places,1.1223252,103.9814981,386681.83191645646,124070.54472710296,11,436.5456995947489,14,41,3,96.02981021031808,0.0,0.0,0
1325,Mamina English course,preschool,Education,Indonesia.Batam.School.202408060757.db,places,1.1064269,103.9704228,385448.8508777048,122313.44424447742,12,244.94216547242496,11,22,1,165.4006905575053,0.0,0.0,0
1341,Tiban kampung pekong,school,Education,Indonesia.Batam.School.202408060757.db,places,1.0969255,104.0014307,388898.80646255525,121261.91039398732,-1,0.0,1,1,0,0.0,5.0,0.6931471805599453,0
1342,TK Tunas Madani,preschool,Education,Indonesia.Batam.School.202408060757.db,places,1.1170693,103.9755404,386018.70638647926,123489.74571839925,11,479.4589215155962,16,38,2,217.25524747017982,5.0,0.6931471805599453,0
1367,Elementary School 002 Sekupang,elementary school,Education,Indonesia.Batam.School.202408060757.db,places,1.1188879,103.9777548,386265.17667632736,123690.70281036115,11,184.10167914747078,19,46,4,83.36045690494375,4.5,3.332204510175204,0
1374,TPQ As - Sholihin,religious school,Education,Indonesia.Batam.School.202408060757.db,places,1.1121899,103.9651703,384864.61476064764,122950.7391659923,-1,0.0,5,25,2,118.96486137049986,3.0,0.6931471805599453,0
1378,Perumahan Tiban Asri,housing development,Education,Indonesia.Batam.School.202408060757.db,places,1.1078459,103.9615115,384457.3224430295,122470.65847929932,-1,0.0,3,18,0,182.47764896840556,4.4,3.295836866004329,0
1387,Play Group TK Modern Tadika Puri,school,Education,Indonesia.Batam.School.202408060757.db,places,1.114001,103.984865,387056.1533459926,123150.19146584718,11,819.9856773152004,7,38,6,8.38095429180603,0.0,0.0,0
1389,Komp Tiban Makmur Tahap 1,housing complex,Education,Indonesia.Batam.School.202408060757.db,places,1.1261703,103.970572,385466.21678046003,124496.04009148222,-1,0.0,2,13,1,227.1439624582843,4.4,3.5553480614894135,0
1392,MAS Miftahul Ulum,high school,Education,Indonesia.Batam.School.202408060757.db,places,1.1248496,103.9585496,384128.40946257045,124350.51343606786,-1,0.0,1,4,0,266.47311163495,0.0,0.0,0
1393,BHINERA BIMBEL,school,Education,Indonesia.Batam.School.202408060757.db,places,1.1265559,103.9757257,386039.6921500971,124538.46547702237,11,931.8661304617443,4,23,1,237.3478048721967,0.0,0.0,0
1403,Bintang Smart Centre,community college,Education,Indonesia.Batam.School.202408060757.db,places,1.1142561,103.9792013,386425.9533710444,123178.61000003132,11,523.1865018359873,14,43,0,26.015942972301534,5.0,1.0986122886681098,0
1405,SD Kasih Karunia,elementary school,Education,Indonesia.Batam.School.202408060757.db,places,1.1036477,103.967174,385087.24201092497,122006.33342514231,12,279.592146775906,12,25,2,256.58884425386793,0.0,0.0,0
1406,TK Raudhatul Athfal Nur  Aisyah,kindergarten,Education,Indonesia.Batam.School.202408060757.db,places,1.1073512,103.9679505,385173.78750743286,122415.71980424113,12,162.57395626281541,11,22,3,14.531547717705514,0.0,0.0,0
1416,KOMITE SEKOLAH TERAMIA,school,Education,Indonesia.Batam.School.202408060757.db,places,1.1046114,103.9699787,385399.36516890157,122112.76072302289,12,237.90442068277605,11,22,0,15.972205659621867,5.0,1.0986122886681098,0
1417,Lembaga Pendidikan Pro Excellent,after school program,Education,Indonesia.Batam.School.202408060757.db,places,1.1044641,103.9639367,384727.05034217535,122096.71061574215,12,509.359874264556,6,24,0,84.02085418753872,5.0,0.6931471805599453,0
1418,006 Public Elementary Schools Sekupang,elementary school,Education,Indonesia.Batam.School.202408060757.db,places,1.1023769,103.9697908,385378.3715167292,121865.74749353813,12,426.0768648900034,7,17,2,178.83812052280044,4.4,2.995732273553991,0
1419,SDS Teramia,elementary school,Education,Indonesia.Batam.School.202408060757.db,places,1.104478,103.969716,385370.12876682595,122098.02369432921,12,225.57368464787834,10,21,2,32.74060508062878,5.0,2.0794415416798357,0
1421,Sekolah CGM Kepri,private educational institution,Education,Indonesia.Batam.School.202408060757.db,places,1.108979,103.962704,384590.05897228664,122595.87471695963,-1,0.0,5,21,0,182.47764896840556,3.5,2.772588722239781,0
1422,Pendidikan Anak Usia Dini Al Azhar 2 Batam,preschool,Education,Indonesia.Batam.School.202408060757.db,places,1.1188726,103.9768381,386163.1733012687,123689.04697968382,11,286.06249562560055,16,41,2,51.451831383776906,4.0,1.791759469228055,0
1424,Rudan,preschool,Education,Indonesia.Batam.School.202408060757.db,places,1.1250307,103.9730409,385740.890959986,124369.96230230083,11,973.9117335116639,5,21,1,302.22758613856234,0.0,0.0,0
1426,Tiban Makmur Residence Tahap 2,housing complex,Education,Indonesia.Batam.School.202408060757.db,places,1.1275992,103.9720389,385629.49691130954,124653.94505831676,-1,0.0,3,9,1,227.1439624582843,4.3,3.6109179126442243,0
1439,Ambatron Robotic School,school,Education,Indonesia.Batam.School.202408060757.db,places,1.1114936,103.9864552,387233.00223169656,122872.94284228691,-1,0.0,8,23,4,225.01662558237584,5.0,1.6094379124341003,0
1440,Taman Kanak -Kanak (TK) Al Azhar,school,Education,Indonesia.Batam.School.202408060757.db,places,1.115954,103.9739328,385839.78268786287,123366.51360965011,11,695.1178204937819,9,32,2,185.10643787598676,2.5,1.0986122886681098,0
1442,Rumah mami,school,Education,Indonesia.Batam.School.202408060757.db,places,1.1185311,103.9736818,385811.95294271805,123651.41740003662,11,638.9700264874607,12,37,2,262.45898565408584,0.0,0.0,0
1446,Nur syah rani,middle school,Education,Indonesia.Batam.School.202408060757.db,places,1.1146493,103.9728901,385723.7090769693,123222.32168824927,11,869.1485624355525,6,37,0,185.10643787598676,0.0,0.0,0
1447,Ksb tiban 4 blk g159,school,Education,Indonesia.Batam.School.202408060757.db,places,1.1218385,103.9675494,385129.7175513106,124017.28493234403,-1,0.0,3,18,3,226.07255392417443,0.0,0.0,0
1448,Sekolah Dasar Negeri 012 Sekupang,school,Education,Indonesia.Batam.School.202408060757.db,places,1.1153679,103.9873804,387336.09787928977,123301.20299792035,11,973.1694479721966,5,32,4,318.0777020510028,4.9,2.0794415416798357,0
1449,TKS Az-Zikra,preschool,Education,Indonesia.Batam.School.202408060757.db,places,1.097289,103.962205,384534.08324185066,121303.5798761199,-1,0.0,4,9,0,130.94500282504202,0.0,0.0,0
1452,TK Islam & TPQ Darun Nizam,religious school,Education,Indonesia.Batam.School.202408060757.db,places,1.1051614,103.9642371,384760.50354016677,122173.78452496279,12,457.61060760468644,8,26,0,84.02085418753872,5.0,1.3862943611198906,0
1455,TK AN - NAHDHAH,kindergarten,Education,Indonesia.Batam.School.202408060757.db,places,1.1047179,103.9700757,385410.1626827422,122124.5303894793,12,239.85582385399718,11,22,3,15.972205659621867,0.0,0.0,0
1457,Sekolah PPS Imam ALbukhori,elementary school,Education,Indonesia.Batam.School.202408060757.db,places,1.1130503,103.9837933,386936.86728071474,123045.13462639412,11,817.6672749872738,8,38,0,152.64884792034124,0.0,0.0,0
1458,Rumah Pohon Institut,school,Education,Indonesia.Batam.School.202408060757.db,places,1.1140527,103.9790837,386412.8600125732,123156.12904692248,11,546.3556095920659,14,43,5,26.015942972301534,5.0,1.3862943611198906,0
1459,TPQ & Mushola Al-Ikhlas,school,Education,Indonesia.Batam.School.202408060757.db,places,1.1146438,103.9771975,386203.00169597496,123221.546864378,11,539.1247673075477,17,43,4,219.81811546386814,4.7,1.3862943611198906,0
1461,PAUD Islam Al- Kautsar,kindergarten,Education,Indonesia.Batam.School.202408060757.db,places,1.1078889,103.9728327,385717.0621899142,122474.97295774448,12,551.409290079246,4,23,2,167.6037943292876,5.0,0.6931471805599453,0
1462,Aula Universitas International Batam  Gedung B lantai 6,school,Education,Indonesia.Batam.School.202408060757.db,places,1.120591,104.0026409,389034.34875987255,123878.02285360318,0,1470.8548160507764,7,16,3,157.98399544738743,0.0,0.0,0
1464,Sekolah sd,school,Education,Indonesia.Batam.School.202408060757.db,places,1.1137303,103.9821122,386749.83430749597,123120.37178327693,11,654.2039886188612,11,42,6,188.86180380574197,0.0,0.0,0
1465,TPQ Daarul Ishlah,religious school,Education,Indonesia.Batam.School.202408060757.db,places,1.117653,103.979102,386415.03440624743,123554.13473774694,11,151.01817645429304,21,43,0,114.35094501985255,4.8,1.6094379124341003,0
1467,YAYASAN SUNAN AL HAMBRA,school,Education,Indonesia.Batam.School.202408060757.db,places,1.1015133,103.9821784,386756.7366732799,121769.80422893762,-1,0.0,1,7,1,50.399019352103906,5.0,2.70805020110221,0
1468,PAUD Negeri Pembina I,kindergarten,Education,Indonesia.Batam.School.202408060757.db,places,1.1109609,103.9664239,385004.0582580749,122814.82611086877,12,594.4671809106057,8,26,1,107.51351115483286,4.4,1.791759469228055,0
1469,Kursus CEEC cab tiban baru,school,Education,Indonesia.Batam.School.202408060757.db,places,1.1158574,103.9829548,386843.6730853373,123355.48603934258,11,524.7550428380132,14,44,7,218.96638567930188,0.0,0.0,0
1470,TK Al Ikhlas tiban kampung,school,Education,Indonesia.Batam.School.202408060757.db,places,1.1102735,103.9884036,387449.75773233286,122737.98914552049,-1,0.0,5,15,2,5.126674985663309,0.0,0.0,0
1472,SD Negeri 003 Sekupang,elementary school,Education,Indonesia.Batam.School.202408060757.db,places,1.1265749,103.960222,384314.5689713869,124541.17690006041,-1,0.0,1,5,0,266.47311163495,4.3,2.70805020110221,0
1473,Sekolah Ali,elementary school,Education,Indonesia.Batam.School.202408060757.db,places,1.1166167,103.9793743,386445.2938988663,123439.56319957868,11,261.75247435766204,18,45,3,4.360723789812742,4.0,0.6931471805599453,0
1474,Tk Kuncup Harapan,kindergarten,Education,Indonesia.Batam.School.202408060757.db,places,1.1225017,103.9873851,387336.89305874426,124089.82897683817,11,969.2076581458822,3,21,1,211.00915566243953,0.0,0.0,0
1475,Kelompok Bermain   Raudhatul Athfal Anak Harapan,preschool,Education,Indonesia.Batam.School.202408060757.db,places,1.1214818,103.9745674,385910.60941202694,123977.57776432266,11,605.1207613001218,7,41,3,51.33558662625113,5.0,0.6931471805599453,0
1477,TK Al Ikhlas,preschool,Education,Indonesia.Batam.School.202408060757.db,places,1.1102631,103.9883587,387444.76124149025,122736.84115786011,-1,0.0,5,15,0,5.126674985663309,5.0,1.3862943611198906,0
1478,Sd Putra Batam,school,Education,Indonesia.Batam.School.202408060757.db,places,1.1204117,103.9690049,385291.61829725,123859.49726456843,-1,0.0,5,20,3,226.07255392417443,0.0,0.0,0
1479,Taman Kanak - Kanak & Playgroup Mutiara Gemilang,kindergarten,Education,Indonesia.Batam.School.202408060757.db,places,1.098381,103.9617491,384483.3957691133,121424.31667197084,-1,0.0,4,10,0,10.252704856033555,5.0,0.6931471805599453,0
1480,Elementary School 007 Sekupang,elementary school,Education,Indonesia.Batam.School.202408060757.db,places,1.1166561,103.9793762,386445.5068273226,123443.91872175674,11,257.3944338815288,18,45,3,4.360723789812742,4.5,2.9444389791664403,0
1481,Yayasan Almani Batam,non-governmental organization,Education,Indonesia.Batam.School.202408060757.db,places,1.0984522,103.9616892,384476.73324911116,121432.19005604943,-1,0.0,4,9,0,1.0872205206425671,4.7,2.833213344056216,0
1482,Ambatron School,school,Education,Indonesia.Batam.School.202408060757.db,places,1.1080112,103.9904592,387678.402372026,122487.81884910913,-1,0.0,4,11,1,338.9152526325084,5.0,1.0986122886681098,0
1483,008 Public Elementary Schools Sekupang,elementary school,Education,Indonesia.Batam.School.202408060757.db,places,1.101389,103.94784,382935.8018322152,121757.38996429557,-1,0.0,0,4,0,633.4697273714232,3.9,3.6375861597263857,0
1484,Tahfidz Putri,school,Education,Indonesia.Batam.School.202408060757.db,places,1.101666,103.9659735,384953.583083356,121787.30574178552,12,535.6188711496101,5,21,0,256.58884425386793,5.0,0.6931471805599453,0
1485,Pendidikan Guru Taman Kanak Kanak Modern Tadika Puri,school,Education,Indonesia.Batam.School.202408060757.db,places,1.113926,103.984854,387054.92650177167,123141.90079349212,11,824.6786484831317,7,38,6,8.38095429180603,5.0,0.6931471805599453,0
1486,SMPS Teramia,middle school,Education,Indonesia.Batam.School.202408060757.db,places,1.1039883,103.9699329,385394.2450186587,122043.87976262103,12,281.69186630866375,9,19,0,59.27190686388274,0.0,0.0,0
1487,Pondok pesantren Tahfidzul Qur an Al-Amani Batam,education center,Education,Indonesia.Batam.School.202408060757.db,places,1.0984577,103.9616973,384477.6347719153,121432.79776082485,-1,0.0,4,10,0,1.0872205206425671,5.0,1.3862943611198906,0
1488,Jabal Uhud Islamic School,religious school,Education,Indonesia.Batam.School.202408060757.db,places,1.1021247,103.9878384,387386.5597295867,121837.17865833265,-1,0.0,0,8,0,598.975437697513,4.6,3.295836866004329,0
1489,TPQ Al Jihad,religious school,Education,Indonesia.Batam.School.202408060757.db,places,1.114863,103.9606539,384362.1679332964,123246.42364568784,-1,0.0,2,10,1,310.37189634772477,0.0,0.0,0
1490,PAUDQu Pelangi Ceria,kindergarten,Education,Indonesia.Batam.School.202408060757.db,places,1.1067131,103.9718818,385611.20827680797,122345.02688834003,12,410.2676635307319,8,22,3,165.4006905575053,5.0,1.6094379124341003,0
1491,Madrasah Ibtidaiyah Swasta Nurul Amanatul Haq,elementary school,Education,Indonesia.Batam.School.202408060757.db,places,1.1093307,103.9868577,387277.70713619574,122633.8235332213,-1,0.0,6,17,0,89.27294009762078,4.6,2.302585092994046,0
1493,Yayasan Pendidikan Islam Kamilul Himam,school,Education,Indonesia.Batam.School.202408060757.db,places,1.1181529,103.9696483,385363.1229376483,123609.76523860104,11,1089.7011572190227,5,27,3,89.26819626457069,0.0,0.0,0
1494,PAUD Dan TK HKI,kindergarten,Education,Indonesia.Batam.School.202408060757.db,places,1.1074038,103.98421,386983.01975367556,122420.90971209388,-1,0.0,3,22,1,363.55597731803016,0.0,0.0,0
1495,SMA Negeri 29 Batam,senior high school,Education,Indonesia.Batam.School.202408060757.db,places,1.1234916,103.9857637,387156.51580567664,124199.32285954015,11,865.2472254471115,9,20,0,82.60010523216549,5.0,1.6094379124341003,0
1496,Tempat kumpul ceker babat,preschool,Education,Indonesia.Batam.School.202408060757.db,places,1.1215172,103.9822842,386769.2713185726,123981.19148412388,11,425.3651574228518,14,42,0,53.50163165050694,0.0,0.0,0
1497,Yayasan Ar Ruhama Batam,school,Education,Indonesia.Batam.School.202408060757.db,places,1.1136634,103.9804162,386561.1148183123,123113.04134406718,11,598.8421208088444,15,44,7,150.22604791608572,2.5,1.0986122886681098,0
1499,Navisha Macca School,school,Education,Indonesia.Batam.School.202408060757.db,places,1.1210722,103.9811945,386648.0016828424,123932.03978334574,11,304.72560105388845,18,44,4,26.79989646178059,0.0,0.0,0
1500,LKP TAR-Q LESAT Batam,school,Education,Indonesia.Batam.School.202408060757.db,places,1.1170001,103.9805424,386575.285086215,123481.90223158215,11,253.15109308012225,23,44,7,77.76821634925997,5.0,0.6931471805599453,0
1501,English Time Batam,education center,Education,Indonesia.Batam.School.202408060757.db,places,1.107528,103.9669646,385064.09076426935,122435.30299654473,12,230.4094816469146,11,22,0,111.4310409243385,0.0,0.0,0
1502,CTI Hospitality Traiing,school,Education,Indonesia.Batam.School.202408060757.db,places,1.1079113,103.9782418,386318.94546574843,122477.24113288202,-1,0.0,3,25,0,2.8788287230739917,0.0,0.0,0
1503,Pondok Pesantren Nurul Qur an Putra Batam,religious school,Education,Indonesia.Batam.School.202408060757.db,places,1.1111593,103.965478,384898.8133603899,122836.79578524304,12,657.9394316796889,7,26,2,107.51351115483286,4.7,3.044522437723423,0
1504,Tpq Awaluddin Batam,religious school,Education,Indonesia.Batam.School.202408060757.db,places,1.0983562,103.9652948,384877.93538658274,121421.43823700752,-1,0.0,5,14,0,363.48987698142207,0.0,0.0,0
1505,TK Islam Raudatul Atafal,preschool,Education,Indonesia.Batam.School.202408060757.db,places,1.107475,103.9679944,385178.67713400815,122429.40400794563,12,174.98035988169605,12,22,1,14.531547717705514,0.0,0.0,0
1506,SD Kartini I Sekupang,elementary school,Education,Indonesia.Batam.School.202408060757.db,places,1.1066492,103.950098,383187.26244821056,122338.81188863216,-1,0.0,2,3,1,388.77766186535627,3.9,2.772588722239781,0
1507,PONDOK TAHFIDZ DARUL HUFFAZH BATAM,education center,Education,Indonesia.Batam.School.202408060757.db,places,1.1188595,103.9624229,384559.16481818794,123688.16211152487,-1,0.0,3,15,0,279.2367519372846,5.0,1.3862943611198906,0
1508,TPQ El Mustawa,religious school,Education,Indonesia.Batam.School.202408060757.db,places,1.1176321,103.9702614,385431.32361386163,123552.16768111484,11,1028.5179115327135,6,28,0,89.26819626457069,2.8,1.791759469228055,0
1509,Aulia,kindergarten,Education,Indonesia.Batam.School.202408060757.db,places,1.0969255,104.0014307,388898.80646255525,121261.91039398732,-1,0.0,1,1,0,0.0,0.0,0.0,0
1510,Pondok Pesantren Nurul Qur an Putri Batam (tahfidz),religious school,Education,Indonesia.Batam.School.202408060757.db,places,1.113941,103.9632885,384655.2903507306,123144.39442222698,-1,0.0,5,19,3,220.77225607015544,5.0,2.4849066497880004,0
1522,Sekolah Kristen Tangga Mulia,school,Education,Indonesia.Batam.School.202408060757.db,places,1.1168611,104.0865031,398365.5167502471,123462.65916535417,13,912.5524660378005,4,24,2,237.74067705859375,0.0,0.0,0
1524,SDS Cendana,elementary school,Education,Indonesia.Batam.School.202408060757.db,places,1.1032161,104.0873407,398458.2494724309,121954.24954839174,13,663.4313018924543,10,27,1,12.400786329726888,5.0,0.6931471805599453,0
1528,Yazid Abu Salim,school,Education,Indonesia.Batam.School.202408060757.db,places,1.1017063,104.085842,398291.43983485457,121787.40048339125,13,877.1148730622175,8,20,1,224.12632262146,0.0,0.0,0
1531,Bimbel Brilliant Education Batam,school,Education,Indonesia.Batam.School.202408060757.db,places,1.1211581,104.0944154,399246.0497141484,123937.39584432816,14,20.899360071946155,9,21,7,55.310978110420166,0.0,0.0,0
1532,RA  Raudhatul Athfal Al Muh,kindergarten,Education,Indonesia.Batam.School.202408060757.db,places,1.113651,104.093803,399177.6533379252,123107.54923497784,13,744.7411063515016,7,30,1,49.64060516662157,5.0,0.6931471805599453,0
1533,TK Edelwies,preschool,Education,Indonesia.Batam.School.202408060757.db,places,1.1113722,104.0909389,398858.8926819008,122855.73864184182,13,342.5577382327771,13,29,0,69.25151742273333,4.0,1.0986122886681098,0
1534,Bimbel Udin,school,Education,Indonesia.Batam.School.202408060757.db,places,1.1203088,104.0961025,399433.740574919,123843.45255791453,14,222.68516087107238,9,21,7,158.11336170173544,5.0,0.6931471805599453,0
1536,Shabilla Islamic Boarding School,school,Education,Indonesia.Batam.School.202408060757.db,places,1.1247235,104.0999934,399866.82227095787,124331.33873755315,-1,0.0,3,21,2,316.6613546941567,5.0,1.0986122886681098,0
1537,TK Kurnia Djaja Alam (KDA),kindergarten,Education,Indonesia.Batam.School.202408060757.db,places,1.1044053,104.0777822,397394.72718319757,122086.03741857121,-1,0.0,3,7,1,171.9849769648148,4.3,1.3862943611198906,0
1538,Junior High School Cendana,middle school,Education,Indonesia.Batam.School.202408060757.db,places,1.103164,104.087242,398447.26548744924,121948.49354495897,13,672.0347781043444,10,27,0,12.400786329726888,4.3,2.4849066497880004,0
1539,SMP Restu Bunda,middle school,Education,Indonesia.Batam.School.202408060757.db,places,1.1150392,104.0903351,398791.8339475317,123261.12593511223,13,685.838001894122,9,32,0,197.05600224743282,3.8,1.6094379124341003,0
1542,Nusantara Kid s,kindergarten,Education,Indonesia.Batam.School.202408060757.db,places,1.129245,104.0951889,399332.3925845074,124831.3302606465,-1,0.0,6,20,1,73.52112098668398,0.0,0.0,0
1544,TK Baitul Ilmi Odessa,kindergarten,Education,Indonesia.Batam.School.202408060757.db,places,1.1269587,104.1017733,400064.9433203314,124578.36598979846,-1,0.0,7,17,0,127.7961342757739,0.0,0.0,0
1545,PKBM Budiman Drestanta Tiyasa,school,Education,Indonesia.Batam.School.202408060757.db,places,1.1091075,104.0869939,398419.8618553261,122605.52371545581,13,220.42334070299165,12,31,4,45.738214355272156,0.0,0.0,0
1546,Ma had Yayasan Salman,religious school,Education,Indonesia.Batam.School.202408060757.db,places,1.1009117,104.0881791,398551.45913955115,121699.48211362089,13,897.2173435456176,6,16,1,86.16824707344443,0.0,0.0,0
1547,Zizou,preschool,Education,Indonesia.Batam.School.202408060757.db,places,1.1013732,104.0888032,398620.9175435349,121750.47718122299,13,842.0674697254569,6,19,0,86.16824707344443,0.0,0.0,0
1549,TK Al Fams,kindergarten,Education,Indonesia.Batam.School.202408060757.db,places,1.1112045,104.0899791,398752.0916818732,122837.23321593124,13,269.38143797355116,14,28,2,35.3073385521886,4.2,1.791759469228055,0
1550,Rumah Qur an Kitabina 9 Batam,school,Education,Indonesia.Batam.School.202408060757.db,places,1.1203276,104.0930654,399095.8097522838,123845.63521142158,14,185.04411070995602,10,19,7,142.62892599612857,0.0,0.0,0
1552,Nurul Haromain 59 - Pondok Pesantren Al Futuuh,school,Education,Indonesia.Batam.School.202408060757.db,places,1.1191887,104.0952188,399335.37502665434,123719.66219454476,14,255.72358030942374,9,19,8,158.11336170173544,4.9,2.4849066497880004,0
1553,Kampung damai,school,Education,Indonesia.Batam.School.202408060757.db,places,1.0509221,103.9632841,384652.4191912655,116177.74043857765,5,1500.0675181979104,9,30,2,109.34499105069092,4.3,1.3862943611198906,0
1555,Pendidikan Taman Kanak-kanak Bhakti Pertiwi,school,Education,Indonesia.Batam.School.202408060757.db,places,1.1177067,104.0908433,398848.4715826574,123555.98583398115,13,985.9701379371612,6,28,4,103.95110976199746,0.0,0.0,0
1558,TK KB TPA AL CHOIR 3,kindergarten,Education,Indonesia.Batam.School.202408060757.db,places,1.1110359,104.091464,398917.3082071781,122818.54456876649,13,357.95736069101787,12,29,3,69.25151742273333,5.0,0.6931471805599453,0
1559,Sdn 003 batu aji,elementary school,Education,Indonesia.Batam.School.202408060757.db,places,1.0465708,103.9658512,384937.9134177116,115696.61591236442,5,1233.970104986611,12,28,0,66.46977075959663,5.0,2.70805020110221,0
1560,RA NURUL HIDAYAH,kindergarten,Education,Indonesia.Batam.School.202408060757.db,places,1.0501571,103.963907,384721.704150861,116093.14775897875,5,1422.1294330546912,11,33,1,109.34499105069092,5.0,0.6931471805599453,0
1561,SD SUNTAI,elementary school,Education,Indonesia.Batam.School.202408060757.db,places,1.1244633,104.0827096,397943.6838072945,124303.17370696922,-1,0.0,0,2,0,839.9201351814518,0.0,0.0,0
1562,Sekolah Harvard,school,Education,Indonesia.Batam.School.202408060757.db,places,1.051167,103.957753,384036.95621285564,116205.01866569392,5,2114.4127850630616,7,26,3,59.0266720855544,5.0,1.0986122886681098,0
1564,Cetiya Manggala Utama,education center,Education,Indonesia.Batam.School.202408060757.db,places,1.0533058,103.9573981,383997.54377418256,116441.47369345161,5,2191.1099246929452,6,25,0,31.676056014029328,5.0,2.302585092994046,0
1565,TPQ DURRATUN NAZIRAH,school,Education,Indonesia.Batam.School.202408060757.db,places,1.1213841,104.0939719,399196.7101807318,123962.39413910525,14,46.295318015711544,9,22,7,55.310978110420166,4.0,0.6931471805599453,0
1568,TK Islam Mentari,school,Education,Indonesia.Batam.School.202408060757.db,places,1.1205632,104.0918051,398955.586921696,123871.72291566638,14,299.9039815768919,10,18,7,142.62892599612857,4.0,1.3862943611198906,0
1571,STT Pantekosta Batam,seminary,Education,Indonesia.Batam.School.202408060757.db,places,1.054401,103.9627892,384597.47725733253,116562.34639796922,5,1648.5301853501073,9,26,0,19.33443683382145,5.0,1.791759469228055,0
1572,RTQ RAUDHATUL HUFFADZ,kindergarten,Education,Indonesia.Batam.School.202408060757.db,places,1.1061695,104.0859271,398301.0604690374,122280.78028100656,13,460.29257557585345,13,28,1,153.77052476549503,0.0,0.0,0
1573,Perumahan Nadim Raya 1,high school,Education,Indonesia.Batam.School.202408060757.db,places,1.1095178,104.0870469,398425.7730768413,122650.87833718951,13,221.97719239543383,13,32,1,45.738214355272156,0.0,0.0,0
1574,HABIBIE EDUCATION YOUTH ( HEY ) Batu Aji Batam,school,Education,Indonesia.Batam.School.202408060757.db,places,1.0531409,103.9571653,383971.6328956237,116423.25285656328,5,2212.7100461191044,6,24,3,31.676056014029328,4.7,1.9459101490553132,0
1576,TK SD Cahaya Bangsa BATU AJI,elementary school,Education,Indonesia.Batam.School.202408060757.db,places,1.053342,103.9591179,384188.91549409454,116445.41159021552,5,2005.3764365660713,8,25,0,191.41223109559806,3.2,1.9459101490553132,0
1577,SDIT As Salam,school,Education,Indonesia.Batam.School.202408060757.db,places,1.0517945,103.9679726,385174.16209346685,116274.0101512482,5,1009.2389536241263,8,41,2,137.01183349662668,4.8,1.791759469228055,0
1578,TK Hepi,kindergarten,Education,Indonesia.Batam.School.202408060757.db,places,1.1033161,104.0810967,397763.4906731733,121965.51784720944,-1,0.0,4,18,1,223.90246812012504,0.0,0.0,0
1579,RA Darul Ihsan,preschool,Education,Indonesia.Batam.School.202408060757.db,places,1.047054,103.9662067,384977.4892024334,115750.01991678815,5,1184.0145945300542,13,30,2,66.46977075959663,3.7,1.3862943611198906,0
1580,Sekolah Prestasi,primary school,Education,Indonesia.Batam.School.202408060757.db,places,1.0490048,103.97293,385725.6925124129,115965.43162081933,5,413.7369244863981,12,58,0,57.27084553330912,4.1,2.772588722239781,0
1581,Yayasan Pendidikan Trimandiri,school,Education,Indonesia.Batam.School.202408060757.db,places,1.1223498,104.0933326,399125.6097548079,124069.1688844966,14,161.5024359675713,8,21,6,128.2813970143163,0.0,0.0,0
1582,TK Ester,school,Education,Indonesia.Batam.School.202408060757.db,places,1.0546353,103.9628807,384607.6675117116,116588.24455283197,5,1648.4045554817083,8,25,2,27.830840979118033,0.0,0.0,0
1583,Rumah H  JUFRI S P D I (TPQ Shohibul Buraq),preschool,Education,Indonesia.Batam.School.202408060757.db,places,1.1224889,104.0948737,399297.08923964965,124084.49249390914,14,137.6126567814889,9,25,0,155.69989557268244,0.0,0.0,0
1584,Madrasah Ibtidaiyah Bidayatul Hidayah,school,Education,Indonesia.Batam.School.202408060757.db,places,1.1079725,104.0937014,399166.15599335684,122479.82647647223,13,538.157138186849,7,26,2,359.3757395215334,5.0,1.0986122886681098,0
1585,State Primary School 002 Batu Aji,elementary school,Education,Indonesia.Batam.School.202408060757.db,places,1.050742,103.9741717,385863.92494553456,116157.4307090185,5,328.24458574014665,13,60,1,97.25376280901361,4.2,3.367295829986474,0
1586,Creativ Kids,nursery school,Education,Indonesia.Batam.School.202408060757.db,places,1.117127,104.0591439,395321.30570672883,123493.01349607178,-1,0.0,3,5,0,68.91899571696878,0.0,0.0,0
1587,TK ISLAM ENGKU PUTRI,preschool,Education,Indonesia.Batam.School.202408060757.db,places,1.1167703,104.0907577,398838.91500738374,123452.47494040086,13,882.8695979540655,7,30,0,103.95110976199746,0.0,0.0,0
1588,Shanum Kiddos Education,tutoring service,Education,Indonesia.Batam.School.202408060757.db,places,1.0458601,103.9555703,383793.88072316925,115618.42787753258,15,614.6130610505182,5,26,0,407.1420092732709,5.0,3.713572066704308,0
1591,SMK Eppata Batam,vocational school,Education,Indonesia.Batam.School.202408060757.db,places,1.0543639,103.962959,384616.37031607557,116558.23874912673,5,1629.4091133008737,9,26,0,19.33443683382145,4.7,1.9459101490553132,0
1592,Suci Hati Perguruan,school,Education,Indonesia.Batam.School.202408060757.db,places,1.108917,104.0903915,398797.90094467177,122584.34859429127,13,158.21240659267468,14,31,5,125.03509618266122,0.0,0.0,0
1593,Awana Education Centre,community college,Education,Indonesia.Batam.School.202408060757.db,places,1.0530326,103.9680286,385180.43874897703,116410.87813915522,5,1051.6978337148275,4,43,0,137.01183349662668,5.0,0.6931471805599453,0
1595,Komplek Perum Cendana,school,Education,Indonesia.Batam.School.202408060757.db,places,1.1037122,104.0873374,398457.89911023795,122009.09082012372,13,610.9743657239111,10,27,2,49.68343420497136,0.0,0.0,0
1596,TPQ Cendana,religious school,Education,Indonesia.Batam.School.202408060757.db,places,1.1033026,104.0875212,398478.33640008897,121963.80549338376,13,648.9558930350057,9,27,2,22.244117142080782,0.0,0.0,0
1598,Yayasan Pemberdayaan Anak Batam,elementary school,Education,Indonesia.Batam.School.202408060757.db,places,1.0487382,103.9733713,385774.78824473714,115935.9433381354,5,366.92479346736064,14,58,1,57.27084553330912,4.0,0.6931471805599453,0
1599,Liszthoven Music School & Store,music school,Education,Indonesia.Batam.School.202408060757.db,places,1.1160764,104.0587902,395281.9126615305,123376.8870265748,-1,0.0,3,6,0,122.62613476675197,5.0,3.970291913552122,0
1600,TPQ Cerdas Beriman Taman Jaya Asri i2 12,school,Education,Indonesia.Batam.School.202408060757.db,places,1.0505202,103.977591,386244.39699833066,116132.78640898796,5,186.59327363528942,29,61,14,62.50232113249957,5.0,1.0986122886681098,0
1602,SDN No  002 Sekupang,school,Education,Indonesia.Batam.School.202408060757.db,places,1.04768,103.9629,384609.55976068217,115819.34488859194,5,1537.9322963607947,8,31,3,141.91041555296428,3.5,1.0986122886681098,0
1603,Sekolah Dasar Islam Terpadu Al Kautsar Madani,elementary school,Education,Indonesia.Batam.School.202408060757.db,places,1.0541038,103.9710788,385519.8870307855,116529.1853425587,5,828.6415633242076,6,51,0,359.47424163613283,4.2,2.4849066497880004,0
1604,Sekolah Nadia CK,school,Education,Indonesia.Batam.School.202408060757.db,places,1.0551988,103.9816703,386698.48651325906,116649.84799462477,5,873.6545951843607,10,46,6,283.24904194477955,4.5,2.3978952727983707,0
1605,Baraya Edukasi,education center,Education,Indonesia.Batam.School.202408060757.db,places,1.0488261,103.9651042,384854.87351381016,115945.96349401386,5,1284.760504479323,12,36,0,198.4874985522693,5.0,2.0794415416798357,0
1607,Sekolah Dasar Islam Terpadu Darussalam - 01,elementary school,Education,Indonesia.Batam.School.202408060757.db,places,1.05087,103.979003,386401.5287823123,116171.40475331443,5,325.51017332444354,27,56,3,59.69110082919388,4.7,3.9318256327243257,0
1608,SD Eppata II Batu Aji,elementary school,Education,Indonesia.Batam.School.202408060757.db,places,1.0464315,103.9794529,386451.4310508706,115680.72082867962,5,431.56216469954575,21,49,2,76.89155524149129,5.0,1.6094379124341003,0
1609,Sekolah Kristen Maranatha,kindergarten,Education,Indonesia.Batam.School.202408060757.db,places,1.0422393,103.9889859,387512.05819529924,115216.93915051217,5,1570.00382158463,15,30,1,36.503484172606065,4.6,3.044522437723423,0
1610,MKP BLOK D1 NO 43,preschool,Education,Indonesia.Batam.School.202408060757.db,places,1.0539166,103.9636682,384695.2697870542,116508.76407673954,5,1538.1789358544413,9,28,1,93.12824345240763,0.0,0.0,0
1611,PROGRAM PASCA SARJANA,school,Education,Indonesia.Batam.School.202408060757.db,places,1.0491872,103.968324,385213.1687898201,115985.76425392185,5,926.0762968330298,12,37,6,120.29996165956926,0.0,0.0,0
1612,TKS Eshter,preschool,Education,Indonesia.Batam.School.202408060757.db,places,1.0568925,103.9647778,384818.8495321917,116837.70452450617,5,1575.2228117778022,5,19,1,117.85120803440164,0.0,0.0,0
1613,TK AL-ISHLAH BATU AJI BATAM,school,Education,Indonesia.Batam.School.202408060757.db,places,1.0466989,103.9703749,385441.29133429565,115710.61155564355,5,747.6311609157187,11,42,5,77.03136310020693,5.0,1.0986122886681098,0
1614,SDTQ Anak Sholeh Kepri,school,Education,Indonesia.Batam.School.202408060757.db,places,1.0462093,103.9787981,386378.5606443968,115656.18075680123,5,401.5955590926803,18,50,7,76.89155524149129,5.0,1.3862943611198906,0
1615,NAMIS TK & PAUD Batu Aji,school,Education,Indonesia.Batam.School.202408060757.db,places,1.0588564,103.9753901,385999.79688473744,117054.41857419706,5,1084.753821599178,9,29,5,117.32682717781047,5.0,1.0986122886681098,0
1616,Sekolah Royal National Plus,private educational institution,Education,Indonesia.Batam.School.202408060757.db,places,1.0485747,103.9692176,385312.5814388675,115918.02057536307,5,828.8577166382815,14,39,0,10.713919897772406,0.0,0.0,0
1617,SDS Kristen Basic,elementary school,Education,Indonesia.Batam.School.202408060757.db,places,1.0518389,103.9497828,383150.0969926633,116279.59373790982,15,357.9882020378244,8,19,2,131.99290318612506,5.0,0.6931471805599453,0
1618,Yayasan FUSPAQ Batam,school,Education,Indonesia.Batam.School.202408060757.db,places,1.0464719,103.9697204,385368.4538610388,115685.54098742838,5,824.6192668171183,12,36,6,77.03136310020693,5.0,0.6931471805599453,0
1619,TK - SD Herose,school,Education,Indonesia.Batam.School.202408060757.db,places,1.0591438,103.9717839,385598.53093891055,117086.32302100291,5,1232.5809213494358,6,26,4,148.07136501896306,4.7,1.3862943611198906,0
1620,Tk pembina 4,school,Education,Indonesia.Batam.School.202408060757.db,places,1.0557305,103.9791802,386421.4225596385,116708.71721720144,5,782.7007201132724,12,44,7,58.14267497681576,4.0,0.6931471805599453,0
1621,TPQ   MDA Bustanul Athfaal,religious school,Education,Indonesia.Batam.School.202408060757.db,places,1.0507425,103.9750457,385961.1787055396,116157.4540626215,5,252.3184734406884,19,59,0,97.25376280901361,2.0,0.6931471805599453,0
1623,PP  Darut Tauhid,school,Education,Indonesia.Batam.School.202408060757.db,places,1.045894,103.965489,384897.5850284109,115621.8099481035,5,1291.8960118293953,8,27,4,84.98418248472295,3.7,1.3862943611198906,0
1624,Sekolah Menengah Pertama Al-Azhar 2 Batam,middle school,Education,Indonesia.Batam.School.202408060757.db,places,1.048614,103.948267,382981.3061270737,115923.14056595559,15,291.3177046419623,9,19,1,101.54354348687227,4.0,2.70805020110221,0
1626,TKS SDS Kristen Generasi Pengubah,school,Education,Indonesia.Batam.School.202408060757.db,places,1.0380827,103.9529296,383499.7505541728,114758.7421072592,6,115.9774899455374,13,23,4,196.43259752101764,5.0,1.0986122886681098,0
1627,SDN 008 BATU AJI,school,Education,Indonesia.Batam.School.202408060757.db,places,1.0553135,103.9744032,385889.85121601325,116662.79352275732,5,728.1620280957416,14,45,7,81.46944466175688,4.5,1.9459101490553132,0
1628,PAUD Asy syuhada,kindergarten,Education,Indonesia.Batam.School.202408060757.db,places,1.0464556,103.9810272,386626.61098396993,115683.32808891153,5,569.889519675876,21,57,2,175.1993343782882,5.0,0.6931471805599453,0
1629,Rumah PakAlex,school,Education,Indonesia.Batam.School.202408060757.db,places,1.0520746,103.9790763,386409.7287245623,116304.56829885252,5,423.5459623551336,26,58,14,103.89798243978073,5.0,0.6931471805599453,0
1630,TK Permata Batu Aji,school,Education,Indonesia.Batam.School.202408060757.db,places,1.0530269,103.9766217,386136.62975578883,116409.93279003644,5,431.27876057032097,24,60,12,89.34075127236368,4.0,0.6931471805599453,0
1632,PAUD Al - Mau izhah,kindergarten,Education,Indonesia.Batam.School.202408060757.db,places,1.052162,103.9607829,384374.14444101194,116314.90227507426,5,1796.8143479433984,11,27,1,226.58871135775726,0.0,0.0,0
1635,PG-TK-SD Reliance,school,Education,Indonesia.Batam.School.202408060757.db,places,1.0451299,103.964355,384771.3715246498,115537.38139002472,5,1437.265447580671,6,27,2,151.8487074390688,3.0,0.6931471805599453,0
1637,RA AL MUKMIN,school,Education,Indonesia.Batam.School.202408060757.db,places,1.0364212,104.0716678,396712.10891245044,114570.94476287998,-1,0.0,0,6,0,519.9387309160156,5.0,0.6931471805599453,0
1638,Rumah ayumi,middle school,Education,Indonesia.Batam.School.202408060757.db,places,1.051501,103.9779346,386282.6662950352,116241.19949177289,5,299.17135298111003,25,59,2,60.18981375912607,0.0,0.0,0
1640,Lexis English Class,school,Education,Indonesia.Batam.School.202408060757.db,places,1.0522256,103.9765173,386124.9836617745,116321.35435963649,5,342.98805507525935,26,62,14,89.34075127236368,5.0,1.6094379124341003,0
1643,RA BAITURRAHIM,school,Education,Indonesia.Batam.School.202408060757.db,places,1.0509567,103.977948,386284.1376746396,116181.02766512272,5,248.90500358161557,26,60,14,60.18981375912607,0.0,0.0,0
1644,Surau Piayu,school,Education,Indonesia.Batam.School.202408060757.db,places,1.0024436,104.0828797,397958.602936384,110814.53957640791,-1,0.0,0,0,0,1202.6069259312471,4.0,0.6931471805599453,0
1645,Sekolah Kusuma Bangsa,school,Education,Indonesia.Batam.School.202408060757.db,places,1.0461495,103.9716371,385581.7221906076,115649.83022054612,5,647.2492681511437,10,45,5,112.00336759125817,0.0,0.0,0
1647,Sekolah Tinggi Agama Kristen STAK Pais,university,Education,Indonesia.Batam.School.202408060757.db,places,1.049785,103.953856,383603.2665747786,116052.3850037491,15,348.9148743908285,8,21,0,190.54271729549427,0.0,0.0,0
1649,Madani Islam,kindergarten,Education,Indonesia.Batam.School.202408060757.db,places,1.0494909,103.9371077,381739.5822195417,116020.50087859863,-1,0.0,1,6,0,448.62065454911294,5.0,0.6931471805599453,0
1653,Rumah Belajar Piayu,preschool,Education,Indonesia.Batam.School.202408060757.db,places,1.0369116,104.0782288,397442.1768110128,114624.94271477562,-1,0.0,0,1,0,732.0620979945439,5.0,1.6094379124341003,0
1654,Paradise Blok W No  1,school,Education,Indonesia.Batam.School.202408060757.db,places,1.0567096,103.9637344,384702.7390259685,116817.52390063686,5,1663.4785977646095,5,20,1,117.85120803440164,0.0,0.0,0
1655,TK   RA AMALIYAH 2,school,Education,Indonesia.Batam.School.202408060757.db,places,1.0280419,104.0697301,396496.2269648934,113644.7177567439,8,1460.2533153010781,6,26,4,58.63505413782716,2.0,1.6094379124341003,0
1656,Tk Islam Siti Khadijah,school,Education,Indonesia.Batam.School.202408060757.db,places,1.0235828,104.0711049,396649.06049600424,113151.74193371185,8,1775.6636724382658,6,24,1,271.64568820518645,0.0,0.0,0
1657,Ra Al Hafizh Yayasan Aulade Gemilang Batam,school,Education,Indonesia.Batam.School.202408060757.db,places,1.0563909,103.975213,385980.0002698815,116781.86846786443,5,818.8352686268514,15,41,10,149.35091049472902,5.0,0.6931471805599453,0
1659,TPQ Al Istiqomah,religious school,Education,Indonesia.Batam.School.202408060757.db,places,1.0431044,103.9584927,384118.97011032153,115313.68051876503,-1,0.0,2,28,0,144.1884214337898,4.0,0.6931471805599453,0
1660,SEKOLAH TINGGI TEOLOGI INJILI INDONESIA (STTII) BATAM,school,Education,Indonesia.Batam.School.202408060757.db,places,1.0296004,104.0647262,395939.4834722851,113817.16513306787,8,880.2798180367827,10,37,4,206.89387094781787,5.0,1.9459101490553132,0
1661,Raudhatul Athfal Al Mujahidin,preschool,Education,Indonesia.Batam.School.202408060757.db,places,1.0285074,104.0612376,395551.26410969096,113696.45316905975,8,550.7431332558147,16,49,3,41.87051861900248,0.0,0.0,0
1662,PT Mitrasetia Indonesia,school,Education,Indonesia.Batam.School.202408060757.db,places,1.0506433,103.9576496,384025.4310703332,116147.12808694977,5,2120.489434813603,7,27,3,59.0266720855544,0.0,0.0,0
1664,Pondok Ikhwan Riyadhus Shalihin,religious school,Education,Indonesia.Batam.School.202408060757.db,places,1.0460818,103.9771121,386190.9474997887,115642.14697992378,5,340.46758648642003,14,52,0,74.32155835873827,5.0,0.6931471805599453,0
1665,TK PERISAI KASIH Cabang Piayu,preschool,Education,Indonesia.Batam.School.202408060757.db,places,1.0431366,104.0489565,394185.2022072682,115314.05332916354,8,1611.8420360024159,8,24,1,69.33161174703413,5.0,0.6931471805599453,0
1666,Rumah sekolah kemilau bangsa,high school,Education,Indonesia.Batam.School.202408060757.db,places,1.0454554,103.9763021,386100.7926560633,115572.92899950797,5,407.5482756300591,11,53,0,113.66188745574046,0.0,0.0,0
1667,Bimbel Teman Belajar,school,Education,Indonesia.Batam.School.202408060757.db,places,1.0553347,103.9788361,386383.118818138,116664.97485740542,5,728.3634405738123,18,48,10,58.14267497681576,0.0,0.0,0
1668,Madrasah Aliyah Swasta Al Marhamah,elementary school,Education,Indonesia.Batam.School.202408060757.db,places,1.0486438,103.95249,383451.2225547566,115926.27736555018,15,180.05164228229506,8,21,1,7.298115665544235,2.0,0.6931471805599453,0
1669,MUSHOLLA SAMRATUL IKHWAN KAVLING MANGGIS TG PIAYU,school,Education,Indonesia.Batam.School.202408060757.db,places,1.0333793,104.0681039,396315.4491563123,114234.79402025553,-1,0.0,1,15,1,234.61402065624108,5.0,0.6931471805599453,0
1670,Del course,preschool,Education,Indonesia.Batam.School.202408060757.db,places,1.0500685,103.9731572,385751.01266636164,116083.01352860038,5,401.98575747868745,14,60,2,120.27724320675844,0.0,0.0,0
1671,Komp  Naga Jaya,school,Education,Indonesia.Batam.School.202408060757.db,places,1.0513056,103.9797583,386485.5898661678,116219.53202427532,5,421.89102930029105,25,56,14,14.044284279199431,0.0,0.0,0
1672,PPS Tahfidh Yanbu ul Qur an 3,school,Education,Indonesia.Batam.School.202408060757.db,places,1.0312919,104.0677229,396272.9869486368,114004.05455764063,8,1201.251601184846,7,18,6,234.61402065624108,5.0,1.0986122886681098,0
1673,Airys English Centre,school,Education,Indonesia.Batam.School.202408060757.db,places,1.0476479,103.9696466,385360.2845198688,115815.54860295886,5,795.8285285705019,13,38,6,104.33237765310002,0.0,0.0,0
1675,Ponpes icshanul aulia,religious school,Education,Indonesia.Batam.School.202408060757.db,places,1.0584605,103.9737976,385822.57852923113,117010.71112837887,5,1079.5305859823204,9,28,0,132.08888856302093,0.0,0.0,0
1678,Milkywaybatam,preschool,Education,Indonesia.Batam.School.202408060757.db,places,1.051251,103.9759303,386059.63035892125,116213.63553417566,5,248.08632945888905,25,61,1,113.35380805058082,0.0,0.0,0
1679,TKU Sinak,school,Education,Indonesia.Batam.School.202408060757.db,places,1.0516138,103.951223,383310.3470562641,116254.65525344192,15,314.0306895401628,7,19,1,45.14572903325627,0.0,0.0,0
1680,Asma Darussalam Batam,school,Education,Indonesia.Batam.School.202408060757.db,places,1.0466997,103.9773753,386220.2571825416,115710.44512436268,5,280.1919981103951,20,54,8,74.32155835873827,0.0,0.0,0
1681,State Primary School 008,elementary school,Education,Indonesia.Batam.School.202408060757.db,places,1.0219224,104.0671476,396208.6700671289,112968.32059379101,8,1513.7026747025334,9,32,1,0.0,3.8,2.9444389791664403,0
1682,Junior High School 26 Batam,middle school,Education,Indonesia.Batam.School.202408060757.db,places,1.05432,103.978107,386301.95210571704,116552.82833307647,5,596.7827504169952,22,52,2,138.43727144196896,4.5,3.9889840465642745,0
1684,Belajar Online,private college,Education,Indonesia.Batam.School.202408060757.db,places,1.0228006,104.0739394,396964.436000292,113065.18247834568,-1,0.0,3,14,0,276.78932378424554,0.0,0.0,0
1686,TPQ Nurul Ilmi,school,Education,Indonesia.Batam.School.202408060757.db,places,1.0318209,104.0547729,394832.0308206036,114062.95811957264,8,258.226860877113,17,53,9,144.11049180988985,5.0,0.6931471805599453,0
1688,Government Elementary School 001 Sungai Beduk,elementary school,Education,Indonesia.Batam.School.202408060757.db,places,1.0273225,104.065797,396058.5598448108,113565.31931933798,8,1065.4271785472772,11,37,2,169.72131717670132,4.2,2.8903717578961645,0
1689,Yayasan Apolos Batam,school,Education,Indonesia.Batam.School.202408060757.db,places,1.0449062,104.0473562,394007.1927464848,115509.72901409294,8,1873.6328010910286,3,16,2,264.53041753451345,5.0,0.6931471805599453,0
1690,Madrasah Ibtidaiyah Raudlatul Quran,elementary school,Education,Indonesia.Batam.School.202408060757.db,places,1.0400698,104.0521086,394535.8407609686,114974.92616079084,8,1140.6677035425644,16,36,3,187.39250238368928,4.2,1.791759469228055,0
1691,Rumah pak Jul,religious school,Education,Indonesia.Batam.School.202408060757.db,places,1.024663,104.0566196,395037.2834551547,113271.62364465423,8,697.5186537297186,16,41,0,23.35984737050156,0.0,0.0,0
1692,Yayasan Darul Ishlah Mangsang Batam,religious school,Education,Indonesia.Batam.School.202408060757.db,places,1.0309151,104.0493847,394232.4431775888,113963.00445284364,8,839.8419275073632,12,40,1,86.01186836979069,5.0,1.3862943611198906,0
1693,Hitado Music School,music school,Education,Indonesia.Batam.School.202408060757.db,places,1.0270346,104.0484449,394127.74133663345,113534.06293651849,8,1039.5492798409493,7,30,0,153.7708019530303,5.0,0.6931471805599453,0
1696,KABAN,school,Education,Indonesia.Batam.School.202408060757.db,places,1.0394082,104.0546051,394813.60948871024,114901.70590639045,8,968.6163546348291,16,37,4,30.114834254950754,0.0,0.0,0
1698,SDIT NUASBA Batam,school,Education,Indonesia.Batam.School.202408060757.db,places,1.0297855,104.0499662,394297.1108831919,113838.11272624221,8,786.0082633105205,11,41,5,57.42953433670962,4.0,0.6931471805599453,0
1699,SD It Al Amin Salim Mattar,elementary school,Education,Indonesia.Batam.School.202408060757.db,places,1.0363408,104.0540488,394751.60744816577,114562.63696705231,8,675.3535162411796,17,46,4,29.2655347073843,4.7,1.3862943611198906,0
1701,Yayasan Iqbal Hasan - Les & Private,kindergarten,Education,Indonesia.Batam.School.202408060757.db,places,1.0339236,104.0565964,395035.0047565632,114295.34187997086,8,329.19339247038266,14,47,2,202.12821328025265,0.0,0.0,0
1702,RA AMALIYAH 1,kindergarten,Education,Indonesia.Batam.School.202408060757.db,places,1.0318284,104.0564399,395017.52190278785,114063.73214882381,8,110.05135179133367,15,53,1,163.08022456714096,5.0,1.3862943611198906,0
1703,TK Raudatul Quran,preschool,Education,Indonesia.Batam.School.202408060757.db,places,1.0415433,104.051276,394443.2446197817,115137.84302482556,8,1328.0005361073481,15,30,2,41.124423662497726,5.0,1.6094379124341003,0
1704,RA  Daarul Huda,school,Education,Indonesia.Batam.School.202408060757.db,places,1.0315317,104.0525659,394586.4433136437,114031.06137683465,8,489.8670275051756,18,51,8,192.60110281933365,0.0,0.0,0
1705,RA Raudlatul Qur an 01,school,Education,Indonesia.Batam.School.202408060757.db,places,1.0413772,104.0509453,394406.4414232701,115119.49246766501,8,1329.9067603508433,15,30,6,41.124423662497726,5.0,0.6931471805599453,0
1706,RTQ IBNU Y,kindergarten,Education,Indonesia.Batam.School.202408060757.db,places,1.0268539,104.0600286,395416.682230441,113513.70599398056,8,570.3017175939766,21,48,2,94.1633236909128,0.0,0.0,0
1707,PP Al Pancory NW Batam,school,Education,Indonesia.Batam.School.202408060757.db,places,1.0313018,104.0426539,393483.5024888304,114005.97694700485,-1,0.0,0,14,0,650.9046154303239,4.5,2.4849066497880004,0
1708,Sekolah Dasar Teologi Kristen Sahabat,elementary school,Education,Indonesia.Batam.School.202408060757.db,places,1.036101,104.05604,394973.1645706301,114536.06205776277,8,576.3816633584765,16,44,3,56.98429792119879,5.0,1.0986122886681098,0
1709,Madrasah Diniyah Kepri Al-Muhajirin,school,Education,Indonesia.Batam.School.202408060757.db,places,1.030721,104.0554716,394909.7406717815,113941.34601444732,8,164.74203036691642,15,57,7,144.32021716688863,4.7,1.3862943611198906,0
1710,Permata asri blok H,school,Education,Indonesia.Batam.School.202408060757.db,places,1.0293319,104.0572158,395103.776324613,113787.72980900882,8,183.26337534808434,16,55,5,5.615260023020437,0.0,0.0,0
1711,TK AR-RASYID BATAM,school,Education,Indonesia.Batam.School.202408060757.db,places,1.0421695,104.0516652,394486.5725333333,115207.05367550744,8,1370.2696262053153,14,29,6,81.65428501033296,5.0,0.6931471805599453,0
1712,Siahaan AdytiaSafetyRumah,school,Education,Indonesia.Batam.School.202408060757.db,places,1.026488,104.0499731,394297.7701994844,113473.58807805562,8,918.9953562303626,8,36,2,180.46335558361736,0.0,0.0,0
1714,Kosentrasi Keahlian TKJ SMKN 3 BATAM,school,Education,Indonesia.Batam.School.202408060757.db,places,1.0235227,104.0587304,395272.1202821471,113145.49962947035,8,846.6891465059743,16,39,9,2.1445067522863,0.0,0.0,0
1715,TK AMALIYA 1,school,Education,Indonesia.Batam.School.202408060757.db,places,1.0327182,104.0538334,394727.52001763735,114162.18173527493,8,395.5446246416992,19,53,7,30.361330814062562,0.0,0.0,0
1717,Asma,religious school,Education,Indonesia.Batam.School.202408060757.db,places,1.0372919,104.0513888,394455.6549427332,114667.8654528872,8,932.5524700487617,17,45,2,265.74344918408053,0.0,0.0,0
1720,TPA At-Thoriq,religious school,Education,Indonesia.Batam.School.202408060757.db,places,1.0258423,104.0642178,395882.7910561642,113401.74167850814,8,988.8855167544235,17,40,0,7.92424299274312,0.0,0.0,0
1722,Pos Paud Anyelir Puri Agung 2,school,Education,Indonesia.Batam.School.202408060757.db,places,1.0338319,104.0540628,394753.0825334743,114285.28873292258,8,449.87132478716774,21,55,7,102.01210958126967,3.7,1.3862943611198906,0
1723,Darul Ikhsan,school,Education,Indonesia.Batam.School.202408060757.db,places,1.0349843,104.0525798,394588.1038173345,114412.73069524247,8,657.2411106285886,18,49,5,47.62884780025591,5.0,0.6931471805599453,0
1724,TK - KB - SPS Aisyiyah Bustanul Athfal 3,kindergarten,Education,Indonesia.Batam.School.202408060757.db,places,1.031606,104.0501832,394321.3170320368,114039.35395395542,8,754.3089789551547,16,44,1,117.16573016226403,5.0,0.6931471805599453,0
1727,Rumah Tahfizh Al Fikriyah Batam,religious school,Education,Indonesia.Batam.School.202408060757.db,places,1.0345143,104.0484179,394124.9840384694,114360.91283150809,8,1025.4369376126006,10,43,3,62.12589824072353,5.0,1.0986122886681098,0
1729,Goverment Elementary School 006 Sei Beduk,elementary school,Education,Indonesia.Batam.School.202408060757.db,places,1.0302907,104.0498459,394283.74145157356,113893.96440224511,8,792.0199510426659,12,42,0,57.42953433670962,4.1,2.772588722239781,0
1731,Tk holy vision indonesia,elementary school,Education,Indonesia.Batam.School.202408060757.db,places,1.0329722,104.0537296,394715.9783153209,114190.26374938432,8,419.79341620063576,20,56,3,30.361330814062562,0.0,0.0,0
1733,Pondok Pesantren Mudi Madani Al- Aziziyyah,boarding school,Education,Indonesia.Batam.School.202408060757.db,places,1.0294139,104.0493745,394231.25869107654,113797.05356785662,8,858.260370945842,9,39,0,77.60390256768386,4.9,2.5649493574615367,0
1734,Ponpes Mizanul Ulum Batam,school,Education,Indonesia.Batam.School.202408060757.db,places,1.0431637,104.049579,394254.46996731,115317.02819155224,8,1577.3263728791924,9,24,5,69.33161174703413,0.0,0.0,0
1735,Kos sultan,preschool,Education,Indonesia.Batam.School.202408060757.db,places,1.0386811,104.0537486,394718.28092219343,114821.35675828744,8,923.6200036902619,17,40,1,124.67365878576106,5.0,0.6931471805599453,0
1737,TPQ Barakatul Qur an,preschool,Education,Indonesia.Batam.School.202408060757.db,places,1.0263259,104.0585402,395251.04735230934,113455.38674956257,8,543.1438950724889,20,45,3,135.80518197321882,0.0,0.0,0
1739,RA Ummul Quro,school,Education,Indonesia.Batam.School.202408060757.db,places,1.0288585,104.0667526,396164.94105529017,113735.08560864847,8,1117.2758653186718,10,31,6,43.58741437231163,5.0,0.6931471805599453,0
1742,Lyana,school,Education,Indonesia.Batam.School.202408060757.db,places,1.0292812,104.0572189,395104.1196118661,113782.1250521909,8,188.84473242654275,16,55,5,5.615260023020437,0.0,0.0,0
1744,TPA-MDA Iqro Ul Qur an,religious school,Education,Indonesia.Batam.School.202408060757.db,places,1.0350143,104.0521528,394540.5915612093,114416.06125985997,8,695.1277276417594,18,49,2,47.62884780025591,0.0,0.0,0
1745,Icha,school,Education,Indonesia.Batam.School.202408060757.db,places,1.1397932,104.0199551,390961.6245197525,126000.11334763271,-1,0.0,3,45,0,53.19048770752358,0.0,0.0,0
1746,State Primary School 005 Sei Beduk,elementary school,Education,Indonesia.Batam.School.202408060757.db,places,1.0425995,104.0548472,394840.6541813378,115254.4818388172,8,1306.9049752033195,11,25,2,78.69053861105299,4.9,2.5649493574615367,0
1748,Sekolah Dasar Islam Nur Hidayah,elementary school,Education,Indonesia.Batam.School.202408060757.db,places,1.0367316,104.0559508,394963.2598781721,114605.77501104648,8,646.763262404552,13,43,3,19.324248838225774,4.3,2.302585092994046,0
1749,Pondok Pesantren Bustanul Qur an Asy-Syarif,school,Education,Indonesia.Batam.School.202408060757.db,places,1.0273089,104.0593132,395337.09283873317,113564.02756247851,8,483.2590006178807,19,44,9,90.01296701855102,5.0,0.6931471805599453,0
1751,sabarita,kindergarten,Education,Indonesia.Batam.School.202408060757.db,places,1.0248431,104.0665965,396147.44189346756,113291.20765128457,8,1270.591731605908,14,35,0,279.98496885474947,0.0,0.0,0
1764,Sahabat Maxim Batam,preschool,Education,Indonesia.Batam.School.202408060757.db,places,1.137799,104.0123489,390115.2101957679,125779.94962202286,0,826.6055610694926,11,36,1,48.73298582800807,0.0,0.0,0
1765,TK & SD HKI,school,Education,Indonesia.Batam.School.202408060757.db,places,1.145234,104.0252586,391551.9457160875,126601.37491287178,3,1723.0487501454595,30,54,7,43.14947449346562,4.0,0.6931471805599453,0
1769,TK Methodist Gloria,kindergarten,Education,Indonesia.Batam.School.202408060757.db,places,1.148676,104.026286,391666.39300251444,126981.83727976661,3,1950.8905031238346,22,53,3,42.91883068450917,5.0,0.6931471805599453,0
1771,SD Maitreyawira,elementary school,Education,Indonesia.Batam.School.202408060757.db,places,1.1295348,104.0336823,392488.660843701,124865.5691050931,3,546.6485313683819,21,47,1,91.80071249957538,4.4,4.406719247264253,0
1772,SD Negeri 005 Lubuk Baja,elementary school,Education,Indonesia.Batam.School.202408060757.db,places,1.1365894,104.016028,390524.53710540605,125646.09223640697,0,845.8077298116385,13,31,2,49.308691184347815,4.5,3.295836866004329,0
1773,Sekolah Menengah Pertama Kartini 2,middle school,Education,Indonesia.Batam.School.202408060757.db,places,1.1533037,104.0069974,389520.3433283806,127494.15503793591,2,61.35641242218123,13,31,0,22.118469389103794,4.0,2.9444389791664403,0
1775,Elementary School 005 Bengkong,elementary school,Education,Indonesia.Batam.School.202408060757.db,places,1.1441437,104.0251473,391539.5204952288,126480.85018317313,3,1646.7738445424939,23,54,3,0.0,4.3,2.772588722239781,0
1779,Sds it nurul ihsan seraya,elementary school,Education,Indonesia.Batam.School.202408060757.db,places,1.1507008,104.016902,390622.3211155299,127206.03004255393,4,350.282375687793,16,36,0,66.7336403823245,0.0,0.0,0
1781,Madrasah Aliyah Industri Aljabar,high school,Education,Indonesia.Batam.School.202408060757.db,places,1.1493516,104.0240635,391419.1232715498,127056.60693332633,3,2155.5941301796606,17,58,0,0.0,4.3,1.9459101490553132,0
1782,Taman Kanak-Kanak Cahaya Bangsa,kindergarten,Education,Indonesia.Batam.School.202408060757.db,places,1.1484568,104.0267265,391715.3987041581,126957.58878294216,3,1903.903471405216,23,52,3,13.263315684403294,5.0,1.0986122886681098,0
1790,Sekolah Dasar Kartini II,elementary school,Education,Indonesia.Batam.School.202408060757.db,places,1.1540128,104.0078671,389617.14162848564,127572.51028848482,2,124.49028694443442,13,28,0,19.57452522792374,3.9,2.6390573296152584,0
1793,Rumah Quran BMC,school,Education,Indonesia.Batam.School.202408060757.db,places,1.138968,104.0151627,390428.34515801165,125909.07193521282,0,1030.3262776479487,9,38,1,164.71703952937966,4.4,2.0794415416798357,0
1796,Pelita III,lodging,Education,Indonesia.Batam.School.202408060757.db,places,1.1416476,104.0202912,390999.09197607863,126205.098503278,-1,0.0,3,53,0,21.37014981181191,5.0,1.6094379124341003,0
1797,Bright Education,school,Education,Indonesia.Batam.School.202408060757.db,places,1.1377129,104.0306136,392147.5109122734,125769.74230185655,3,723.6993131573275,15,54,3,107.56327912460986,5.0,0.6931471805599453,0
1798,SDS HKI,elementary school,Education,Indonesia.Batam.School.202408060757.db,places,1.1489292,104.0277338,391827.497625084,127009.772806734,3,1891.6601930530055,22,56,1,123.65007242968329,0.0,0.0,0
1808,Ya,school,Education,Indonesia.Batam.School.202408060757.db,places,1.145319,104.0112042,389988.12548596313,126611.30703635076,4,528.5826096056041,7,43,1,176.2675762810208,0.0,0.0,0
1809,Ucok learning english,school,Education,Indonesia.Batam.School.202408060757.db,places,1.1363391,104.0291927,391989.3574157866,125617.92675116292,3,794.86383275335,17,54,3,163.4577287267634,5.0,0.6931471805599453,0
1813,Bengkong indah bawah,school,Education,Indonesia.Batam.School.202408060757.db,places,1.1449876,104.0289641,391964.2438416633,126573.99632371664,3,1446.685388279399,24,56,6,106.18526690691267,0.0,0.0,0
1814,Elementary School 008,school,Education,Indonesia.Batam.School.202408060757.db,places,1.1447158,104.0256005,391589.9691439407,126544.07674582617,3,1655.3584907012216,25,54,7,0.0,4.4,2.0794415416798357,0
1816,SD Darul Taqwa,elementary school,Education,Indonesia.Batam.School.202408060757.db,places,1.1542228,104.023615,391369.40361632337,127595.1187855472,3,2627.9836278035473,13,50,1,187.66681645843286,0.0,0.0,0
1819,Madrasah Tsanawiyah Aljabar,middle school,Education,Indonesia.Batam.School.202408060757.db,places,1.1493817,104.0241134,391424.67672963743,127059.93248948937,3,2154.834970252889,17,59,0,0.0,4.0,1.0986122886681098,0
1822,GSM HKBP,school,Education,Indonesia.Batam.School.202408060757.db,places,1.1539018,104.0139567,390294.72242623556,127560.00397363743,4,646.6394651877297,5,40,1,294.56171899609865,0.0,0.0,0
1824,Raudhatul Athfal Aljabar,kindergarten,Education,Indonesia.Batam.School.202408060757.db,places,1.1493516,104.0240635,391419.1232715498,127056.60693332633,3,2155.5941301796606,17,58,3,0.0,4.0,1.3862943611198906,0
1825,TPQ AL-ISLAM,school,Education,Indonesia.Batam.School.202408060757.db,places,1.1452652,104.0002951,388774.270768381,126605.78065940308,-1,0.0,6,18,1,111.54066149363744,5.0,0.6931471805599453,0
1828,Yayasan Pendidikan Imanuel,school,Education,Indonesia.Batam.School.202408060757.db,places,1.1335107,104.016128,390535.5482963879,125305.74777637531,0,611.0370208710815,11,33,4,164.56124759805488,0.0,0.0,0
1829,Yayasan Perisai Kasih,school,Education,Indonesia.Batam.School.202408060757.db,places,1.1449905,104.0060999,389420.1592995182,126575.18871700474,16,116.98099352038223,6,25,1,22.131959102030244,0.0,0.0,0
1832,Akkes Kartini Batam,school,Education,Indonesia.Batam.School.202408060757.db,places,1.1471799,104.0177551,390717.11100469576,126816.77300091543,4,321.70345211614483,13,52,4,0.0,5.0,3.4011973816621555,0
1833,TK IBNU SINA BATAM,kindergarten,Education,Indonesia.Batam.School.202408060757.db,places,1.1459567,104.0157005,390488.4506319895,126681.63058890766,4,253.99084021635892,13,39,0,46.89689609828653,0.0,0.0,0
1835,Pos PAUD Tunas Pelita,preschool,Education,Indonesia.Batam.School.202408060757.db,places,1.1414747,104.0202053,390989.5274233527,126185.98822766167,-1,0.0,3,54,0,21.37014981181191,0.0,0.0,0
1836,RA AL IKHWAN,kindergarten,Education,Indonesia.Batam.School.202408060757.db,places,1.1350447,104.0004857,388795.08658112446,125475.9234993963,-1,0.0,2,13,0,134.71933970063242,0.0,0.0,0
1837,Smps alazhar,school,Education,Indonesia.Batam.School.202408060757.db,places,1.1224909,104.0101369,389868.5046199298,124087.7683182537,0,885.1418243129742,4,27,2,221.3884670388522,0.0,0.0,0
1838,Primagama NITC,school,Education,Indonesia.Batam.School.202408060757.db,places,1.1428722,104.0104004,389898.5937216198,126340.85132099567,4,778.5876187474504,4,39,1,52.50280166262006,3.8,1.6094379124341003,0
1839,TK Islam,preschool,Education,Indonesia.Batam.School.202408060757.db,places,1.142854,104.0150189,390412.49164205865,126338.66272675719,0,1432.3137216428545,5,41,0,269.5255550229297,0.0,0.0,0
1842,Sekolah Annisa,school,Education,Indonesia.Batam.School.202408060757.db,places,1.1044179,104.05731,395116.8012062532,122088.14489118537,3,4038.408972105428,13,36,3,81.9745985792021,3.9,2.1972245773362196,0
1844,Les Nek Lin,preschool,Education,Indonesia.Batam.School.202408060757.db,places,1.1451221,103.9993028,388663.85208717,126589.9998480786,-1,0.0,6,17,1,111.54066149363744,0.0,0.0,0
1853,MXT,school,Education,Indonesia.Batam.School.202408060757.db,places,1.1463,104.017495,390688.13648521685,126719.51277202698,4,342.3028597689308,11,47,3,57.24302208995843,0.0,0.0,0
1856,Haq Mahabbatul Batam,kindergarten,Education,Indonesia.Batam.School.202408060757.db,places,1.1415245,103.9950105,388186.1085167809,126192.46090254915,-1,0.0,2,12,0,101.94707073834736,4.3,2.70805020110221,0
1857,Trinity Wonder Kids,kindergarten,Education,Indonesia.Batam.School.202408060757.db,places,1.1404425,104.0153758,390452.112443362,126072.06524568413,0,1190.6749704494584,8,37,0,164.71703952937966,5.0,0.6931471805599453,0
1858,CIC Academy,community college,Education,Indonesia.Batam.School.202408060757.db,places,1.1469135,104.0112071,389988.5090197368,126787.57419537316,4,446.9319799697066,10,44,0,176.2675762810208,0.0,0.0,0
1860,Rumah hj butet,high school,Education,Indonesia.Batam.School.202408060757.db,places,1.1550553,104.0310923,392201.424156797,127686.86412919793,3,2395.9513023154273,18,65,1,139.43073807483592,0.0,0.0,0
1861,Sekolah Luar Biasa Negeri,school,Education,Indonesia.Batam.School.202408060757.db,places,1.1041115,104.0524065,394571.1796365399,122054.44719153279,3,3772.5446170957453,21,33,6,43.2805266095168,4.5,2.1972245773362196,0
1863,Abydos High School,college,Education,Indonesia.Batam.School.202408060757.db,places,1.1530689,104.0045009,389242.5501351617,127468.29556898889,2,265.0475869211154,15,25,0,186.00968063212022,0.0,0.0,0
1865,Anbustra P2 anak bugis nusantara pada idi pada elo,law school,Education,Indonesia.Batam.School.202408060757.db,places,1.1476386,104.0130126,390189.433672869,126867.66247797094,4,231.60147147603425,11,43,0,205.98142110707363,5.0,0.6931471805599453,0
1866,Sekolah,middle school,Education,Indonesia.Batam.School.202408060757.db,places,1.1274827,104.0182163,390767.68771496485,124639.29278543328,0,800.0983526631097,4,27,0,263.391651642333,0.0,0.0,0
1867,Yoce,school,Education,Indonesia.Batam.School.202408060757.db,places,1.1071429,104.051196,394436.59466855763,122389.59840367372,3,3414.5182286767867,8,36,3,125.91912056787814,0.0,0.0,0
1868,Kiddy Care,preschool,Education,Indonesia.Batam.School.202408060757.db,places,1.142674,104.0099716,389850.8737327106,126318.957330018,4,826.8596936752998,5,39,1,52.50280166262006,0.0,0.0,0
1873,Batam,college,Education,Indonesia.Batam.School.202408060757.db,places,1.1060117,104.04787,394066.47141249175,122264.66761173564,3,3360.740870949554,8,35,0,191.82667145100532,0.0,0.0,0
1874,Miki & Mini Play Group,preschool,Education,Indonesia.Batam.School.202408060757.db,places,1.1470723,104.0079278,389623.62889586086,126805.25534937604,2,755.7254223048833,7,38,1,95.78128343656222,0.0,0.0,0
1876,Newton DJ and Remixer School,music school,Education,Indonesia.Batam.School.202408060757.db,places,1.1429702,104.005436,389346.20990802307,126351.87574221466,16,118.34926159450512,4,23,0,179.5870570573388,4.3,3.258096538021482,0
1877,Perumahan,real estate school,Education,Indonesia.Batam.School.202408060757.db,places,1.1218126,104.0043126,389220.4060046956,124013.00411273251,0,1246.2139544910538,8,18,0,77.53193554779553,0.0,0.0,0
1883,LKP Permata Lobs,language school,Education,Indonesia.Batam.School.202408060757.db,places,1.1374883,104.0126596,390149.7699681528,125745.59083798707,0,796.7259548710983,12,32,0,45.816552640893875,0.0,0.0,0
1884,Uni cell  fcb cell  inhil cell,preschool,Education,Indonesia.Batam.School.202408060757.db,places,1.1450381,104.0062931,389441.65843527555,126580.44331264873,16,129.6085582274012,7,26,2,22.131959102030244,0.0,0.0,0
1888,Dedikasi Untuk Negeri,school,Education,Indonesia.Batam.School.202408060757.db,places,1.1005052,104.0629221,395741.1205907418,121655.41671909827,3,4762.371176356845,7,23,4,168.74154533538987,0.0,0.0,0
1890,Gedung DKV,high school,Education,Indonesia.Batam.School.202408060757.db,places,1.1228253,104.0061902,389429.3658104526,124124.8842410684,0,1028.6350832093444,12,22,0,53.15720867757626,0.0,0.0,0
1891,Yayasan Annuur Al Mustaniroh Al Mumtazah,school,Education,Indonesia.Batam.School.202408060757.db,places,1.1026227,104.0681175,396319.28315531963,121889.31500343447,3,4981.178607752174,3,12,1,303.6234371600369,5.0,1.0986122886681098,0
1892,Al Kaffah,kindergarten,Education,Indonesia.Batam.School.202408060757.db,places,1.0997599,104.0510608,394421.2906717825,121573.44424260559,3,4136.2555747766755,10,31,0,103.76814400696698,4.7,1.9459101490553132,0
1893,Yayasan Ahyu Ruhal Qur an,school,Education,Indonesia.Batam.School.202408060757.db,places,1.100118,104.0654653,396024.0877879436,121612.52482175021,3,4977.805340980038,7,13,5,111.11829937285002,5.0,2.3978952727983707,0
1894,TK Rayssa,preschool,Education,Indonesia.Batam.School.202408060757.db,places,1.1004961,104.0663906,396127.05850250623,121654.28974001872,3,5015.497395338338,6,13,0,111.11829937285002,5.0,1.0986122886681098,0
1895,Himawari Education Batam,education center,Education,Indonesia.Batam.School.202408060757.db,places,1.1287797,104.00937,389783.4074509213,124783.00578878727,0,304.9192659178542,8,36,1,160.8930984996691,5.0,0.6931471805599453,0
1896,TKS Islam Al Mujahidin,preschool,Education,Indonesia.Batam.School.202408060757.db,places,1.115718,104.045987,393857.2966750114,123337.72635387689,3,2304.0645001543394,5,26,0,281.0995075327272,5.0,0.6931471805599453,0
1897,Sma Cerdas Mandiri,school,Education,Indonesia.Batam.School.202408060757.db,places,1.1043293,104.055134,394874.6754105284,122078.42743163156,3,3908.853419542607,17,37,5,80.40363206845613,5.0,1.0986122886681098,0
1899,SDS Rihatul Jannah,elementary school,Education,Indonesia.Batam.School.202408060757.db,places,1.100614,104.051974,394522.9323797271,121667.82901836955,3,4093.4962934068635,14,33,1,0.9120548773155329,2.5,1.0986122886681098,0
1902,Avava School,school,Education,Indonesia.Batam.School.202408060757.db,places,1.1420568,104.0041013,389197.6630314351,126250.95331399141,16,284.06531887015996,6,23,3,179.5870570573388,3.4,3.4657359027997265,0
1903,MI ANNISA,school,Education,Indonesia.Batam.School.202408060757.db,places,1.0989381,104.0575551,395143.8817842745,121482.36900957886,3,4556.250109855588,5,33,2,225.51120097226072,0.0,0.0,0
1906,PG- TK- SD- SMP- SMA Ananda,private educational institution,Education,Indonesia.Batam.School.202408060757.db,places,1.1376262,104.0130479,390192.9812428709,125760.82048779039,0,819.0997264174687,11,33,0,45.816552640893875,4.3,3.044522437723423,0
1907,Fasum Legenda Malaka Blok A,school,Education,Indonesia.Batam.School.202408060757.db,places,1.1006118,104.0519661,394522.05327026686,121667.5860972791,3,4093.331764135333,14,33,4,0.9120548773155329,4.0,1.0986122886681098,0
1909,SD Negeri 007 Lubuk Baja,elementary school,Education,Indonesia.Batam.School.202408060757.db,places,1.132792,104.013935,390291.50642205146,125226.38067610918,0,372.69736007650613,12,34,2,88.38046974918993,4.3,2.70805020110221,0
1910,TK Islam Legenda,kindergarten,Education,Indonesia.Batam.School.202408060757.db,places,1.1078532,104.0554363,394908.4362062465,122467.96828043835,3,3609.154738147878,10,35,1,203.0297261089655,5.0,0.6931471805599453,0
1911,SEKRETARIAT PGRI KOTA BATAM,school,Education,Indonesia.Batam.School.202408060757.db,places,1.1018522,104.0622087,395661.787731298,121804.34625456604,3,4596.868667977003,9,24,5,49.967933953656015,2.3,1.3862943611198906,0
1913,PAUD-Q RUHUL QUR AN BATAM,kindergarten,Education,Indonesia.Batam.School.202408060757.db,places,1.1012196,104.0644161,395907.3820340076,121734.33808684822,3,4809.270192288328,9,17,0,168.69707927410718,5.0,0.6931471805599453,0
1915,SDS Ranibow Mostisori,elementary school,Education,Indonesia.Batam.School.202408060757.db,places,1.1010959,104.0500136,394304.81578990025,121721.17041693926,3,3954.1905417458806,13,33,1,188.12076092964216,0.0,0.0,0
1916,TK Aisyiyah 5 Batam,school,Education,Indonesia.Batam.School.202408060757.db,places,1.1362343,104.0110852,389974.5392758376,125607.0248237783,0,652.3100879858013,9,32,2,181.88024808026995,5.0,0.6931471805599453,0
1917,Smk 2,high school,Education,Indonesia.Batam.School.202408060757.db,places,1.1029965,104.0550834,394868.998359723,121931.0940711015,3,4030.0357486358894,21,37,0,0.015684793456904916,0.0,0.0,0
1919,Edelweis Music School,music school,Education,Indonesia.Batam.School.202408060757.db,places,1.1005512,104.0599965,395415.5918740011,121660.60423310875,3,4559.918696400851,8,34,0,285.08624814746724,4.8,1.791759469228055,0
1922,TKS Islam Permata Bunda,preschool,Education,Indonesia.Batam.School.202408060757.db,places,1.1052574,104.0627028,395716.8846065125,122180.75793800954,3,4350.565453359051,4,25,0,273.43867109637927,0.0,0.0,0
1926,TK Thabita,preschool,Education,Indonesia.Batam.School.202408060757.db,places,1.1001271,104.0533805,394679.4163737226,121613.95464249418,3,4211.836042635427,15,31,1,76.70932979315305,0.0,0.0,0
1929,Jumping air,school,Education,Indonesia.Batam.School.202408060757.db,places,1.1085103,104.0494408,394241.3425744022,122540.8212366389,3,3187.6072244196685,5,37,2,246.965028864593,0.0,0.0,0
1932,Bimbel Dunia Ceria,school,Education,Indonesia.Batam.School.202408060757.db,places,1.1029966,104.0550833,394868.98723626253,121931.10512919232,3,4030.0204815091774,21,37,7,0.015684793456904916,0.0,0.0,0
1933,SG4U,school,Education,Indonesia.Batam.School.202408060757.db,places,1.1386378,104.003724,389155.55008218985,125873.0066550008,-1,0.0,2,22,2,268.9989809557878,0.0,0.0,0
1936,Yayasan Cerdas Insani,foundation,Education,Indonesia.Batam.School.202408060757.db,places,1.1030749,104.0532864,394669.04940553306,121939.82439299264,3,3920.3928013708755,24,34,0,1.1576806682173837,5.0,1.0986122886681098,0
1939,TPQ Qurrota A yun,school,Education,Indonesia.Batam.School.202408060757.db,places,1.1028128,104.0581776,395213.28249975626,121910.67773493145,3,4238.738181071136,15,37,8,186.3993056357259,0.0,0.0,0
1942,Phil Connors  house,kindergarten,Education,Indonesia.Batam.School.202408060757.db,places,1.1077034,104.0465623,393921.0239535942,122451.72474824195,3,3132.0001856081926,9,34,1,236.95006988328123,0.0,0.0,0
1943,TPQ Roudhatul Jannah legenda Malaka,school,Education,Indonesia.Batam.School.202408060757.db,places,1.1065269,104.0521479,394542.4904954544,122321.46838994675,3,3526.7687759850664,14,35,4,125.91912056787814,0.0,0.0,0
1944,Smkn 7 batam,school,Education,Indonesia.Batam.School.202408060757.db,places,1.0997518,104.0556966,394937.11529672635,121572.38523806552,3,4372.513852542609,14,35,5,191.97149749216535,0.0,0.0,0
1945,SMK Pelayaran Kepri Dan Gedung Serba Guna Anugerah,vocational school,Education,Indonesia.Batam.School.202408060757.db,places,1.1037476,104.0567834,395058.1831342551,122014.064813247,3,4064.7735319603225,17,36,2,94.46658833749218,5.0,0.6931471805599453,0
1949,Sekolah Eppata,school,Education,Indonesia.Batam.School.202408060757.db,places,1.1598905,104.0270913,391756.4219571145,128221.53079830078,3,3033.0287613998953,15,54,3,124.20332646135881,5.0,0.6931471805599453,0
1954,SERA BIMBEL,school,Education,Indonesia.Batam.School.202408060757.db,places,1.1344983,104.012585,390141.3562967876,125415.05816069672,0,470.19762038657734,15,35,4,241.13119521751227,3.0,0.6931471805599453,0
1959,TK AL MISBAH,school,Education,Indonesia.Batam.School.202408060757.db,places,1.1193776,104.0169235,390623.53639132576,123743.34811844234,-1,0.0,2,13,1,199.47238502042467,5.0,1.3862943611198906,0
1964,TK Islam An-Nur Blok IV,religious school,Education,Indonesia.Batam.School.202408060757.db,places,1.1377766,104.0116544,390037.93246398296,125777.49983173696,0,820.1230786685484,10,33,0,77.31655257623973,0.0,0.0,0
1969,PT  Sinar Evolusi Global,learning center,Education,Indonesia.Batam.School.202408060757.db,places,1.1067105,104.0287514,391939.1674361952,122342.60674695081,17,287.06563904724305,7,19,0,69.81502078779233,5.0,0.6931471805599453,0
1971,SDN 002 Lubuk Baja,elementary school,Education,Indonesia.Batam.School.202408060757.db,places,1.136824,104.0156511,390482.6083847218,125672.04082804688,0,844.0320534206137,14,32,2,49.308691184347815,5.0,1.6094379124341003,0
1973,harapan utama,school,Education,Indonesia.Batam.School.202408060757.db,places,1.1188346,104.0416869,393378.9386679399,123682.40958096347,3,1788.12065557162,6,29,3,134.54058574052783,0.0,0.0,0
1974,MT Raudhatul Jannah,school center,Education,Indonesia.Batam.School.202408060757.db,places,1.1177941,104.017783,390719.11465271,123568.26519998224,-1,0.0,1,9,0,199.47238502042467,0.0,0.0,0
1976,Yayasan Pendidikan Hidup Baru,school,Education,Indonesia.Batam.School.202408060757.db,places,1.1026938,103.9395513,382013.5399852171,121901.96183625943,-1,0.0,0,1,0,933.5244724116925,0.0,0.0,0
1978,TK Al Barkah,preschool,Education,Indonesia.Batam.School.202408060757.db,places,1.1315517,104.0145342,390358.1327610965,125089.24664158195,0,350.3524731754964,11,37,0,50.42970577614912,3.2,1.791759469228055,0
1980,SOLAS School of Languages Batam,education center,Education,Indonesia.Batam.School.202408060757.db,places,1.1305238,104.0350977,392646.1878396485,124974.84701630738,3,388.1112457260623,20,42,0,7.790529924736092,0.0,0.0,0
1982,TK Jaya Selatan,preschool,Education,Indonesia.Batam.School.202408060757.db,places,1.1376385,104.0087247,389711.93987319584,125762.345109174,0,866.8228943419954,7,35,1,298.5986750566592,0.0,0.0,0
1991,SMP Baptis Batam,middle school,Education,Indonesia.Batam.School.202408060757.db,places,1.1493264,104.034691,392601.63134771853,127053.41930623232,3,1707.0512012910458,10,55,0,231.11912791897373,5.0,0.6931471805599453,0
1992,Diwan Baitul Hikmah,religious school,Education,Indonesia.Batam.School.202408060757.db,places,1.1056516,104.0302213,392102.6855472787,122225.4956608148,17,369.7350944108582,7,20,2,3.9142904298203556,0.0,0.0,0
1994,MDT BAITUL ULUM BATAM,middle school,Education,Indonesia.Batam.School.202408060757.db,places,1.1210499,103.9818992,386726.41384405876,123929.54728911421,11,359.2694183873112,15,43,0,52.2603480051527,0.0,0.0,0
2000,Kelompok Bermain   Taman Kanak-Kanak Charitas,preschool,Education,Indonesia.Batam.School.202408060757.db,places,1.1072227,104.0229378,391292.3037788439,122399.44118138037,-1,0.0,1,13,0,10.751803342596947,0.0,0.0,0
2001,Les Musik  akumusisi,music school,Education,Indonesia.Batam.School.202408060757.db,places,1.1336427,104.010477,389906.7669024769,125320.55422022774,0,384.6567493340045,8,37,0,252.90942783382926,4.0,0.6931471805599453,0
2002,Sekolah Edustar,school,Education,Indonesia.Batam.School.202408060757.db,places,1.1230478,103.9823764,386779.5894133041,124150.39270371069,11,557.6738883320825,13,32,3,126.22292802129415,5.0,1.6094379124341003,0
2003,Bimbel miss Cinta (Bimbel Gemas),school,Education,Indonesia.Batam.School.202408060757.db,places,1.1382473,104.0061102,389421.0477197406,125829.74632432453,-1,0.0,3,23,2,268.9989809557878,0.0,0.0,0
2004,TK LC My Little Castle,preschool,Education,Indonesia.Batam.School.202408060757.db,places,1.100604,104.034002,392523.18424408115,121667.36520381438,-1,0.0,0,12,0,658.459859194883,0.0,0.0,0
2008,Islamic Integrated Elementary School Ulil Albab Batam,elementary school,Education,Indonesia.Batam.School.202408060757.db,places,1.1211125,103.9748471,385941.71781384456,123936.74138604771,11,559.2369571954308,9,41,1,51.33558662625113,4.6,3.1354942159291497,0
2010,Sekolah Dasar Batam Madani,elementary school,Education,Indonesia.Batam.School.202408060757.db,places,1.1446795,104.0384665,393021.5531688368,126539.580702484,-1,0.0,5,18,2,38.06524304605324,3.2,2.3978952727983707,0
2011,Hang Islamic School (his),school,Education,Indonesia.Batam.School.202408060757.db,places,1.1027885,104.0625523,395700.0525179188,121907.83782580722,3,4542.337545640029,9,26,5,65.56781945951154,0.0,0.0,0
2017,Harapan Utama School,school,Education,Indonesia.Batam.School.202408060757.db,places,1.1213437,104.0360615,392753.09367185517,123959.98611435515,3,1391.944911121567,7,33,4,0.0,4.0,4.465908118654584,0
2020,Vocational School District 4 Batam,vocational school,Education,Indonesia.Batam.School.202408060757.db,places,1.1163975,103.9695313,385350.0360506064,123415.71305255425,11,1135.4373725736602,5,25,0,158.83177766297865,4.3,4.31748811353631,0
2021,Public Elementary School 001 Batam Kota,public educational institution,Education,Indonesia.Batam.School.202408060757.db,places,1.1370835,104.026931,391737.7272999978,125700.30224982336,3,1059.5725100401717,10,55,0,47.92488938200882,4.5,3.4657359027997265,0
2029,State Primary School 008 Batam City,elementary school,Education,Indonesia.Batam.School.202408060757.db,places,1.1025167,104.0731481,396879.0304536129,121877.42249926954,-1,0.0,0,7,0,556.2942579782336,4.3,3.332204510175204,0
2030,SD Alam Insan Harapan Batam,elementary school,Education,Indonesia.Batam.School.202408060757.db,places,1.0309001,104.0122239,390097.4456169011,113962.60483567456,-1,0.0,0,2,0,755.6191385453013,5.0,1.0986122886681098,0
2031,Junior High School 10,middle school,Education,Indonesia.Batam.School.202408060757.db,places,1.1369557,104.0312207,392215.0343376676,125686.01389545179,3,620.917942234876,19,50,1,0.0,4.3,4.330733340286331,0
2032,SDN 011 Sekupang - Batam,elementary school,Education,Indonesia.Batam.School.202408060757.db,places,1.1071483,103.9780185,386294.0693216699,122392.9014627525,-1,0.0,3,19,0,86.70196178127924,4.0,3.4339872044851463,0
2040,SMP Al-Azhar 1 Batam,middle school,Education,Indonesia.Batam.School.202408060757.db,places,1.134248,104.018679,390819.4251662942,125387.15761821177,0,895.7212533201358,9,34,1,134.53504318358432,4.6,2.302585092994046,0
2041,Sekolah Dasar Negeri 002 Batam Kota,elementary school,Education,Indonesia.Batam.School.202408060757.db,places,1.1370449,104.02736,391785.4604057385,125696.01906892286,3,1013.152804733685,9,55,0,47.92488938200882,4.6,2.4849066497880004,0
2049,Ninos Batam Edutainment Park,educational institution,Education,Indonesia.Batam.School.202408060757.db,places,1.1069752,104.0293326,392003.84737946524,122371.84721453741,17,234.25699411872458,8,19,0,4.798592443045616,4.4,4.430816798843313,0
2056,SDIT Fajar Ilahi 3,school,Education,Indonesia.Batam.School.202408060757.db,places,1.0240143,104.0610459,395529.7874311408,113199.76819276605,8,894.3767857960124,18,39,9,0.0,4.8,3.6109179126442243,0
2059,SDN 005 Sekupang Batam,school,Education,Indonesia.Batam.School.202408060757.db,places,1.1139889,103.965272,384876.0009408365,123149.61212913775,-1,0.0,4,21,0,199.19864600328944,4.6,2.833213344056216,0
2060,State Primary School 010 Batam City,elementary school,Education,Indonesia.Batam.School.202408060757.db,places,1.1100794,104.0865708,398372.81733591604,122712.97653178386,13,293.05834855794194,11,32,0,64.29471355919543,3.8,3.1354942159291497,0
2061,State Senior High School 8 Batam,high school,Education,Indonesia.Batam.School.202408060757.db,places,1.1531449,104.0369694,392855.28822888876,127475.45439799815,3,2126.8176556559524,14,43,1,0.0,4.4,4.48863636973214,0
2062,PAUD Batam Madani,kindergarten,Education,Indonesia.Batam.School.202408060757.db,places,1.144885,104.038741,393052.10403182753,126562.28769477001,-1,0.0,5,21,0,38.06524304605324,5.0,0.6931471805599453,0
2063,Junior High School 16  Batam,middle school,Education,Indonesia.Batam.School.202408060757.db,places,1.0431567,104.0544071,394791.70192097855,115316.0925284142,8,1376.720162788948,11,23,0,78.69053861105299,4.4,3.5263605246161616,0
2065,SMP IT Nurul Muhajirin Batam,middle school,Education,Indonesia.Batam.School.202408060757.db,places,1.1181339,103.977745,386264.0571803224,123607.3498709763,11,207.40980845461243,20,45,0,53.58358898901947,4.4,3.1780538303479458,0
2067,SD Telkom Batam,elementary school,Education,Indonesia.Batam.School.202408060757.db,places,1.1171278,103.9777132,386260.48002789344,123496.12858990433,11,278.60543274745936,18,41,3,99.53672446558939,4.3,2.9444389791664403,0
2071,SMK MHS Batam Centre,vocational school,Education,Indonesia.Batam.School.202408060757.db,places,1.1002798,104.054053,394754.2507029597,121630.81122711106,3,4232.014322569793,20,35,1,76.70932979315305,3.0,0.6931471805599453,0
2072,Junior High School 30  Batam,middle school,Education,Indonesia.Batam.School.202408060757.db,places,1.1541834,104.0364842,392801.3396769085,127590.27491477018,3,2239.3074655420387,22,43,2,0.0,4.7,3.258096538021482,0
2077,SMP Negeri 41 Batam,middle school,Education,Indonesia.Batam.School.202408060757.db,places,1.1331188,104.0146599,390372.17827627837,125262.47997483755,0,455.80314082283115,12,34,1,88.38046974918993,4.0,3.044522437723423,0
2078,Masjid Al ikhlas teluk bakau batu besar Nongsa batam,mosque,Education,Indonesia.Batam.School.202408060757.db,places,1.1166865,104.1348134,403740.8750264619,123441.73189004548,-1,0.0,2,2,0,67.79051335973904,4.3,2.4849066497880004,0
2079,SMAN 12 Batam,senior high school,Education,Indonesia.Batam.School.202408060757.db,places,1.1348132,103.9946231,388142.743800631,125450.55783735344,-1,0.0,2,7,0,33.23949244762252,4.3,3.6375861597263857,0
2080,School,school house,Education,Indonesia.Batam.School.202408060757.db,places,1.1845346,104.0214227,391126.6370613704,130946.07289413974,1,760.8746745209912,11,23,0,120.04999941519581,0.0,0.0,0
2085,Pulau Bakau,island,Education,Indonesia.Batam.School.202408060757.db,places,1.1033333,103.9191667,379745.2889215381,121973.47450012526,-1,0.0,0,0,0,2269.3780974033575,0.0,0.0,0
2086,Pantai Teluk Mata Ikan,fishing pier,Education,Indonesia.Batam.School.202408060757.db,places,1.189074,104.1106155,401050.94443724374,131444.53137248135,-1,0.0,3,7,0,9.81419522253767,4.5,4.727387818712341,0
2087,Bimbel Happy Kids,middle school,Education,Indonesia.Batam.School.202408060757.db,places,1.1298582,104.031636,392260.9821073364,124901.39558460013,3,656.3589111511097,21,48,1,42.69422612201301,5.0,0.6931471805599453,0
2088,Smks Indo Malay School Batam,school,Education,Indonesia.Batam.School.202408060757.db,places,1.1334251,104.0322989,392334.8741633851,125295.67874766425,3,407.3830314717169,24,46,4,18.35099041844021,0.0,0.0,0
2089,Madrasah Ibtidaiyah Negeri Batam,elementary school,Education,Indonesia.Batam.School.202408060757.db,places,1.157635,104.033601,392480.6604357817,127971.94541839186,3,2632.7354032284047,25,48,5,40.82922750652241,4.6,2.70805020110221,0
2092,SMP 12 Batam,middle school,Education,Indonesia.Batam.School.202408060757.db,places,1.1043171,104.0558565,394955.0672983363,122077.05323205462,3,3954.5012871199715,17,37,2,0.0,4.5,4.276666119016055,0
2095,State Primary School 001 Uma Tanjung Lubuk Baja Batam,elementary school,Education,Indonesia.Batam.School.202408060757.db,places,1.1459818,103.9960123,388297.75139755197,126685.16560741806,-1,0.0,8,10,1,30.28499972605912,4.6,2.70805020110221,0
2097,SMAS Al - AZHAR BATAM Terakreditasi A,senior high school,Education,Indonesia.Batam.School.202408060757.db,places,1.1330686,104.0208376,391059.56782383495,125256.69746728428,0,1068.7929662376273,4,36,0,197.7553945091262,4.6,2.1972245773362196,0
2098,Parama Montessori Academy Batam,kindergarten,Education,Indonesia.Batam.School.202408060757.db,places,1.1518748,104.0508371,394398.27492162044,127334.53200059559,-1,0.0,0,2,0,834.2504359296438,0.0,0.0,0
2099,Mother Primary School,elementary school,Education,Indonesia.Batam.School.202408060757.db,places,1.1299976,104.0656809,396049.12575902557,124915.56521749501,-1,0.0,2,2,1,131.63919303557495,4.4,2.302585092994046,0
2100,TK Negeri Pembina III Kota Batam,preschool,Education,Indonesia.Batam.School.202408060757.db,places,1.1526981,104.0358948,392735.7024759667,127426.10281065496,3,2074.2514148774944,16,45,0,127.8885035919394,4.8,1.6094379124341003,0
2103,State Primary School 004,elementary school,Education,Indonesia.Batam.School.202408060757.db,places,1.1462548,103.996035,388300.2878060928,126715.34420645979,-1,0.0,8,9,1,30.28499972605912,4.1,2.0794415416798357,0
2104,Tzu Chi Foundation Batam,school,Education,Indonesia.Batam.School.202408060757.db,places,1.1373657,104.0150263,390413.1074851288,125731.94779843613,0,862.5620907849208,13,34,5,91.75630847769396,4.8,3.367295829986474,0
2106,Smp negeri 26 batam,middle school,Education,Indonesia.Batam.School.202408060757.db,places,1.1300779,104.0529207,394629.31965592894,124924.90178781436,-1,0.0,6,10,2,0.0,0.0,0.0,0
2114,Sekolah Menengah Pertama (SMP) Negeri 2,junior college,Education,Indonesia.Batam.School.202408060757.db,places,1.1855574,104.0972722,399566.1772688321,131056.27306856132,-1,0.0,0,3,0,500.5830458283732,0.0,0.0,0
2123,Apple Developer Academy  IL,school center,Education,Indonesia.Batam.School.202408060757.db,places,1.1850605,104.1026085,400159.9034818872,131001.15067754195,-1,0.0,3,9,0,113.99847406340194,5.0,2.4849066497880004,0
2131,Nginang,island,Education,Indonesia.Batam.School.202408060757.db,places,1.0094444,104.1691667,407560.0477371494,111585.86013221757,-1,0.0,0,0,0,1804.4942010233415,4.3,2.833213344056216,0
2132,Mushola Taqwa pulau selat des,school,Education,Indonesia.Batam.School.202408060757.db,places,1.0255643,104.1735049,408043.21364607516,113367.66258541707,-1,0.0,0,0,0,1050.4562642977903,0.0,0.0,0
2134,Sekolah Dasar (SD) Budi Utama,elementary school,Education,Indonesia.Batam.School.202408060757.db,places,1.104271,104.0793221,397566.0655723402,122071.13813309875,-1,0.0,4,13,2,171.9849769648148,3.7,1.3862943611198906,0
2136,PONDOK DARUSSALAM ALGONTORI BATAM KAMPUS BARU STENGAT,middle school,Education,Indonesia.Batam.School.202408060757.db,places,1.0345891,104.1311873,403334.8269849403,114366.5397059776,-1,0.0,3,8,0,238.70799558071292,0.0,0.0,0
2137,Elementary School Permata Hati,school,Education,Indonesia.Batam.School.202408060757.db,places,1.0624542,104.1181132,401880.9394243057,117447.2492653036,10,674.8481794933955,9,22,3,188.9956415286506,5.0,2.302585092994046,0
2139,SD Ibnu Sina 02 Kabil,elementary school,Education,Indonesia.Batam.School.202408060757.db,places,1.0693955,104.1179159,401859.2057802966,118214.57188742906,10,208.90026224095536,10,31,1,82.61503940953988,4.5,2.1972245773362196,0
2140,Nesan,elementary school,Education,Indonesia.Batam.School.202408060757.db,places,1.064035,104.1187602,401952.98048067675,117621.97601973396,10,489.136384879355,10,27,2,0.0,0.0,0.0,0
2141,Raudhatul Athfal Ummul Qurra,preschool,Education,Indonesia.Batam.School.202408060757.db,places,1.015646,104.07402,396973.1771344179,112274.27519361569,-1,0.0,2,9,0,219.90817239533413,0.0,0.0,0
2142,batam,school,Education,Indonesia.Batam.School.202408060757.db,places,1.069966,104.1208147,402181.7702310614,118277.54443697736,10,226.4213783100399,15,31,8,170.87694926495388,0.0,0.0,0
2143,TKS Eben Haezer II,preschool,Education,Indonesia.Batam.School.202408060757.db,places,1.075739,104.122138,402329.1953895828,118915.66983334866,10,862.9142919730403,5,23,0,333.8400974272096,2.0,0.6931471805599453,0
2144,SDIT MAMBAUL ULUM,elementary school,Education,Indonesia.Batam.School.202408060757.db,places,1.0642721,104.1169155,401747.72974252526,117648.24460706148,10,539.4428412402028,8,26,2,206.92487572042688,5.0,2.0794415416798357,0
2145,TPA At Taqwa,religious school,Education,Indonesia.Batam.School.202408060757.db,places,1.0691122,104.1243085,402570.49429566995,118183.05128480727,10,539.911878906109,8,25,0,142.6680591721728,4.0,1.0986122886681098,0
2146,Ponpes Manba ul Hidayah,high school,Education,Indonesia.Batam.School.202408060757.db,places,1.0599352,104.1191003,401990.6939614307,117168.75867939777,10,936.30298411102,7,13,0,121.46107136406388,4.9,3.1354942159291497,0
2147,Paud kenanga,kindergarten,Education,Indonesia.Batam.School.202408060757.db,places,1.046161,104.1194963,402034.3265189856,115646.0971399724,-1,0.0,1,1,0,279.9001506956436,0.0,0.0,0
2149,yayasan pendidikan harapan koin riau,school,Education,Indonesia.Batam.School.202408060757.db,places,1.0766743,104.1180943,401879.2881149514,119019.1910052848,10,928.6346379925554,7,21,3,8.781324749940678,5.0,1.3862943611198906,0
2150,Sekolah Tbgb,school,Education,Indonesia.Batam.School.202408060757.db,places,1.0584085,104.1159722,401642.58424029045,117000.09084336463,10,1172.0033871461023,3,15,0,158.2420736827474,0.0,0.0,0
2151,Maulana,preschool,Education,Indonesia.Batam.School.202408060757.db,places,1.0712192,104.1170712,401765.2748993144,118416.19734020448,10,413.539935270721,12,30,0,40.02591983535288,0.0,0.0,0
2152,Wahanb,preschool,Education,Indonesia.Batam.School.202408060757.db,places,1.0416818,104.1299318,403195.3434427642,115150.6279768936,-1,0.0,3,8,0,96.72546705477038,0.0,0.0,0
2153,TK Al Gibran,kindergarten,Education,Indonesia.Batam.School.202408060757.db,places,1.0735084,104.1241606,402554.1765442847,118669.02699303253,10,766.4208016844125,9,22,0,329.4421044677802,0.0,0.0,0
2154,Sekolah mujizat teluk waheng,school,Education,Indonesia.Batam.School.202408060757.db,places,1.0479829,104.1212432,402228.7600626829,115847.44184798519,-1,0.0,1,1,0,279.9001506956436,0.0,0.0,0
2155,Mr Mario House,preschool,Education,Indonesia.Batam.School.202408060757.db,places,1.0105539,104.073715,396939.0781889533,111711.37909436223,-1,0.0,1,4,0,479.8291747394744,5.0,0.6931471805599453,0
2156,Bukit Smart,school,Education,Indonesia.Batam.School.202408060757.db,places,1.0738634,104.1145895,401489.22324430244,118708.57669898779,10,815.4703240649227,7,20,4,236.15084221363762,0.0,0.0,0
2157,SMP EBEN HAEZER NONGSA,school,Education,Indonesia.Batam.School.202408060757.db,places,1.0708274,104.1228676,402410.221263514,118372.7011971011,10,460.3970714279056,11,30,6,52.92634935431341,0.0,0.0,0
2158,BIMBEL SECN KAVLING BIDA KABIL BLOK J,school,Education,Indonesia.Batam.School.202408060757.db,places,1.0731161,104.1204854,402145.2293617576,118625.77813340421,10,533.0588161682813,17,27,9,85.63432017159349,5.0,0.6931471805599453,0
2160,SD Negeri 007 Nongsa,school,Education,Indonesia.Batam.School.202408060757.db,places,1.0885734,104.1348895,403748.4393919928,120334.0192381456,-1,0.0,1,1,0,453.73225729522346,4.5,2.4849066497880004,0
2161,Rumah salwa,elementary school,Education,Indonesia.Batam.School.202408060757.db,places,1.070858,104.1170461,401762.47054658015,118376.26978249796,10,386.26819095214034,12,30,1,23.06887764291984,0.0,0.0,0
2162,SD Bhineka Nusantara,elementary school,Education,Indonesia.Batam.School.202408060757.db,places,1.0269678,104.0624563,395686.8215369034,113526.21777682423,8,757.020784109326,17,44,2,215.90731717993984,5.0,1.0986122886681098,0
2163,Taman Pendidikan Al_quran,school center,Education,Indonesia.Batam.School.202408060757.db,places,1.0730783,104.1197167,402059.69585056335,118621.62418900903,10,518.2027046289138,18,27,0,85.63432017159349,0.0,0.0,0
2164,Sdit Darul Fikri,elementary school,Education,Indonesia.Batam.School.202408060757.db,places,1.0586998,104.1216274,402271.8437554792,117032.1133840654,10,1097.3843674887828,3,12,0,215.1456598242227,3.7,1.3862943611198906,0
2165,Pondok Pesantren Al Kautsar Batam,school,Education,Indonesia.Batam.School.202408060757.db,places,1.0645283,104.1211525,402219.18510547274,117676.43120373924,10,464.94634491706455,7,30,3,14.485737686813705,4.0,3.7612001156935624,0
2166,SDIT UMMUL QURRO,school,Education,Indonesia.Batam.School.202408060757.db,places,1.0287419,104.0663784,396123.2993017079,113722.20822342258,8,1079.4485147949792,11,31,6,43.58741437231163,4.2,1.791759469228055,0
2168,SMP Negeri 58 Batam,middle school,Education,Indonesia.Batam.School.202408060757.db,places,1.0391087,104.0960963,399430.3820908252,114867.24622915879,-1,0.0,0,1,0,978.986575150251,5.0,2.1972245773362196,0
2169,SD MUJIZAT BATAM,school,Education,Indonesia.Batam.School.202408060757.db,places,1.0521838,104.1100775,400986.48695709463,116312.17619211659,-1,0.0,1,3,0,159.20915022191772,0.0,0.0,0
2170,SD Al - Kautsar,elementary school,Education,Indonesia.Batam.School.202408060757.db,places,1.0646225,104.121062,402209.11822404515,117686.84727279881,10,451.44096509053685,7,30,2,13.090569016712022,3.4,1.791759469228055,0
2171,Maria Chronsia Welin,school,Education,Indonesia.Batam.School.202408060757.db,places,1.064035,104.1187602,401952.98048067675,117621.97601973396,10,489.136384879355,10,27,4,0.0,0.0,0.0,0
2172,Tk Nurul Ilmi,school,Education,Indonesia.Batam.School.202408060757.db,places,1.0760082,104.1171463,401773.78405139915,118945.58841397718,10,881.6663649347241,6,20,3,128.64077453603943,3.0,1.0986122886681098,0
2173,TPQ MAISYARAH,school center,Education,Indonesia.Batam.School.202408060757.db,places,1.0694758,104.1165183,401703.69878378685,118223.49326406152,10,353.53631749099304,8,30,0,131.6549112524523,5.0,0.6931471805599453,0
2174,Darussakinah Foundation Batam,primary school,Education,Indonesia.Batam.School.202408060757.db,places,1.1578849,104.1362295,403899.8026402371,127995.8852179914,-1,0.0,2,10,0,9.892946332271304,4.7,2.8903717578961645,0
2175,TK Nusantara bukit senyum lancangkuning,kindergarten,Education,Indonesia.Batam.School.202408060757.db,places,1.0703109,104.2192475,413134.146456583,118312.70715715931,-1,0.0,0,0,0,5407.289683723833,0.0,0.0,0
2176,TPQ MDA Raudlatul Janah,religious school,Education,Indonesia.Batam.School.202408060757.db,places,1.0206431,104.068294,396336.19152679667,112826.86322129624,8,1703.0260355719356,6,25,0,190.45185982006674,0.0,0.0,0
2177,Elementary School 002 Nongsa,elementary school,Education,Indonesia.Batam.School.202408060757.db,places,1.1485149,104.1398665,404304.16068980074,126959.97403959736,-1,0.0,1,5,0,232.88639827524926,4.4,3.258096538021482,0
2178,Maria chronsia welin,school,Education,Indonesia.Batam.School.202408060757.db,places,1.0395276,104.1342227,403672.7245563718,114912.36451784325,-1,0.0,1,8,0,459.4329679208999,0.0,0.0,0
2179,SMP Ibnu Sina Kabil,school,Education,Indonesia.Batam.School.202408060757.db,places,1.0697131,104.118588,401933.9997351252,118249.65905114646,10,178.10183565376673,14,31,8,82.61503940953988,5.0,1.0986122886681098,0
2180,Junior High School 17 Batam,middle school,Education,Indonesia.Batam.School.202408060757.db,places,1.039611,104.1263199,402793.38516859175,114921.8260148754,-1,0.0,3,8,1,0.0,4.7,2.772588722239781,0
2181,KSB SEIKASAM,school,Education,Indonesia.Batam.School.202408060757.db,places,1.0412243,104.1291908,403112.8786868441,115100.07721025252,-1,0.0,3,8,0,96.72546705477038,0.0,0.0,0
2182,MADRASAH ALIYAH BATAMIYAH,school,Education,Indonesia.Batam.School.202408060757.db,places,1.0302647,104.0956373,399379.0301494135,113889.6073937816,-1,0.0,0,1,0,978.986575150251,5.0,1.0986122886681098,0
2184,SD It Darul Falah,elementary school,Education,Indonesia.Batam.School.202408060757.db,places,1.1469133,104.1269002,402861.4040134556,126783.36514829154,-1,0.0,3,8,0,27.250633761182407,4.1,2.995732273553991,0
2185,Sekolah Alledia,school,Education,Indonesia.Batam.School.202408060757.db,places,1.1450771,104.1220373,402320.2669214633,126580.55059944977,-1,0.0,1,10,1,396.10911732190084,4.1,2.1972245773362196,0
2186,SDIT Al Farabi,school,Education,Indonesia.Batam.School.202408060757.db,places,1.1398847,104.1442942,404796.5255416901,126005.81892048512,-1,0.0,2,6,2,69.2107074609009,4.1,2.1972245773362196,0
2187,SDS Ayu Insani,general education school,Education,Indonesia.Batam.School.202408060757.db,places,1.058851,104.1146197,401492.10627629835,117049.04935882626,10,1187.0426661351653,2,15,0,158.2420736827474,0.0,0.0,0
2188,Yayasan Al Mahib Batam,school,Education,Indonesia.Batam.School.202408060757.db,places,1.0176338,104.074097,396981.8081058479,112494.01392624703,-1,0.0,3,13,0,22.653453273419636,0.0,0.0,0
2189,AHE Batu Besar,school house,Education,Indonesia.Batam.School.202408060757.db,places,1.155103,104.123513,402484.80249480344,127688.79847586754,-1,0.0,4,15,0,129.2199522736999,5.0,1.0986122886681098,0
2190,SDN 012 Nongsa  Kelurahan Batu Besar  Kecamatan Nongsa,school,Education,Indonesia.Batam.School.202408060757.db,places,1.1431275,104.1151061,401548.99262640567,126365.27161580838,-1,0.0,2,8,1,231.55000970815382,4.4,2.5649493574615367,0
2191,Ponpes Walisongo  Batu Besar,school,Education,Indonesia.Batam.School.202408060757.db,places,1.158704,104.1284579,403035.1216483606,128086.6959192669,-1,0.0,5,15,1,149.407143820402,4.5,2.8903717578961645,0
2193,SMAIT Al Kautsar Batam,high school,Education,Indonesia.Batam.School.202408060757.db,places,1.0646134,104.1209447,402196.0660770372,117685.8450474429,10,447.54654416960557,7,30,0,13.090569016712022,4.2,1.791759469228055,0
2196,PONDOK PESANTREN TAUTHIAH MALIKUSSHALEH,school center,Education,Indonesia.Batam.School.202408060757.db,places,1.1414518,104.1084405,400807.2777470319,126180.2625140334,-1,0.0,0,8,0,692.7013541097626,5.0,0.6931471805599453,0
2197,Perumahan Armendo Raya BLOK BB no 7,kindergarten,Education,Indonesia.Batam.School.202408060757.db,places,1.0690619,104.1266614,402832.2969803216,118177.41638987698,10,799.2719282261371,3,16,0,261.86331879756665,4.1,3.2188758248682006,0
2198,SMPIT Alam Mutiara Insani,school,Education,Indonesia.Batam.School.202408060757.db,places,1.1474528,104.1066482,400608.0612118058,126843.69897525483,-1,0.0,0,7,0,692.7013541097626,5.0,1.6094379124341003,0
2200,TKIT Darussakinah,school,Education,Indonesia.Batam.School.202408060757.db,places,1.1578469,104.13631,403908.7582020072,127991.68185023272,-1,0.0,2,10,0,9.892946332271304,5.0,1.791759469228055,0
2201,Simpang Yayasan Salman Lc,religious school,Education,Indonesia.Batam.School.202408060757.db,places,1.1562108,104.1357796,403849.688093407,127810.84018920943,-1,0.0,5,11,0,190.24453761331344,0.0,0.0,0
2202,TKQ TPQ MDA Al-Hidayah,school,Education,Indonesia.Batam.School.202408060757.db,places,1.0277476,104.0692917,396447.4358678914,113612.19855584523,8,1420.5167339195348,6,27,4,58.63505413782716,0.0,0.0,0
2203,SMP Putra Persada,junior college,Education,Indonesia.Batam.School.202408060757.db,places,1.1418692,104.1386201,404165.2587590973,126225.37981711765,-1,0.0,1,6,0,29.828796978991218,4.6,1.791759469228055,0
2205,TPQ An-Nur,school,Education,Indonesia.Batam.School.202408060757.db,places,1.0220519,104.2271902,414016.5848170972,112977.90779227226,-1,0.0,0,0,0,5106.971056802925,5.0,0.6931471805599453,0
2206,Al fadllu 7,middle school,Education,Indonesia.Batam.School.202408060757.db,places,1.1565081,104.1315562,403379.78047835315,127843.84808825073,-1,0.0,7,12,0,128.1914929127672,0.0,0.0,0
2208,TK Bela Bangsa,school,Education,Indonesia.Batam.School.202408060757.db,places,1.1405044,104.1443829,404806.4151555758,126074.31941365438,-1,0.0,2,6,2,69.2107074609009,0.0,0.0,0
2209,Gugus PAUD I Anggrek,kindergarten,Education,Indonesia.Batam.School.202408060757.db,places,1.1553584,104.1314056,403362.98505227535,127716.76161171577,-1,0.0,7,12,1,22.750006593937957,5.0,0.6931471805599453,0
2210,State Elementary School 010 Nongsa,elementary school,Education,Indonesia.Batam.School.202408060757.db,places,1.1269398,104.1409763,404426.93293193926,124574.96102465887,-1,0.0,4,5,1,0.0,4.0,2.1972245773362196,0
2211,RA Al Masyitho,school,Education,Indonesia.Batam.School.202408060757.db,places,1.1442893,104.1168377,401741.7008467524,126493.64197378345,-1,0.0,2,8,2,231.55000970815382,0.0,0.0,0
2212,PAUD Aisyiyah II,kindergarten,Education,Indonesia.Batam.School.202408060757.db,places,1.1553762,104.1312019,403340.32090094115,127718.73621150422,-1,0.0,6,13,1,22.750006593937957,3.7,1.3862943611198906,0
2213,RA AL - INSYIRAAH,school,Education,Indonesia.Batam.School.202408060757.db,places,1.1423599,104.1197165,402061.9485170919,126280.26068155614,-1,0.0,2,12,2,384.82482538227157,5.0,0.6931471805599453,0
2214,Yayasan Arrahman Hadi,school,Education,Indonesia.Batam.School.202408060757.db,places,1.1464321,104.1395518,404269.07622900466,126729.7455550168,-1,0.0,1,7,0,232.88639827524926,0.0,0.0,0
2215,Wali Sogo,elementary school,Education,Indonesia.Batam.School.202408060757.db,places,1.1336033,104.1175578,401821.46198219276,125312.34762668378,-1,0.0,1,6,0,0.011054367471215852,0.0,0.0,0
2216,TK ALKINDI,school,Education,Indonesia.Batam.School.202408060757.db,places,1.1037127,104.1241172,402550.3172879779,122007.91562559184,-1,0.0,0,1,0,536.2783598199921,0.0,0.0,0
2217,Tk alkindi,kindergarten,Education,Indonesia.Batam.School.202408060757.db,places,1.1275164,104.140072,404326.33374924347,124638.72980568034,-1,0.0,4,5,0,28.92868557230352,5.0,0.6931471805599453,0
2218,RA Al Muhajirin,school,Education,Indonesia.Batam.School.202408060757.db,places,1.1552071,104.1219136,402306.8478153975,127700.36099388232,-1,0.0,4,8,0,62.304505864316695,5.0,0.6931471805599453,0
2219,Pondok Tahfidz,school,Education,Indonesia.Batam.School.202408060757.db,places,1.148315,104.1288383,403077.09542111005,126938.24804773464,-1,0.0,3,11,0,238.82960001885945,3.0,1.0986122886681098,0
2220,Madrasah Aliyah Swasta Darul Falah,high school,Education,Indonesia.Batam.School.202408060757.db,places,1.1464699,104.126583,402826.0955417313,126734.36096787007,-1,0.0,3,7,0,60.3994857121156,1.0,1.0986122886681098,0
2221,Islamic Primary School School Greatness,elementary school,Education,Indonesia.Batam.School.202408060757.db,places,1.1282205,104.1058986,400523.99704407976,124717.70921340256,-1,0.0,4,10,0,388.8484900824188,4.9,2.833213344056216,0
2222,TK Bayangkari II,preschool,Education,Indonesia.Batam.School.202408060757.db,places,1.130403,104.108934,400861.8112073691,124958.8677229574,-1,0.0,1,8,0,415.06124325161466,0.0,0.0,0
2223,SMKN 10 BATAM,vocational school,Education,Indonesia.Batam.School.202408060757.db,places,1.1558434,104.1200528,402099.82644470636,127770.7639376449,-1,0.0,5,9,0,218.66509189459236,5.0,0.6931471805599453,0
2224,TPQ Salam Al-Faritsi,school,Education,Indonesia.Batam.School.202408060757.db,places,1.1553128,104.1283267,403020.4084704032,127711.82574448145,-1,0.0,6,19,2,319.98705874949695,5.0,0.6931471805599453,0
2225,Pondok Pesantren Darul Falah,religious school,Education,Indonesia.Batam.School.202408060757.db,places,1.1470922,104.1270687,402880.158334524,126803.13564352179,-1,0.0,3,8,0,27.250633761182407,4.2,3.784189633918261,0
2227,Yayasan Nurudin Teluk Ranggung,school,Education,Indonesia.Batam.School.202408060757.db,places,1.1382087,104.1423168,404576.45380648354,125820.61439597562,-1,0.0,2,6,2,287.63220357885757,0.0,0.0,0
2229,Kursus CEEC Nongsa asri,community college,Education,Indonesia.Batam.School.202408060757.db,places,1.1576574,104.1217515,402288.895455739,127971.23145591348,-1,0.0,4,8,0,252.83313180555453,5.0,0.6931471805599453,0
2230,Flybest Flight Academy - Sekolah Pilot,flight school,Education,Indonesia.Batam.School.202408060757.db,places,1.1368039,104.1134947,401369.4828538237,125666.29216749927,-1,0.0,3,11,0,323.48881260225033,4.6,3.044522437723423,0
2233,School Pramugari Batam,school,Education,Indonesia.Batam.School.202408060757.db,places,1.1336032,104.1175578,401821.4619788242,125312.33657231682,-1,0.0,1,6,0,0.011054367471215852,0.0,0.0,0
2234,Penitipan Anak Plus Paud,preschool,Education,Indonesia.Batam.School.202408060757.db,places,1.139156,104.116387,401691.3787726635,125926.20338765936,-1,0.0,4,10,1,90.23982589260316,0.0,0.0,0
2235,GIIBS - Granada International Islamic Boarding School,education center,Education,Indonesia.Batam.School.202408060757.db,places,1.1318642,104.1432801,404683.4282884521,125119.24303196542,-1,0.0,0,8,0,577.3218528502055,5.0,3.1354942159291497,0
2236,TKS Miftahul Hasanah,preschool,Education,Indonesia.Batam.School.202408060757.db,places,1.1416741,104.1388053,404185.8586992579,126203.80669507668,-1,0.0,1,6,0,29.828796978991218,3.0,1.0986122886681098,0
2239,TK Nusa Indah Mintossori School,preschool,Education,Indonesia.Batam.School.202408060757.db,places,1.1317733,104.0986332,399715.71764601587,125110.70020332739,-1,0.0,6,15,0,233.3328573150323,0.0,0.0,0
2240,STT - SJK,high school,Education,Indonesia.Batam.School.202408060757.db,places,1.109832,104.0910521,398871.43589140614,122685.47419385033,13,249.5779636673164,14,28,1,40.41698247873635,0.0,0.0,0
2241,TPQ Rhestu Al Munawwarah Kampung Tengah,school,Education,Indonesia.Batam.School.202408060757.db,places,1.1550578,104.1314928,403372.6772351325,127683.5293382524,-1,0.0,7,12,2,34.61679372906884,5.0,0.6931471805599453,0
2243,TK Kartini 3,preschool,Education,Indonesia.Batam.School.202408060757.db,places,1.1554683,104.1224098,402362.066740974,127729.21791175602,-1,0.0,4,9,0,62.304505864316695,0.0,0.0,0
2245,SD Nusa indah Montossori school,school,Education,Indonesia.Batam.School.202408060757.db,places,1.131121,104.1006276,399937.6066369298,125038.5233509854,-1,0.0,5,16,1,202.645692083613,0.0,0.0,0
2246,SDIT Al-Muhajirin Dotamana,school,Education,Indonesia.Batam.School.202408060757.db,places,1.1132223,104.0939358,399192.41517535615,123060.15432135864,13,723.9770689260124,9,28,2,49.64060516662157,4.7,2.6390573296152584,0
2247,Rumah Belajar Sambau,school,Education,Indonesia.Batam.School.202408060757.db,places,1.1536522,104.1025211,400149.0689441897,127529.15001178897,-1,0.0,6,19,3,100.06017254491476,0.0,0.0,0
2248,Ishak noerpara,school,Education,Indonesia.Batam.School.202408060757.db,places,1.1109405,104.0898005,398732.21017341124,122808.05559133779,13,234.64900375451813,13,28,3,35.3073385521886,0.0,0.0,0
2249,Taman Kanak-Kanak Negeri Pembina 2,kindergarten,Education,Indonesia.Batam.School.202408060757.db,places,1.110205,104.087135,398435.5992726579,122726.84154568946,13,244.59728252364914,14,31,3,64.29471355919543,4.8,1.6094379124341003,0
2250,PPIT IMAM SYAFI I,school,Education,Indonesia.Batam.School.202408060757.db,places,1.1576334,104.1080278,400761.9167469712,127969.05501878001,18,123.57309457498246,8,18,3,0.0,4.6,4.465908118654584,0
2251,Yayasan Sultan Agung Batam,school,Education,Indonesia.Batam.School.202408060757.db,places,1.1156896,104.0967339,399503.8379532696,123332.80472116925,13,1137.8521451845377,3,23,2,396.40438613453455,3.9,3.58351893845611,0
2255,Sekolah Yohana,school,Education,Indonesia.Batam.School.202408060757.db,places,1.1295357,104.0945946,399266.2763418488,124863.48609507577,-1,0.0,4,19,0,73.52112098668398,4.1,2.3978952727983707,0
2256,KEK NONGSA,hospitality and tourism school,Education,Indonesia.Batam.School.202408060757.db,places,1.1856534,104.1017702,400066.65123818594,131066.72255515322,-1,0.0,2,7,0,64.58005903312787,0.0,0.0,0
2257,Muhammadiyah Elementary School Plus,elementary school,Education,Indonesia.Batam.School.202408060757.db,places,1.1042015,104.0829904,397974.23064666125,122063.3291164139,13,850.261897572383,8,20,3,209.09831175962552,4.3,4.110873864173311,0
2259,Gedung Bina Ilmu Nusantara Wahyu Susilo,school,Education,Indonesia.Batam.School.202408060757.db,places,1.1558564,104.0947898,399288.9125545604,127773.08440816532,-1,0.0,4,13,1,440.39795974513896,0.0,0.0,0
2260,TPQ Nurul Qur an,school,Education,Indonesia.Batam.School.202408060757.db,places,1.154508,104.1021838,400111.56868342496,127623.76553301924,-1,0.0,8,19,4,0.0,5.0,1.3862943611198906,0
2262,Sekolah Kristen Tabgha Mulia,school,Education,Indonesia.Batam.School.202408060757.db,places,1.1186937,104.0876213,398489.99975761253,123665.20449461539,-1,0.0,3,24,2,237.74067705859375,0.0,0.0,0
2264,Markas 8E barudak,middle school,Education,Indonesia.Batam.School.202408060757.db,places,1.1235506,104.0932019,399111.1082326353,124201.9151076177,14,277.15947130024114,7,21,0,133.53596481187338,0.0,0.0,0
2266,TPA Roudhotul Falah,religious school,Education,Indonesia.Batam.School.202408060757.db,places,1.1292879,104.1006429,399939.2462810161,124835.8842923434,-1,0.0,6,18,0,169.6650224791094,5.0,0.6931471805599453,0
2267,Yayasan Konstantinopel - Nurul Bahri Islamic Boarding School,education center,Education,Indonesia.Batam.School.202408060757.db,places,1.159574,104.1120839,401213.2896076457,128183.43478507244,18,392.11664934883447,6,11,0,193.54817955719471,5.0,0.6931471805599453,0
2268,SMK Pariwisata ADIMULIA,school,Education,Indonesia.Batam.School.202408060757.db,places,1.1073674,104.0866296,398379.26743717364,122413.1775786436,13,316.25946016253,12,28,3,153.77052476549503,4.7,2.0794415416798357,0
2269,House of Kang (Puri Selebriti 1  Blok C1 28),english language school,Education,Indonesia.Batam.School.202408060757.db,places,1.1345312,104.1060309,400538.93262327474,125415.31480153145,-1,0.0,0,12,0,545.5947387076122,0.0,0.0,0
2270,Batu besar,mosque,Education,Indonesia.Batam.School.202408060757.db,places,1.1586122,104.1297976,403184.1806405924,128076.50222222344,-1,0.0,6,14,0,149.407143820402,5.0,1.3862943611198906,0
2273,Markaz Arrumy - Komplek PPIT Imam Syafi i,religious school,Education,Indonesia.Batam.School.202408060757.db,places,1.1568789,104.1084563,400809.5679969326,127885.63460744703,18,112.20670021584665,8,17,1,0.0,5.0,0.6931471805599453,0
2274,SD Neg 009 Botania,elementary school,Education,Indonesia.Batam.School.202408060757.db,places,1.1284894,104.095021,399313.68478474405,124747.80876658895,-1,0.0,5,22,0,85.5910143741264,3.9,3.295836866004329,0
2275,Junior High School 8 Batam,middle school,Education,Indonesia.Batam.School.202408060757.db,places,1.1601737,104.0951657,399330.8899405026,128250.32426937485,-1,0.0,2,9,1,0.0,4.5,3.295836866004329,0
2277,Sambau,housing society,Education,Indonesia.Batam.School.202408060757.db,places,1.1576789,104.1105404,401041.4850946767,127973.99695356685,18,156.1033565984414,8,13,0,183.1564827721972,4.0,1.3862943611198906,0
2279,CALISTUNG UMMI,school,Education,Indonesia.Batam.School.202408060757.db,places,1.1265236,104.1028374,400183.32806558756,124530.23176053834,-1,0.0,5,16,1,127.7961342757739,4.0,1.0986122886681098,0
2280,Rumah Belajar Al-Qur an Asy-Syifa,school,Education,Indonesia.Batam.School.202408060757.db,places,1.1891014,104.1105316,401041.61030932295,131447.56328340093,-1,0.0,3,7,0,9.81419522253767,0.0,0.0,0
2283,Sekolah Tinggi Teologia,religious school,Education,Indonesia.Batam.School.202408060757.db,places,1.1102129,104.090729,398835.498043973,122727.59163053155,13,237.81917941391106,14,28,1,46.703322084065476,4.4,2.0794415416798357,0
2286,Paudq Alkhoiriyah,kindergarten,Education,Indonesia.Batam.School.202408060757.db,places,1.1850883,104.1065726,400600.9700135536,131004.08123280294,-1,0.0,4,8,0,122.80402886170958,0.0,0.0,0
2287,SD Shabilla,school,Education,Indonesia.Batam.School.202408060757.db,places,1.1221287,104.0978741,399630.92448344326,124044.57129979452,14,397.6528573300852,6,21,5,281.6562481400072,4.3,3.1780538303479458,0
2288,PESANTREN MADINATUL ULUM,school,Education,Indonesia.Batam.School.202408060757.db,places,1.14905,104.0904459,398805.3417176653,127020.82869947088,-1,0.0,0,2,0,734.2423620583538,0.0,0.0,0
2289,SDSIT Alya,elementary school,Education,Indonesia.Batam.School.202408060757.db,places,1.1057859,104.0819639,397860.06735764485,122238.51144263912,13,856.3361519910721,5,20,2,209.09831175962552,5.0,0.6931471805599453,0
2290,Posyandu,elementary school,Education,Indonesia.Batam.School.202408060757.db,places,0.8070762,104.1475471,405149.1610596706,89216.16826170759,-1,0.0,0,0,0,4124.896608505888,0.0,0.0,0
2291,Ceec cab galang,school,Education,Indonesia.Batam.School.202408060757.db,places,0.7746424,104.1828621,409078.1631246969,85630.07852170322,-1,0.0,2,2,1,33.990501288870185,0.0,0.0,0
2298,Air Lingka  Village,school,Education,Indonesia.Batam.School.202408060757.db,places,0.7002335,104.2322442,414571.766100051,77403.87495287061,-1,0.0,2,4,1,0.0,4.4,2.70805020110221,0
2299,SMP NEGERI 49 BATAM,school,Education,Indonesia.Batam.School.202408060757.db,places,0.6735625,104.3001875,422131.7862055414,74454.51912621896,-1,0.0,0,0,0,4259.055794464455,0.0,0.0,0
2300,SMP Negeri 32 Batam,middle school,Education,Indonesia.Batam.School.202408060757.db,places,0.6961744,104.234757,414851.309237434,76955.13577890804,-1,0.0,2,4,0,26.58969114896876,0.0,0.0,0
2301,SDN 017 Pulau Nguan,elementary school,Education,Indonesia.Batam.School.202408060757.db,places,0.6478315,104.2391875,415343.48852744134,71611.23149201824,-1,0.0,0,0,0,2381.862907904312,0.0,0.0,0
2303,Galang-baru Island,island,Education,Indonesia.Batam.School.202408060757.db,places,0.6610442,104.2570364,417329.8865730928,73071.4626138173,-1,0.0,3,3,1,0.0,4.4,5.0106352940962555,0
2304,AL ADAB,public educational institution,Education,Indonesia.Batam.School.202408060757.db,places,0.7429001,104.2059008,411641.1718830851,82120.76793626012,-1,0.0,1,1,0,18.883877576027228,0.0,0.0,0
2306,SDN 011,elementary school,Education,Indonesia.Batam.School.202408060757.db,places,0.6080481,104.3169384,423994.7850471178,67212.41796544757,-1,0.0,0,0,0,7477.8869947707335,0.0,0.0,0
2307,PAUD TITIAN MUCHTARY III,school,Education,Indonesia.Batam.School.202408060757.db,places,0.7905139,104.2070623,411771.39418828324,87384.01694088048,-1,0.0,2,2,0,355.9676737679041,0.0,0.0,0
2308,MTs Darurrahman,school,Education,Indonesia.Batam.School.202408060757.db,places,0.7579081,104.204716,411509.63315440045,83779.79026990914,-1,0.0,1,2,0,186.4783673453342,0.0,0.0,0
2309,Galang baru,tourist attraction,Education,Indonesia.Batam.School.202408060757.db,places,0.6605779,104.2564455,417264.1252609169,73019.9278574834,-1,0.0,3,3,0,83.54867616838509,4.0,0.6931471805599453,0
2310,Madrasah Tsanawiyah Darurrahman,junior college,Education,Indonesia.Batam.School.202408060757.db,places,0.759408,104.203949,411424.3148956522,83945.60636144414,-1,0.0,1,2,0,186.4783673453342,0.0,0.0,0
2314,Galang Island,island,Education,Indonesia.Batam.School.202408060757.db,places,0.7393925,104.2279672,414096.5679318829,81732.60152811228,-1,0.0,1,1,1,0.0,4.3,5.220355825078324,0
2319,Galang,coffee shop,Education,Indonesia.Batam.School.202408060757.db,places,0.6610442,104.2570364,417329.8865730928,73071.4626138173,-1,0.0,3,3,0,0.0,0.0,0.0,0
2321,Kantor Lurah Galang Baru,city government office,Education,Indonesia.Batam.School.202408060757.db,places,0.6862212,104.2455612,416053.3896706358,75854.71678874979,-1,0.0,0,0,0,1629.6991506985325,0.0,0.0,0
2322,Polsek Galang,civil police,Education,Indonesia.Batam.School.202408060757.db,places,0.8240439,104.1805623,408823.3395794822,91091.0507208016,-1,0.0,3,3,0,138.7812202879507,0.0,0.0,0
2329,Dapur tiga,apartment building,Education,Indonesia.Batam.School.202408060757.db,places,0.7947529,104.2071768,411784.224897146,87852.59741882431,-1,0.0,2,2,0,155.1852355990408,0.0,0.0,0
2334,Yayasan,kindergarten,Education,Indonesia.Batam.School.202408060757.db,places,0.8635009,104.1544466,405918.2538150726,95453.32949772936,-1,0.0,0,0,0,2485.834860890311,0.0,0.0,0
2343,Al Fatah 2 Batam-Wakaf Suryadi,school,Education,Indonesia.Batam.School.202408060757.db,places,0.9155482,104.121467,402249.8156805269,101207.64662075412,-1,0.0,1,1,0,381.5229450155722,0.0,0.0,0
2348,Rumah Dinas Yayasan Tunas Karya Rempang,school,Education,Indonesia.Batam.School.202408060757.db,places,0.8241046,104.181942,408976.8670258461,91097.72904290669,-1,0.0,3,3,0,26.757869812883595,5.0,1.0986122886681098,0
2349,SDN 004 Sagulung,elementary school,Education,Indonesia.Batam.School.202408060757.db,places,0.8534658,104.260782,417750.31265233795,94341.58779485388,-1,0.0,1,2,0,26.201195114002346,1.0,0.6931471805599453,0
2350,Pantai Sembulang,tourist attraction,Education,Indonesia.Batam.School.202408060757.db,places,0.8577558,104.2642628,418137.7190827138,94815.72783556841,-1,0.0,0,2,0,601.396787555462,3.7,1.3862943611198906,0
2351,Outbond LBT,school,Education,Indonesia.Batam.School.202408060757.db,places,0.8169304,104.2106979,412176.5103130963,90304.04143757456,-1,0.0,0,0,0,2014.675911394348,0.0,0.0,0
2352,SMAN 13 Batam,school,Education,Indonesia.Batam.School.202408060757.db,places,0.945378,103.772684,363438.41456545435,104516.90407991657,-1,0.0,3,6,3,0.0,3.9,2.302585092994046,0
2358,GEDUNG SERBA GUNA SDN 015 TELUK SUNTI,school,Education,Indonesia.Batam.School.202408060757.db,places,0.9456855,103.7736888,363550.2463303313,104550.86048679095,-1,0.0,3,6,3,62.334252280486815,0.0,0.0,0
2362,SD Negeri 014 Galang,elementary school,Education,Indonesia.Batam.School.202408060757.db,places,0.9678628,104.1595629,406490.2722017784,106989.60728774223,-1,0.0,2,4,0,464.5543767609863,0.0,0.0,0
2365,Rumah ku,school,Education,Indonesia.Batam.School.202408060757.db,places,0.7460283,104.3273266,425152.86436308874,82464.31006517005,-1,0.0,0,0,0,1056.5856762309727,0.0,0.0,0
2366,Taman Pendidikan Al-Qur an (TPA) Darul  Ulum,religious school,Education,Indonesia.Batam.School.202408060757.db,places,0.7208893,104.2512221,416683.9307724192,79686.81966155904,-1,0.0,0,0,0,3110.15693271719,0.0,0.0,0
2367,Smp N 13 Batam,school,Education,Indonesia.Batam.School.202408060757.db,places,0.7548933,104.3349849,426005.17706727627,83444.09750952876,-1,0.0,1,2,1,0.0,3.7,1.3862943611198906,0
2369,SDN 015 GALANG,elementary school,Education,Indonesia.Batam.School.202408060757.db,places,0.7564025,104.3219957,424559.8550612234,83611.14469008242,-1,0.0,2,3,0,41.49524016981778,0.0,0.0,0
2371,SD Al Kaffah,middle school,Education,Indonesia.Batam.School.202408060757.db,places,1.0997331,104.051993,394525.01556845766,121570.44865912653,3,4182.240731343996,14,31,0,97.18259670031003,4.6,3.9318256327243257,0
2372,SMK Plus Kemilau Bangsa Batu Aji,school,Education,Indonesia.Batam.School.202408060757.db,places,1.0501875,103.9788125,386380.306399556,116095.96261537066,5,268.1103708639071,29,56,14,78.37031139010283,4.9,2.302585092994046,0
2373,Masjid Al Fajri Batu Butih,school,Education,Indonesia.Batam.School.202408060757.db,places,0.752728,104.320554,424399.3690711391,83204.99767558767,-1,0.0,2,2,0,399.9946518889719,0.0,0.0,0
2377,Kallista School,school,Education,Indonesia.Batam.School.202408060757.db,places,1.117357,104.0597196,395385.3714274899,123518.41844429057,-1,0.0,3,5,1,0.0,4.6,4.1588830833596715,0
2382,SMP Negeri 64 Batam,middle school,Education,Indonesia.Batam.School.202408060757.db,places,0.9038736,103.9531226,383516.632368715,99922.06236963261,-1,0.0,0,0,0,3543.0636275212055,5.0,0.6931471805599453,0
2383,SDN 002 BULANG,elementary school,Education,Indonesia.Batam.School.202408060757.db,places,0.9337533,103.9646393,384799.164499968,103224.85076748182,-1,0.0,0,0,0,3543.0636275212055,0.0,0.0,0
2385,SDS Grace Baptist School Batam,school,Education,Indonesia.Batam.School.202408060757.db,places,1.0386006,103.9492714,383092.70125161036,114816.130517337,6,487.990175496828,6,21,4,219.86248371622125,5.0,0.6931471805599453,0
2387,HLC SCHOOL BATAM,school,Education,Indonesia.Batam.School.202408060757.db,places,1.0606153,103.9369134,381718.3815550152,117250.30582150054,-1,0.0,0,0,0,1100.3280331703593,5.0,1.3862943611198906,0
2388,TK Tunas Bangsa 2,preschool,Education,Indonesia.Batam.School.202408060757.db,places,1.132698,104.003673,389149.64897810086,125216.37979340223,-1,0.0,3,20,1,142.18963336189142,0.0,0.0,0
2389,PONDOK PESANTREN AN-NIMAH BATAM,religious school,Education,Indonesia.Batam.School.202408060757.db,places,1.0099518,103.9670029,385064.75862499414,111648.39890949364,-1,0.0,3,3,1,139.53211169564722,4.8,5.10594547390058,0
2390,Sekolah Daarut Tauhiid Boarding School Batam kampus 2 asrama putri,school,Education,Indonesia.Batam.School.202408060757.db,places,1.0074791,104.022785,391271.83096569846,111373.13093724466,-1,0.0,0,0,0,1331.3392434593538,5.0,0.6931471805599453,0
2391,TK-SD-SMP Tamansiswa Batam,elementary school,Education,Indonesia.Batam.School.202408060757.db,places,1.05132,103.9796329,386471.6366133871,116221.12847588824,5,411.4514859286758,25,55,2,14.044284279199431,5.0,1.9459101490553132,0
2392,TPQ Miftahul Ulum,school,Education,Indonesia.Batam.School.202408060757.db,places,1.0247454,103.9554554,383780.3262304651,113284.22546946797,7,581.0543490631916,6,18,1,109.90348223788303,5.0,0.6931471805599453,0
2394,SDN 008 Bulang Pulau Seraya Bulang Kota Batam Provinsi Kepri,school,Education,Indonesia.Batam.School.202408060757.db,places,0.9619371,103.9798427,386491.8907642503,106340.01834729996,-1,0.0,0,0,0,2437.599594952843,5.0,0.6931471805599453,0
2395,Reliance School Batam,school,Education,Indonesia.Batam.School.202408060757.db,places,1.049274,103.956943,383946.7537106504,115995.77978943137,15,676.8687003132779,7,28,3,170.57676890003248,4.1,2.0794415416798357,0
2396,Workshop TKJ SMKN 5 BATAM,school,Education,Indonesia.Batam.School.202408060757.db,places,1.0276705,103.9629542,384614.86570523697,113607.32012296144,7,324.1013126897897,10,20,4,124.51774325542,5.0,1.791759469228055,0
2397,SIHOMBING BESQUA,elementary school,Education,Indonesia.Batam.School.202408060757.db,places,1.0258644,103.9617603,384481.94899403374,113407.70134047465,7,236.77814144403325,10,19,1,173.17732566596095,0.0,0.0,0
2398,Yayasan Pesantren Royatul Qur an Batam,religious school,Education,Indonesia.Batam.School.202408060757.db,places,1.026199,103.9590677,384182.34014798625,113444.78829703685,7,156.67667428370768,14,19,1,0.0,4.6,3.828641396489095,0
2400,Junior High School 36 Batam,middle school,Education,Indonesia.Batam.School.202408060757.db,places,1.0346998,103.9401413,382076.59780159406,114385.2384893586,-1,0.0,6,13,0,127.21962755721792,4.4,3.295836866004329,0
2401,Pesantren Royatul Qur an - RQ,school,Education,Indonesia.Batam.School.202408060757.db,places,1.0261433,103.9601058,384297.8534423597,113438.59316193193,7,114.8099062108529,12,19,3,84.67211335485823,4.8,3.8501476017100584,0
2402,Stikom Batam (B),school,Education,Indonesia.Batam.School.202408060757.db,places,1.0453542,103.9905261,387683.55306084733,115561.2291347248,5,1599.756627774347,13,26,7,1.8647515433042772,0.0,0.0,0
2404,SMP Negeri 65 Batam,middle school,Education,Indonesia.Batam.School.202408060757.db,places,1.0809797,103.9096404,378684.3575640282,119502.65768402388,-1,0.0,0,0,0,2688.9609673770237,4.8,4.04305126783455,0
2405,Theodore Kindergarten School,kindergarten,Education,Indonesia.Batam.School.202408060757.db,places,1.154314,104.0077589,389605.1139034067,127605.8112957547,2,123.74207835228285,13,28,3,0.0,5.0,1.6094379124341003,0
2406,SMA Integral Hidayatullah Boarding School,religious school,Education,Indonesia.Batam.School.202408060757.db,places,1.0511687,103.9334368,381331.1633651287,116206.12019614942,-1,0.0,1,5,0,448.62065454911294,5.0,1.791759469228055,0
2408,P,kindergarten,Education,Indonesia.Batam.School.202408060757.db,places,1.0364088,103.9389188,381940.62599174556,114574.21302416106,-1,0.0,3,11,0,121.58476243653749,0.0,0.0,0
2409,TPQ AN-NI MAH DPR 12 PANTAI,religious school,Education,Indonesia.Batam.School.202408060757.db,places,1.008538,103.9685332,385234.9946624594,111492.05148282766,-1,0.0,3,3,1,36.52858248318495,0.0,0.0,0
2410,SMP N 014 Batam,middle school,Education,Indonesia.Batam.School.202408060757.db,places,0.9697184,104.0226695,391257.7501649829,107198.81940265454,-1,0.0,1,1,0,237.3039939747869,0.0,0.0,0
2411,TPQ Al Fathir 1,school,Education,Indonesia.Batam.School.202408060757.db,places,1.0277273,103.9674318,385113.1146582335,113613.43786309657,7,820.031813189395,2,14,2,181.43210940436168,5.0,0.6931471805599453,0
2412,TPQ AN NUR,school,Education,Indonesia.Batam.School.202408060757.db,places,1.0342309,103.9746662,385918.3557432409,114332.13989840381,-1,0.0,3,12,3,285.46133311217784,0.0,0.0,0
2413,SMAN 18 Batam,senior high school,Education,Indonesia.Batam.School.202408060757.db,places,1.0196919,104.0069159,389506.4199743025,112723.754458419,-1,0.0,1,3,0,186.16884372674613,4.7,3.091042453358316,0
2415,Integral School Hidayatullah Batam,senior high school,Education,Indonesia.Batam.School.202408060757.db,places,1.0485221,103.9813005,386657.0964909442,115911.76564455124,5,522.1813681754312,26,59,0,24.47475363719292,4.5,3.9889840465642745,0
2416,SDN 021 Sagulung Batam,primary school,Education,Indonesia.Batam.School.202408060757.db,places,1.0342008,103.9381909,381859.54638157773,114330.1468577732,-1,0.0,4,12,0,223.93393401145516,4.9,2.6390573296152584,0
2417,TK Tunas Baru 1,preschool,Education,Indonesia.Batam.School.202408060757.db,places,1.04867,103.9525502,383457.9222885185,115929.17150787346,15,186.48689374100834,9,22,0,7.298115665544235,0.0,0.0,0
2418,SMPN 50 Batam,middle school,Education,Indonesia.Batam.School.202408060757.db,places,1.0457875,103.9325967,381237.4777701518,115611.26199661604,-1,0.0,2,5,0,122.52880260395037,4.1,3.1354942159291497,0
2419,MA AN NI MAH,school,Education,Indonesia.Batam.School.202408060757.db,places,1.0084894,103.9682085,385198.86164629436,111486.69028137214,-1,0.0,3,3,1,36.52858248318495,0.0,0.0,0
2420,RA Ashabul Kahfi,school,Education,Indonesia.Batam.School.202408060757.db,places,1.0215364,104.0020181,388961.4836907778,112927.82743486621,-1,0.0,0,2,0,581.8946062800092,0.0,0.0,0
2421,Yayasan Bintang Arafa Batam,school,Education,Indonesia.Batam.School.202408060757.db,places,1.0343195,104.00464,389253.67432199215,114340.87267889315,-1,0.0,2,5,0,165.385742055806,5.0,0.6931471805599453,0
2422,State Islamic Elementary School 2 Batam,elementary school,Education,Indonesia.Batam.School.202408060757.db,places,1.0422907,103.9595054,384231.6286980082,115223.6897220355,-1,0.0,1,23,0,144.1884214337898,4.3,2.5649493574615367,0
2423,SMPN 61 Batam,middle school,Education,Indonesia.Batam.School.202408060757.db,places,1.0408345,103.9509614,383280.8390680215,115063.02357914907,6,489.9577724725436,4,27,0,54.533635429845006,5.0,1.791759469228055,0
2424,SMP Negeri 52 Batam,middle school,Education,Indonesia.Batam.School.202408060757.db,places,1.1314153,104.0935774,399153.1599226358,125071.300616703,-1,0.0,4,11,0,236.60557832543182,5.0,2.3978952727983707,0
2425,SD Swasta EL SHADDAI Batam,primary school,Education,Indonesia.Batam.School.202408060757.db,places,1.0343182,103.9689869,385286.3948750013,114341.99549245577,-1,0.0,1,9,0,185.132878196696,4.8,1.9459101490553132,0
2426,SMP Negeri 19 Batam,middle school,Education,Indonesia.Batam.School.202408060757.db,places,0.9617729,103.8475739,371773.0742500357,106326.55104336803,-1,0.0,0,0,0,5359.9287712081905,5.0,0.6931471805599453,0
2427,MTs AL MARHAMAH,middle school,Education,Indonesia.Batam.School.202408060757.db,places,0.9480172,104.0594822,395353.4174809474,104798.69244397388,-1,0.0,0,0,0,1055.4780446075292,0.0,0.0,0
2428,SMP-SMA Advent Batam,grammar school,Education,Indonesia.Batam.School.202408060757.db,places,1.044087,103.989274,387544.1818694553,115421.18788089232,5,1511.522761917912,13,31,0,124.41539771346058,5.0,1.6094379124341003,0
2429,35 State Junior High School  Batam,middle school,Education,Indonesia.Batam.School.202408060757.db,places,1.0319333,103.9805916,386577.62183066946,114077.93240755082,-1,0.0,3,9,2,39.31176155502831,4.4,3.8918202981106265,0
2430,TPA MARYAM Bukit Ayu Lestari,school,Education,Indonesia.Batam.School.202408060757.db,places,1.0334666,104.0506053,394368.3465430938,114245.0212199302,8,756.3733599347499,18,48,6,97.0368090474418,5.0,0.6931471805599453,0
2431,Gedung Temoyong,community center,Education,Indonesia.Batam.School.202408060757.db,places,1.1556054,104.0013212,388888.8448855006,127748.82293420164,2,637.6941910501257,4,20,0,209.21031136377832,0.0,0.0,0
2432,SMPN 5 BATAM,middle school,Education,Indonesia.Batam.School.202408060757.db,places,1.0182042,103.9269214,380604.92390185373,112562.14592998981,-1,0.0,1,1,0,213.41387621647277,4.8,1.6094379124341003,0
2433,SDS DOULOS,school,Education,Indonesia.Batam.School.202408060757.db,places,1.036612,103.9492419,383089.3456044353,114596.29364286436,6,468.1830733766531,8,25,4,219.86248371622125,0.0,0.0,0
2434,SMAN 11 BATAM,senior high school,Education,Indonesia.Batam.School.202408060757.db,places,1.0163678,103.9275128,380670.66572372697,112359.11023012763,-1,0.0,1,1,0,213.41387621647277,4.9,2.1972245773362196,0
2435,PAUD CITA BUNDA SCHOOL BATAM,kindergarten,Education,Indonesia.Batam.School.202408060757.db,places,1.1291745,104.0960327,399426.27762680355,124823.50767742521,-1,0.0,6,20,1,94.21037084738666,5.0,0.6931471805599453,0
2437,Junior High School 11 Batam,middle school,Education,Indonesia.Batam.School.202408060757.db,places,1.0501145,103.9796791,386476.73395422345,116087.86111705823,5,354.7416133568991,26,57,2,96.76728566025125,4.7,4.204692619390966,0
2438,SMAN 17 Batam,senior high school,Education,Indonesia.Batam.School.202408060757.db,places,1.0295292,103.9565339,383900.50992544723,113813.02993104226,7,472.5132476682916,7,26,0,127.65962416168708,4.5,3.9889840465642745,0
2439,SMA Negeri 19 Batam,senior high school,Education,Indonesia.Batam.School.202408060757.db,places,1.0452264,103.9335463,381343.1243537401,115549.19665327788,-1,0.0,1,6,0,122.52880260395037,4.4,2.9444389791664403,0
2440,Baking Class UMMU ILHAM,after school program,Education,Indonesia.Batam.School.202408060757.db,places,1.0461529,103.9290561,380843.5075967263,115651.79110957963,-1,0.0,1,4,0,396.0493738746966,5.0,3.1354942159291497,0
2441,SMK Pelayaran Sinar Metta Batam,school,Education,Indonesia.Batam.School.202408060757.db,places,1.0454259,103.9497478,383145.96450695966,115570.64365522246,15,393.07366833980507,5,21,0,362.1017347483783,3.7,1.3862943611198906,0
2442,Tk azizah,school,Education,Indonesia.Batam.School.202408060757.db,places,1.0088725,103.967653,385137.0612604583,111529.06098970625,-1,0.0,3,3,1,74.93039846563443,5.0,1.0986122886681098,0
2443,Play Group  Tk & Tk-Plus Tunas Bare Lang,preschool,Education,Indonesia.Batam.School.202408060757.db,places,1.0466171,103.9621849,384529.94822448585,115701.86906407098,5,1632.9001637856245,8,31,1,141.91041555296428,0.0,0.0,0
2444,Panti Asuhan Muhibin,school,Education,Indonesia.Batam.School.202408060757.db,places,1.0273815,103.9783521,386328.2606758119,113574.8195795446,-1,0.0,0,5,0,561.5189251096679,5.0,0.6931471805599453,0
2445,SDN 010,elementary school,Education,Indonesia.Batam.School.202408060757.db,places,0.9379569,103.8895277,376440.8984527298,103692.11492814937,-1,0.0,0,0,0,5359.9287712081905,0.0,0.0,0
2446,Public Senior High School 5 Batam,senior high school,Education,Indonesia.Batam.School.202408060757.db,places,1.0384152,103.9546637,383692.7255256003,114795.43578207381,6,196.85187062395082,11,21,0,119.68080794884659,4.3,4.430816798843313,0
2447,SMPN 53 Batam,middle school,Education,Indonesia.Batam.School.202408060757.db,places,1.050462,103.9893093,387548.337082957,116125.92833383846,-1,0.0,2,29,0,75.10465210093278,4.2,2.9444389791664403,0
2448,SDN 005 Bulang,school,Education,Indonesia.Batam.School.202408060757.db,places,0.9838339,103.9772638,386205.65178370976,108760.75357266712,-1,0.0,0,0,0,2437.599594952843,5.0,1.0986122886681098,0
2449,Ruko Kalifornia Batu Aji Batam,school,Education,Indonesia.Batam.School.202408060757.db,places,1.0367875,103.9738431,385826.85686318745,114614.79714312837,-1,0.0,4,12,3,22.73534105366082,5.0,1.0986122886681098,0
2450,Junior High School 47 Batam,middle school,Education,Indonesia.Batam.School.202408060757.db,places,1.0544198,103.9514445,383335.09882973664,116564.84759349248,-1,0.0,3,16,0,311.1783059856178,4.5,2.995732273553991,0
2451,Junior High School 9 Batam,middle school,Education,Indonesia.Batam.School.202408060757.db,places,1.049281,103.946213,382752.7713889977,115996.95376572468,15,521.9739304683006,4,14,1,169.26001257766256,4.3,3.784189633918261,0
2452,MIS Al-Ukhuwah  Batam,primary school,Education,Indonesia.Batam.School.202408060757.db,places,1.0388824,103.9737924,385821.2903672333,114846.38649871884,-1,0.0,3,19,0,231.65624425000968,0.0,0.0,0
2454,MTs USB Fillial MTsN 1 Batam,middle school,Education,Indonesia.Batam.School.202408060757.db,places,1.0279084,103.9446219,382574.932165668,113634.28794173195,-1,0.0,6,15,0,0.13534948400329855,4.9,2.772588722239781,0
2455,Pondok Pesantren Hidayatullah Batam,school,Education,Indonesia.Batam.School.202408060757.db,places,1.0482035,103.9814093,386669.19166082307,115876.54111502427,5,539.7229595000338,24,60,11,30.65571891690289,4.5,3.8918202981106265,0
2457,Sekolah Pelangi,school,Education,Indonesia.Batam.School.202408060757.db,places,1.1240429,104.014979,390407.34472993884,124259.15519765497,0,791.9971869480157,5,23,2,90.40028308456915,4.0,2.995732273553991,0
2459,Ruang Guru,school,Education,Indonesia.Batam.School.202408060757.db,places,1.1223755,104.0063591,389448.1425141096,124075.1537249423,0,1058.786450763629,12,20,4,53.15720867757626,4.7,1.3862943611198906,0
2460,Apple Tree Pre School,school,Education,Indonesia.Batam.School.202408060757.db,places,1.122393,104.005252,389324.9554827006,124077.13017586738,0,1130.0208553970078,9,19,3,93.15072821101079,5.0,2.70805020110221,0
2463,Rainbowkids Learning Centre Baloi Abadi,school,Education,Indonesia.Batam.School.202408060757.db,places,1.1277586,104.0080709,389638.81776464276,124670.17537448407,0,488.1569814532652,10,35,2,97.79354269685304,5.0,0.6931471805599453,0
2464,Kawai Music Batam,music school,Education,Indonesia.Batam.School.202408060757.db,places,1.126188,104.005819,389388.1887701286,124496.63540162561,0,792.9514363640551,13,24,1,48.12302820509817,5.0,3.713572066704308,0
2465,Bimbel Wisdom,education center,Education,Indonesia.Batam.School.202408060757.db,places,1.1257777,104.0059635,389404.2518864323,124451.27239755575,0,807.5626197170682,13,23,0,48.12302820509817,3.8,2.8903717578961645,0
2469,Baloi persero bawah,kindergarten,Education,Indonesia.Batam.School.202408060757.db,places,1.1308281,104.0161033,390532.699300068,125009.19566209937,0,501.8403379131594,11,32,0,192.04592118711636,5.0,1.3862943611198906,0
2470,Paud excellent education kids,school,Education,Indonesia.Batam.School.202408060757.db,places,1.1270629,104.0150127,390411.2072878633,124593.00559172055,0,524.7926218902094,8,28,3,96.7654153772946,5.0,0.6931471805599453,0
2471,REAL MUSIK SCHOOL,music school,Education,Indonesia.Batam.School.202408060757.db,places,1.1274776,104.0140439,390303.4243024106,124638.88588128229,0,417.4701450691982,9,29,0,117.14167884814356,4.9,3.6635616461296463,0
2472,SD Negeri 003 Lubuk Baja,elementary school,Education,Indonesia.Batam.School.202408060757.db,places,1.127346,104.0039766,389183.2277779842,124624.71913612493,0,913.071868793831,8,24,0,241.69081766607033,3.7,2.3978952727983707,0
2473,Sd 009 Kec  Lubuk Baja,school,Education,Indonesia.Batam.School.202408060757.db,places,1.1314123,104.0037098,389153.69489177904,125074.24773361944,0,887.5719432805314,4,22,1,142.18963336189142,4.1,2.5649493574615367,0
2474,Bimbel Explorer,school,Education,Indonesia.Batam.School.202408060757.db,places,1.1281409,104.0065269,389467.0307668431,124712.49615759468,0,617.1752391107183,10,30,3,79.73067030195102,5.0,1.0986122886681098,0
2475,SD Islam Al Barkah,school,Education,Indonesia.Batam.School.202408060757.db,places,1.1311704,104.0142854,390330.43447316706,125047.1045003164,0,310.1533976989354,12,36,5,50.42970577614912,5.0,1.791759469228055,0
2476,Pos Security SMK Kartini,school,Education,Indonesia.Batam.School.202408060757.db,places,1.1217506,104.0065015,389463.9639863319,124006.0674035077,0,1108.7961900920734,10,20,4,70.87481070624113,5.0,0.6931471805599453,0
2478,Batu Batam Permai,housing complex,Education,Indonesia.Batam.School.202408060757.db,places,1.1232851,104.0119634,390071.76972507697,124175.49602406738,-1,0.0,3,29,0,221.3884670388522,4.5,3.58351893845611,0
2481,Yayasan Pendidikan Ikbal-M-Yos Batam,education center,Education,Indonesia.Batam.School.202408060757.db,places,1.160666,104.017686,390709.9370872751,128307.62136596943,3,3584.8414782907194,5,25,0,168.7359543441898,4.8,3.784189633918261,0
2483,SD Nusa indah Montossori school blok H 68-69,school,Education,Indonesia.Batam.School.202408060757.db,places,1.1296598,104.0991635,399774.6501707414,124877.04665786443,-1,0.0,8,18,1,169.6650224791094,2.7,1.3862943611198906,0
2490,PERTAMINA MARITIME TRAINING CENTRE BATAM,training centre,Education,Indonesia.Batam.School.202408060757.db,places,1.1367122,104.0456299,393818.32221109397,125658.56200698118,-1,0.0,2,10,0,217.51106943249852,4.2,3.828641396489095,0
2491,Sekolah Dasar Negeri 016 Sagulung,elementary school,Education,Indonesia.Batam.School.202408060757.db,places,1.031885,103.9414369,382220.6633907279,114074.01593575186,-1,0.0,6,15,0,151.23450736548875,3.9,3.1354942159291497,0
2492,SDIT BABUSSALAM BATAM,school,Education,Indonesia.Batam.School.202408060757.db,places,1.0318383,103.9427952,382371.8080291135,114068.80301858763,-1,0.0,7,20,0,40.73642386192446,5.0,1.6094379124341003,0
2494,PKBM CAHAYA BATAM,school,Education,Indonesia.Batam.School.202408060757.db,places,1.0374889,103.9552204,383754.6387299217,114693.0138560914,6,204.3094329440234,10,19,1,119.68080794884659,5.0,1.3862943611198906,0
2495,SDIT Darussalam 02 Batam,elementary school,Education,Indonesia.Batam.School.202408060757.db,places,1.0353106,103.9455298,382676.2309573388,114452.56216164521,-1,0.0,6,28,0,156.57160627729533,4.3,2.4849066497880004,0
2497,Pondok Pesantren Ushulul Huda,religious school,Education,Indonesia.Batam.School.202408060757.db,places,1.0289791,103.9499117,383163.599277082,113752.45880299123,-1,0.0,3,28,0,97.22594338069449,5.0,1.791759469228055,0
2499,CCIPP Branch Batan,school,Education,Indonesia.Batam.School.202408060757.db,places,1.0407088,103.9504875,383228.1009854061,115049.14510534091,6,510.40847874768303,5,26,4,54.533635429845006,5.0,0.6931471805599453,0
2501,Sei lekop blok E no 17,housing society,Education,Indonesia.Batam.School.202408060757.db,places,1.0284147,103.9466862,382804.6579480211,113690.18316124253,-1,0.0,6,14,1,0.0,3.8,2.302585092994046,0
2502,Elementary School 010 Sagulung (Sekolah Dasar Negeri 010 Sagulung),elementary school,Education,Indonesia.Batam.School.202408060757.db,places,1.0362718,103.9544097,383664.3832692384,114558.49455485358,6,147.55827771195564,10,28,1,0.0,4.4,2.8903717578961645,0
2503,Rumah Sakit St  Elisabeth Sei Lekop,medical center,Education,Indonesia.Batam.School.202408060757.db,places,1.0236441,103.946014,382729.68441952835,113162.8217431085,-1,0.0,3,9,0,228.06195398079038,4.4,4.330733340286331,0
2505,Kavling Sei lekop,gated community,Education,Indonesia.Batam.School.202408060757.db,places,1.0317233,103.943143,382410.5056304056,114056.07698686932,-1,0.0,8,20,0,40.73642386192446,4.4,1.791759469228055,0
2509,TPQ Jannatul Ma'wa Sei Lekop,school,Education,Indonesia.Batam.School.202408060757.db,places,0.9093769,104.5640962,451500.418410521,100516.48353377673,-1,0.0,0,0,0,12640.473526840937,5.0,0.6931471805599453,0
2511,TKS Miftahul `Ulum,preschool,Education,Indonesia.Batam.School.202408060757.db,places,1.1504401,104.0258036,391612.7834040512,127176.87077112109,3,2144.207280464368,18,63,1,8.357604155806921,4.2,2.70805020110221,0
2513,Elementary School 005 Bengkong (SD Neg 005 Bengkong),elementary school,Education,Indonesia.Batam.School.202408060757.db,places,1.1441437,104.0251473,391539.5204952288,126480.85018317313,3,1646.7738445424939,23,54,3,0.0,4.3,2.772588722239781,0
2514,Sekolah Globe National Plus,school,Education,Indonesia.Batam.School.202408060757.db,places,1.1497524,104.0140895,390309.34028407116,127101.29530759249,4,205.4728296278365,18,39,4,13.559296011784149,3.8,3.6635616461296463,0
2517,State Primary School 002 (SD Negeri 002 Bengkong),elementary school,Education,Indonesia.Batam.School.202408060757.db,places,1.1436718,104.0253694,391564.2156502848,126428.67485779553,3,1593.1645542240328,21,58,3,57.72447714354843,4.0,2.302585092994046,0
2518,PG-TK-SD Swasta Suluh Bangsa,school,Education,Indonesia.Batam.School.202408060757.db,places,1.160493,104.0161793,390542.2817952731,128288.5550251516,3,3667.015467794889,3,21,1,168.7359543441898,5.0,1.0986122886681098,0
2520,Halaman Sekolah,school,Education,Indonesia.Batam.School.202408060757.db,places,1.1538374,104.007843,389614.45327529765,127553.1212504727,2,119.77561132631725,13,31,2,19.57452522792374,5.0,0.6931471805599453,0
2521,SMK Multistudi High School,vocational school,Education,Indonesia.Batam.School.202408060757.db,places,1.1602876,104.0048675,389283.62133697316,128266.28888916182,-1,0.0,3,19,0,242.7120690561028,4.9,3.58351893845611,0
2524,Sinar Bangsa Study Centre,after school program,Education,Indonesia.Batam.School.202408060757.db,places,1.1481864,104.0149395,390403.85947281774,126928.1461751199,4,10.758256914331756,18,33,1,197.26758253023468,5.0,0.6931471805599453,0
2527,Elementary School 008 (Sekolah Dasar Negeri 008),school,Education,Indonesia.Batam.School.202408060757.db,places,1.1447158,104.0256005,391589.9691439407,126544.07674582617,3,1655.3584907012216,25,54,7,0.0,4.4,2.0794415416798357,0
2531,Akkes Kartini Batam (Akademi Kesehatan Kartini Batam),school,Education,Indonesia.Batam.School.202408060757.db,places,1.1471799,104.0177551,390717.11100469576,126816.77300091543,4,321.70345211614483,13,52,4,0.0,5.0,3.4011973816621555,0
2534,SD Negeri 006 Bengkong,elementary school,Education,Indonesia.Batam.School.202408060757.db,places,1.1565116,104.0324949,392357.544171863,127847.79961339026,3,2524.831472623516,20,52,5,51.84687355471556,4.9,3.912023005428146,0
2540,Mitra Bunda Health Institute (Institut Kesehatan Mitra Bunda),college,Education,Indonesia.Batam.School.202408060757.db,places,1.1484986,104.0167093,390600.7957197016,126962.59111895773,4,190.68415690205663,17,39,1,138.7533182407419,4.4,4.442651256490317,0
2543,Yayasan karya mas bangsa,school,Education,Indonesia.Batam.School.202408060757.db,places,1.1591626,104.0217629,391163.5108663217,128141.26821806995,3,3203.28023205498,12,29,2,88.33313999174318,5.0,2.70805020110221,0
2544,STIE GALILEO BATAM,college,Education,Indonesia.Batam.School.202408060757.db,places,1.1497055,104.0139769,390296.80957247026,127096.1149818199,4,207.82870591723503,15,40,1,13.559296011784149,4.9,2.995732273553991,0
2545,TK Islam Nurul Jadid,preschool,Education,Indonesia.Batam.School.202408060757.db,places,1.1557614,104.0324748,392355.27941770665,127764.86850225502,3,2443.235224657077,24,54,3,31.185395330739713,4.0,1.6094379124341003,0
2546,Monte Sienna School (Sekolah Monte Sienna),private educational institution,Education,Indonesia.Batam.School.202408060757.db,places,1.162432,104.0053356,389335.7898563208,128503.3281138791,-1,0.0,1,15,0,242.7120690561028,3.6,2.9444389791664403,0
2559,SDN 004 Bengkong,school,Education,Indonesia.Batam.School.202408060757.db,places,1.1434692,104.0259472,391628.4993527278,126406.25630129724,3,1530.872067331357,21,56,7,68.0807320410688,5.0,2.302585092994046,0
2560,GTDI Jemaat Punggur,school,Education,Indonesia.Batam.School.202408060757.db,places,1.0668548,104.1168145,401736.5734012678,117933.74888894246,10,344.7725853741395,10,30,4,285.72217086292665,5.0,1.0986122886681098,0
2561,Sekolah Eben Haezer  Punggur,school,Education,Indonesia.Batam.School.202408060757.db,places,1.0708063,104.1223924,402357.3456697514,118370.38386237645,10,417.12106416034766,10,30,6,0.0,4.7,2.302585092994046,0
2563,Satu Bangsa Harmoni School (Sekolah Satu Bangsa Harmoni),school,Education,Indonesia.Batam.School.202408060757.db,places,1.155565,104.0258939,391623.024818508,127743.40743864943,3,2638.8477198119544,9,61,2,130.81660109516022,4.5,3.8066624897703196,0
2564,SD Negeri 005 Nongsa,elementary school,Education,Indonesia.Batam.School.202408060757.db,places,1.0330411,104.1294308,403139.33459545905,114195.47233267051,-1,0.0,3,8,0,259.77167003979616,4.5,2.4849066497880004,0
2565,Sekolah Dasar 009 Nongsa,school,Education,Indonesia.Batam.School.202408060757.db,places,1.0604808,104.1208477,402185.14298121934,117229.01597593239,10,887.4810022535634,9,13,3,203.57151834779594,4.3,2.833213344056216,0
2568,Yayasan Pendidikan Ibnu Sina Batam ( YAPISTA ),school,Education,Indonesia.Batam.School.202408060757.db,places,1.1458503,104.0161085,390533.84449341794,126669.85280438466,4,281.41242631397,12,42,4,46.89689609828653,4.4,4.04305126783455,0
2569,Sekolah Dasar swasta Miftahul Ulum,school,Education,Indonesia.Batam.School.202408060757.db,places,1.0707302,104.11721,401780.70345901384,118362.13705381982,10,363.3847946874046,12,30,6,23.06887764291984,3.8,1.791759469228055,0
2573,SD Harapan Koin,primary school,Education,Indonesia.Batam.School.202408060757.db,places,1.0767535,104.1181004,401879.9693865318,119027.94586298768,10,937.1504767023041,6,20,0,8.781324749940678,4.0,1.9459101490553132,0
2574,SD Negeri 001 Bengkong,elementary school,Education,Indonesia.Batam.School.202408060757.db,places,1.1604451,104.0237484,391384.483619587,128282.96805122966,3,3228.68879960329,15,34,2,45.04727619191427,4.4,2.4849066497880004,0
2576,Sekolah Tinggi Teologi Presbyterian,school,Education,Indonesia.Batam.School.202408060757.db,places,1.0856561,104.1200461,402096.75007078587,120012.00837374262,-1,0.0,0,0,0,1007.6571292552766,5.0,0.6931471805599453,0
2580,Junior High School 51 Batam (SMP Negeri 51 Batam),middle school,Education,Indonesia.Batam.School.202408060757.db,places,1.0603109,104.1180745,401876.565746139,117210.32239351519,10,907.8057092137213,9,13,0,121.46107136406388,4.9,4.30406509320417,0
2582,SMK Negeri 6 Batam,vocational school,Education,Indonesia.Batam.School.202408060757.db,places,1.091256,104.1318031,403405.10787280404,120630.66115905657,-1,0.0,1,1,0,453.73225729522346,4.3,4.430816798843313,0
2583,Sekolah Islam NABILAH,school,Education,Indonesia.Batam.School.202408060757.db,places,1.1076481,104.043638,393595.6355506461,122445.716402492,3,3029.94096097392,8,27,1,57.50127976276364,4.5,3.5263605246161616,0
2591,Sekolah Dhammasekha Amitabha,kindergarten,Education,Indonesia.Batam.School.202408060757.db,places,1.1551911,104.0076133,389588.9469388623,127702.7778773282,2,179.57885615392894,13,27,3,58.09006968225357,5.0,0.6931471805599453,0
2593,Junior High School 17 Batam (SMP Negeri 17 Batam),middle school,Education,Indonesia.Batam.School.202408060757.db,places,1.039611,104.1263199,402793.38516859175,114921.8260148754,-1,0.0,3,8,1,0.0,4.7,2.772588722239781,0
2595,STT PRESBYTERIAN BATAM,seminary,Education,Indonesia.Batam.School.202408060757.db,places,1.0704357,104.1222778,402344.58253880346,118329.42009830131,10,381.8506494277732,11,31,0,42.90603079751725,3.0,1.0986122886681098,0
2605,TKIT & SDIT Fajar Ilahi 2,elementary school,Education,Indonesia.Batam.School.202408060757.db,places,1.145402,104.0395793,393145.39967718336,126619.40877727054,-1,0.0,5,22,2,28.819822826556894,4.4,3.9889840465642745,0
2615,Mandiri School,school,Education,Indonesia.Batam.School.202408060757.db,places,1.0280879,103.9569574,383947.5830884589,113653.68047851247,7,361.88158316063027,10,26,2,65.42228585687394,4.6,1.791759469228055,0
2619,SMPTK JOBEL BATAM,middle school,Education,Indonesia.Batam.School.202408060757.db,places,1.0267938,103.9605075,384342.5762532413,113510.49056777408,7,63.83913156031141,12,19,1,84.67211335485823,5.0,0.6931471805599453,0
2625,Sekolah Permata Harapan Batu Batam,school,Education,Indonesia.Batam.School.202408060757.db,places,1.1234473,104.0155357,390469.2666752864,124193.29258408594,0,879.6022380038534,6,17,3,90.40028308456915,3.7,3.1780538303479458,0
2627,Sekolah Dasar Swasta Cahaya Bangsa I - Bengkong,private educational institution,Education,Indonesia.Batam.School.202408060757.db,places,1.148385,104.026631,391704.7698204942,126949.65515987294,3,1902.9691889147882,25,53,0,8.741711634127295,4.4,2.772588722239781,0
2629,Pelunggut River (Sungai Pelunggut),riau islands,Education,Indonesia.Batam.School.202408060757.db,places,1.0226772,103.9666115,385021.65528736694,113055.18644816313,-1,0.0,1,11,0,3.365609498457724,0.0,0.0,0
2632,TPQ AL IKHSAN,school,Education,Indonesia.Batam.School.202408060757.db,places,1.0273403,103.9658473,384936.78495376196,113570.71262882097,7,641.7337283969069,4,16,3,181.43210940436168,5.0,1.6094379124341003,0
2637,Yayasan Pesantren Royatul Qur'an Batam,religious school,Education,Indonesia.Batam.School.202408060757.db,places,1.026199,103.9590677,384182.34014798625,113444.78829703685,7,156.67667428370768,14,19,1,0.0,4.6,3.828641396489095,0
2641,State Senior High School 8 Batam (SMA Negeri 8 Batam),high school,Education,Indonesia.Batam.School.202408060757.db,places,1.1531449,104.0369694,392855.28822888876,127475.45439799815,3,2126.8176556559524,14,43,1,0.0,4.4,4.499809670330265,0
2643,Pondokan Yayasan Keluarga Besar An-nur Zyllah,school center,Education,Indonesia.Batam.School.202408060757.db,places,-2.44565,117.8888,1945181.7504626135,-277346.30088331114,-1,0.0,0,0,0,1540734.9563011634,5.0,1.0986122886681098,0
2645,SD Negeri 008 Lubuk Baja,elementary school,Education,Indonesia.Batam.School.202408060757.db,places,1.1396685,104.0204168,391012.99294082774,125986.31069213449,-1,0.0,3,45,0,53.19048770752358,4.6,3.091042453358316,0
2647,HKI Sei Pelunggut,church,Education,Indonesia.Batam.School.202408060757.db,places,1.0237819,103.955212,383753.20695418824,113177.72044488118,-1,0.0,1,18,0,109.90348223788303,4.7,1.3862943611198906,0
2651,SDS DOULOS,kindergarten,Education,Indonesia.Batam.School.202408060757.db,places,1.0242499,103.9621333,384523.3969559543,113229.20708318929,7,396.3827129479499,7,19,0,183.24337213449985,4.0,1.6094379124341003,0
2653,SMPN 4 Batam (SMPN 004 Batam),middle school,Education,Indonesia.Batam.School.202408060757.db,places,1.1606581,104.019347,390894.75410595763,128306.68391041923,3,3482.8047021923694,11,27,0,31.95223467048377,4.6,4.060443010546419,0
2658,TK Permata Ceria,preschool,Education,Indonesia.Batam.School.202408060757.db,places,1.1525028,104.0235778,391365.19918762415,127404.97998042176,3,2470.0032560561453,14,55,1,107.80425527370701,5.0,0.6931471805599453,0
2659,TK  LIGHT AND HOPE,school,Education,Indonesia.Batam.School.202408060757.db,places,1.1401436,104.0384635,393021.05157402717,126038.1545497922,3,742.2405317173146,2,25,2,431.3622267736818,5.0,0.6931471805599453,0
2661,Kelurahan Sei Pelungut,city clerk's office,Education,Indonesia.Batam.School.202408060757.db,places,1.028628,103.9587596,384148.1436099116,113713.32241413833,7,217.33411466779486,12,26,0,65.63329437243742,2.7,2.3978952727983707,0
2663,Sekolah Islam Hang Tuah Batam,religious school,Education,Indonesia.Batam.School.202408060757.db,places,1.1628902,104.0202079,390990.63086184073,128553.40213718728,3,3647.532463953365,8,29,0,235.56680682828676,4.4,3.258096538021482,0
2667,State Primary School 011 (SD Neg 011 Bengkong),elementary school,Education,Indonesia.Batam.School.202408060757.db,places,1.1536347,104.0365704,392810.9104679625,127529.61495663514,3,2178.9698097741248,15,44,4,0.0,4.4,3.58351893845611,0
2669,WorkShop Listrik Kapal SMKN5 Batam,school,Education,Indonesia.Batam.School.202408060757.db,places,1.0274375,103.9618594,384493.0328720959,113581.60185796866,7,199.75189510020112,11,19,3,124.51774325542,4.7,1.3862943611198906,0
2671,Theodore Kindergarten School (Taman Kanak-Kanak Theodore),kindergarten,Education,Indonesia.Batam.School.202408060757.db,places,1.154314,104.0077589,389605.1139034067,127605.8112957547,2,123.74207835228285,13,28,3,0.0,5.0,1.6094379124341003,0
2672,Paud madani,nursery school,Education,Indonesia.Batam.School.202408060757.db,places,1.154026,104.033118,392426.78201071854,127573.00202986105,3,2242.896989559999,27,56,0,181.50599199263988,2.5,1.0986122886681098,0
2679,MI Arrosyid,school,Education,Indonesia.Batam.School.202408060757.db,places,1.0676646,103.9602204,384312.1277655957,118028.7160157524,-1,0.0,2,3,0,31.9220397946787,5.0,1.3862943611198906,0
2680,Marine Cruise Batam,school,Education,Indonesia.Batam.School.202408060757.db,places,1.1122759,104.0369653,392853.33073095744,122957.5424010689,3,2397.0691938161376,10,39,2,115.45237298538133,5.0,1.0986122886681098,0
2681,SMA Kartini Batam,high school,Education,Indonesia.Batam.School.202408060757.db,places,1.1468078,104.0173943,390676.9509322141,126775.65230339316,4,302.16532789381347,15,46,0,57.24302208995843,4.6,3.6635616461296463,0
2683,TPU Muslim Sei Temiang,cemetery,Education,Indonesia.Batam.School.202408060757.db,places,1.0666392,103.9677966,385155.1243591302,117915.07554321755,-1,0.0,1,6,1,278.6143039205534,4.4,2.1972245773362196,0
2685,Masjid Nurul Ihsan,mosque,Education,Indonesia.Batam.School.202408060757.db,places,1.1497182,104.017004,390633.63315565104,127097.40278804867,4,279.5814123328119,16,37,0,109.21466326942137,4.5,4.127134385045092,0
2686,TPU Muslim (Blok Q) Sei Temiang,cemetery,Education,Indonesia.Batam.School.202408060757.db,places,1.0669329,103.9702834,385431.8512391619,117947.4509075716,-1,0.0,1,4,1,278.6143039205534,5.0,1.6094379124341003,0
2690,Ramiro Garden  Sei Temiang  Batu Aji Batam Island,plant nursery,Education,Indonesia.Batam.School.202408060757.db,places,1.0803278,103.9547171,383700.2306394143,119428.827041879,-1,0.0,2,2,0,449.17698261520826,5.0,1.6094379124341003,0
2691,Pesantren Ya Husnaya Hidayatul Mubtadi'in Batam,religious school,Education,Indonesia.Batam.School.202408060757.db,places,1.0676713,103.9599336,384280.2145721438,118029.4674865475,-1,0.0,2,3,1,0.0,4.4,4.110873864173311,0
2695,Junior High School 30  Batam (SMP Negeri 30 Batam),middle school,Education,Indonesia.Batam.School.202408060757.db,places,1.1541834,104.0364842,392801.3396769085,127590.27491477018,3,2239.3074655420387,22,43,2,0.0,4.6,3.295836866004329,0
2697,Math with Sakamoto Method from Japan (Matematika Metode Sakamoto),mathematics school,Education,Indonesia.Batam.School.202408060757.db,places,1.1448289,104.0070592,389526.8941526836,126557.2873055212,16,169.01966624214973,9,33,0,88.32512772794774,4.2,1.791759469228055,0
2699,Ponpes HM Raden Syahid Batam,school,Education,Indonesia.Batam.School.202408060757.db,places,1.1431708,104.0458445,393842.4370462931,126372.52589785398,-1,0.0,3,10,2,288.6145667966358,5.0,2.1972245773362196,0
2700,Tj  Sengkuang,school,Education,Indonesia.Batam.School.202408060757.db,places,1.1836836,104.0246711,391488.0456763427,130851.8702947968,1,943.3363410776121,4,22,1,130.06924120082962,5.0,0.6931471805599453,0
2701,Tempat penitipan anak bengkong - amanah,after school program,Education,Indonesia.Batam.School.202408060757.db,places,1.1519013,104.030685,392155.9857370449,127338.21620896833,3,2069.976989363334,10,74,0,243.2539591437658,5.0,1.0986122886681098,0
2702,State Primary School 001 Batu Ampar (SD Neg 001 Batu Ampar),elementary school,Education,Indonesia.Batam.School.202408060757.db,places,1.184557,104.020344,391006.6134855735,130948.59154705537,1,706.6433705995714,15,25,4,0.0,4.6,3.6635616461296463,0
2703,SD NEGERI 002 BATU AMPAR BATAM,elementary school,Education,Indonesia.Batam.School.202408060757.db,places,1.1741859,104.0167745,390609.03822351375,129802.23936594845,1,512.268361075394,11,27,2,155.1411073552211,4.6,3.6888794541139363,0
2705,Pondok Pesantren Insan Mandiri,boarding school,Education,Indonesia.Batam.School.202408060757.db,places,1.180384,104.0195939,390922.988659417,130487.30927676172,1,273.71470224399127,15,36,0,37.08313024899516,5.0,0.6931471805599453,0
2706,Batam  Kota Batam  Kepulauan Riau  Indonesia,high school,Education,Indonesia.Batam.School.202408060757.db,places,1.1690602,104.015931,390514.98444406595,129235.64208612649,1,1086.1802355797872,8,22,0,52.20689124034642,3.7,1.3862943611198906,0
2707,Asy - Syifa,kindergarten,Education,Indonesia.Batam.School.202408060757.db,places,1.1771051,104.0204655,391019.8422507012,130124.80331328292,1,346.9607792049164,11,36,2,2.0138871369855837,4.3,1.6094379124341003,0
2708,TK Pelita Kasih,preschool,Education,Indonesia.Batam.School.202408060757.db,places,1.108885,104.039893,393178.97385836794,122582.58557446348,3,2804.1002577621603,15,30,0,71.26133727061722,1.0,1.0986122886681098,0
2710,Insan Harapan,kindergarten,Education,Indonesia.Batam.School.202408060757.db,places,1.1079404,103.9806544,386587.40153545386,122480.36561459457,-1,0.0,4,26,1,268.47425155432785,5.0,1.3862943611198906,0
2711,MI Baitul Amar,school,Education,Indonesia.Batam.School.202408060757.db,places,1.1720137,104.0207933,391056.11870044,129561.95277365191,1,812.165385931942,11,26,3,27.98192834630878,4.0,2.6390573296152584,0
2712,Bimbel AL farest Education,school,Education,Indonesia.Batam.School.202408060757.db,places,1.1708076,104.0192505,390884.4074435764,129428.68233943955,1,888.3751767636718,15,24,4,126.83734400250955,4.5,1.0986122886681098,0
2714,Taman Pendidikan Al-Qur'an Darut Taqwa,religious school,Education,Indonesia.Batam.School.202408060757.db,places,1.15831,104.021913,391180.1797510392,128047.01033099713,3,3113.168121252522,12,37,1,0.0,4.7,2.0794415416798357,0
2716,SD Restu Ibu,elementary school,Education,Indonesia.Batam.School.202408060757.db,places,1.1728271,104.0164258,390570.18617295823,129652.04189140565,1,667.3496399626772,15,26,2,155.1411073552211,3.8,1.791759469228055,0
2717,Sekolah Tinggi Ekonomi Islam Ar-Rachman (STEIAR),university,Education,Indonesia.Batam.School.202408060757.db,places,1.1535773,104.0093337,389780.3124197179,127524.3101442816,2,286.73622506215895,11,35,0,151.72213275772495,1.0,0.6931471805599453,0
2719,Perum GMP Tanjung Sengkuang,school,Education,Indonesia.Batam.School.202408060757.db,places,1.1840416,104.0174875,390688.7569641629,130891.72821163443,1,590.6378711354981,14,29,3,66.11954075122756,4.1,3.4339872044851463,0
2720,SDN 004 Batu Ampar,elementary school,Education,Indonesia.Batam.School.202408060757.db,places,1.1850189,104.0195993,390923.77048680215,130999.68241656062,1,726.3990382656134,12,27,4,47.35055090993663,4.1,2.0794415416798357,0
2724,SMP N 45 BATAM,middle school,Education,Indonesia.Batam.School.202408060757.db,places,1.1741966,104.0201369,390983.1667556326,129803.2908649912,1,563.1687626119118,13,26,1,158.0508184648063,4.1,3.367295829986474,0
2726,SLB Kartini batam,school for the deaf,Education,Indonesia.Batam.School.202408060757.db,places,1.1531418,104.0071142,389533.33334911754,127476.25291377785,2,83.16013087076627,13,31,0,22.118469389103794,4.0,1.6094379124341003,0
2728,MA Swasta Darul Ihsan,high school,Education,Indonesia.Batam.School.202408060757.db,places,1.179767,104.020926,391071.1845835928,130419.0497146172,1,368.71401515210243,8,34,0,163.16065630683568,1.8,1.6094379124341003,0
2732,TK Darul Ihsan,school,Education,Indonesia.Batam.School.202408060757.db,places,1.184417,104.023757,391386.36450484383,130932.98100228467,1,916.5828641077071,9,23,3,130.06924120082962,5.0,1.0986122886681098,0
2734,PKBM Bunga Tanjung,school,Education,Indonesia.Batam.School.202408060757.db,places,1.1699194,104.0169285,390626.00798512367,129330.58508484284,1,976.1022887534643,14,24,4,2.030281348897269,5.0,1.0986122886681098,0
2736,State Primary School 003 Batu Ampar (Sekolah Dasar Negeri 003 Batu Ampar),elementary school,Education,Indonesia.Batam.School.202408060757.db,places,1.1848089,104.0199702,390965.0314652039,130976.4529883971,1,717.0581628403023,14,25,4,0.0,4.2,2.70805020110221,0
2737,TK Kinderland Batam Centre  Batam,preschool,Education,Indonesia.Batam.School.202408060757.db,places,1.1030746,104.0532968,394670.2066004806,121939.7908611724,3,3920.9919963342927,24,34,1,1.1576806682173837,3.8,1.791759469228055,0
2738,SMA Negeri 14 Batam,senior high school,Education,Indonesia.Batam.School.202408060757.db,places,1.1827393,104.0154024,390456.70126578654,130747.84524031158,1,518.5730019697817,8,30,0,144.47722071286944,4.4,3.6635616461296463,0
2739,tk rahmatullah,nursery school,Education,Indonesia.Batam.School.202408060757.db,places,1.1836447,104.0163388,390560.92803545494,130847.8974656212,1,569.0342373165278,13,30,0,119.64794774484558,2.5,1.0986122886681098,0
2742,MIS FAJAR HARAPAN,religious school,Education,Indonesia.Batam.School.202408060757.db,places,1.1061118,104.0904284,398801.9115879333,122274.24797602251,13,356.97020219090393,10,28,2,310.1265527329708,5.0,1.6094379124341003,0
2746,Batam Insan Mandiri Professional School (Sekolah Menengah Kejuruan Insan Mandiri Batam),educational institution,Education,Indonesia.Batam.School.202408060757.db,places,1.180424,104.019263,390886.1716712462,130491.74413088466,1,251.20756786375514,16,36,0,37.08313024899516,4.2,1.791759469228055,0
2748,KURSUS MENGEMUDI LKP RAJA BAHAGIA BATAM,driving school,Education,Indonesia.Batam.School.202408060757.db,places,1.107643,103.9534495,383560.2329533627,122448.54371014287,-1,0.0,2,5,0,62.20738202287771,4.9,5.0106352940962555,0
2752,TK Restu Ibu,kindergarten,Education,Indonesia.Batam.School.202408060757.db,places,1.169912,104.0169452,390627.8658807352,129329.76638694236,1,976.7371224241533,14,24,1,2.030281348897269,5.0,1.3862943611198906,0
2754,RA TAZKiA (RA Harapan Ummah),kindergarten,Education,Indonesia.Batam.School.202408060757.db,places,1.1210377,103.9809561,386621.4732286591,123928.23510609186,11,285.0618498800533,18,45,1,0.0,5.0,1.0986122886681098,0
2756,TK AL FAZHIRA 3,school,Education,Indonesia.Batam.School.202408060757.db,places,1.1788239,104.018293,390778.17939002876,130314.89621612254,1,58.08639802249164,9,40,3,0.0,5.0,1.0986122886681098,0
2759,Puskodal TNI AL Batam,school,Education,Indonesia.Batam.School.202408060757.db,places,1.1872367,104.0214088,391125.1960394373,131244.78178617495,1,1025.5592931284855,9,22,2,298.7123678810686,4.5,2.1972245773362196,0
2760,TPA Almasyithah,preschool,Education,Indonesia.Batam.School.202408060757.db,places,1.18425,104.0180445,390750.7412937272,130914.74421818687,1,613.4385437095202,14,29,0,66.11954075122756,5.0,0.6931471805599453,0
2762,PAUD Al-madina,school,Education,Indonesia.Batam.School.202408060757.db,places,1.1827152,104.0168897,390622.18909139634,130745.12239848671,1,454.12298026626564,16,31,5,119.64794774484558,4.7,1.3862943611198906,0
2763,Moslem Binus International School,school,Education,Indonesia.Batam.School.202408060757.db,places,1.1054229,104.0413839,393344.742494641,122199.81042010876,3,3209.8389326632146,11,24,2,48.14014339584932,4.7,4.07753744390572,0
2765,1 Simplyfx Batam Indonesia,school,Education,Indonesia.Batam.School.202408060757.db,places,1.1718281,104.0209643,391075.13838835375,129541.42864673647,1,838.7492835610032,10,28,3,27.98192834630878,1.0,0.6931471805599453,0
2768,Baloi Harapan 2 B25,homewares store,Education,Indonesia.Batam.School.202408060757.db,places,1.1448423,104.0265014,391690.2162008445,126558.02683813268,3,1597.9588014358474,26,52,0,97.29172896061179,4.3,2.1972245773362196,0
2769,PG   TK Islam Al - Barkah,school,Education,Indonesia.Batam.School.202408060757.db,places,1.1788239,104.018293,390778.17939002876,130314.89621612254,1,58.08639802249164,9,40,3,0.0,3.0,1.0986122886681098,0
2771,Smart Aurica School Batam,school,Education,Indonesia.Batam.School.202408060757.db,places,1.1110946,104.031192,392210.8925491509,122827.16422975602,17,268.5077469971555,9,29,5,83.98211465244745,5.0,0.6931471805599453,0
2775,Ansvin Academy   Ansvin School,school,Education,Indonesia.Batam.School.202408060757.db,places,1.131705,104.042137,393429.4882449789,125105.16464566193,-1,0.0,3,21,1,263.0845745317995,4.9,2.70805020110221,0
2778,SD Elsadai Caleb,elementary school,Education,Indonesia.Batam.School.202408060757.db,places,1.1085844,104.0429521,393519.3489553545,122549.24523583244,3,2909.3892488811443,12,27,2,103.92285291635838,5.0,2.8903717578961645,0
2780,Sekretariat   IKS  PI  KERA SAKTI,self defense school,Education,Indonesia.Batam.School.202408060757.db,places,1.153212,104.0288093,391947.32849113236,127483.18052367317,3,2273.388735528157,11,75,0,254.07183789166535,4.5,1.6094379124341003,0
2781,Sekolah Pelita Utama,school,Education,Indonesia.Batam.School.202408060757.db,places,1.1353674,104.0223311,391225.83491945243,125510.76603055587,0,1314.4554853430016,3,35,0,303.637253853943,4.0,4.143134726391533,0
2783,SMA Yos Sudarso,high school,Education,Indonesia.Batam.School.202408060757.db,places,1.1244842,104.0440766,393645.0434018208,124306.86323141518,-1,0.0,4,24,0,96.91377866610422,4.5,4.736198448394496,0
2793,Sekolah Tabhita Batam,school,Education,Indonesia.Batam.School.202408060757.db,places,1.1579367,104.1127002,401281.80600689736,128002.41986623012,18,397.78836224872066,7,11,1,193.54817955719471,4.7,1.9459101490553132,0
2803,TPQ Nurul Huda,religious school,Education,Indonesia.Batam.School.202408060757.db,places,1.1151937,104.1332049,403561.85382558795,123276.76573441515,-1,0.0,2,2,0,243.43874561334994,5.0,0.6931471805599453,0
2805,Kampung Nanas,school,Education,Indonesia.Batam.School.202408060757.db,places,1.121068,104.0384111,393014.5227086405,123929.4225656848,3,1448.9897736337082,9,35,5,176.7377807843447,3.5,1.6094379124341003,0
2807,Sekolah Menengah Atas Harapan Utama,high school,Education,Indonesia.Batam.School.202408060757.db,places,1.120856,104.03655,392807.43114582007,123906.05484294522,3,1447.446945199861,8,36,0,66.97736840932683,4.9,2.0794415416798357,0
2808,Haiko,school,Education,Indonesia.Batam.School.202408060757.db,places,1.1246563,104.0425365,393473.683823719,124325.94435698068,-1,0.0,3,24,1,172.41866012727886,5.0,1.791759469228055,0
2809,EFATA Christian School,school,Education,Indonesia.Batam.School.202408060757.db,places,1.1180386,104.0248367,391503.9906529321,123595.03227634088,-1,0.0,4,15,4,32.783889039929186,4.0,3.091042453358316,0
2813,Sunny Glow Montessori Batam & Ohayo Drawing School,montessori school,Education,Indonesia.Batam.School.202408060757.db,places,1.1173711,104.0296045,392034.4796304795,123521.06677550879,-1,0.0,3,30,0,273.38439538770604,5.0,0.6931471805599453,0
2815,MI (SD Plus) Iskandar Muda,elementary school,Education,Indonesia.Batam.School.202408060757.db,places,1.107668,103.954008,383622.37988404644,122451.28549509596,-1,0.0,2,6,1,62.20738202287771,5.0,0.6931471805599453,0
2817,Yayasan Aqil Global Islami,school,Education,Indonesia.Batam.School.202408060757.db,places,1.125645,104.0325374,392361.12558368396,124435.60837804593,3,990.8655127851913,15,40,7,4.607233473634521,5.0,1.0986122886681098,0
2818,GPPS Anugerah Teluk Bakau,church,Education,Indonesia.Batam.School.202408060757.db,places,1.1172902,104.1349205,403752.81133678416,123508.46327844306,-1,0.0,2,2,0,67.79051335973904,4.0,2.4849066497880004,0
2824,SDN 005 BATAM KOTA,elementary school,Education,Indonesia.Batam.School.202408060757.db,places,1.1051401,104.0417129,393381.34025530645,122168.53619237334,3,3247.6026416746795,9,23,1,48.14014339584932,4.3,3.295836866004329,0
2825,SMA 19 batam,high school,Education,Indonesia.Batam.School.202408060757.db,places,1.1300779,104.0529207,394629.31965592894,124924.90178781436,-1,0.0,6,10,2,0.0,5.0,0.6931471805599453,0
2826,SEKOLAH PERMATA HARAPAN NATIONAL PLUS (Sekolah Permata Harapan Baloi Batam),school,Education,Indonesia.Batam.School.202408060757.db,places,1.1290414,104.0107924,389941.6880532659,124811.88207778454,0,172.0725183153577,8,39,3,154.13029804838732,4.4,3.5553480614894135,0
2828,Sekolah Taman Hijau BATAM,school,Education,Indonesia.Batam.School.202408060757.db,places,1.1054332,104.0305379,392137.90587711387,122201.34082696395,17,397.6772031571163,7,21,2,42.59896801284876,4.3,1.9459101490553132,0
2829,SMP Negeri 34 Batam,middle school,Education,Indonesia.Batam.School.202408060757.db,places,1.1267682,104.1417059,404508.10712826607,124555.967924821,-1,0.0,4,5,0,83.36658797597178,4.3,2.8903717578961645,0
2830,Al Kahfi Islamic School,school,Education,Indonesia.Batam.School.202408060757.db,places,1.1181418,104.0242398,391437.577296756,123606.46275061401,-1,0.0,4,15,4,67.38983321454242,5.0,1.0986122886681098,0
2833,SMK Penerbangan SPN Dirgantara Batam,vocational school,Education,Indonesia.Batam.School.202408060757.db,places,1.105762,104.039512,393136.4681402822,122237.36389938933,3,3139.8293920421684,7,23,0,140.0627039678236,4.4,4.2626798770413155,0
2834,TK Excellent Holy Kids,kindergarten,Education,Indonesia.Batam.School.202408060757.db,places,1.1132181,104.0389149,393070.2964909541,123061.62823121047,3,2314.1538541891327,11,36,1,110.9024532770587,5.0,1.791759469228055,0
2836,Smart Start Preschool,school,Education,Indonesia.Batam.School.202408060757.db,places,1.1179058,104.0271763,391764.31329898257,123580.26534337757,-1,0.0,6,18,5,228.13032404990741,4.7,1.3862943611198906,0
2838,Purwadhika Digital Technology School - Batam,education center,Education,Indonesia.Batam.School.202408060757.db,places,1.1860771,104.1021698,400111.12794100726,131113.5457004007,-1,0.0,2,9,0,64.58005903312787,4.7,3.4011973816621555,0
2839,SMK Negeri 2 Batam,vocational school,Education,Indonesia.Batam.School.202408060757.db,places,1.1048689,104.0497226,394272.5694093607,122138.26986037791,3,3561.0249174839237,12,38,0,240.00664503951407,4.6,5.030437921392435,0
2840,SMA Negeri 20 Batam,senior high school,Education,Indonesia.Batam.School.202408060757.db,places,1.1039366,104.0527545,394609.8953479737,122035.10041733726,3,3808.342398269915,23,33,0,43.2805266095168,4.8,4.663439094112067,0
2841,GENZA EDUCATION BATAM CENTRE (ANGGREK SARI),school,Education,Indonesia.Batam.School.202408060757.db,places,1.1150038,104.0435624,393587.48683549,123258.86201699026,3,2258.676269884092,8,32,2,109.21117229842467,5.0,1.0986122886681098,0
2842,Sekolah Mondial,school,Education,Indonesia.Batam.School.202408060757.db,places,1.144822,104.0481694,394101.18560306274,126554.97332631396,-1,0.0,3,8,2,274.77650746656997,4.1,4.143134726391533,0
2846,SD NEGERI 004 NONGSA,elementary school,Education,Indonesia.Batam.School.202408060757.db,places,1.1563136,104.0987217,399726.41687656497,127823.48610630148,-1,0.0,7,13,0,276.41961526889605,5.0,2.302585092994046,0
2847,St Andrews School,school,Education,Indonesia.Batam.School.202408060757.db,places,1.1193704,104.0310506,392195.46010038856,123742.02902556375,3,1698.9055296385277,3,33,1,273.38439538770604,4.3,2.1972245773362196,0
2848,Sekolah Islam Terpadu Tunas Cendekia,school,Education,Indonesia.Batam.School.202408060757.db,places,1.13153,104.044495,393691.8541876152,125085.73257163141,-1,0.0,3,19,1,39.12046243837199,4.8,3.4339872044851463,0
2849,Hanggar Amto Polibatam Aero Training Centre,school,Education,Indonesia.Batam.School.202408060757.db,places,1.1180414,104.047078,393978.7749777874,123594.5292373312,-1,0.0,4,20,3,264.1852704821865,4.8,2.302585092994046,0
2850,KAMPUS KANSA PUBLIC SPEAKING SCHOOL BATAM,college,Education,Indonesia.Batam.School.202408060757.db,places,1.15851,104.022221,391214.45813309215,128069.10784369856,3,3115.408066048409,12,37,1,40.78366761043199,4.4,3.58351893845611,0
2851,Habibie Education Youth,school,Education,Indonesia.Batam.School.202408060757.db,places,1.1023042,104.0622121,395662.1817789183,121854.31263476383,3,4558.671969768846,8,28,5,49.967933953656015,5.0,1.3862943611198906,0
2854,Sekolah Kristen Kalam Kudus 2,school,Education,Indonesia.Batam.School.202408060757.db,places,1.1042915,104.0476433,394041.1855728479,122074.51478321743,3,3526.7954636178297,4,34,0,191.82667145100532,3.8,2.8903717578961645,0
2855,PPIT IMAM SYAFI'I,school,Education,Indonesia.Batam.School.202408060757.db,places,1.1576334,104.1080278,400761.9167469712,127969.05501878001,18,123.57309457498246,8,18,3,0.0,4.6,4.454347296253507,0
2856,Sekolah Tinggi Teologi Tabgha Batam,university,Education,Indonesia.Batam.School.202408060757.db,places,1.112882,104.039854,393174.77789540484,123024.43965410843,3,2367.9757231719664,10,35,0,31.54180278533162,5.0,3.4339872044851463,0
2858,State Elementary School 010 Nongsa (Sekolah Dasar Negeri 010 Nongsa),elementary school,Education,Indonesia.Batam.School.202408060757.db,places,1.1269398,104.1409763,404426.93293193926,124574.96102465887,-1,0.0,4,5,1,0.0,4.0,2.1972245773362196,0
2859,SMA Djuwita,senior high school,Education,Indonesia.Batam.School.202408060757.db,places,1.1119677,104.0288541,391950.78563842917,122923.76773049199,17,352.819076146442,7,27,0,84.51942377368078,4.5,1.6094379124341003,0
2860,Junior High School 10 (SMP Negeri 10 Batam),middle school,Education,Indonesia.Batam.School.202408060757.db,places,1.1369557,104.0312207,392215.0343376676,125686.01389545179,3,620.917942234876,19,50,1,0.0,4.3,4.330733340286331,0
2864,SD Negeri 003 Batam Kota,elementary school,Education,Indonesia.Batam.School.202408060757.db,places,1.1323763,104.0319025,392290.7282736206,125179.7524721583,3,479.5809049213571,22,47,1,107.37232945051028,4.6,2.8903717578961645,0
2866,SMA Negeri 3 Batam,senior high school,Education,Indonesia.Batam.School.202408060757.db,places,1.1309102,104.1026989,400168.06714756845,125015.1493134711,-1,0.0,7,15,0,231.64281252296843,4.4,4.795790545596741,0
2869,SMP Negeri 43 Batam,middle school,Education,Indonesia.Batam.School.202408060757.db,places,1.104764,104.053861,394733.04441378184,122126.52666707132,3,3792.291394914748,19,37,2,149.57565206044228,4.4,3.6888794541139363,0
2871,Pkbm al-ikhlas,school,Education,Indonesia.Batam.School.202408060757.db,places,1.1509456,104.1330007,403540.3158158916,127228.90225735556,-1,0.0,1,16,1,484.5497667357937,5.0,1.0986122886681098,0
2873,Baitul Hikmah Harun Ar Rasyid,religious school,Education,Indonesia.Batam.School.202408060757.db,places,1.105621,104.0302036,392100.7149559694,122222.11358460918,17,372.97936599898014,7,20,2,3.9142904298203556,5.0,3.784189633918261,0
2874,Sekolah Kristen Kalam Kudus 1 Batam,school,Education,Indonesia.Batam.School.202408060757.db,places,1.1214242,104.0245386,391470.9455553497,123969.30981698031,-1,0.0,6,15,4,364.37814733077727,4.1,3.1780538303479458,0
2877,TPA Nurul Jannah,religious school,Education,Indonesia.Batam.School.202408060757.db,places,1.1090686,104.0388811,393066.386340274,122602.91837576644,3,2768.43633200095,12,29,0,43.14801450754309,5.0,0.6931471805599453,0
2879,Sekolah Hosella,school,Education,Indonesia.Batam.School.202408060757.db,places,1.1101847,104.0911478,398882.0962507312,122724.45995037431,13,275.9020493180951,14,27,5,40.41698247873635,5.0,0.6931471805599453,0
2882,Pesantren Almadaniah,school,Education,Indonesia.Batam.School.202408060757.db,places,1.1105721,104.0317399,392271.83855173044,122769.38378019846,17,261.81926995709904,10,30,5,83.98211465244745,5.0,1.0986122886681098,0
2883,PAUD Abata,preschool,Education,Indonesia.Batam.School.202408060757.db,places,1.1178834,104.0409326,393294.9736828082,123577.28560423486,3,1859.8124431930823,8,30,0,52.00178134406818,3.7,1.3862943611198906,0
2884,Pondok Pesantren Majelis Nurul Yaqin Batam,boarding school,Education,Indonesia.Batam.School.202408060757.db,places,1.1608867,104.0996718,399832.29161207564,128328.98237320593,-1,0.0,0,14,0,507.53397280827835,5.0,2.6390573296152584,0
2886,SMP 12 Batam (SMP Negeri 12 Batam),middle school,Education,Indonesia.Batam.School.202408060757.db,places,1.1043171,104.0558565,394955.0672983363,122077.05323205462,3,3954.5012871199715,17,37,2,0.0,4.5,4.2626798770413155,0
2887,TPQ Nurul Qur'an,school,Education,Indonesia.Batam.School.202408060757.db,places,1.154508,104.1021838,400111.56868342496,127623.76553301924,-1,0.0,8,19,4,0.0,5.0,1.3862943611198906,0
2891,STT Real Batam (Kampus Eden Park),school,Education,Indonesia.Batam.School.202408060757.db,places,1.106865,104.0388926,393067.58692403714,122359.31855937155,3,3010.5895867396403,7,26,1,140.0627039678236,4.8,2.3978952727983707,0
2892,SMP Negeri 6 Batam,middle school,Education,Indonesia.Batam.School.202408060757.db,places,1.143448,104.028096,391867.59358118824,126403.83168188912,3,1365.614481736252,20,58,0,44.426500857027115,4.5,4.61512051684126,0
2893,Sekolah Dasar Negeri 004 Batam Kota,elementary school,Education,Indonesia.Batam.School.202408060757.db,places,1.1287517,104.0676931,396272.97569123574,124777.76502376833,-1,0.0,2,2,1,262.8643862177017,4.2,2.995732273553991,0
2894,Polibatam Teaching Factory Manufacturing of Electronics,school,Education,Indonesia.Batam.School.202408060757.db,places,1.1193302,104.0498039,394282.1302501423,123736.90231602552,-1,0.0,5,17,5,21.25019822318036,5.0,1.0986122886681098,0
2896,Ninos Batam Office,school,Education,Indonesia.Batam.School.202408060757.db,places,1.1070083,104.0293047,392000.7441331212,122375.50731720848,17,231.78752142729152,9,19,4,4.798592443045616,4.4,2.70805020110221,0
2897,TPQ-MIFTAHUL HUDA,school,Education,Indonesia.Batam.School.202408060757.db,places,1.152028,104.0963444,399461.7528940332,127349.82142550041,-1,0.0,1,12,1,457.192886475138,5.0,0.6931471805599453,0
2899,Pusat Terapi Anak Berkebutuhan Khusus Autisme Putrakami,special education school,Education,Indonesia.Batam.School.202408060757.db,places,1.1115594,104.0300225,392080.7789212569,122878.58889341791,17,284.2657702909928,7,27,0,9.861110577899796,5.0,2.1972245773362196,0
2900,Khoirunnisa Batam M T,school,Education,Indonesia.Batam.School.202408060757.db,places,1.1007307,104.0521741,394545.2015845916,121680.72262205061,3,4091.6812116769443,15,33,4,25.73251836066359,3.0,0.6931471805599453,0
2901,BAR Teluk Bakau,homestay,Education,Indonesia.Batam.School.202408060757.db,places,1.1082781,104.1257473,402731.8431065212,122512.53712375993,-1,0.0,0,1,0,536.2783598199921,4.6,2.70805020110221,0
2902,Miki Mini School,kindergarten,Education,Indonesia.Batam.School.202408060757.db,places,1.1382168,104.0468896,393958.54234563396,125824.84303174124,-1,0.0,2,10,0,217.51106943249852,5.0,1.6094379124341003,0
2903,Markaz Muadz Baitul Hikmah Harun Ar Rasyid,religious school,Education,Indonesia.Batam.School.202408060757.db,places,1.1065727,104.0293845,392009.60775219905,122327.35039145376,17,275.4019616723177,7,19,2,44.86813076751002,5.0,0.6931471805599453,0
2904,SMK Negeri 7 Batam,vocational school,Education,Indonesia.Batam.School.202408060757.db,places,1.1100851,104.0859881,398307.9814037363,122713.62666924244,13,353.3779893448495,8,31,0,64.83919170018771,4.4,4.727387818712341,0
2907,The One Education Centre,school,Education,Indonesia.Batam.School.202408060757.db,places,1.1165774,104.0421042,393425.29006502696,123432.86996578953,3,2038.2250731498143,9,35,2,143.68998049862807,5.0,1.0986122886681098,0
2908,Korean Tourism,school,Education,Indonesia.Batam.School.202408060757.db,places,1.1275704,104.1403264,404354.64162403514,124644.69076816304,-1,0.0,4,5,0,28.92868557230352,3.0,1.0986122886681098,0
2909,Geomatics Engineering Politeknik Negeri Batam,school,Education,Indonesia.Batam.School.202408060757.db,places,1.119142,104.0498428,394286.4518846806,123716.09620155304,-1,0.0,5,16,5,21.25019822318036,4.9,2.1972245773362196,0
2911,Kampung tua Bakau serip,housing complex,Education,Indonesia.Batam.School.202408060757.db,places,1.1740864,104.0710693,396650.27252416394,129789.17416685053,-1,0.0,0,1,0,971.3985936028976,4.6,1.791759469228055,0
2913,Sd Harapan Bangsa,school,Education,Indonesia.Batam.School.202408060757.db,places,1.1082565,104.0311772,392209.1430003331,122513.4231447345,17,154.84167014053537,13,26,5,249.37930138383962,5.0,0.6931471805599453,0
2914,Bimbel Akbar An Najah(Tc Fatmawati S Pd,after school program,Education,Indonesia.Batam.School.202408060757.db,places,1.1563824,104.116264,401678.2813935275,127830.47789730274,-1,0.0,2,14,0,425.7534346912392,5.0,0.6931471805599453,0
2915,SMP Negeri 31 Batam,middle school,Education,Indonesia.Batam.School.202408060757.db,places,1.1175972,104.0413035,393336.233250104,123545.6338527901,3,1902.596557768294,7,33,0,52.00178134406818,4.5,3.1354942159291497,0
2918,sekretariat Pmii Cabang Batam,school,Education,Indonesia.Batam.School.202408060757.db,places,1.1173855,104.0371804,392877.4495902412,123522.3812900134,3,1834.7510640852431,11,32,5,163.4886408212417,5.0,0.6931471805599453,0
2920,Sekolah Musik | Purwa Caraka Batam (Purwa Caraka Music Studio),music school,Education,Indonesia.Batam.School.202408060757.db,places,1.1212309,104.0342951,392556.5428219315,123947.58127244137,3,1415.9939688972208,9,33,0,196.94191201628624,4.8,3.044522437723423,0
2924,TPQ-DTA-DTW AT TAQWA NONGSA,school,Education,Indonesia.Batam.School.202408060757.db,places,1.1540227,104.1017006,400057.787875415,127570.13543130698,-1,0.0,7,20,3,75.95105739798498,5.0,0.6931471805599453,0
2944,Rona wulandari,school,Education,Indonesia.Batam.School.202408060757.db,places,1.1365983,104.0980772,399654.0192573323,125644.09548093646,-1,0.0,0,11,0,536.9517793450426,5.0,0.6931471805599453,0
2947,SD Negeri 8 Galang,primary school,Education,Indonesia.Batam.School.202408060757.db,places,0.6985999,104.2334519,414706.1255351291,77223.27454283289,-1,0.0,4,4,0,225.09768079724745,5.0,1.0986122886681098,0
2949,Pengapit,elementary school,Education,Indonesia.Batam.School.202408060757.db,places,0.6819188,104.2628238,417974.2387343563,75378.83253908477,-1,0.0,0,0,0,1978.9206514348025,1.0,0.6931471805599453,0
2957,SD Negeri 021 Galang,elementary school,Education,Indonesia.Batam.School.202408060757.db,places,0.793646,104.206319,411688.7496539061,87730.25799232487,-1,0.0,2,2,0,155.1852355990408,3.5,1.0986122886681098,0
2959,Mushola SMPN 32 Batam,mosque,Education,Indonesia.Batam.School.202408060757.db,places,0.696234,104.2345255,414825.54972877173,76961.72815244689,-1,0.0,2,4,0,26.58969114896876,5.0,1.0986122886681098,0
2961,Yos Anugerah Education School (Sekolah Yos Anugrah),school,Education,Indonesia.Batam.School.202408060757.db,places,1.138744,104.03459,392589.9996249322,125883.57821600045,3,552.0362933490657,11,41,2,320.05256890238076,4.7,2.5649493574615367,0
2967,SD St Ignatius,elementary school,Education,Indonesia.Batam.School.202408060757.db,places,0.8240377,104.1821731,409002.5811462711,91090.32852889129,-1,0.0,3,3,0,26.757869812883595,5.0,1.0986122886681098,0
2971,SMA Negeri 10 Batam,school,Education,Indonesia.Batam.School.202408060757.db,places,0.7747512,104.1831478,409109.9570665682,85642.09931361357,-1,0.0,2,2,1,33.990501288870185,5.0,2.0794415416798357,0
2972,Air Lingka  Village (Kampung Air Lingka),school,Education,Indonesia.Batam.School.202408060757.db,places,0.7002335,104.2322442,414571.766100051,77403.87495287061,-1,0.0,2,4,1,0.0,4.4,2.70805020110221,0
2973,SD Negeri 008 Galang,higher secondary school,Education,Indonesia.Batam.School.202408060757.db,places,0.9082121,104.4504954,438860.58315705153,100389.45696995292,-1,0.0,0,0,0,12640.473526840937,5.0,0.6931471805599453,0
2980,Galang-baru Island (Pulau Galang-baru),island,Education,Indonesia.Batam.School.202408060757.db,places,0.6610442,104.2570364,417329.8865730928,73071.4626138173,-1,0.0,3,3,1,0.0,4.4,5.017279836814924,0
2984,SD Negeri 006 Galang,school,Education,Indonesia.Batam.School.202408060757.db,places,0.8121112,104.228159,414119.3768290303,89770.94789117288,-1,0.0,0,0,0,2014.675911394348,5.0,1.3862943611198906,0
2989,Pondok Alhikmah,school,Education,Indonesia.Batam.School.202408060757.db,places,0.9399839,104.1219669,402306.11186898605,103908.83829642105,-1,0.0,0,0,0,1022.3857395470973,5.0,1.791759469228055,0
2990,SDN 020 GALANG,elementary school,Education,Indonesia.Batam.School.202408060757.db,places,0.5411306,104.2354629,414927.39011583035,59816.568811766716,-1,0.0,0,0,0,11701.121123376986,5.0,1.0986122886681098,0
2992,SDN 018 Sijantung Galang (SD Negeri 018 Galang),elementary school,Education,Indonesia.Batam.School.202408060757.db,places,0.7716487,104.184653,409277.3841665905,85299.1120117297,-1,0.0,2,3,0,381.67017577413867,4.5,1.0986122886681098,0
2997,Kallista School (Sekolah Kallista),school,Education,Indonesia.Batam.School.202408060757.db,places,1.117357,104.0597196,395385.3714274899,123518.41844429057,-1,0.0,3,5,1,0.0,4.6,4.1588830833596715,0
3000,SD Negeri 002 Galang,primary school,Education,Indonesia.Batam.School.202408060757.db,places,0.878207,104.2162537,412796.09862386656,97077.47843817146,-1,0.0,0,1,0,953.0201721975642,4.5,1.6094379124341003,0
3002,Galang Refugee Camp (Camp Vietnam),tourist attraction,Education,Indonesia.Batam.School.202408060757.db,places,0.7683303,104.1900253,409875.1236216029,84932.1773553517,-1,0.0,0,1,0,701.3797103778572,4.4,6.610696044717759,0
3007,SMA Negeri 6 Batam,school,Education,Indonesia.Batam.School.202408060757.db,places,0.9684667,104.1553058,406016.5957868229,107056.48154723637,-1,0.0,3,3,0,175.4416180794189,2.5,1.0986122886681098,0
3015,SMP Negeri 39 Batam,middle school,Education,Indonesia.Batam.School.202408060757.db,places,0.8777652,104.2248072,413747.856467164,97028.44318210728,-1,0.0,0,1,0,953.0201721975642,5.0,0.6931471805599453,0
3019,SD NEGERI 007 GALANG,elementary school,Education,Indonesia.Batam.School.202408060757.db,places,0.8721895,104.1891197,409776.6780732245,96412.93930855024,-1,0.0,0,0,0,2935.862203309467,4.0,1.0986122886681098,0
3020,Ex Camp Vietnam,museum,Education,Indonesia.Batam.School.202408060757.db,places,0.7523504,104.2036392,411389.6985116275,83165.45865698585,-1,0.0,0,2,0,625.929428269672,4.4,6.610696044717759,0
3021,Puskesmas Rempang Cate,public medical center,Education,Indonesia.Batam.School.202408060757.db,places,0.912162,104.120804,402175.9493849302,100833.3425626033,-1,0.0,1,1,0,381.5229450155722,4.8,3.9318256327243257,0
3023,Galang Island (Pulau Galang),island,Education,Indonesia.Batam.School.202408060757.db,places,0.7393925,104.2279672,414096.5679318829,81732.60152811228,-1,0.0,1,1,1,0.0,4.3,5.220355825078324,0
3025,Sekolah Dasar Swasta Tiranus,private educational institution,Education,Indonesia.Batam.School.202408060757.db,places,1.0360783,103.9584843,384117.7792006792,114536.9539988077,6,576.5233265448569,7,20,0,295.8809327328857,3.7,1.3862943611198906,0
3026,Jembatan 6 Barelang,bridge,Education,Indonesia.Batam.School.202408060757.db,places,0.7196017,104.2116831,412284.15286142007,79545.2299602293,-1,0.0,0,0,0,2654.584789468493,4.5,4.812184355372417,0
3027,LPK Geweld,training centre,Education,Indonesia.Batam.School.202408060757.db,places,1.1088116,104.0662407,396110.66805330163,122573.53379211322,-1,0.0,1,10,0,220.09921251806017,4.9,4.820281565605037,0
3029,383 DJ STUDIO BATAM,community college,Education,Indonesia.Batam.School.202408060757.db,places,1.1579837,104.0325377,392362.3619616311,128010.53327354258,3,2685.136682996146,23,50,0,96.0649621399835,5.0,1.9459101490553132,0
3031,SMP NEGERI 18 BATAM (Jl Pelajar No 01 Sembulang),middle school,Education,Indonesia.Batam.School.202408060757.db,places,0.8534102,104.2610109,417775.7816362534,94335.43690193366,-1,0.0,1,2,0,26.201195114002346,4.4,1.791759469228055,0
3032,SDK Santo Ignatius Loyola,catholic school,Education,Indonesia.Batam.School.202408060757.db,places,0.8236879,104.1817583,408956.41635864705,91051.67054873843,-1,0.0,3,3,0,50.39458972879484,5.0,1.3862943611198906,0
3034,SD N 012 P Terong,school,Education,Indonesia.Batam.School.202408060757.db,places,0.9468799,103.7648046,362561.6085753151,104683.25938265435,-1,0.0,1,4,0,68.23833749742985,5.0,1.0986122886681098,0
3035,SDN 001 GALANG,elementary school,Education,Indonesia.Batam.School.202408060757.db,places,0.8427458,104.2559352,417210.7713381422,93156.70653261608,-1,0.0,0,0,0,1301.9402579712705,5.0,1.791759469228055,0
3036,SMAN 13 Batam (SMA Negeri 13 Batam),school,Education,Indonesia.Batam.School.202408060757.db,places,0.945378,103.772684,363438.41456545435,104516.90407991657,-1,0.0,3,6,3,0.0,3.9,2.302585092994046,0
3037,Pulau Terong,county government office,Education,Indonesia.Batam.School.202408060757.db,places,0.9469946,103.7654071,362628.66283232707,104695.91629068852,-1,0.0,1,5,0,68.23833749742985,4.6,2.772588722239781,0
3038,SDN 015 BELAKANG PADANG,school,Education,Indonesia.Batam.School.202408060757.db,places,0.9453444,103.7741348,363599.86636727036,104513.1323680791,-1,0.0,3,5,3,62.334252280486815,4.3,1.3862943611198906,0
3040,SMP Negeri 33 Batam,middle school,Education,Indonesia.Batam.School.202408060757.db,places,0.9759751,103.7713698,363293.3793481715,107899.64672839016,-1,0.0,0,0,0,3271.962219203079,4.3,1.3862943611198906,0
3042,SDN 014 Belakangpadang (SD Negeri 014 Belakang Padang),elementary school,Education,Indonesia.Batam.School.202408060757.db,places,0.9383107,103.7752143,363719.72581565136,103735.47391694537,-1,0.0,0,4,0,786.84112372569,4.5,1.0986122886681098,0
3043,Pesantren Miftahul Huda-Batam,school,Education,Indonesia.Batam.School.202408060757.db,places,0.8361865,104.2122448,412349.06278313504,92432.59218341614,-1,0.0,0,0,0,2135.5333367894846,4.6,2.302585092994046,0
3045,SPMAA GALANG,school,Education,Indonesia.Batam.School.202408060757.db,places,0.7429538,104.2057397,411623.2463172436,82126.70720570751,-1,0.0,1,1,0,18.883877576027228,4.7,2.3978952727983707,0
3047,Pulau Air Raja,recreation center,Education,Indonesia.Batam.School.202408060757.db,places,0.9696055,104.1539761,405868.66969904286,107182.4042333967,-1,0.0,2,3,0,194.26438257112315,4.7,4.2626798770413155,0
3050,SPMAA AIR RAJA,place of worship,Education,Indonesia.Batam.School.202408060757.db,places,0.9672483,104.16769,407394.567069096,106921.45617241853,-1,0.0,0,1,0,906.8592953577852,5.0,1.0986122886681098,0
3051,RA AMMAR,kindergarten,Education,Indonesia.Batam.School.202408060757.db,places,1.0178387,104.0740938,396981.4585370738,112516.66468223625,-1,0.0,3,13,0,22.653453273419636,5.0,1.6094379124341003,0
3052,Sekolah Alam Barelang Universe School,school,Education,Indonesia.Batam.School.202408060757.db,places,0.9599984,104.0541667,394762.2992701997,106123.32140743313,-1,0.0,0,0,0,1186.473658197701,4.8,1.791759469228055,0
3053,R A  Nur Izzati,kindergarten,Education,Indonesia.Batam.School.202408060757.db,places,1.1729299,104.0194782,390909.82535238564,129663.28693723501,1,665.8874376927207,14,26,2,97.01552280542425,5.0,1.6094379124341003,0
3055,NOVISIAT SSCC GRIYA HATI,school,Education,Indonesia.Batam.School.202408060757.db,places,1.01203,104.0777702,397390.3561311108,111874.42588474228,-1,0.0,1,4,0,479.8291747394744,5.0,1.6094379124341003,0
3057,KB  TK  SD  SMP  SMA AIS - AL KAHFI ISLAMIC SCHOOL,school,Education,Indonesia.Batam.School.202408060757.db,places,1.1180504,104.0251311,391536.7490114656,123596.3258476661,-1,0.0,4,15,4,32.783889039929186,4.6,3.6375861597263857,0
3059,Kemilau Islamic Boarding School (K I B S) Batam,school,Education,Indonesia.Batam.School.202408060757.db,places,1.0494457,103.9787972,386378.57712277543,116013.95860308666,5,241.94777518802064,28,57,13,82.02224350051775,4.5,2.9444389791664403,0
3060,Konsentrasi Keahlian DPIB (Desain Pemodelan dan Informasi Bangunan) SMK Negeri 3 Batam,school,Education,Indonesia.Batam.School.202408060757.db,places,1.0231097,104.0586301,395260.9462590704,113099.84765020986,8,888.6770264288083,15,39,9,46.9995957654651,5.0,0.6931471805599453,0
3061,SDIT Fajar Ilahi 3 (SDIT-SMPIT-SMAIT Fajar Ilahi 3),school,Education,Indonesia.Batam.School.202408060757.db,places,1.0240143,104.0610459,395529.7874311408,113199.76819276605,8,894.3767857960124,18,39,9,0.0,4.8,3.6109179126442243,0
3069,Sekolah Globe National Plus 3,private educational institution,Education,Indonesia.Batam.School.202408060757.db,places,1.1386408,104.1157579,401621.36358564394,125869.27273015617,-1,0.0,3,10,0,86.8904947087181,4.3,2.9444389791664403,0
3071,SD Negeri 009 Bulang,primary school,Education,Indonesia.Batam.School.202408060757.db,places,0.968065,104.0240296,391409.0431822117,107015.99815527284,-1,0.0,1,1,0,237.3039939747869,5.0,0.6931471805599453,0
3072,SD Negeri 024 Galang,elementary school,Education,Indonesia.Batam.School.202408060757.db,places,0.9415635,104.0805627,397698.9525193373,104084.64031499713,-1,0.0,2,2,0,31.58858530557422,5.0,1.791759469228055,0
3073,SMPS Holy Vision,school,Education,Indonesia.Batam.School.202408060757.db,places,1.0225547,104.0627474,395719.0701354489,113038.36089689717,8,1132.7279747313676,16,39,8,50.38849031697167,4.1,2.833213344056216,0
3075,Smp N 13 Batam (SMP Negeri 13 Batam),school,Education,Indonesia.Batam.School.202408060757.db,places,0.7548933,104.3349849,426005.17706727627,83444.09750952876,-1,0.0,1,2,1,0.0,3.7,1.3862943611198906,0
3076,Pondok pesantren Tahfiz Al Bahjah Batam,school,Education,Indonesia.Batam.School.202408060757.db,places,0.938653,104.061334,395559.19708815706,103763.46847984575,-1,0.0,0,1,0,636.0305737779274,5.0,2.3978952727983707,0
3078,SDI Plus Mukhtarul Arifin,school,Education,Indonesia.Batam.School.202408060757.db,places,1.0210881,104.0078514,389610.56464470015,112878.06818432284,-1,0.0,1,3,0,186.16884372674613,5.0,0.6931471805599453,0
3079,Taman Pendidikan Al-Quran At-Thoriq,school,Education,Indonesia.Batam.School.202408060757.db,places,1.0259987,104.0642344,395884.64323057287,113419.03041309118,8,980.6173732848697,16,39,8,17.325467549785877,5.0,1.3862943611198906,0
3083,Kelurahan Karas  Kecamatan Galang Kota Batam,government office,Education,Indonesia.Batam.School.202408060757.db,places,0.7560285,104.3220278,424563.4204734271,83569.80290985263,-1,0.0,2,3,0,41.49524016981778,3.5,1.0986122886681098,0
3087,Permata Kasih Elementary School (SD PERMATA KASIH),school,Education,Indonesia.Batam.School.202408060757.db,places,1.0241246,104.0549468,394851.12928196543,113212.16079147729,8,787.7786773204421,10,41,4,173.64174387340054,4.9,2.0794415416798357,0
3088,Lahan Sekolah SD dan SMP Pulau Nipah,elementary school,Education,Indonesia.Batam.School.202408060757.db,places,0.9708467,104.0513906,394453.7240077927,107322.6388688062,-1,0.0,1,1,0,60.17323794887301,5.0,1.0986122886681098,0
3089,Ponpes Sirrul Ilahiyah Batam,school,Education,Indonesia.Batam.School.202408060757.db,places,1.0112854,104.0114338,390008.8614805705,111794.28680009185,-1,0.0,0,0,0,1056.5782484496847,4.1,2.70805020110221,0
3092,Pesantren Plus Pengembangan Bakat Al Hikmah,school,Education,Indonesia.Batam.School.202408060757.db,places,0.933244,104.115675,401605.80321789684,103163.96220361172,-1,0.0,1,1,1,69.50271240654982,5.0,2.3978952727983707,0
3093,SMA Negeri 9 Batam,school,Education,Indonesia.Batam.School.202408060757.db,places,0.7578874,104.3288236,425319.64202184643,83775.16428151117,-1,0.0,0,4,0,761.2906843140375,5.0,1.791759469228055,0
3095,State Primary School 008 (Sekolah Dasar Negeri 008 Sei Beduk),elementary school,Education,Indonesia.Batam.School.202408060757.db,places,1.0219224,104.0671476,396208.6700671289,112968.32059379101,8,1513.7026747025334,9,32,1,0.0,3.9,2.995732273553991,0
3101,BIIS ( Batam Integrated Islamic School ),school,Education,Indonesia.Batam.School.202408060757.db,places,1.1599012,104.0234212,391348.0557992202,128222.85429286456,3,3189.923084651188,15,34,3,68.53535880491827,5.0,2.833213344056216,0
3103,SD Negeri 003 Galang,primary school,Education,Indonesia.Batam.School.202408060757.db,places,0.941756,104.0807725,397722.3035104235,104105.91400618834,-1,0.0,2,2,0,31.58858530557422,3.8,2.302585092994046,0
3105,SDS VISI KUDUS INDONESIA,school,Education,Indonesia.Batam.School.202408060757.db,places,1.022521,104.063199,395769.31963332207,113034.62085412785,8,1165.1481981534498,13,37,5,50.38849031697167,4.4,2.0794415416798357,0
3106,Pulau akar,school,Education,Indonesia.Batam.School.202408060757.db,places,0.9680591,104.0344498,392568.55342451076,107015.01398678018,-1,0.0,1,1,0,5.832150002291855,5.0,1.0986122886681098,0
3109,Sekolah Yehonala,school,Education,Indonesia.Batam.School.202408060757.db,places,1.134514,104.0325736,392365.4800664203,125416.04243780441,3,378.37009028229687,18,47,3,124.19395800423365,4.8,5.802118375377063,0
3110,SMA Negeri 28 Batam,senior high school,Education,Indonesia.Batam.School.202408060757.db,places,1.0212309,104.0664251,396128.25367095444,112891.9019696529,8,1507.866184615637,8,32,0,106.75763109673541,4.3,1.6094379124341003,0
3111,Paud-q Arraudhoh Yayasan Pendidikan Islam Muhammad Alfateh,school,Education,Indonesia.Batam.School.202408060757.db,places,1.0245339,104.0564534,395018.78576844744,113257.35766920024,8,712.9156778156283,14,41,5,23.35984737050156,5.0,1.0986122886681098,0
3115,PKBM Darussalam Al Gontory,school,Education,Indonesia.Batam.School.202408060757.db,places,1.0213439,104.0700987,396537.02687071584,112904.27507385945,8,1810.4115361219972,8,22,1,215.23807814696568,5.0,1.9459101490553132,0
3117,SMP Daarut Tauhiid Boarding School Batam,educational institution,Education,Indonesia.Batam.School.202408060757.db,places,1.024087,104.0127705,390158.03508486174,113209.41880360268,-1,0.0,0,3,0,639.9352434019055,4.8,3.6109179126442243,0
3120,Sekolah Dasar Negeri 002 Sei Beduk,elementary school,Education,Indonesia.Batam.School.202408060757.db,places,0.9844624,104.0980292,399643.77783233067,108826.35469783403,-1,0.0,0,0,0,2606.2796360557318,4.0,2.302585092994046,0
3121,Yos Sudarso Catholic Primary School (Sekolah Dasar Katolik Yos Sudarso),elementary school,Education,Indonesia.Batam.School.202408060757.db,places,1.1253926,104.0442449,393663.80290693085,124407.27703676595,-1,0.0,4,19,0,5.418153539545786,4.8,4.1588830833596715,0
3125,SD NEGERI 003 NONGSA,school,Education,Indonesia.Batam.School.202408060757.db,places,1.0202443,104.1813275,408913.4748956338,112779.3567799731,-1,0.0,0,0,0,1050.4562642977903,5.0,1.0986122886681098,0
3128,TK  Permata Asri 2 PE 33,kindergarten,Education,Indonesia.Batam.School.202408060757.db,places,1.0259267,104.0569572,395074.89018357615,113411.30889023843,8,556.9616561898405,18,47,3,144.6590261839359,5.0,0.6931471805599453,0
3129,Yayasan Nurul Hidayah Batam,school,Education,Indonesia.Batam.School.202408060757.db,places,1.0260529,104.060742,395496.03785934957,113425.13583980835,8,688.8896605420371,20,46,9,118.92009102570017,5.0,2.0794415416798357,0
3131,PAUD TK Islam Terpadu,kindergarten,Education,Indonesia.Batam.School.202408060757.db,places,0.9703215,104.0512485,394437.89562303317,107264.58474921805,-1,0.0,1,1,0,60.17323794887301,5.0,1.0986122886681098,0
3132,MBS Rempang Cate,school,Education,Indonesia.Batam.School.202408060757.db,places,0.9212332,104.1390446,404205.89255936723,101835.60848786187,-1,0.0,0,0,0,2054.4032862306276,5.0,0.6931471805599453,0
3133,SDN 011 GALANG,school,Education,Indonesia.Batam.School.202408060757.db,places,0.921815,104.1587974,406403.86162957246,101899.39704968108,-1,0.0,0,0,0,1487.2545071234226,4.5,1.0986122886681098,0
3137,Pondok Tahfidz & Pengembangan Bakat Al Hikmah,school,Education,Indonesia.Batam.School.202408060757.db,places,0.9328029,104.1152299,401556.2630569832,103115.21387555305,-1,0.0,1,1,1,69.50271240654982,5.0,1.6094379124341003,0
3138,Yayasan Melayu Pesisir Mandiri,school,Education,Indonesia.Batam.School.202408060757.db,places,0.9942769,104.0164803,390569.8424552616,109913.88144354655,-1,0.0,0,0,0,1619.3199046647724,5.0,1.0986122886681098,0
3139,SDN 009 GALANG,elementary school,Education,Indonesia.Batam.School.202408060757.db,places,0.9087141,104.1557547,406064.95108631486,100451.27218882558,-1,0.0,0,0,0,1487.2545071234226,4.4,2.0794415416798357,0
3140,Educate Centre Mas (Sekolah TK Educate Centre Mas),school,Education,Indonesia.Batam.School.202408060757.db,places,1.115723,104.0354228,392681.82153274067,123338.66234093196,3,2013.9846799031116,6,36,3,107.8124731148831,5.0,2.1972245773362196,0
3141,Pondok pesantren assyahid batam,education center,Education,Indonesia.Batam.School.202408060757.db,places,1.026036,104.055243,394884.1505419628,113423.44778391907,8,576.3796805701893,18,46,1,191.1255179785528,5.0,1.9459101490553132,0
3143,Pesantren Alam Attaqi Modern (PATTERN),religious school,Education,Indonesia.Batam.School.202408060757.db,places,0.9329112,104.0609685,395518.35610678175,103128.75050702586,-1,0.0,0,3,0,636.0305737779274,4.8,2.1972245773362196,0
3144,SMK Negeri 9 Batam,high school,Education,Indonesia.Batam.School.202408060757.db,places,1.0205601,104.0728289,396840.7969819331,112817.54216882361,-1,0.0,5,14,0,276.78932378424554,4.8,2.4849066497880004,0
3145,SMP Negeri 40 Batam,middle school,Education,Indonesia.Batam.School.202408060757.db,places,1.0221369,104.0667573,396165.2474067488,112992.04514370566,8,1465.471456463215,10,32,0,49.48112471575815,4.0,3.367295829986474,0
3146,Hang Nadim Malay School  School Islamic,school,Education,Indonesia.Batam.School.202408060757.db,places,1.1192065,103.9649086,384835.76765905565,123726.42478336568,-1,0.0,3,17,2,279.2367519372846,4.8,1.9459101490553132,0
3148,Mushola Al-Hidayah Pulau Kubung,school,Education,Indonesia.Batam.School.202408060757.db,places,1.018295,104.143843,404742.53982517734,112564.96118761665,-1,0.0,1,1,0,122.32272355096573,5.0,0.6931471805599453,0
3150,Pondok Pesantren Al-Amin II Setokok,school,Education,Indonesia.Batam.School.202408060757.db,places,0.9270973,104.0638652,395840.51682161103,102485.96596969383,-1,0.0,0,2,0,560.463576477055,5.0,1.791759469228055,0
3152,SMPN 22 Batam,middle school,Education,Indonesia.Batam.School.202408060757.db,places,0.9423285,104.0804316,397684.38675235305,104169.21083605089,-1,0.0,2,2,0,73.78461366181182,4.0,1.9459101490553132,0
3157,SDN 016 Galang,school,Education,Indonesia.Batam.School.202408060757.db,places,0.8832493,104.165132,407107.75072199607,97636.09656364295,-1,0.0,0,0,0,2485.834860890311,5.0,1.6094379124341003,0
3158,Sekolah Global Indo-Asia,school,Education,Indonesia.Batam.School.202408060757.db,places,1.1217747,104.0506359,394374.79383819853,124007.10138646932,-1,0.0,4,18,3,285.6467717656737,4.3,4.343805421853684,0
3159,SD Negeri 007 Bulang,school,Education,Indonesia.Batam.School.202408060757.db,places,0.9271993,104.0588295,395280.16968916415,102497.39014213673,-1,0.0,0,2,0,560.463576477055,5.0,0.6931471805599453,0
3160,PAUD Yapendik Immanuel,kindergarten,Education,Indonesia.Batam.School.202408060757.db,places,1.019385,104.1436535,404721.4861827946,112685.4584607781,-1,0.0,1,1,0,122.32272355096573,5.0,0.6931471805599453,0
3161,SMP Negeri 15 Batam,middle school,Education,Indonesia.Batam.School.202408060757.db,places,0.9668918,104.1555009,406038.2614857543,106882.38284292143,-1,0.0,3,3,0,175.4416180794189,5.0,0.6931471805599453,0
3162,TK ISLAM SAYYID ARFA,school,Education,Indonesia.Batam.School.202408060757.db,places,1.1573374,104.1055441,400485.555053934,127936.421026437,18,401.19741276581846,8,18,5,278.2818047135591,5.0,0.6931471805599453,0
3163,SD Negeri 001 Nongsa,primary school,Education,Indonesia.Batam.School.202408060757.db,places,1.1550739,104.1008792,399966.4304728268,127686.36835648456,-1,0.0,7,19,0,71.66128451099473,4.1,3.1354942159291497,0
3165,Elementary School 006 Nongsa (SD Negeri 006 Nongsa),elementary school,Education,Indonesia.Batam.School.202408060757.db,places,1.1880909,104.1098883,400969.9977557048,131335.88169986807,-1,0.0,5,8,0,132.6692652279326,4.3,1.3862943611198906,0
3170,Pondok Pesantren (PP) Mohammad Al-Fateh,religious school,Education,Indonesia.Batam.School.202408060757.db,places,1.1859938,104.107212,400672.14507520053,131104.15590544406,-1,0.0,3,8,1,77.73186651855663,4.2,2.302585092994046,0
3173,Djuwita International School (Sekolah Djuwita Internasional),school,Education,Indonesia.Batam.School.202408060757.db,places,1.1131887,104.0298405,392060.5869556633,123058.70880496362,17,464.6568591891395,7,26,3,93.74967463064004,4.7,3.6888794541139363,0
3175,Sekolah Bodhi Dharma,school,Education,Indonesia.Batam.School.202408060757.db,places,1.1116395,104.0361426,392761.7659647538,122887.22068310049,3,2464.743506356202,8,43,2,115.45237298538133,4.7,2.772588722239781,0
3177,Harapan Utama School (Sekolah Harapan Utama),school,Education,Indonesia.Batam.School.202408060757.db,places,1.1213437,104.0360615,392753.09367185517,123959.98611435515,3,1391.944911121567,7,33,4,0.0,3.9,4.48863636973214,0
3178,AQISch PRIMARY SCHOOL,school,Education,Indonesia.Batam.School.202408060757.db,places,1.125659,104.0324984,392356.78658311965,124437.1574662886,3,991.0957031676462,15,40,7,4.607233473634521,4.9,3.4965075614664802,0
3179,AQISch Preschool  Kindergarten and Daycare,school,Education,Indonesia.Batam.School.202408060757.db,places,1.1258408,104.0322395,392327.9855549786,124457.26434898857,3,984.2260215794937,15,42,7,33.82425428907323,5.0,3.6109179126442243,0
3180,YAYASAN AT-TAHQIQ NONGSA,middle school,Education,Indonesia.Batam.School.202408060757.db,places,1.1539639,104.100939,399973.04539841844,127563.6622046169,-1,0.0,7,20,0,52.78144915139254,4.3,1.9459101490553132,0
3181,Nurul Jadid Boarding School Batam,school,Education,Indonesia.Batam.School.202408060757.db,places,1.156167,104.0335257,392472.22665648867,127809.66627843764,3,2472.1803240719564,27,51,4,27.592589325132273,5.0,1.0986122886681098,0
3182,SMP - SMA GURINDAM boarding school,school,Education,Indonesia.Batam.School.202408060757.db,places,1.1288724,104.0652936,396005.9915237941,124791.19353706071,-1,0.0,2,2,0,131.63919303557495,4.5,2.772588722239781,0
3183,Aqish School,school,Education,Indonesia.Batam.School.202408060757.db,places,1.1255854,104.0324069,392346.6027160212,124429.0246341719,3,1002.5420589667434,15,40,7,13.032808880578798,5.0,0.6931471805599453,0
3184,Independent School Batam,school,Education,Indonesia.Batam.School.202408060757.db,places,1.1255488,104.0332431,392439.644999498,124424.94778348156,3,973.8518881160187,15,38,8,79.23980651314797,4.9,3.091042453358316,0
3185,RA AT TAQWA - YAYASAN PENDIDIKAN ATTAQWA NONGSA,kindergarten,Education,Indonesia.Batam.School.202408060757.db,places,1.1544373,104.1010008,399979.93819843937,127615.99164835934,-1,0.0,7,20,0,52.78144915139254,5.0,2.0794415416798357,0
3187,Kampus Kansa,school,Education,Indonesia.Batam.School.202408060757.db,places,1.1433534,104.036259,392775.8782719603,126393.06781052049,-1,0.0,5,30,1,286.0457698809638,5.0,0.6931471805599453,0
3188,Sekolah Menengah Kejuruan Batam Business School,vocational school,Education,Indonesia.Batam.School.202408060757.db,places,1.1255679,104.025736,391604.3329859796,124427.33718293918,-1,0.0,3,29,0,15.809244631901269,5.0,1.6094379124341003,0
3189,SMP ELSADAI DUTA MAS,middle school,Education,Indonesia.Batam.School.202408060757.db,places,1.108596,104.043886,393623.26430526306,122550.49399988234,3,2937.798236240975,8,28,0,60.257339553761966,5.0,0.6931471805599453,0
3191,Markaz Arrumy - Komplek PPIT Imam Syafi'i,religious school,Education,Indonesia.Batam.School.202408060757.db,places,1.1568789,104.1084563,400809.5679969326,127885.63460744703,18,112.20670021584665,8,17,1,0.0,5.0,0.6931471805599453,0
3193,Christian Basic School (Sekolah Kristen Basic),school,Education,Indonesia.Batam.School.202408060757.db,places,1.1163158,104.0487206,394161.4842953391,123403.71214580232,-1,0.0,4,15,3,264.1852704821865,4.6,3.5553480614894135,0
3194,Junior High School 8 Batam (SMP Negeri 8 Batam),middle school,Education,Indonesia.Batam.School.202408060757.db,places,1.1601737,104.0951657,399330.8899405026,128250.32426937485,-1,0.0,2,9,1,0.0,4.5,3.295836866004329,0
3195,MAN Insan Cendekia Kota Batam,school,Education,Indonesia.Batam.School.202408060757.db,places,1.178261,104.0787516,397505.20629422745,130250.37203811479,-1,0.0,0,1,0,971.3985936028976,4.8,4.290459441148391,0
3196,TK SD SMP SMA Katolik Yos Sudarso,school,Education,Indonesia.Batam.School.202408060757.db,places,1.1253437,104.0442482,393664.1683241748,124401.87121971246,-1,0.0,4,20,1,5.418153539545786,4.1,2.70805020110221,0
3197,Nurul Jadid Professional School Batam (SMP Nurul Jadid Batam),high school,Education,Indonesia.Batam.School.202408060757.db,places,1.1554384,104.0322862,392334.2820266693,127729.16917775113,3,2411.4135436449615,21,57,1,41.41656915305183,4.8,3.4339872044851463,0
3199,Sekolah Menengah Kejuruan Batam Internasional School,vocational school,Education,Indonesia.Batam.School.202408060757.db,places,1.1050239,104.0568854,395069.5774013977,122155.15046608173,3,3956.4448709439284,14,36,1,81.9745985792021,4.7,2.772588722239781,0
3201,SLB Putrakami Batam,school,Education,Indonesia.Batam.School.202408060757.db,places,1.1115547,104.030111,392090.6261634914,122878.06609115654,17,284.0403524773177,7,28,4,9.861110577899796,4.9,2.833213344056216,0
3202,Christian Schools Tabqha (SMP Kristen Tabqha),private educational institution,Education,Indonesia.Batam.School.202408060757.db,places,1.112792,104.040123,393204.70624111546,123014.48076632041,3,2383.4393222916974,10,34,0,31.54180278533162,4.5,3.8066624897703196,0
3203,SMK Putra Jaya School Batam,school,Education,Indonesia.Batam.School.202408060757.db,places,1.1337124,104.0175933,390698.5995155705,125327.98972175093,0,761.3468750688378,11,34,3,134.53504318358432,4.8,3.8066624897703196,0
3205,SMP Juwita,middle school,Education,Indonesia.Batam.School.202408060757.db,places,1.1126559,104.029185,391987.6299806919,122999.83367187355,17,415.2470661440085,6,27,0,84.51942377368078,5.0,0.6931471805599453,0
3206,Tempat mining pahala,middle school,Education,Indonesia.Batam.School.202408060757.db,places,1.1573593,104.1089252,400861.7572925035,127938.72353145528,18,37.8865467422649,9,17,0,33.7511367221905,5.0,0.6931471805599453,0
3207,Yayasan Pendidikan Islam Mohammad Al-Fateh,religious school,Education,Indonesia.Batam.School.202408060757.db,places,1.1856792,104.1078368,400741.652152921,131069.35634769949,-1,0.0,5,8,1,77.73186651855663,4.3,3.1780538303479458,0
3208,Oakbridge Nasional Plus Batam  Indonesia (Homeschooling Oakbridge Nasional Plus Batam),school,Education,Indonesia.Batam.School.202408060757.db,places,1.143039,104.04989,394292.5686105115,126357.80671272181,-1,0.0,3,6,2,274.77650746656997,4.1,2.302585092994046,0
3209,SMP IT Andalusia Batam,middle school,Education,Indonesia.Batam.School.202408060757.db,places,1.1101939,104.0351081,392646.6049515316,122727.45264088293,3,2626.004155209437,7,35,0,196.94640458864035,4.6,2.8903717578961645,0
3210,Charitas Catholic School (Sekolah Charitas Batam),catholic school,Education,Indonesia.Batam.School.202408060757.db,places,1.1072918,104.0228698,391284.73989557114,122407.08244730651,-1,0.0,1,13,0,10.751803342596947,4.8,4.477336814478207,0
3212,Pendidikan Usia Dini Terpadu Nabilah,kindergarten,Education,Indonesia.Batam.School.202408060757.db,places,1.107847,104.0441155,393648.7740177064,122467.68684838731,3,3024.4434865011162,9,28,1,37.77634435413112,4.8,1.9459101490553132,0
3214,SMA IT IMAM SYAFI'I,school,Education,Indonesia.Batam.School.202408060757.db,places,1.1573545,104.1086219,400828.0101619244,127938.20352403383,18,64.86049000924436,9,17,4,33.7511367221905,5.0,1.9459101490553132,0
3215,SD Negeri 07 Batam City,elementary school,Education,Indonesia.Batam.School.202408060757.db,places,1.1090009,104.039263,393108.8779236093,122595.42060932537,3,2781.222654523165,12,30,1,43.14801450754309,4.6,3.4011973816621555,0
