id,name,category,source_category,source_file,source_table,latitude,longitude,x_utm,y_utm,cluster_id,dist_to_cluster_centroid_m,competitor_density_500m,competitor_density_1km,same_category_density_500m,nearest_neighbor_dist_m,rating,review_log,price_level
75,Alsin Jaya,building materials store,Retail,Indonesia.Batam.Toko Bangunan.202408021219.db,places,1.1534112,104.0050531,389304.0063605799,127506.1144174391,0,736.219273307059,11,41,6,84.31408056086767,0.0,0.0,0
77,Mitra Tata Indah  CV,building materials store,Retail,Indonesia.Batam.Toko Bangunan.202408021219.db,places,1.1537469,104.0057335,389379.72704813036,127543.19866824336,0,744.1623118096776,11,41,5,84.31408056086767,0.0,0.0,0
94,Bangunsukses Niagatama Nusantara  PT,building materials store,Retail,Indonesia.Batam.Toko Bangunan.202408021219.db,places,1.160984,104.001689,388929.979245853,128343.39868188387,-1,0.0,2,9,2,343.99186558845616,0.0,0.0,0
100,Toko Win Keramik,building materials store,Retail,Indonesia.Batam.Toko Bangunan.202408021219.db,places,1.1492296,104.0104567,389905.10099651257,127043.64113446951,0,368.2732426787993,23,47,11,32.28669874614713,0.0,0.0,0
107,Golden Bintangur Timber  PT,building materials store,Retail,Indonesia.Batam.Toko Bangunan.202408021219.db,places,1.153086,104.0065619,389471.87711078534,127470.10581935041,0,650.1631110087505,15,42,7,7.623866480574833,1.0,0.6931471805599453,0
112,CV Masindo Utama,building materials store,Retail,Indonesia.Batam.Toko Bangunan.202408021219.db,places,1.1679125,104.0121888,390098.55075304594,129108.91345830329,-1,0.0,2,13,2,411.4161959876929,0.0,0.0,0
121,Y & Y Lagundri Tiles  PT,building materials store,Retail,Indonesia.Batam.Toko Bangunan.202408021219.db,places,1.1587124,104.0079795,389629.82984884316,128092.03338555124,-1,0.0,3,19,2,264.4591093905253,0.0,0.0,0
162,Toko Bangunan Salindo Jaya,building materials market,Retail,Indonesia.Batam.Toko Bangunan.202408021219.db,places,1.1663794,104.0320712,392310.7733179672,128938.665151649,-1,0.0,4,14,0,31.825988723398776,5.0,0.6931471805599453,0
186,Sinar Abadi Bangunan,building materials store,Retail,Indonesia.Batam.Toko Bangunan.202408021219.db,places,1.1550832,104.040368,393233.51707363164,127689.5981888078,-1,0.0,4,11,3,186.37626972555938,0.0,0.0,0
193,CV  Aneka Ceiling Decoration Samurai Paint,shop,Retail,Indonesia.Batam.Toko Bangunan.202408021219.db,places,1.1551966,104.0239848,391410.5877700626,127702.75497117218,1,165.75375211262227,18,33,1,10.816302141779547,3.7,2.302585092994046,0
196,PT Batam City Point,lumber store,Retail,Indonesia.Batam.Toko Bangunan.202408021219.db,places,1.1569051,104.0244085,391457.79722046066,127891.60767856428,1,152.04796067299804,21,30,0,21.461257943214164,5.0,0.6931471805599453,0
203,UD  JASA BAKTI,hardware store,Retail,Indonesia.Batam.Toko Bangunan.202408021219.db,places,1.1473289,104.0343698,392565.81727912376,126832.61518420323,2,429.0971692407988,12,27,1,17.218027863030507,0.0,0.0,0
213,Toko usaha keramik 2,building materials store,Retail,Indonesia.Batam.Toko Bangunan.202408021219.db,places,1.1700936,104.025284,391555.71659429115,129349.51796067832,-1,0.0,1,9,1,372.7813305479316,5.0,0.6931471805599453,0
219,Mandiri Indah Baru,building materials store,Retail,Indonesia.Batam.Toko Bangunan.202408021219.db,places,1.1553595,104.0236631,391374.79880311165,127720.77531546974,1,192.26215070653657,19,33,13,38.420983840603995,3.0,1.0986122886681098,0
229,Ceilindo Jaya,building materials store,Retail,Indonesia.Batam.Toko Bangunan.202408021219.db,places,1.1552929,104.024002,391412.50524881925,127713.39995436804,1,159.4669827573308,18,33,12,10.816302141779547,5.0,0.6931471805599453,0
232,TB  HARINDO JAYA,building materials store,Retail,Indonesia.Batam.Toko Bangunan.202408021219.db,places,1.1453721,104.0379784,392967.26862058847,126616.16318975965,2,66.58333535101549,15,21,11,29.51948282342734,5.0,0.6931471805599453,0
241,CV MKB,building materials store,Retail,Indonesia.Batam.Toko Bangunan.202408021219.db,places,1.1480485,104.0382947,393002.5622882029,126912.01710750724,2,345.0622693117047,14,25,11,114.62027777146788,5.0,1.0986122886681098,0
243,Sinar Indah Pratama,lumber store,Retail,Indonesia.Batam.Toko Bangunan.202408021219.db,places,1.145702,104.0380309,392973.1224672876,126652.6304080842,2,95.66172624681376,16,21,0,36.9340700912662,5.0,1.0986122886681098,0
245,Yeti Jaya  TB,building materials store,Retail,Indonesia.Batam.Toko Bangunan.202408021219.db,places,1.149325,104.028551,391918.441402339,127053.49617285994,-1,0.0,4,34,2,151.7774298292895,0.0,0.0,0
248,Maju Maju Sukses,building materials store,Retail,Indonesia.Batam.Toko Bangunan.202408021219.db,places,1.1500456,104.0382897,393002.0802632821,127132.78902451022,2,561.0155024105836,7,22,6,184.11715179946322,4.0,0.6931471805599453,0
249,Tanindo Anugerah Mandiri - Jotun Paint,paint store,Retail,Indonesia.Batam.Toko Bangunan.202408021219.db,places,1.1561418,104.0244032,391457.17849420034,127807.22764763838,1,105.508292029884,21,32,0,84.38229933605864,5.0,2.3978952727983707,0
251,Cahaya Terang Bangunan,building materials store,Retail,Indonesia.Batam.Toko Bangunan.202408021219.db,places,1.1453794,104.0377132,392937.7604428807,126616.98008297685,2,45.85517846212555,15,21,11,10.160435938703136,0.0,0.0,0
253,Gyproc,building materials store,Retail,Indonesia.Batam.Toko Bangunan.202408021219.db,places,1.154965,104.023437,391349.62595312175,127677.17330826352,1,231.74467346555986,18,33,12,50.3468708960724,0.0,0.0,0
254,Hui Jaya,building materials store,Retail,Indonesia.Batam.Toko Bangunan.202408021219.db,places,1.1438903,104.0383064,393003.7098087428,126452.3436520678,2,156.42684350095064,12,21,10,167.8237203844383,0.0,0.0,0
257,Subur Jaya Sukses,building materials store,Retail,Indonesia.Batam.Toko Bangunan.202408021219.db,places,1.1644912,104.0359855,392746.2380850409,128729.7822486318,-1,0.0,6,11,4,201.87952342592993,0.0,0.0,0
267,Mandiry Sejaty,building materials store,Retail,Indonesia.Batam.Toko Bangunan.202408021219.db,places,1.1578489,104.0256019,391590.6210547307,127995.8959125665,1,220.60346557954637,17,29,12,30.249832015145273,0.0,0.0,0
273,Top 100 Bengkong,supermarket,Retail,Indonesia.Batam.Toko Bangunan.202408021219.db,places,1.1536186,104.0243214,391447.9809720848,127528.29954434789,1,272.7276614121881,17,34,0,31.906860397706865,4.4,6.639875833826536,0
282,UD  Bintangur Timber,building materials store,Retail,Indonesia.Batam.Toko Bangunan.202408021219.db,places,1.157094,104.024364,391452.85294589854,127912.4916375175,1,171.27263678408423,21,30,16,21.461257943214164,1.0,0.6931471805599453,0
287,Sunli Cahaya Perkasa,building materials store,Retail,Indonesia.Batam.Toko Bangunan.202408021219.db,places,1.1554136,104.0240478,391417.6059399111,127726.74118209658,1,149.76807421171407,18,33,12,14.283046135864156,5.0,0.6931471805599453,0
290,Fathan Jaya,building materials store,Retail,Indonesia.Batam.Toko Bangunan.202408021219.db,places,1.147815,104.0349382,392629.0805311197,126886.33038510279,2,417.6753156001234,13,23,10,82.99133605855778,5.0,0.6931471805599453,0
294,UD  Usaha Jaya,building materials store,Retail,Indonesia.Batam.Toko Bangunan.202408021219.db,places,1.1584095,104.0280407,391862.0040201056,128057.77513487509,1,413.05139065602935,13,29,9,19.856365329357224,4.5,1.0986122886681098,0
299,Golden Lion Toko,building materials store,Retail,Indonesia.Batam.Toko Bangunan.202408021219.db,places,1.1459585,104.0115474,390026.33758010383,126681.98869497354,0,449.7156115101788,21,52,12,23.27949091726555,5.0,0.6931471805599453,0
310,Ruko Tropicana blok C8 no 12a,building materials store,Retail,Indonesia.Batam.Toko Bangunan.202408021219.db,places,1.1382625,104.0393281,393117.18527532474,125830.17413822029,2,776.4858202094915,4,27,2,149.30180404866834,0.0,0.0,0
313,Yuriko Indah Warna,paint store,Retail,Indonesia.Batam.Toko Bangunan.202408021219.db,places,1.1501106,104.0114443,390015.02437998843,127140.99503068387,0,514.3937652519795,19,46,3,36.50248306180826,5.0,1.3862943611198906,0
314,Toko Harapan Jaya,shop,Retail,Indonesia.Batam.Toko Bangunan.202408021219.db,places,1.1515685,104.0242159,391436.16446887655,127301.67194094264,1,491.43697555230983,11,32,1,166.0982093558392,4.4,2.4849066497880004,0
317,Bengkel Heri Motor,tool store,Retail,Indonesia.Batam.Toko Bangunan.202408021219.db,places,1.1421519,104.0389512,393075.391553735,126260.14622347955,2,358.33617927275395,12,25,0,205.12953010491216,0.0,0.0,0
320,Wawan Usaha Bangun,building materials store,Retail,Indonesia.Batam.Toko Bangunan.202408021219.db,places,1.1582102,104.0256076,391591.26901450485,128035.83617379659,1,260.2629807575148,16,28,12,39.34194574569154,0.0,0.0,0
321,TOKO HADI,homewares store,Retail,Indonesia.Batam.Toko Bangunan.202408021219.db,places,1.1525628,104.029358,392008.357132263,127411.39294284169,-1,0.0,3,35,0,261.80508330888154,4.9,2.3978952727983707,0
322,PUYOU,wallpaper store,Retail,Indonesia.Batam.Toko Bangunan.202408021219.db,places,1.1520716,104.0513778,394458.44475860696,127356.26736979255,-1,0.0,0,2,0,856.9362109287995,5.0,3.6888794541139363,0
325,Toko Bengkong Baru,shop,Retail,Indonesia.Batam.Toko Bangunan.202408021219.db,places,1.1491905,104.0299085,392069.4837367457,127038.57633966513,-1,0.0,4,37,0,151.7774298292895,5.0,1.9459101490553132,0
331,Batam,housing society,Retail,Indonesia.Batam.Toko Bangunan.202408021219.db,places,1.1546779,104.0304165,392126.21466122754,127645.16955525779,1,583.0101249988759,5,33,0,261.80508330888154,5.0,0.6931471805599453,0
355,Toko sari jaya,building materials market,Retail,Indonesia.Batam.Toko Bangunan.202408021219.db,places,1.0580093,103.9750694,385964.08036762197,116960.78497395496,-1,0.0,0,13,0,570.8317860037121,0.0,0.0,0
362,Niaga Makmur,building materials store,Retail,Indonesia.Batam.Toko Bangunan.202408021219.db,places,1.0452268,103.9761813,386087.34246522357,115547.66207026957,3,610.0017089599664,6,28,6,409.3715047231072,4.0,0.6931471805599453,0
374,CV  Permata Utama,building materials store,Retail,Indonesia.Batam.Toko Bangunan.202408021219.db,places,1.0490141,103.9764808,386120.80585430167,115966.33026182659,3,288.20840885467726,9,24,9,254.35654292148322,0.0,0.0,0
378,Hagiz Gypsum,building materials store,Retail,Indonesia.Batam.Toko Bangunan.202408021219.db,places,1.044575,103.9798028,386490.2992361896,115475.47571690612,4,212.80144698048417,9,22,8,30.161430729392485,0.0,0.0,0
379,Karya Indah Berjaya  PT,building materials store,Retail,Indonesia.Batam.Toko Bangunan.202408021219.db,places,1.052188,103.974255,385873.24661711534,116317.28042398198,3,197.0012371409782,10,20,9,138.95019126915082,0.0,0.0,0
383,Toko Material Harapan Jaya,building materials store,Retail,Indonesia.Batam.Toko Bangunan.202408021219.db,places,1.0521772,103.9784741,386342.7231681518,116315.93246564174,3,504.96702952878786,7,19,7,285.90403856216346,0.0,0.0,0
390,Toko ASTIN,building materials supplier,Retail,Indonesia.Batam.Toko Bangunan.202408021219.db,places,1.0294693,103.9591582,384192.5284224702,113806.31261310361,-1,0.0,3,6,0,7.834880585313405,4.1,2.302585092994046,0
456,Bintoro con,building materials store,Retail,Indonesia.Batam.Toko Bangunan.202408021219.db,places,1.0653187,104.1135768,401376.2683913303,117764.04624341721,-1,0.0,2,7,2,0.9106172882222141,5.0,1.0986122886681098,0
583,Dewi Jaya  TK,building materials store,Retail,Indonesia.Batam.Toko Bangunan.202408021219.db,places,1.1589243,104.0279249,391849.1386560296,128114.68889457668,1,445.07481746275175,12,31,9,58.349752665958455,4.7,1.3862943611198906,0
597,cat obral murah batam,paint store,Retail,Indonesia.Batam.Toko Bangunan.202408021219.db,places,1.0789525,104.1139039,401413.10072324803,119271.16693449997,-1,0.0,1,1,1,4.791855683825017,0.0,0.0,0
628,TB Mandiri Jaya,building materials store,Retail,Indonesia.Batam.Toko Bangunan.202408021219.db,places,1.040195,103.998661,388588.57289941504,114990.60317893456,-1,0.0,1,4,0,121.9013240089409,5.0,0.6931471805599453,0
629,Setia Baru,building materials store,Retail,Indonesia.Batam.Toko Bangunan.202408021219.db,places,1.0416569,103.9872644,387320.4790766576,115152.61766172697,-1,0.0,2,12,1,318.34316376339797,5.0,0.6931471805599453,0
633,TB marina king makmur,building materials store,Retail,Indonesia.Batam.Toko Bangunan.202408021219.db,places,1.0683558,103.929588,380903.5415597408,118106.29779112073,-1,0.0,1,2,1,62.64140934463576,4.7,1.3862943611198906,0
636,Komplek Pertamina II meshall,paint store,Retail,Indonesia.Batam.Toko Bangunan.202408021219.db,places,1.0789221,104.1138732,401409.68379381817,119267.80739968605,-1,0.0,1,1,1,4.791855683825017,4.0,1.0986122886681098,0
649,TB Surya Bangun Electrik,building materials store,Retail,Indonesia.Batam.Toko Bangunan.202408021219.db,places,1.0421797,103.9921425,387863.30375446694,115210.23793885896,-1,0.0,1,6,0,226.57775343400223,5.0,1.0986122886681098,0
658,Toko Babel Jaya,building materials store,Retail,Indonesia.Batam.Toko Bangunan.202408021219.db,places,1.0599263,103.918453,379664.16226804495,117174.84841701509,-1,0.0,1,3,1,32.5508987234859,5.0,1.3862943611198906,0
805,TB PUTRA BINTAN MANDIRI,building materials store,Retail,Indonesia.Batam.Toko Bangunan.202408021219.db,places,1.0653126,104.1135823,401376.8801782541,117763.37175056661,-1,0.0,2,7,2,0.9106172882222141,4.2,2.9444389791664403,0
825,Johan Keramik Toko,building materials store,Retail,Indonesia.Batam.Toko Bangunan.202408021219.db,places,1.0456264,104.0304535,392126.41446868156,115589.9198729145,-1,0.0,3,3,3,0.0,0.0,0.0,0
863,MR DIY,home improvement store,Retail,Indonesia.Batam.Toko Bangunan.202408021219.db,places,1.0719518,104.0241768,391428.9051349809,118500.31853518353,-1,0.0,0,0,0,2649.249173553177,3.3,3.044522437723423,0
896,Cahaya Metalindo,building materials store,Retail,Indonesia.Batam.Toko Bangunan.202408021219.db,places,1.045626,104.030454,392126.47009131976,115589.87563719695,-1,0.0,3,3,3,0.07106811231310499,0.0,0.0,0
904,Tb Mm Bangunan,building materials store,Retail,Indonesia.Batam.Toko Bangunan.202408021219.db,places,1.0348507,104.0509606,394407.9273534733,114398.01565938174,13,210.62590583793929,6,13,4,25.10185150951965,5.0,1.0986122886681098,0
926,Panca Bintang Sejati  PT,building materials store,Retail,Indonesia.Batam.Toko Bangunan.202408021219.db,places,1.028132,104.049472,394242.0655492058,113655.34179003582,-1,0.0,1,10,1,463.5789131672392,0.0,0.0,0
934,Jibril (Perorangan)  UD,building materials store,Retail,Indonesia.Batam.Toko Bangunan.202408021219.db,places,1.0322835,104.0488835,394176.7186204946,114114.29188279246,13,492.4922472956669,5,12,3,316.6632905857972,0.0,0.0,0
942,Sentosa Gypsum,building materials store,Retail,Indonesia.Batam.Toko Bangunan.202408021219.db,places,1.0500199,104.043309,393557.0247811449,116075.16453663046,-1,0.0,0,0,0,1004.3348978117689,0.0,0.0,0
955,Daifullah Hardware 2,electrical supply store,Retail,Indonesia.Batam.Toko Bangunan.202408021219.db,places,1.0347709,104.0511718,394431.4254222441,114389.1870857003,13,185.6818938777373,6,13,0,25.10185150951965,4.4,2.833213344056216,0
989,Kavling lama sei lekop,grocery store,Retail,Indonesia.Batam.Toko Bangunan.202408021219.db,places,1.0336033,103.9471543,382856.9359520585,114263.76146593234,-1,0.0,0,9,0,500.3117408030679,4.0,0.6931471805599453,0
992,Kavling sei lekop,housing development,Retail,Indonesia.Batam.Toko Bangunan.202408021219.db,places,1.0245507,103.947855,382934.57686088514,113262.97833214983,-1,0.0,4,4,0,296.53196566074087,5.0,2.3978952727983707,0
1004,Aneka Material,building materials store,Retail,Indonesia.Batam.Toko Bangunan.202408021219.db,places,1.0284355,103.9700505,385404.53658203274,113691.63413813354,-1,0.0,0,4,0,626.4941331014718,0.0,0.0,0
1014,Karya Mandiri,building materials store,Retail,Indonesia.Batam.Toko Bangunan.202408021219.db,places,1.0440207,103.9379113,381828.7985391257,115415.74249325549,-1,0.0,3,8,2,375.38474259893957,4.6,2.1972245773362196,0
1041,Alfamart sei pelunggut,convenience store,Retail,Indonesia.Batam.Toko Bangunan.202408021219.db,places,1.0325765,103.9587367,384145.7380957814,114149.8250701524,-1,0.0,3,8,0,338.90032684241964,3.5,1.0986122886681098,0
1042,Toko Karya Usaha Mandiri Batu Besar,building materials store,Retail,Indonesia.Batam.Toko Bangunan.202408021219.db,places,1.1515855,104.1337326,403621.7725003861,127299.61410967278,-1,0.0,4,5,3,152.0742847184934,0.0,0.0,0
1045,Cayati top,tool store,Retail,Indonesia.Batam.Toko Bangunan.202408021219.db,places,0.837166,104.053115,394641.7521034941,92544.78357119006,-1,0.0,0,0,0,13409.214763647775,0.0,0.0,0
1066,PERUMAHAN KAVLING PLUS SEI TEMIANG,gated community,Retail,Indonesia.Batam.Toko Bangunan.202408021219.db,places,1.0760263,103.953993,383619.49379496864,118953.32836580346,-1,0.0,1,1,0,482.3042908793494,4.6,2.3978952727983707,0
1079,Pertamina Petrol Station,petrol station,Retail,Indonesia.Batam.Toko Bangunan.202408021219.db,places,1.0619939,103.968352,385216.7541503792,117401.52407337874,-1,0.0,0,8,0,517.2362548613559,4.4,5.641907070938114,0
1080,TOKO BANGUNAN MASSAKI   SINAR LESTARI BANGUNAN,building materials store,Retail,Indonesia.Batam.Toko Bangunan.202408021219.db,places,1.1232141,103.9689912,385290.2030257135,124169.29884952102,-1,0.0,3,6,1,97.77344900851882,4.2,2.4849066497880004,0
1081,Sei,housing complex,Retail,Indonesia.Batam.Toko Bangunan.202408021219.db,places,1.1388178,104.0312922,392223.05920615175,125891.85963529187,5,581.901568977756,10,33,0,246.80378434443415,0.0,0.0,0
1086,Shop Citra Jaya,building materials store,Retail,Indonesia.Batam.Toko Bangunan.202408021219.db,places,1.1344554,104.032081,392310.6666626444,125409.58275234967,5,259.8457929923643,14,34,6,66.18098924690874,5.0,0.6931471805599453,0
1093,ISTANA PILAR HIDAYAH,building materials store,Retail,Indonesia.Batam.Toko Bangunan.202408021219.db,places,1.1356491,104.0264357,391682.5621522538,125541.75287924624,5,433.7306019852736,9,27,6,113.72954259224167,0.0,0.0,0
1096,JAYA BARU,building materials store,Retail,Indonesia.Batam.Toko Bangunan.202408021219.db,places,1.1343278,104.0311628,392208.4944833215,125395.5112255326,5,158.99086713640787,15,33,7,38.42082588490225,0.0,0.0,0
1099,Multy Keramik,building materials store,Retail,Indonesia.Batam.Toko Bangunan.202408021219.db,places,1.1296973,104.0293256,392003.89911877806,124883.69444830333,5,452.6617173381576,11,32,6,14.800638732817822,0.0,0.0,0
1117,Ace Hardware Sei Panas,home improvement store,Retail,Indonesia.Batam.Toko Bangunan.202408021219.db,places,1.1343755,104.029239,391994.43630348577,125400.85602472308,5,96.43256732080137,18,30,0,36.05206186892333,4.3,6.658011045870748,2
1145,PT  Bostinco,building materials store,Retail,Indonesia.Batam.Toko Bangunan.202408021219.db,places,1.125576,104.027093,391755.3263964953,124428.1822047833,5,955.1085287787851,4,18,4,137.70034170938922,0.0,0.0,0
1158,M  Scope Otomotif,tool store,Retail,Indonesia.Batam.Toko Bangunan.202408021219.db,places,1.1327823,104.0302752,392109.67462565086,125224.69483159347,5,117.71648851030646,15,33,0,131.63448592778659,4.7,2.9444389791664403,0
1159,Smith Tool Indonesia  PT,tool store,Retail,Indonesia.Batam.Toko Bangunan.202408021219.db,places,1.16579,104.017181,390653.9436427513,128874.0830124911,-1,0.0,3,12,0,242.17658532339985,5.0,0.6931471805599453,0
1160,CV  Bless Lasindo,fence supply store,Retail,Indonesia.Batam.Toko Bangunan.202408021219.db,places,1.1292173,104.0359015,392735.57818208786,124830.38867129349,5,839.7576558582755,6,28,0,104.45059366379517,3.0,1.3862943611198906,0
1162,Tanjung sengkuang,condominium complex,Retail,Indonesia.Batam.Toko Bangunan.202408021219.db,places,1.1839692,104.023378,391344.176644633,130883.49305861707,-1,0.0,1,2,0,413.8917576207481,5.0,0.6931471805599453,0
1165,Jackson s Homeware Market,homewares store,Retail,Indonesia.Batam.Toko Bangunan.202408021219.db,places,1.1277266,104.0319608,392297.0439880113,124665.74294449731,5,706.8497789639322,9,30,0,290.7272084154109,4.5,6.253828811575473,0
1183,Metro Interior Sungai Panas,wallpaper store,Retail,Indonesia.Batam.Toko Bangunan.202408021219.db,places,1.1305399,104.0307142,392158.439054486,124976.7892609806,5,368.4657574977228,14,32,0,113.57851802888851,4.4,4.02535169073515,0
1203,Tanjung uma,housing development,Retail,Indonesia.Batam.Toko Bangunan.202408021219.db,places,1.1458464,103.9985199,388576.76680674957,126670.09980687383,-1,0.0,3,27,0,0.0,4.0,0.6931471805599453,0
1219,Toko,supermarket,Retail,Indonesia.Batam.Toko Bangunan.202408021219.db,places,1.1476076,104.0006871,388817.97894605284,126864.71168851382,0,785.4803589027518,6,34,0,309.93076746706123,5.0,1.6094379124341003,0
1221,PT  Herica perangkat Indonesia,hardware store,Retail,Indonesia.Batam.Toko Bangunan.202408021219.db,places,1.1246371,104.0040809,389194.73098991823,124325.25365596297,-1,0.0,4,8,0,166.6068214179962,0.0,0.0,0
1279,Tradding Centre,building materials store,Retail,Indonesia.Batam.Toko Bangunan.202408021219.db,places,1.1320644,104.0412401,393329.7041605178,125144.92786587265,-1,0.0,2,24,2,351.95265381890533,5.0,0.6931471805599453,0
1320,KOHLER SANITARY BATAM,building materials store,Retail,Indonesia.Batam.Toko Bangunan.202408021219.db,places,1.1300779,104.0529207,394629.31965592894,124924.90178781436,-1,0.0,2,9,1,0.1573374042876902,5.0,0.6931471805599453,0
1328,PT  Catur Mitra Sejati Sentosa,building materials store,Retail,Indonesia.Batam.Toko Bangunan.202408021219.db,places,1.1328806,104.0463472,393897.995632689,125234.96802887176,-1,0.0,7,17,4,33.00509701716091,5.0,1.3862943611198906,0
1329,Toko Bersatu Jaya,building materials store,Retail,Indonesia.Batam.Toko Bangunan.202408021219.db,places,1.1300781,104.0529221,394629.4754393946,124924.92384616009,-1,0.0,2,9,1,0.1573374042876902,0.0,0.0,0
1341,Lion Jaya  CV,building materials store,Retail,Indonesia.Batam.Toko Bangunan.202408021219.db,places,1.1249986,104.0442544,393664.84569600655,124363.72158796104,-1,0.0,5,18,4,239.6490870445621,0.0,0.0,0
1351,Toko New City Ceramic,tile store,Retail,Indonesia.Batam.Toko Bangunan.202408021219.db,places,1.1357805,104.045462,393799.6061602131,125555.57255291108,-1,0.0,7,13,0,96.36790362205453,4.9,2.5649493574615367,0
1356,Johan Keramik  PT,building materials store,Retail,Indonesia.Batam.Toko Bangunan.202408021219.db,places,1.1201621,104.0389417,393073.52948280936,123829.25945793913,-1,0.0,6,16,4,194.05611022769168,0.0,0.0,0
1370,tiban indah,grocery store,Retail,Indonesia.Batam.Toko Bangunan.202408021219.db,places,1.1137302,103.9821122,386749.83430367825,123120.3607284755,6,287.2315695983583,13,25,1,87.4151203025314,0.0,0.0,0
1374,Tiban Indah Jaya,convenience store,Retail,Indonesia.Batam.Toko Bangunan.202408021219.db,places,1.1123755,103.9822419,386764.21456811955,122970.5963563243,6,328.72611634205435,13,22,0,71.7496627680953,4.3,3.1780538303479458,0
1375,Siak Wijaya,building materials store,Retail,Indonesia.Batam.Toko Bangunan.202408021219.db,places,1.127269,104.0347058,392602.46195050166,124615.0555466473,5,897.9694708294201,5,33,3,253.15664257846902,2.5,1.0986122886681098,0
1395,PT  Limas Jaya,building materials store,Retail,Indonesia.Batam.Toko Bangunan.202408021219.db,places,1.1349663,104.0425413,393474.59349035,125465.67348568833,-1,0.0,7,20,5,35.0261264010943,0.0,0.0,0
1411,Inti Brothers Ceramics,tile store,Retail,Indonesia.Batam.Toko Bangunan.202408021219.db,places,1.1171416,104.058021,395196.3621926194,123494.66748865362,-1,0.0,5,6,0,2.6606411463056463,5.0,0.6931471805599453,0
1496,Toko Bangunan Cahaya Semesta,material handling equipment supplier,Retail,Indonesia.Batam.Toko Bangunan.202408021219.db,places,1.124703,103.958286,384099.07233690727,124334.31744286454,-1,0.0,0,3,0,560.3398380599847,5.0,0.6931471805599453,0
1502,PT  Wali Jaya Utama,building materials store,Retail,Indonesia.Batam.Toko Bangunan.202408021219.db,places,1.1097072,103.9651773,384865.29754756927,122676.27988042618,7,220.10227289353517,12,19,8,29.837760267194405,4.8,1.791759469228055,0
1505,BBP  PT,tool store,Retail,Indonesia.Batam.Toko Bangunan.202408021219.db,places,1.1209083,104.0042583,389214.33000322426,123913.03827724796,-1,0.0,2,6,0,264.51360839926264,0.0,0.0,0
1515,Toko Bangunan WIDDYAN,homewares store,Retail,Indonesia.Batam.Toko Bangunan.202408021219.db,places,1.0684345,103.938455,381890.22108068503,118114.65572813983,-1,0.0,0,1,0,986.7149193976899,4.0,1.6094379124341003,0
1518,Tiban lama,housing complex,Retail,Indonesia.Batam.Toko Bangunan.202408021219.db,places,1.1089035,103.987544,387354.056772481,122586.57136561412,-1,0.0,2,10,0,132.42329373821073,0.0,0.0,0
1526,EDUKITS Tiban Centre,office supply store,Retail,Indonesia.Batam.Toko Bangunan.202408021219.db,places,1.1127595,103.9786469,386364.20694535715,123013.18504357102,6,133.35599787872138,14,24,0,24.481191600968497,4.4,5.220355825078324,0
1528,Gudang Rezeki Karpet,carpet store,Retail,Indonesia.Batam.Toko Bangunan.202408021219.db,places,1.1217155,103.9721887,385645.9363528949,124003.50574989413,-1,0.0,3,12,0,324.0374149813106,3.9,2.0794415416798357,0
1531,Primart,grocery store,Retail,Indonesia.Batam.Toko Bangunan.202408021219.db,places,1.1134419,103.9779327,386284.76268792374,123088.65063071293,6,178.93410701938356,13,24,1,32.1825777969742,4.3,5.780743515792329,0
1533,Fajar Permata Bangunan,building materials store,Retail,Indonesia.Batam.Toko Bangunan.202408021219.db,places,1.1267205,104.0069068,389509.2488196567,124555.46051362279,-1,0.0,5,18,3,248.13248681878966,3.0,1.0986122886681098,0
1541,Toko Cat Bahar,paint store,Retail,Indonesia.Batam.Toko Bangunan.202408021219.db,places,1.1027333,103.9525477,383459.69555620826,121905.81652614276,-1,0.0,4,4,0,107.19781245954815,5.0,1.791759469228055,0
1550,Toko Viona,shop,Retail,Indonesia.Batam.Toko Bangunan.202408021219.db,places,1.1077377,103.9647462,384817.2518443288,122458.57116797652,7,93.86400931750946,12,18,0,69.33843391279778,5.0,1.3862943611198906,0
1555,Tiban Viola,corporate office,Retail,Indonesia.Batam.Toko Bangunan.202408021219.db,places,1.1052167,103.9719433,385617.9942299607,122179.59994862108,-1,0.0,1,19,0,339.32756562134864,4.0,3.091042453358316,0
1557,toko karpet gudang rezeki karpet,carpet store,Retail,Indonesia.Batam.Toko Bangunan.202408021219.db,places,1.1076146,103.9680848,385188.74153848935,122444.83307603186,7,278.1267758851106,12,20,0,40.42550151006793,0.0,0.0,0
1562,Toko Ati Banjir,building materials store,Retail,Indonesia.Batam.Toko Bangunan.202408021219.db,places,1.1094798,103.9861614,387200.2342584285,122650.3327569533,-1,0.0,2,15,1,35.21959380795177,5.0,1.0986122886681098,0
1571,NK Asia,building materials store,Retail,Indonesia.Batam.Toko Bangunan.202408021219.db,places,1.1107691,103.9734765,385788.8097351075,122793.34937472835,6,741.8688646270672,3,25,2,261.0489089382089,4.0,1.0986122886681098,0
1577,TB  Jaya Makmur,building materials store,Retail,Indonesia.Batam.Toko Bangunan.202408021219.db,places,1.1458627,104.0365533,392808.71786098497,126670.4504254429,2,137.90241792722838,15,23,11,41.05780749383647,0.0,0.0,0
1585,Komp Tiban Makmur Tahap 1,housing complex,Retail,Indonesia.Batam.Toko Bangunan.202408021219.db,places,1.1261703,103.970572,385466.21678046003,124496.04009148222,-1,0.0,3,7,1,227.1439624582843,4.4,3.5553480614894135,0
1590,Jaya Barelang  PT,building materials store,Retail,Indonesia.Batam.Toko Bangunan.202408021219.db,places,1.1291183,104.0297438,392050.41067187826,124819.67252932827,5,513.0165746080985,9,31,5,64.59847736944577,0.0,0.0,0
1591,Tiban Makmur Residence Tahap 2,housing complex,Retail,Indonesia.Batam.Toko Bangunan.202408021219.db,places,1.1275992,103.9720389,385629.49691130954,124653.94505831676,-1,0.0,1,8,1,227.1439624582843,4.3,3.6109179126442243,0
1593,Surya Jaya Abadi  CV,building materials store,Retail,Indonesia.Batam.Toko Bangunan.202408021219.db,places,1.141408,104.028014,391858.39323468215,126178.31993440162,5,870.0536343319914,8,27,6,20.939400664940706,0.0,0.0,0
1597,PT  Logam Jaya Sejahtera,building materials store,Retail,Indonesia.Batam.Toko Bangunan.202408021219.db,places,1.1022573,103.9661097,384968.761120097,121852.66784767255,7,611.0529824180379,3,16,3,45.060482413694984,4.7,3.912023005428146,0
1600,Impian Lestari,building materials store,Retail,Indonesia.Batam.Toko Bangunan.202408021219.db,places,1.1082086,103.9655915,384911.32871717727,122510.59565057344,7,49.60351689044344,12,19,8,63.55452852709455,4.8,1.9459101490553132,0
1627,Cahaya Maju,building materials store,Retail,Indonesia.Batam.Toko Bangunan.202408021219.db,places,1.1120377,103.9604487,384339.22469313623,122934.09826836687,7,742.1944576586516,1,14,1,496.88885827077627,4.4,2.302585092994046,0
1629,Cahaya Sinar Indah  CV,building materials store,Retail,Indonesia.Batam.Toko Bangunan.202408021219.db,places,1.1076353,103.9655489,384906.5663799533,122447.21980154191,7,14.49510596455506,12,19,8,63.55452852709455,0.0,0.0,0
1634,CV  Cahaya Sinar Indah,building materials store,Retail,Indonesia.Batam.Toko Bangunan.202408021219.db,places,1.108485,103.964142,384750.04983356444,122541.20765724809,7,179.907291900068,12,18,8,87.534022620767,0.0,0.0,0
1640,Modern Keramik,building materials store,Retail,Indonesia.Batam.Toko Bangunan.202408021219.db,places,1.1125841,103.9749773,385955.87659930205,122993.93650229649,6,518.7823786631203,9,23,5,139.48104970176118,5.0,1.0986122886681098,0
1642,Putra Langkat Jaya  CV,building materials store,Retail,Indonesia.Batam.Toko Bangunan.202408021219.db,places,1.113002,103.9816243,386695.51700980624,123039.87840541395,6,240.67824835865136,14,25,7,16.167415816827255,0.0,0.0,0
1643,Putra Makmur,building materials store,Retail,Indonesia.Batam.Toko Bangunan.202408021219.db,places,1.1013102,104.0578851,395180.68360030843,121744.58238071935,8,130.7524352936433,10,21,6,4.1661350437692555,4.0,1.3862943611198906,0
1644,Toko Sinar Mentari,building materials store,Retail,Indonesia.Batam.Toko Bangunan.202408021219.db,places,1.1013518,103.9503391,383213.8836662124,121753.17948451673,-1,0.0,4,4,3,22.05079335299184,4.7,2.70805020110221,0
1646,Toko Mandiri Maju Jaya,building materials store,Retail,Indonesia.Batam.Toko Bangunan.202408021219.db,places,1.120623,103.955298,383766.4297869429,123883.39653176117,-1,0.0,2,3,2,9.154566261384701,5.0,1.6094379124341003,0
1647,MESTIKA MAKMUR,building materials store,Retail,Indonesia.Batam.Toko Bangunan.202408021219.db,places,1.1205607,103.9552438,383760.396364917,123876.51148258986,-1,0.0,2,3,2,9.154566261384701,4.5,2.4849066497880004,0
1653,Inti Jaya  PD,building materials store,Retail,Indonesia.Batam.Toko Bangunan.202408021219.db,places,1.1113086,103.9659332,384949.47034183866,122853.28295434325,7,394.16377432418324,11,18,7,94.43226808055924,0.0,0.0,0
1657,TB Abadi,building materials store,Retail,Indonesia.Batam.Toko Bangunan.202408021219.db,places,1.1105598,103.9655248,384903.9977093132,122770.5200825586,7,309.60846805772917,12,19,8,94.43226808055924,0.0,0.0,0
1659,Citra Keramik Indah Toko,building materials store,Retail,Indonesia.Batam.Toko Bangunan.202408021219.db,places,1.113315,103.978193,386313.7219010275,123074.61203070902,6,152.0278744877469,14,25,6,32.1825777969742,0.0,0.0,0
1662,Katrin Harfani  CV,building materials store,Retail,Indonesia.Batam.Toko Bangunan.202408021219.db,places,1.1082606,103.9628693,384608.4245161167,122516.4500997118,7,307.69896478217004,11,16,9,143.7729710249513,0.0,0.0,0
1664,PT SINAR PERTAMA INDAH,building materials store,Retail,Indonesia.Batam.Toko Bangunan.202408021219.db,places,1.1251573,103.9766428,386141.68494734063,124383.81689212231,-1,0.0,1,14,0,499.2444244120962,0.0,0.0,0
1665,Makmur Jaya,electronics store,Retail,Indonesia.Batam.Toko Bangunan.202408021219.db,places,1.1342989,104.0315069,392246.7811798032,125392.30361985286,5,193.72505405907418,13,34,0,38.42082588490225,5.0,1.3862943611198906,0
1667,Cipta Yap,building materials store,Retail,Indonesia.Batam.Toko Bangunan.202408021219.db,places,1.10151,103.9508382,383269.4263363064,121770.6487985826,-1,0.0,4,4,3,58.2251246035831,0.0,0.0,0
1670,Intan Suar Mustika  PT,building materials store,Retail,Indonesia.Batam.Toko Bangunan.202408021219.db,places,1.10942,103.943225,382422.5905763532,122645.39367932599,-1,0.0,0,0,0,1188.8634261551572,0.0,0.0,0
1672,Toko Prima Sukses,building materials store,Retail,Indonesia.Batam.Toko Bangunan.202408021219.db,places,1.1036861,103.9523687,383439.8147384479,122011.15466776911,-1,0.0,4,4,3,107.19781245954815,0.0,0.0,0
1679,Global Polycarbonate,building materials store,Retail,Indonesia.Batam.Toko Bangunan.202408021219.db,places,1.1026317,103.9659496,384950.96072845615,121894.06341667198,7,568.3299709570913,3,17,3,45.060482413694984,0.0,0.0,0
1681,Tb  Arta Walet,building materials store,Retail,Indonesia.Batam.Toko Bangunan.202408021219.db,places,1.0986779,103.931159,381079.5376091688,121458.33884348812,-1,0.0,0,0,0,1792.4537528061621,4.7,2.0794415416798357,0
1682,TB Galaxy Alam Millenium,building materials store,Retail,Indonesia.Batam.Toko Bangunan.202408021219.db,places,1.108239,103.972476,385677.3847863553,122513.6896949493,7,768.1099707064675,3,26,1,301.03995698006275,4.8,1.791759469228055,0
1684,Kekar Bersama,building materials store,Retail,Indonesia.Batam.Toko Bangunan.202408021219.db,places,1.122801,103.9822895,386769.9104314962,124123.11282010614,-1,0.0,3,9,3,60.59653730157278,4.9,2.0794415416798357,0
1685,TOKO SERBA 7500 Tiban,supermarket,Retail,Indonesia.Batam.Toko Bangunan.202408021219.db,places,1.1126538,103.9762289,386095.1473276053,123001.59335960164,6,381.6133243230963,9,23,0,139.48104970176118,4.4,5.69035945432406,0
1686,Toko Karya Plywood,building materials store,Retail,Indonesia.Batam.Toko Bangunan.202408021219.db,places,1.1143769,103.9774284,386228.68412913725,123192.03263394859,6,250.948822254156,11,25,7,117.61225849624176,5.0,1.3862943611198906,0
1687,Toko Graha Alumindo Pintu Jendela Kaca & Aluminium,building materials store,Retail,Indonesia.Batam.Toko Bangunan.202408021219.db,places,1.1317066,103.9772651,386211.18373984116,125107.80589027399,-1,0.0,0,3,0,727.3170915107783,5.0,1.3862943611198906,0
1688,Bengkalisindo Bangunan,building materials store,Retail,Indonesia.Batam.Toko Bangunan.202408021219.db,places,1.1240235,103.968637,385250.8221232967,124258.7907030936,-1,0.0,3,6,1,97.77344900851882,0.0,0.0,0
1694,Toko Bahagia,wholesaler,Retail,Indonesia.Batam.Toko Bangunan.202408021219.db,places,1.1130191,103.9817686,386711.57418139046,123041.76323296814,6,255.76008020939318,13,25,0,16.167415816827255,0.0,0.0,0
1702,Toko Cahaya Putra,building materials store,Retail,Indonesia.Batam.Toko Bangunan.202408021219.db,places,1.1278561,104.1004989,399923.1748464525,124677.61209251524,9,249.1572975936579,14,28,11,144.5350017176098,4.9,2.3978952727983707,0
1705,TB  Baja Prima,building materials store,Retail,Indonesia.Batam.Toko Bangunan.202408021219.db,places,1.1268598,104.0996577,399829.5426940677,124567.50584037077,9,192.11067318948818,16,23,14,77.45614791557767,4.6,3.2188758248682006,0
1708,TB  Sumber Baru,building materials store,Retail,Indonesia.Batam.Toko Bangunan.202408021219.db,places,1.123813,104.0971409,399549.4005468918,124230.78619590742,9,466.4733696071105,7,27,7,5.218406600363985,5.0,0.6931471805599453,0
1710,TB AURA WARNA,building materials store,Retail,Indonesia.Batam.Toko Bangunan.202408021219.db,places,1.1165913,104.0929256,399080.12686008395,123432.61296765966,10,302.27648219717014,15,25,12,51.944505411048766,5.0,1.3862943611198906,0
1712,Sri Dewi Jaya,building materials store,Retail,Indonesia.Batam.Toko Bangunan.202408021219.db,places,1.1063258,104.0796906,397607.13854091254,122298.27290138499,-1,0.0,5,16,5,248.8642631493758,5.0,1.0986122886681098,0
1716,Sinar Indah,building materials store,Retail,Indonesia.Batam.Toko Bangunan.202408021219.db,places,1.1298519,104.0962579,399451.3583363679,124898.38260298752,9,311.6773560511675,11,22,8,53.62187433666236,3.0,0.6931471805599453,0
1718,Panca Bintang Sejati,building materials store,Retail,Indonesia.Batam.Toko Bangunan.202408021219.db,places,1.111355,104.0776702,397382.50420145533,122854.29496517294,-1,0.0,5,13,2,97.15225116470674,5.0,1.0986122886681098,0
1722,Toko Bintang Rezeki Tirta,building materials store,Retail,Indonesia.Batam.Toko Bangunan.202408021219.db,places,1.1059638,104.0818981,397852.7519564501,122258.17961540283,-1,0.0,7,17,6,37.973004871620546,5.0,0.6931471805599453,0
1723,PT  Kembang Jaya Raya,building materials store,Retail,Indonesia.Batam.Toko Bangunan.202408021219.db,places,1.1132935,104.0903664,398795.2570620373,123068.1473600286,10,186.78144880011803,17,24,12,35.842549658975166,4.5,2.5649493574615367,0
1725,Bangun Persada Jaya  TB,building materials store,Retail,Indonesia.Batam.Toko Bangunan.202408021219.db,places,1.1261953,104.0998785,399854.0878463974,124494.04162903606,9,259.06173009392836,15,23,13,77.45614791557767,0.0,0.0,0
1727,TB  Alfin,building materials store,Retail,Indonesia.Batam.Toko Bangunan.202408021219.db,places,1.1179749,104.0894832,398697.14510711574,123585.68075260779,10,504.9307559217924,10,21,7,61.91644258613891,4.6,2.302585092994046,0
1728,Galaxi Gypsum,building materials store,Retail,Indonesia.Batam.Toko Bangunan.202408021219.db,places,1.1295831,104.1014266,400026.4565301431,124868.4899595137,9,399.5218872814726,11,28,8,55.86142180138795,4.0,0.6931471805599453,0
1732,Sapana Jaya,building materials store,Retail,Indonesia.Batam.Toko Bangunan.202408021219.db,places,1.116042,104.0892537,398671.542871142,123372.01717596293,10,361.51603322607974,12,22,9,153.2908968102633,5.0,0.6931471805599453,0
1733,Belantara Kita,building materials store,Retail,Indonesia.Batam.Toko Bangunan.202408021219.db,places,1.1303046,104.096431,399470.63428838004,124948.42001980136,9,336.5382164890104,10,22,7,53.62187433666236,3.5,1.6094379124341003,0
1735,Tumbuh Baru,building materials store,Retail,Indonesia.Batam.Toko Bangunan.202408021219.db,places,1.1237759,104.0971119,399546.17251888086,124226.68600047215,9,471.29127836808567,7,28,7,5.218406600363985,4.3,3.1780538303479458,0
1736,Toko Bangunan Gloria,building materials store,Retail,Indonesia.Batam.Toko Bangunan.202408021219.db,places,1.130872,104.0970112,399535.2111199978,125011.12277070938,9,358.76690128096055,10,23,7,7.533503429530862,0.0,0.0,0
1737,Putra Pundarika  CV,building materials store,Retail,Indonesia.Batam.Toko Bangunan.202408021219.db,places,1.11324,104.097408,399578.76067345974,123061.9924742002,10,625.0711973596838,3,19,3,218.31387317512502,3.0,0.6931471805599453,0
1738,Toko Graha Solusi,building materials store,Retail,Indonesia.Batam.Toko Bangunan.202408021219.db,places,1.1061094,104.0822072,397887.15010035736,122274.26429117563,-1,0.0,7,17,6,37.973004871620546,5.0,1.3862943611198906,0
1740,Tk  Sinar Bangunan,building materials store,Retail,Indonesia.Batam.Toko Bangunan.202408021219.db,places,1.1223334,104.0969189,399524.6486057524,124067.2325068123,9,631.00675692216,4,32,4,121.49798436787415,3.0,0.6931471805599453,0
1741,CV  Bintang Rezky Tirta,building materials store,Retail,Indonesia.Batam.Toko Bangunan.202408021219.db,places,1.104835,104.082482,397917.6832171211,122133.3766484006,-1,0.0,7,15,6,140.68350715305363,0.0,0.0,0
1742,TB Fuman Jaya,building materials store,Retail,Indonesia.Batam.Toko Bangunan.202408021219.db,places,1.1283114,104.0965603,399484.9526798479,124728.07864315216,9,195.02212770740763,15,22,12,55.740388941906126,1.0,0.6931471805599453,0
1743,Pelangi Keramik Jaya,building materials supplier,Retail,Indonesia.Batam.Toko Bangunan.202408021219.db,places,1.1115525,104.0907641,398839.44912556675,122875.67579553017,10,304.44061634371604,11,26,0,7.530100184789121,0.0,0.0,0
1744,TB  Jaya Bangunan Perkasa,building materials store,Retail,Indonesia.Batam.Toko Bangunan.202408021219.db,places,1.1264305,104.0990604,399763.06799325964,124520.06975240428,9,183.30778537220115,16,22,14,66.40073887082109,0.0,0.0,0
1745,Toko Lam Ture,building materials supplier,Retail,Indonesia.Batam.Toko Bangunan.202408021219.db,places,1.1129761,104.0769368,397300.9557899067,123033.52478668978,-1,0.0,4,9,1,39.77706666695834,4.3,1.3862943611198906,0
1747,Kembang mitra wijaya,building materials market,Retail,Indonesia.Batam.Toko Bangunan.202408021219.db,places,1.1174201,104.0894068,398688.62521296844,123524.35329329109,10,458.74605560751286,11,21,0,61.91644258613891,5.0,1.791759469228055,0
1749,TB Bangun Jaya,building materials store,Retail,Indonesia.Batam.Toko Bangunan.202408021219.db,places,1.0538938,103.9582499,384092.3493876728,116506.44469410951,-1,0.0,0,10,0,696.9200395691323,5.0,1.3862943611198906,0
1754,TB Cahaya Mulia 3,building materials store,Retail,Indonesia.Batam.Toko Bangunan.202408021219.db,places,1.1307847,104.0975194,399591.7541753008,125001.45467081555,9,331.5248701815398,14,26,11,36.01925174169529,0.0,0.0,0
1755,Nusa Persada,building materials store,Retail,Indonesia.Batam.Toko Bangunan.202408021219.db,places,1.0461319,103.9644345,384780.25441505044,115648.14815168217,-1,0.0,5,17,3,112.66668917799774,3.4,2.1972245773362196,0
1756,Duta Gypsum,building materials store,Retail,Indonesia.Batam.Toko Bangunan.202408021219.db,places,1.0470952,103.9567195,383921.8035120755,115754.9242374109,-1,0.0,5,16,3,15.841911414074977,4.7,2.0794415416798357,0
1759,Jaya Gypsum,building materials store,Retail,Indonesia.Batam.Toko Bangunan.202408021219.db,places,1.114881,104.091655,398938.6913430941,123243.5924591974,10,91.31514809195967,19,22,14,114.485524476284,0.0,0.0,0
1768,TB  Sinar Mutiara,building materials store,Retail,Indonesia.Batam.Toko Bangunan.202408021219.db,places,1.0551279,103.967992,385176.44286373915,116642.51168087003,-1,0.0,6,16,3,106.65039016611196,4.7,1.3862943611198906,0
1769,Thymec Bangun Asia Perkasa,building materials store,Retail,Indonesia.Batam.Toko Bangunan.202408021219.db,places,1.11076,104.0907599,398838.9548367228,122788.06945024265,10,386.5387435906464,10,27,7,73.4546870497771,0.0,0.0,0
1773,Aman Mandiri Sukses,building materials store,Retail,Indonesia.Batam.Toko Bangunan.202408021219.db,places,1.11513,104.0968389,399515.5021008978,123270.94055439753,10,566.85420699869,5,25,5,102.80770977926245,0.0,0.0,0
1776,Baja Frima Toko,building materials store,Retail,Indonesia.Batam.Toko Bangunan.202408021219.db,places,1.1284106,104.09918,399776.44329789374,124738.95424804327,9,118.01760543210773,18,26,15,154.93489138674897,0.0,0.0,0
1777,Diket Mulya Kusen,building materials store,Retail,Indonesia.Batam.Toko Bangunan.202408021219.db,places,1.1092662,104.0785462,397479.9035829083,122623.35847397985,-1,0.0,6,16,3,250.63579646968037,0.0,0.0,0
1780,Joyo Gypsum,building materials store,Retail,Indonesia.Batam.Toko Bangunan.202408021219.db,places,1.1157398,104.0924276,399024.68634494906,123338.50149653466,10,194.39981384412272,16,24,12,78.3274183290555,0.0,0.0,0
1781,TB Sumber Baru,building materials store,Retail,Indonesia.Batam.Toko Bangunan.202408021219.db,places,1.0498894,103.981044,386628.60389799014,116062.92722097204,-1,0.0,1,19,1,381.75836012231173,5.0,1.0986122886681098,0
1782,PT Sambu Baru,building materials store,Retail,Indonesia.Batam.Toko Bangunan.202408021219.db,places,1.056008,103.965684,384919.65385876544,116739.89074173199,-1,0.0,3,9,1,107.15017495250925,4.6,3.6375861597263857,0
1784,Golden Gate,building materials store,Retail,Indonesia.Batam.Toko Bangunan.202408021219.db,places,1.1308629,104.0969441,399527.7447688302,125010.11914021712,9,360.80378497214406,10,23,7,7.533503429530862,0.0,0.0,0
1787,Toko Sekar Jaya,building materials store,Retail,Indonesia.Batam.Toko Bangunan.202408021219.db,places,1.044459,103.944031,382509.7889440507,115463.96688709517,-1,0.0,2,13,2,463.1771111609407,5.0,0.6931471805599453,0
1789,Kaca Cahaya Mandiri,glass shop,Retail,Indonesia.Batam.Toko Bangunan.202408021219.db,places,1.1109332,104.0818321,397845.5785313806,122807.52291895077,-1,0.0,3,20,0,409.4321808696819,5.0,1.3862943611198906,0
1795,Toko Berkah Gypsum,building materials store,Retail,Indonesia.Batam.Toko Bangunan.202408021219.db,places,1.0481595,103.9416246,382242.1532145653,115873.14497950813,-1,0.0,4,11,3,65.02464903102319,5.0,1.3862943611198906,0
1796,Samurai Paint - Asian Paint - Cs Bangunan,shop,Retail,Indonesia.Batam.Toko Bangunan.202408021219.db,places,1.113748,104.090854,398849.52692899725,123118.37308678192,10,116.98085997365342,18,23,1,52.4261403268895,5.0,1.3862943611198906,0
1798,MR DIY,home improvement store,Retail,Indonesia.Batam.Toko Bangunan.202408021219.db,places,1.1291076,104.0556719,394935.40727978124,124817.53974941114,-1,0.0,2,3,0,324.2308362832729,4.4,3.091042453358316,0
1799,PT  Pratama Mandiri Perkasa,building materials store,Retail,Indonesia.Batam.Toko Bangunan.202408021219.db,places,1.041989,103.9844226,387004.27179248317,115189.43237821246,4,376.58063904968304,7,14,6,276.7603797984206,4.6,2.302585092994046,0
1802,Fajar Abadi,building materials store,Retail,Indonesia.Batam.Toko Bangunan.202408021219.db,places,1.045117,103.9647666,384817.1717851331,115535.94021455066,-1,0.0,3,17,3,68.7325826129889,3.0,1.0986122886681098,0
1803,Sinar Harmonis Bangunan,building materials store,Retail,Indonesia.Batam.Toko Bangunan.202408021219.db,places,1.1120954,104.0771998,397330.1889924231,122936.15874721535,-1,0.0,4,11,2,97.15225116470674,0.0,0.0,0
1806,Volcatron,paint store,Retail,Indonesia.Batam.Toko Bangunan.202408021219.db,places,1.1114227,104.0907116,398833.6031244492,122861.32892215803,10,319.92909645232226,10,27,0,7.9626063459289265,0.0,0.0,0
1808,Samurai Paint - Nusa Centre Bangunan,shop,Retail,Indonesia.Batam.Toko Bangunan.202408021219.db,places,1.1164983,104.0924166,399023.4882698306,123422.3498155021,10,274.6816362871282,14,25,1,6.178644221512303,4.3,1.6094379124341003,0
1809,TB  Buana Baru,building materials store,Retail,Indonesia.Batam.Toko Bangunan.202408021219.db,places,1.0400636,103.9383445,381876.8558035245,114978.27076375816,-1,0.0,1,8,1,440.10341372326786,4.8,1.9459101490553132,0
1810,Toko Bangunan S3 HARDWARE,hardware store,Retail,Indonesia.Batam.Toko Bangunan.202408021219.db,places,1.0522554,103.9706726,385474.61992260907,116324.8626756866,3,451.5484379981019,7,22,0,171.6889411558411,5.0,1.0986122886681098,0
1812,Toko Lima Dua Sukses,building materials store,Retail,Indonesia.Batam.Toko Bangunan.202408021219.db,places,1.067892,103.9292646,380867.5372670783,118055.03730853857,-1,0.0,1,1,1,62.64140934463576,5.0,0.6931471805599453,0
1814,TB  Setia Baru,building materials store,Retail,Indonesia.Batam.Toko Bangunan.202408021219.db,places,1.0415,103.970775,385485.6241514118,115135.86708117722,-1,0.0,1,14,1,480.79764911887145,0.0,0.0,0
1816,PT  Karya Jaya Indosteel,building materials supplier,Retail,Indonesia.Batam.Toko Bangunan.202408021219.db,places,1.1133347,104.0769663,397304.25062226324,123073.16515894295,-1,0.0,4,8,1,39.77706666695834,0.0,0.0,0
1819,Toko indo logam,building materials store,Retail,Indonesia.Batam.Toko Bangunan.202408021219.db,places,1.0475592,103.9546126,383687.37510886486,115806.29703963832,-1,0.0,3,12,3,197.1807049634293,0.0,0.0,0
1820,Han Jaya Piayu,building materials store,Retail,Indonesia.Batam.Toko Bangunan.202408021219.db,places,1.0272443,104.0631899,395768.4597704248,113556.75961075346,-1,0.0,7,9,6,7.792669884780651,0.0,0.0,0
1825,Toko Sri Jaya,building materials store,Retail,Indonesia.Batam.Toko Bangunan.202408021219.db,places,1.0220381,104.0074809,389569.36999070476,112983.10064164303,-1,0.0,2,5,1,388.1070079976401,4.8,1.6094379124341003,0
1827,Toko Sumber Agung,building materials store,Retail,Indonesia.Batam.Toko Bangunan.202408021219.db,places,1.036827,103.959417,384221.59293335455,114619.68774669759,-1,0.0,2,8,0,219.04113553293655,2.0,0.6931471805599453,0
1828,Jotun PT  Tasniem Gerai Inspirasi 1,paint store,Retail,Indonesia.Batam.Toko Bangunan.202408021219.db,places,1.1036197,104.0760276,397199.46768488584,121999.25396170917,-1,0.0,2,12,0,117.39268666488292,5.0,1.3862943611198906,0
1829,Yupindo Jaya,building materials store,Retail,Indonesia.Batam.Toko Bangunan.202408021219.db,places,1.025313,104.0652329,395995.7263403373,113343.19708947455,-1,0.0,6,9,6,63.146177109472816,4.6,1.791759469228055,0
1836,Lingga Keramik Solution,tile store,Retail,Indonesia.Batam.Toko Bangunan.202408021219.db,places,1.1310431,104.0973222,399569.8211416292,125030.02613437608,9,364.9204594856461,12,24,0,36.01925174169529,5.0,1.3862943611198906,0
1838,Syahara Kembar Jaya,building materials store,Retail,Indonesia.Batam.Toko Bangunan.202408021219.db,places,1.1129769,104.0902969,398787.5131258171,123033.1513628593,10,211.68196084133837,16,24,12,35.842549658975166,0.0,0.0,0
1842,Aneka Keramik Solution,building materials supplier,Retail,Indonesia.Batam.Toko Bangunan.202408021219.db,places,1.0384257,104.0719713,396745.94482162537,114792.5223156981,-1,0.0,2,2,1,0.0,4.9,2.0794415416798357,0
1847,Pabrik Kayu Batam,wood supplier,Retail,Indonesia.Batam.Toko Bangunan.202408021219.db,places,1.128539,104.0977934,399622.16434686404,124753.19594169954,9,89.46395145054966,18,23,0,46.47589881078159,5.0,2.302585092994046,0
1848,Bata Merah Mandiri,building materials store,Retail,Indonesia.Batam.Toko Bangunan.202408021219.db,places,1.047763,104.029541,392024.9513076247,115826.14461789675,-1,0.0,3,3,3,257.09317998262384,0.0,0.0,0
1849,Victory,building materials store,Retail,Indonesia.Batam.Toko Bangunan.202408021219.db,places,1.0414103,103.9570781,383961.49824395287,115126.45186329044,-1,0.0,3,19,2,41.41343974079471,3.5,1.6094379124341003,0
1851,Raja Karpet Botania,carpet store,Retail,Indonesia.Batam.Toko Bangunan.202408021219.db,places,1.1283582,104.0974163,399580.1992073005,124733.22255361233,9,107.72742950536853,17,22,0,46.47589881078159,4.3,1.6094379124341003,0
1853,Sakinah,fence supply store,Retail,Indonesia.Batam.Toko Bangunan.202408021219.db,places,1.0548934,103.9689217,385279.88604973257,116616.55377274714,-1,0.0,6,17,0,106.65039016611196,5.0,1.3862943611198906,0
1856,PT  Wiramas Makmur Pratama,building materials store,Retail,Indonesia.Batam.Toko Bangunan.202408021219.db,places,1.0451538,103.96415,384748.56104841427,115540.03102370701,-1,0.0,5,16,3,68.7325826129889,5.0,0.6931471805599453,0
1857,Kaca lestari,building materials store,Retail,Indonesia.Batam.Toko Bangunan.202408021219.db,places,1.025857,104.063357,395787.0084287711,113403.39471689073,-1,0.0,7,9,6,84.85130562124897,0.0,0.0,0
1860,TB pratama mandiri barelang,building materials store,Retail,Indonesia.Batam.Toko Bangunan.202408021219.db,places,1.0276371,103.9785438,386349.60112535337,113603.06884801136,-1,0.0,1,2,0,242.219295564327,5.0,1.0986122886681098,0
1861,TB Anjana,building materials store,Retail,Indonesia.Batam.Toko Bangunan.202408021219.db,places,1.0535311,103.9715526,385572.5878914699,116465.85689398118,3,460.6250465816579,8,19,6,171.6889411558411,0.0,0.0,0
1862,Toko Sen Jaya,building materials store,Retail,Indonesia.Batam.Toko Bangunan.202408021219.db,places,1.0444672,103.9800518,386518.0026783383,115463.54964476333,4,183.24092655050237,9,22,8,12.590202587945729,0.0,0.0,0
1864,Wahana Tata Gypsum,building materials store,Retail,Indonesia.Batam.Toko Bangunan.202408021219.db,places,1.0417423,103.9569057,383942.32653757004,115163.16042721679,-1,0.0,3,18,2,41.15472440830964,5.0,0.6931471805599453,0
1865,Paluta Sukses Store,building materials store,Retail,Indonesia.Batam.Toko Bangunan.202408021219.db,places,1.0299987,104.0055203,389351.4793171269,113863.18980646807,-1,0.0,3,4,3,34.27451507633339,4.2,2.70805020110221,0
1866,Toko Sumber Barelang,building materials store,Retail,Indonesia.Batam.Toko Bangunan.202408021219.db,places,1.0302338,104.0053099,389328.07538621494,113889.1867511531,-1,0.0,3,4,3,1.4050734909404266,5.0,1.3862943611198906,0
1867,Tb  Ironman Perkasa,building materials store,Retail,Indonesia.Batam.Toko Bangunan.202408021219.db,places,1.0565916,103.9465202,382787.2282759165,116805.12338305004,-1,0.0,2,7,0,173.1180863850364,5.0,0.6931471805599453,0
1870,Mitra Warna,building materials store,Retail,Indonesia.Batam.Toko Bangunan.202408021219.db,places,1.0483382,103.9339607,381389.3540546603,115893.18945172134,-1,0.0,1,7,1,73.20938447589943,4.6,2.4849066497880004,0
1871,Batu Aji Plywood Centre,building materials store,Retail,Indonesia.Batam.Toko Bangunan.202408021219.db,places,1.0399,103.9485806,383015.8798549993,114959.80362979129,-1,0.0,5,10,5,220.59022171906494,1.3,1.3862943611198906,0
1874,Pt  Harapan Sri Jaya,building materials store,Retail,Indonesia.Batam.Toko Bangunan.202408021219.db,places,1.0416331,103.9803422,386550.2152352862,115150.2349999753,4,237.20455568489254,8,16,7,15.349767495616012,4.2,1.9459101490553132,0
1875,Modern Sukses,building materials store,Retail,Indonesia.Batam.Toko Bangunan.202408021219.db,places,1.0408321,103.9822169,386758.7927527386,115061.61865096753,4,309.10795746863033,8,15,7,220.21408140674635,5.0,1.0986122886681098,0
1877,Reno Hardware,hardware store,Retail,Indonesia.Batam.Toko Bangunan.202408021219.db,places,1.0411339,103.9903913,387668.4036376983,115094.68958173181,-1,0.0,2,7,0,226.57775343400223,4.6,2.0794415416798357,0
1878,TB Beda Arga,building materials store,Retail,Indonesia.Batam.Toko Bangunan.202408021219.db,places,1.024225,103.958547,384124.32790084754,113226.58387541388,-1,0.0,1,5,1,395.03915862863784,0.0,0.0,0
1882,Bangun Adya Bahan  PT,building materials store,Retail,Indonesia.Batam.Toko Bangunan.202408021219.db,places,1.0392346,103.9267051,380581.6366517296,114887.06293480704,-1,0.0,0,1,0,785.1021855404882,5.0,0.6931471805599453,0
1884,Jaya Star Keramik,chinaware store,Retail,Indonesia.Batam.Toko Bangunan.202408021219.db,places,1.0563965,103.9665662,385017.83442863316,116782.80618991563,-1,0.0,3,11,0,107.15017495250925,4.6,1.791759469228055,0
1888,Toko Selix,building materials store,Retail,Indonesia.Batam.Toko Bangunan.202408021219.db,places,1.044743,103.981132,386638.2110809933,115493.99979604299,4,140.21413217415943,9,18,8,39.936541832764625,0.0,0.0,0
1890,Kathindo Usaha Sekawan PT,building materials store,Retail,Indonesia.Batam.Toko Bangunan.202408021219.db,places,1.065637,103.918772,379699.88030889444,117806.15522461852,-1,0.0,1,3,1,276.465548140147,0.0,0.0,0
1892,Toko Pangunan Yulindo,hardware store,Retail,Indonesia.Batam.Toko Bangunan.202408021219.db,places,1.0461803,103.9281762,380745.59678149666,115654.85360783401,-1,0.0,0,3,0,686.460050718596,5.0,1.3862943611198906,0
1895,Master,building materials store,Retail,Indonesia.Batam.Toko Bangunan.202408021219.db,places,1.048313,103.96918,385308.3879900686,115889.0914322503,-1,0.0,4,23,3,117.60310732714042,0.0,0.0,0
1897,Toko Kota Baru,building materials store,Retail,Indonesia.Batam.Toko Bangunan.202408021219.db,places,1.027756,103.9590925,384185.155838199,113616.91181303504,-1,0.0,3,5,1,189.54423775322428,0.0,0.0,0
1898,Twin Paint Shop Jotun,paint store,Retail,Indonesia.Batam.Toko Bangunan.202408021219.db,places,1.0510601,103.9501154,383187.07815076143,116193.48565309045,-1,0.0,2,11,0,207.77800640304133,5.0,1.6094379124341003,0
1899,Sinar Bangunan,building materials store,Retail,Indonesia.Batam.Toko Bangunan.202408021219.db,places,1.1582047,104.0310642,392198.41636999015,128035.02002385679,1,689.77422135068,6,31,5,18.069840247695534,5.0,0.6931471805599453,0
1900,Barokah Jaya Teralis,fence supply store,Retail,Indonesia.Batam.Toko Bangunan.202408021219.db,places,1.038775,103.9597769,384261.7117430506,114835.02353137847,-1,0.0,4,14,0,219.04113553293655,1.0,0.6931471805599453,0
1901,Tb  Lima Dua Sukses,building materials store,Retail,Indonesia.Batam.Toko Bangunan.202408021219.db,places,1.0639464,103.953184,383529.0173501632,117617.93843834708,-1,0.0,0,2,0,749.0300372023387,0.0,0.0,0
1905,Modern Teknik,tool store,Retail,Indonesia.Batam.Toko Bangunan.202408021219.db,places,1.0474021,103.9401431,382077.27009586245,115789.47058088925,-1,0.0,4,8,0,121.16576706176495,4.0,1.0986122886681098,0
1906,Inti Bangunan  PT,furniture store,Retail,Indonesia.Batam.Toko Bangunan.202408021219.db,places,1.148767,104.022245,391216.75849170436,126992.05054646185,1,856.6934537252922,2,25,0,284.93471106030904,0.0,0.0,0
1907,Tb  Permata Harapan,building materials store,Retail,Indonesia.Batam.Toko Bangunan.202408021219.db,places,1.0570358,103.9419704,382280.96521547507,116854.4014648014,-1,0.0,1,7,0,348.09414342954915,3.7,2.0794415416798357,0
1913,Toko Jaya Pratama,building materials store,Retail,Indonesia.Batam.Toko Bangunan.202408021219.db,places,1.145384,104.037622,392927.6129113246,126617.49200268033,2,41.49259787332896,15,21,11,10.160435938703136,4.6,2.70805020110221,0
1926,Toko Dwi Sukses,building materials store,Retail,Indonesia.Batam.Toko Bangunan.202408021219.db,places,1.1581121,104.02482,391503.6301505503,128025.02169175557,1,253.37457092851076,18,28,13,61.72596762154994,4.3,2.772588722239781,0
1927,Toko Maju Jaya,building materials store,Retail,Indonesia.Batam.Toko Bangunan.202408021219.db,places,1.1594673,104.0194627,390907.58227782603,128175.04033587858,-1,0.0,2,27,2,74.79470372433104,0.0,0.0,0
1928,Toko Dwi Bangun,building materials store,Retail,Indonesia.Batam.Toko Bangunan.202408021219.db,places,1.1581919,104.0309023,392180.40153415274,128033.6111887606,1,672.5565062176909,6,31,5,18.069840247695534,5.0,0.6931471805599453,0
1931,Mandiri Sejati Toko,building materials store,Retail,Indonesia.Batam.Toko Bangunan.202408021219.db,places,1.1568639,104.0248916,391511.5495395038,127887.03468135056,1,119.0178574352223,20,30,15,53.94649299105173,5.0,1.3862943611198906,0
1934,Cahaya Indah Abadi,hardware store,Retail,Indonesia.Batam.Toko Bangunan.202408021219.db,places,1.1455504,104.0068486,389503.4883857961,126637.05522227197,0,219.92681679899374,14,58,0,174.46016093439252,5.0,1.3862943611198906,0
1936,Tb  Bangunan Jaya,building materials store,Retail,Indonesia.Batam.Toko Bangunan.202408021219.db,places,1.1586717,104.0207038,391045.64745144884,128087.04155095937,1,598.9122706629516,7,27,5,163.72470282383253,5.0,1.6094379124341003,0
1942,TB  Cipta Mas,building materials store,Retail,Indonesia.Batam.Toko Bangunan.202408021219.db,places,1.145518,104.0044789,389239.811270091,126633.56498361666,0,414.3226992901855,17,55,10,108.4429238330426,4.3,1.3862943611198906,0
1944,Toko Jaya Bengkong,building materials store,Retail,Indonesia.Batam.Toko Bangunan.202408021219.db,places,1.1373098,104.0281116,391869.10028108465,125725.2746679206,5,437.7669722109852,15,27,11,74.97922057082673,4.4,1.791759469228055,0
1955,Keramik Jaya Indah Toko,building materials store,Retail,Indonesia.Batam.Toko Bangunan.202408021219.db,places,1.147169,104.006258,389437.8345973559,126816.00972820792,0,165.89510903549848,14,57,7,190.61777233858894,5.0,1.3862943611198906,0
1959,Indo Sakti,building materials store,Retail,Indonesia.Batam.Toko Bangunan.202408021219.db,places,1.1490228,104.0102518,389882.29397052637,127020.78789658974,0,336.54767516158023,24,48,12,32.28669874614713,5.0,0.6931471805599453,0
1960,Yau Huat,building materials store,Retail,Indonesia.Batam.Toko Bangunan.202408021219.db,places,1.1346559,104.0075009,389575.6544503465,125432.67393932628,11,271.99952708097265,9,24,4,223.10907828872956,5.0,0.6931471805599453,0
1961,Celindo Jaya toko,building materials store,Retail,Indonesia.Batam.Toko Bangunan.202408021219.db,places,1.1364789,104.0258315,391615.3640945606,125633.50706117002,5,538.9900823130162,8,29,5,113.72954259224167,0.0,0.0,0
1964,Carnation Material Toko,building materials store,Retail,Indonesia.Batam.Toko Bangunan.202408021219.db,places,1.137914,104.029264,391997.3494594359,125792.02367882225,5,464.07346320812036,17,29,12,144.57967424268193,0.0,0.0,0
1965,Toko Tujuh samudera,building materials store,Retail,Indonesia.Batam.Toko Bangunan.202408021219.db,places,1.1338852,104.0307212,392159.34157106956,125346.59984551107,5,97.8530869217592,16,32,9,69.34213638515475,5.0,1.0986122886681098,0
1966,Amazon Toko,building materials store,Retail,Indonesia.Batam.Toko Bangunan.202408021219.db,places,1.1427066,104.0118471,390059.5612200511,126322.4893137977,0,685.1990307277568,7,48,3,243.84026506198677,4.0,0.6931471805599453,0
1973,Benadi Metra Perkasa  PT,building materials store,Retail,Indonesia.Batam.Toko Bangunan.202408021219.db,places,1.1494055,104.0082589,389660.55973032105,127063.17119033607,0,237.04141732981944,28,53,13,161.0064649962068,0.0,0.0,0
1974,Maranisha Pratama  PT,building materials store,Retail,Indonesia.Batam.Toko Bangunan.202408021219.db,places,1.141719,104.018585,390809.24679720384,126213.05628618946,-1,0.0,3,17,3,305.57965239881736,4.0,0.6931471805599453,0
1976,En Keramik,building materials store,Retail,Indonesia.Batam.Toko Bangunan.202408021219.db,places,1.1491895,104.0107704,389940.0046774724,127039.19610692697,0,395.0869968280287,23,48,11,9.9506364302996,0.0,0.0,0
1977,Golden Bintangur Timber  PT,building materials store,Retail,Indonesia.Batam.Toko Bangunan.202408021219.db,places,1.1485981,104.0374212,392905.38966205093,126972.80599467532,2,393.8060107811627,13,26,10,12.791290728190083,0.0,0.0,0
1979,Toko Wira Utama,building materials store,Retail,Indonesia.Batam.Toko Bangunan.202408021219.db,places,1.146385,104.003727,389156.180855416,126729.43856873934,0,458.558090332431,15,55,7,127.22338850614985,0.0,0.0,0
1980,Jori Jaya Batam,building materials store,Retail,Indonesia.Batam.Toko Bangunan.202408021219.db,places,1.1608856,104.0089731,389740.47096419515,128332.23572553422,-1,0.0,4,16,3,264.4591093905253,0.0,0.0,0
1982,Toko Fuzi,building materials store,Retail,Indonesia.Batam.Toko Bangunan.202408021219.db,places,1.129604,104.029421,392014.5107880459,124873.37692038964,5,461.67088974402367,10,32,6,14.800638732817822,0.0,0.0,0
1985,TB  Berkah Abadi Fuad Norman,building materials store,Retail,Indonesia.Batam.Toko Bangunan.202408021219.db,places,1.1446545,103.9948551,388168.9382286063,126538.48093229794,-1,0.0,4,8,2,136.48054487139228,0.0,0.0,0
1987,Tb Indo Baja,building materials store,Retail,Indonesia.Batam.Toko Bangunan.202408021219.db,places,1.1409797,104.0275504,391806.7928530032,126130.99030502935,5,838.3913236127881,8,25,6,70.01923454259183,5.0,0.6931471805599453,0
1988,Universal Tiles,tile store,Retail,Indonesia.Batam.Toko Bangunan.202408021219.db,places,1.148829,104.0114617,390016.91142565256,126999.31726925552,0,446.134910341733,24,47,0,86.63122768189699,5.0,0.6931471805599453,0
1990,Pro Teknik,building materials store,Retail,Indonesia.Batam.Toko Bangunan.202408021219.db,places,1.146069,104.0113693,390006.524695497,126694.21098203135,0,426.97342004970943,21,53,12,15.236044596789775,0.0,0.0,0
1993,Bajamas Toko,building materials store,Retail,Indonesia.Batam.Toko Bangunan.202408021219.db,places,1.1336337,104.0291336,391982.68100945983,125318.85660597625,5,80.98732098095269,18,33,11,65.11562381046633,0.0,0.0,0
1996,Toko Besi,building materials store,Retail,Indonesia.Batam.Toko Bangunan.202408021219.db,places,1.14241,104.00534,389335.5065618453,126289.95087532715,0,605.5197771250574,15,47,8,57.561392307271056,4.7,1.3862943611198906,0
2002,Legenda Jaya,building materials store,Retail,Indonesia.Batam.Toko Bangunan.202408021219.db,places,1.1012869,104.053365,394677.7323863842,121742.16601572759,8,519.8536840444403,6,16,6,74.01476283922234,4.5,2.8903717578961645,0
2005,Pt Kaca MAS Indo Perkasa,building materials store,Retail,Indonesia.Batam.Toko Bangunan.202408021219.db,places,1.1432901,104.0208446,391060.7303236628,126386.65052537943,-1,0.0,2,18,2,174.62379483774615,0.0,0.0,0
2006,Toko Sinar Legenda,building materials store,Retail,Indonesia.Batam.Toko Bangunan.202408021219.db,places,1.1028208,104.0631745,395769.28550131846,121911.38664413274,8,590.1475501936166,7,18,4,98.92180760250362,4.4,2.302585092994046,0
2007,PT  Multi Super helindo Perkasa,tool store,Retail,Indonesia.Batam.Toko Bangunan.202408021219.db,places,1.1456528,104.0084132,389677.58481322223,126648.31496075497,0,199.48845264141514,21,56,2,174.46016093439252,0.0,0.0,0
2008,TK Limindo Jaya,building materials store,Retail,Indonesia.Batam.Toko Bangunan.202408021219.db,places,1.1031469,104.0750829,397094.3355848318,121947.0209795942,-1,0.0,2,10,1,117.39268666488292,4.8,2.6390573296152584,0
2015,Toko Kalindo,building materials store,Retail,Indonesia.Batam.Toko Bangunan.202408021219.db,places,1.111162,104.0398489,393174.1485758192,122834.3005836167,-1,0.0,2,11,2,137.4016228256464,5.0,1.791759469228055,0
2018,Prima Bangunan,building materials store,Retail,Indonesia.Batam.Toko Bangunan.202408021219.db,places,1.145068,104.0053449,389336.1536134506,126583.78526279141,0,365.1812132075482,17,57,10,80.99769704290193,0.0,0.0,0
2021,Leeka Batindo,building materials store,Retail,Indonesia.Batam.Toko Bangunan.202408021219.db,places,1.1295546,104.0041422,389201.7377518291,124868.86754265183,-1,0.0,5,15,4,39.11795574071599,0.0,0.0,0
2031,Ace Hardware Nagoya Hill,home improvement store,Retail,Indonesia.Batam.Toko Bangunan.202408021219.db,places,1.1454715,104.0132024,390210.47003470163,126628.08882464167,0,641.3462193613207,11,43,0,177.85035273071085,4.4,0.6931471805599453,2
2033,TB Mega UC,building materials store,Retail,Indonesia.Batam.Toko Bangunan.202408021219.db,places,1.1007534,104.0596024,395371.7475551637,121682.97034228574,8,271.43850250674143,11,21,7,186.8134868049926,0.0,0.0,0
2035,Toko Sinar Harapan,hardware store,Retail,Indonesia.Batam.Toko Bangunan.202408021219.db,places,1.1491882,104.0096897,389819.7557529566,127039.09406119671,0,299.0345351693153,24,48,1,65.16244562184598,5.0,1.6094379124341003,0
2037,PT Ganda Putra Sejahtera (Lubuk Baja),building materials store,Retail,Indonesia.Batam.Toko Bangunan.202408021219.db,places,1.1492795,104.0107719,389940.1750271886,127049.14528510119,0,400.50627150219566,22,47,11,9.9506364302996,3.3,1.6094379124341003,0
2041,PT  Sri Multi Mandiri Pratama,tool store,Retail,Indonesia.Batam.Toko Bangunan.202408021219.db,places,1.144396,104.005635,389368.4072087973,126509.48632260069,0,399.7347889156722,16,54,2,80.99769704290193,5.0,0.6931471805599453,0
2044,Toko Istana Gunung Bintan,building materials store,Retail,Indonesia.Batam.Toko Bangunan.202408021219.db,places,1.121712,104.0330879,392422.23558587185,124000.80943429164,-1,0.0,5,20,4,205.13967862385408,4.8,1.6094379124341003,0
2048,Singtam Jaya Perkasa  PT,building materials store,Retail,Indonesia.Batam.Toko Bangunan.202408021219.db,places,1.136504,104.0168959,390621.1048708153,125636.618649214,-1,0.0,4,16,2,352.62736785757835,0.0,0.0,0
2052,Jmg Internasional,tool store,Retail,Indonesia.Batam.Toko Bangunan.202408021219.db,places,1.145582,104.0116078,390033.04390008363,126640.3654170416,0,471.48210163916275,20,52,1,42.16007582382846,3.0,1.0986122886681098,0
2058,Seraya Adyaconcrete  PT,building materials store,Retail,Indonesia.Batam.Toko Bangunan.202408021219.db,places,1.1395837,104.0160703,390529.35672940797,125977.10115847176,-1,0.0,4,22,3,352.62736785757835,0.0,0.0,0
2060,PT  Limmindo Makmur Abadi,building materials store,Retail,Indonesia.Batam.Toko Bangunan.202408021219.db,places,1.1418186,104.0048393,389279.7711031698,126224.59251547436,0,689.0947884270851,13,40,7,48.47163378637795,4.7,2.302585092994046,0
2062,Bangunan Maju Jaya,building materials store,Retail,Indonesia.Batam.Toko Bangunan.202408021219.db,places,1.1250418,104.0151496,390426.3646865356,124369.57409558377,-1,0.0,2,6,2,228.3945394201049,5.0,0.6931471805599453,0
2064,Steric Putra Abadi  CV,building materials store,Retail,Indonesia.Batam.Toko Bangunan.202408021219.db,places,1.144283,104.019624,390924.9524811519,126496.4587546094,-1,0.0,2,21,2,174.62379483774615,0.0,0.0,0
2068,Sinar Utama,building materials store,Retail,Indonesia.Batam.Toko Bangunan.202408021219.db,places,1.133441,104.0113459,390003.4417989796,125298.22385918647,11,178.9237098430925,8,19,4,190.48519967382364,3.7,1.3862943611198906,0
2069,UD WIRABUANA JAYA,hardware store,Retail,Indonesia.Batam.Toko Bangunan.202408021219.db,places,1.1012908,104.0579172,395184.2546791198,121742.43666933943,8,132.95801387396597,10,21,0,0.0,0.0,0.0,0
2077,PT  Wiraraja Trading Indonesia,building materials store,Retail,Indonesia.Batam.Toko Bangunan.202408021219.db,places,1.1479138,104.0035885,389140.8288407911,126898.44865290687,0,466.57623323477384,12,52,6,169.70590120369846,0.0,0.0,0
2079,Metalindo Karya Bangunan,building materials store,Retail,Indonesia.Batam.Toko Bangunan.202408021219.db,places,1.1247502,104.0286793,391931.8032018199,124336.83410994343,5,1004.2538096661161,5,19,4,133.31405674244746,0.0,0.0,0
2083,TB  Buana Baru,building materials store,Retail,Indonesia.Batam.Toko Bangunan.202408021219.db,places,1.1164314,104.0922745,399007.67480068,123414.95927458031,10,264.22457622563184,14,25,11,17.455254271782245,4.0,1.0986122886681098,0
2084,Abilghani  UD,building materials store,Retail,Indonesia.Batam.Toko Bangunan.202408021219.db,places,1.101777,104.0513172,394449.8912211254,121796.41690463133,-1,0.0,3,15,3,232.96667054597546,0.0,0.0,0
2085,Inti Bangunan Perkasa  PT,building materials store,Retail,Indonesia.Batam.Toko Bangunan.202408021219.db,places,1.1389224,104.0087003,389709.2736738641,125904.27749907278,0,935.0679569551974,7,38,3,354.907277101477,0.0,0.0,0
2088,TB  Bersama,building materials store,Retail,Indonesia.Batam.Toko Bangunan.202408021219.db,places,1.1043684,104.085176,398217.4252818691,122081.70409295148,-1,0.0,6,14,5,207.09986991553322,5.0,0.6931471805599453,0
2090,Mega Sukses Utama,building materials store,Retail,Indonesia.Batam.Toko Bangunan.202408021219.db,places,1.1094486,104.048917,394183.0928376136,122644.56505789675,12,670.0775463795003,2,16,0,385.5269550671285,0.0,0.0,0
2092,Toko Era Bangunan,building materials store,Retail,Indonesia.Batam.Toko Bangunan.202408021219.db,places,1.1231152,104.0144083,390343.8082055722,124156.62223931607,-1,0.0,2,3,2,228.3945394201049,5.0,0.6931471805599453,0
2093,Semen Instan AKA Mortar,building materials store,Retail,Indonesia.Batam.Toko Bangunan.202408021219.db,places,1.1083611,104.0437712,393610.4821406187,122524.53088128015,-1,0.0,2,12,1,277.67255340551577,5.0,1.0986122886681098,0
2096,PT Trisetia Eka Jaya,building materials store,Retail,Indonesia.Batam.Toko Bangunan.202408021219.db,places,1.1414747,104.0043582,389226.22598714934,126186.59384156736,0,748.3426211049974,12,37,7,65.65804343976124,5.0,0.6931471805599453,0
2102,Usaha Bersama,building materials store,Retail,Indonesia.Batam.Toko Bangunan.202408021219.db,places,1.1278621,104.0388418,393062.6937867276,124680.46822899861,-1,0.0,5,24,4,212.44011226268915,5.0,1.3862943611198906,0
2104,PT  Alfa Tech Jaya,building materials store,Retail,Indonesia.Batam.Toko Bangunan.202408021219.db,places,1.1387386,104.0031832,389095.3790825621,125884.17062449877,0,1076.238951505341,9,27,5,295.903063869284,4.7,1.9459101490553132,0
2106,Astoria Mart,building materials store,Retail,Indonesia.Batam.Toko Bangunan.202408021219.db,places,1.1331528,104.0130389,390191.8110042491,125266.29996946364,11,366.6964620375625,7,18,3,191.05520728024555,0.0,0.0,0
2107,Jayaboard,building materials store,Retail,Indonesia.Batam.Toko Bangunan.202408021219.db,places,1.101414,104.0575194,395139.99590561446,121756.06986750782,8,125.87117832875066,13,19,9,42.2782550754542,0.0,0.0,0
2108,supplayer,building materials store,Retail,Indonesia.Batam.Toko Bangunan.202408021219.db,places,1.1414128,104.0050043,389298.11511309975,126179.72608502116,0,721.087278824663,13,36,8,48.47163378637795,0.0,0.0,0
2111,Toko Clasic Aluminium  Komplek Legenda junction blok Lj 2 no 16 batam center,building materials store,Retail,Indonesia.Batam.Toko Bangunan.202408021219.db,places,1.1012908,104.0579172,395184.2546791198,121742.43666933943,8,132.95801387396597,10,21,6,0.0,4.7,2.3978952727983707,0
2114,TB Maju Jaya,building materials store,Retail,Indonesia.Batam.Toko Bangunan.202408021219.db,places,1.106096,104.084456,398137.3706782416,122272.70570696842,-1,0.0,6,17,5,136.61827439124826,0.0,0.0,0
2117,Madeira  PT,building materials store,Retail,Indonesia.Batam.Toko Bangunan.202408021219.db,places,1.115555,104.0468783,393956.46535177156,123319.67523767857,12,90.52411004752572,9,18,2,87.40417862233556,0.0,0.0,0
2129,MOSAIC ECO CARAT BATAM,building materials supplier,Retail,Indonesia.Batam.Toko Bangunan.202408021219.db,places,1.1163551,104.048445,394130.81984989205,123408.06651746151,12,137.89227171996086,8,16,2,59.69691759200038,5.0,0.6931471805599453,0
2137,Andika Jaya Teralis,fence supply store,Retail,Indonesia.Batam.Toko Bangunan.202408021219.db,places,1.103443,104.0583669,395234.3678809267,121980.33682983312,8,118.13290975148604,12,21,0,113.65591786801153,3.0,1.0986122886681098,0
2142,Mizu,tool store,Retail,Indonesia.Batam.Toko Bangunan.202408021219.db,places,1.1414096,104.0030096,389076.16483645514,126179.44919797435,0,839.5556761231508,11,28,1,147.94814438505014,0.0,0.0,0
2144,Avian Paint Batam Teknik,paint store,Retail,Indonesia.Batam.Toko Bangunan.202408021219.db,places,1.1027077,104.0640564,395867.41008718195,121898.85310239608,8,687.5722292228929,6,17,0,98.92180760250362,0.0,0.0,0
2150,DINGQI INDONESIA,tool store,Retail,Indonesia.Batam.Toko Bangunan.202408021219.db,places,1.10192,104.0608171,395506.94740138156,121811.8900088805,8,332.8103513982549,10,21,0,2.4758757664361575,0.0,0.0,0
2153,PT  Tata Global Metalindo,building materials store,Retail,Indonesia.Batam.Toko Bangunan.202408021219.db,places,1.1244105,104.0275297,391803.8749637437,124299.32406291789,-1,0.0,3,17,3,133.31405674244746,0.0,0.0,0
2155,TB Cahaya Baru,building materials store,Retail,Indonesia.Batam.Toko Bangunan.202408021219.db,places,1.1041372,104.0687096,396385.2181097026,122056.7150143072,-1,0.0,3,10,3,305.06924209078676,4.8,1.6094379124341003,0
2159,Neutral Stone,building materials store,Retail,Indonesia.Batam.Toko Bangunan.202408021219.db,places,1.1193668,104.0415599,393364.8266582441,123741.24679300514,-1,0.0,5,26,3,190.65225512438923,0.0,0.0,0
2160,MR DIY,home improvement store,Retail,Indonesia.Batam.Toko Bangunan.202408021219.db,places,1.1319995,104.010408,389899.0272375298,125138.905904605,11,241.6902976219087,7,20,0,190.48519967382364,4.1,3.784189633918261,0
2163,Toko Cipta Utama,shop,Retail,Indonesia.Batam.Toko Bangunan.202408021219.db,places,1.135114,104.0096498,389814.77999235457,125483.23362407011,11,112.7953767430213,10,26,0,5.014344685015942,3.0,1.0986122886681098,0
2193,TB  Nusa Centre Bangunan,building materials store,Retail,Indonesia.Batam.Toko Bangunan.202408021219.db,places,1.1164857,104.0924707,399029.5074397787,123420.9550977702,10,274.7705827644903,14,25,11,6.178644221512303,5.0,1.3862943611198906,0
2195,Toko Cipta Abadi,building materials store,Retail,Indonesia.Batam.Toko Bangunan.202408021219.db,places,1.146122,104.0112429,389992.46225125156,126700.074830324,0,411.7690518145825,23,54,13,15.236044596789775,3.7,1.3862943611198906,0
2203,TB Sumber Jaya,building materials store,Retail,Indonesia.Batam.Toko Bangunan.202408021219.db,places,1.1195498,104.0576328,395153.25299964857,123760.89703568415,-1,0.0,4,5,2,215.8481494496968,5.0,1.791759469228055,0
2211,TB  Citra Supplier Batam,building materials store,Retail,Indonesia.Batam.Toko Bangunan.202408021219.db,places,1.1016453,104.0753743,397126.70784575155,121781.01662539634,-1,0.0,2,8,1,169.1313362145187,4.0,0.6931471805599453,0
2242,Batam Cahaya Penguin,building materials store,Retail,Indonesia.Batam.Toko Bangunan.202408021219.db,places,1.107382,104.0561669,394989.71311515395,122415.85331356854,8,573.1157272834795,3,20,2,110.29226668425495,2.5,1.0986122886681098,0
2271,Toko Jaya Bangunan,building materials store,Retail,Indonesia.Batam.Toko Bangunan.202408021219.db,places,1.101437,104.0559689,394967.4730257953,121758.6670157079,8,242.6542385681043,11,18,9,172.54242736169877,0.0,0.0,0
2285,Distributor ACP MACO ALCOPAN,building materials store,Retail,Indonesia.Batam.Toko Bangunan.202408021219.db,places,1.1207327,104.0346539,392596.44823257334,123892.49396228898,-1,0.0,7,19,6,72.71679105109627,5.0,0.6931471805599453,0
2289,Spring Centre   DDL_pt,hardware store,Retail,Indonesia.Batam.Toko Bangunan.202408021219.db,places,1.1183763,104.036092,392756.3795288563,123631.95018284471,-1,0.0,6,13,0,77.67537647377594,5.0,1.0986122886681098,0
2291,UD Pantas Jaya,building materials store,Retail,Indonesia.Batam.Toko Bangunan.202408021219.db,places,1.1075626,104.0895578,398705.0904770935,122434.6556391653,10,764.2882902228582,6,22,3,377.9166424480267,0.0,0.0,0
2313,New Getsemani,building materials store,Retail,Indonesia.Batam.Toko Bangunan.202408021219.db,places,1.064217,104.1182776,401899.28773861716,117642.11029692071,-1,0.0,2,12,2,224.18783687040823,4.5,1.6094379124341003,0
2333,TB  Bangun Century,building materials store,Retail,Indonesia.Batam.Toko Bangunan.202408021219.db,places,1.1148047,104.0959733,399419.17752289027,123235.01005395943,10,465.47256434881626,9,24,8,102.80770977926245,4.3,3.1780538303479458,0
2347,Tokoh bangunan Nikita,building materials store,Retail,Indonesia.Batam.Toko Bangunan.202408021219.db,places,1.1318291,104.0257212,391602.9180566875,125119.49181582016,5,506.5674081268857,6,28,4,428.9128347955237,5.0,0.6931471805599453,0
2364,TB Sinar Jaya II,building materials store,Retail,Indonesia.Batam.Toko Bangunan.202408021219.db,places,1.0372757,103.9689454,385281.88332758803,114668.94393497243,-1,0.0,0,8,0,509.4384631672151,4.2,2.302585092994046,0
2365,Cahaya Intan Toko,building materials store,Retail,Indonesia.Batam.Toko Bangunan.202408021219.db,places,1.14808,104.111938,401196.65933379333,126912.84883113735,-1,0.0,1,5,1,21.186956423853854,4.0,0.6931471805599453,0
2366,Cahaya Menara Bangunan,building materials store,Retail,Indonesia.Batam.Toko Bangunan.202408021219.db,places,1.1331069,104.1053,400457.55897006515,125257.89206416675,-1,0.0,5,18,3,82.63234977648098,5.0,1.6094379124341003,0
2370,Alifin,building materials store,Retail,Indonesia.Batam.Toko Bangunan.202408021219.db,places,1.143427,104.1195319,402041.4449344519,126398.22806801072,-1,0.0,5,8,3,203.98630079248835,5.0,0.6931471805599453,0
2374,TB Lima Jaya,building materials store,Retail,Indonesia.Batam.Toko Bangunan.202408021219.db,places,1.140057,104.117106,401771.40985334496,126025.77872966803,-1,0.0,3,7,3,171.47667236781635,1.0,0.6931471805599453,0
2376,Bayang Prima Sejati Toko,building materials store,Retail,Indonesia.Batam.Toko Bangunan.202408021219.db,places,1.0456264,104.0304535,392126.41446868156,115589.9198729145,-1,0.0,3,3,3,0.0,0.0,0.0,0
2379,Toko Barokah Gypsum & Baja Ringan,building materials store,Retail,Indonesia.Batam.Toko Bangunan.202408021219.db,places,1.1507189,104.1326711,403503.6350933186,127203.85325585451,-1,0.0,5,5,4,152.0742847184934,5.0,0.6931471805599453,0
2385,TB  Mitra Sejati,hardware store,Retail,Indonesia.Batam.Toko Bangunan.202408021219.db,places,1.0463398,103.9603188,384322.28793560737,115671.28267383738,-1,0.0,5,14,1,0.0,4.6,1.791759469228055,0
2388,Indo Bangunan,building materials store,Retail,Indonesia.Batam.Toko Bangunan.202408021219.db,places,1.0697879,104.116367,401686.87371473707,118257.99878580844,-1,0.0,2,9,2,212.40650950218196,0.0,0.0,0
2403,Toko Bangunan Ameria,construction material wholesaler,Retail,Indonesia.Batam.Toko Bangunan.202408021219.db,places,1.1443559,104.121116,402217.7330819939,126500.85798541894,-1,0.0,2,6,0,104.51131835021533,0.0,0.0,0
2408,Bangun Adya Bahan PT,building materials store,Retail,Indonesia.Batam.Toko Bangunan.202408021219.db,places,1.147909,104.112024,401206.2223585266,126893.9428616976,-1,0.0,1,5,1,21.186956423853854,0.0,0.0,0
2418,TB  ELSADAI,building materials store,Retail,Indonesia.Batam.Toko Bangunan.202408021219.db,places,1.058495,104.121995,402312.73991934134,117009.46249436792,-1,0.0,1,4,1,399.39962430876074,1.0,0.6931471805599453,0
2419,Toko Cahaya Indo Bangunan,homewares store,Retail,Indonesia.Batam.Toko Bangunan.202408021219.db,places,1.1606201,104.1011439,399996.07702936744,128299.45918639001,-1,0.0,1,1,1,20.88264171777321,4.8,2.3978952727983707,0
2421,Toko Bangunan Kawan Utama,material handling equipment supplier,Retail,Indonesia.Batam.Toko Bangunan.202408021219.db,places,1.1311177,104.0318514,392284.9959695716,125040.62072937214,5,367.04750784679175,17,32,0,141.74310957856346,5.0,1.0986122886681098,0
2424,Toko Dwi Baru,building materials store,Retail,Indonesia.Batam.Toko Bangunan.202408021219.db,places,1.158393,104.027863,391842.2309854142,128055.9578998365,1,397.471374845456,13,29,9,19.856365329357224,4.9,2.302585092994046,0
2433,Sonli Metalindo,building materials store,Retail,Indonesia.Batam.Toko Bangunan.202408021219.db,places,1.1479089,104.1292622,403124.24727875536,126893.3420309999,-1,0.0,1,7,1,490.25741666982907,0.0,0.0,0
2450,Window Glass Alumindo,glass shop,Retail,Indonesia.Batam.Toko Bangunan.202408021219.db,places,1.1367767,104.1106044,401047.8879324732,125663.3842620348,-1,0.0,1,10,0,302.95418923220336,5.0,0.6931471805599453,0
2470,Pintu second,door shop,Retail,Indonesia.Batam.Toko Bangunan.202408021219.db,places,1.1453013,104.1211236,402218.61073579517,126605.36561857129,-1,0.0,2,6,0,104.51131835021533,0.0,0.0,0
2471,Percetakan batako bapak Jamasri,hardware store,Retail,Indonesia.Batam.Toko Bangunan.202408021219.db,places,1.131451,104.1411459,404445.9509961605,125073.63690724739,-1,0.0,0,0,0,2249.0503449264434,0.0,0.0,0
2472,TOKO PELANGI MOWILEX - PARAGON - NIPPON,paint store,Retail,Indonesia.Batam.Toko Bangunan.202408021219.db,places,1.1525163,104.130505,403262.68343931413,127402.61714645832,-1,0.0,4,5,0,14.532325051951036,5.0,1.9459101490553132,0
2476,Toko Bangunan Prima Sejah Tera,building materials store,Retail,Indonesia.Batam.Toko Bangunan.202408021219.db,places,1.0521587,103.9759048,386056.8257892676,116313.98105248698,3,264.1522484975378,8,22,8,12.298045536792447,0.0,0.0,0
2520,Toko cat Jotun Cipta Jaya Bangunan,paint store,Retail,Indonesia.Batam.Toko Bangunan.202408021219.db,places,1.1339727,104.1063705,400576.699804255,125353.5643018765,-1,0.0,5,11,1,0.0,4.1,2.1972245773362196,0
2548,TOKO  MAJU BERSAMA -TOA PAINT -,building materials store,Retail,Indonesia.Batam.Toko Bangunan.202408021219.db,places,1.1415975,104.1169252,401751.3451534667,126196.07745833368,-1,0.0,3,9,3,0.0,4.4,2.302585092994046,0
2550,Modern Sukses Barelang 2,building materials store,Retail,Indonesia.Batam.Toko Bangunan.202408021219.db,places,0.8416898,104.1735347,408041.7518284299,93041.82275410219,-1,0.0,0,0,0,13409.214763647775,5.0,1.0986122886681098,0
2557,Toko Bangunan SANGLANG JAYA,building materials market,Retail,Indonesia.Batam.Toko Bangunan.202408021219.db,places,1.1579619,104.0253543,391563.0752477335,128008.39714665823,1,230.79343924917612,17,28,0,30.249832015145273,5.0,1.6094379124341003,0
2561,Toko Multi Karya,hardware store,Retail,Indonesia.Batam.Toko Bangunan.202408021219.db,places,1.1351497,104.009622,389811.6880380936,125487.18121466038,11,117.37498743828118,10,26,2,5.014344685015942,0.0,0.0,0
2563,Toko Batam Keramik Indah,building materials store,Retail,Indonesia.Batam.Toko Bangunan.202408021219.db,places,1.148681,104.037341,392896.4690111825,126981.97327925563,2,403.2166937427169,13,26,10,12.791290728190083,3.0,1.0986122886681098,0
2581,Batam Konaka  PT,building materials store,Retail,Indonesia.Batam.Toko Bangunan.202408021219.db,places,1.169855,104.008534,389691.96173180756,129323.79449287023,-1,0.0,1,8,1,459.8787788191007,0.0,0.0,0
2586,Samurai Paint Batam - PT Kalbar Utama Sejahtera,paint store,Retail,Indonesia.Batam.Toko Bangunan.202408021219.db,places,1.1083413,103.9649156,384836.1247321556,122525.29172344902,7,98.75901764941304,12,19,0,69.33843391279778,4.7,3.295836866004329,0
2587,CV  Felim Jaya,building materials store,Retail,Indonesia.Batam.Toko Bangunan.202408021219.db,places,1.1195219,104.0373178,392892.8155167159,123758.54710841316,-1,0.0,6,16,5,110.75298387272694,4.8,1.6094379124341003,0
2598,safety equipment batam,building materials store,Retail,Indonesia.Batam.Toko Bangunan.202408021219.db,places,1.0458378,103.98402,386959.610236394,115614.92357813849,4,390.2932637097049,6,16,6,306.5216085734823,5.0,0.6931471805599453,0
2601,Ace Hardware,hardware store,Retail,Indonesia.Batam.Toko Bangunan.202408021219.db,places,1.1360327,104.0060348,389412.5736677699,125584.93135021014,0,1262.7508016930565,7,27,1,223.10907828872956,4.6,6.309918278226516,0
2622,Solusi Kost,building materials store,Retail,Indonesia.Batam.Toko Bangunan.202408021219.db,places,1.0377244,103.9490125,383063.8597941431,114719.27695585815,-1,0.0,4,9,4,0.0,4.4,2.70805020110221,0
2629,SUPPLY BAHAN BANGUNAN  A3 SUKSES BERSAMA,hardware store,Retail,Indonesia.Batam.Toko Bangunan.202408021219.db,places,1.1656435,104.0393439,393119.9637050954,128857.03699467286,-1,0.0,3,9,0,231.32247976164396,5.0,1.9459101490553132,0
2632,Tobo Balindo Utama,building materials store,Retail,Indonesia.Batam.Toko Bangunan.202408021219.db,places,1.045625,103.9721444,385638.1527871252,115591.82913517475,3,580.0317893685302,6,23,6,326.7403167152634,4.1,2.0794415416798357,0
2634,Sinar Menara Akasia Bangunan,building materials store,Retail,Indonesia.Batam.Toko Bangunan.202408021219.db,places,1.117329,103.957123,383969.37245961046,123519.17612592861,-1,0.0,2,4,2,413.95599436843077,4.8,3.1354942159291497,0
2642,SS Home Store,hardware store,Retail,Indonesia.Batam.Toko Bangunan.202408021219.db,places,1.1381068,104.112985,401312.8145274662,125810.33711174778,-1,0.0,1,10,0,302.95418923220336,5.0,1.3862943611198906,0
2645,Toko bangunan Rusli harun teluk kangkung,homewares store,Retail,Indonesia.Batam.Toko Bangunan.202408021219.db,places,0.9452584,103.7725314,363421.42770730774,104503.68760053166,-1,0.0,0,0,0,1076.0791105228484,5.0,1.0986122886681098,0
2647,Toko Bangunan Usaha Jaya,building materials store,Retail,Indonesia.Batam.Toko Bangunan.202408021219.db,places,1.0368196,103.9758443,386049.5411143373,114618.27363792782,-1,0.0,2,12,2,85.29484609065274,5.0,1.3862943611198906,0
2664,Toko Bangunan Rahmat,shop,Retail,Indonesia.Batam.Toko Bangunan.202408021219.db,places,0.9362758,103.7762553,363835.4956195579,103510.46354919761,-1,0.0,0,0,0,1076.0791105228484,5.0,0.6931471805599453,0
2667,Indah Bangunan Maju ( Cat Asianpaints ),building materials store,Retail,Indonesia.Batam.Toko Bangunan.202408021219.db,places,1.0611996,103.9470306,382844.1961065314,117314.51487152674,-1,0.0,1,6,0,54.626485215879384,5.0,0.6931471805599453,0
2683,Citra Lestari,building materials store,Retail,Indonesia.Batam.Toko Bangunan.202408021219.db,places,1.1012478,103.95017,383195.0632965446,121741.68900267025,-1,0.0,4,4,3,22.05079335299184,3.0,1.6094379124341003,0
2689,Shop Building Saprindo,building materials store,Retail,Indonesia.Batam.Toko Bangunan.202408021219.db,places,1.1566319,104.039706,393159.91540498915,127860.82583929058,-1,0.0,2,14,2,0.0,4.1,2.3978952727983707,0
2694,Toko Berkah Agung,building materials store,Retail,Indonesia.Batam.Toko Bangunan.202408021219.db,places,1.032368,104.0517281,394493.24688211264,114123.53846062868,13,251.25847840777692,6,13,4,220.75197190831693,0.0,0.0,0
2697,Pasir Puteh Bangunan   CV Pasir Puteh,convenience store,Retail,Indonesia.Batam.Toko Bangunan.202408021219.db,places,1.1386324,104.0471043,393982.44690409803,125870.77799852155,-1,0.0,2,12,0,288.71919170612915,4.8,1.6094379124341003,0
2699,Toko Bangunan Isra Jaya 2,building materials store,Retail,Indonesia.Batam.Toko Bangunan.202408021219.db,places,1.0414209,103.9519989,383396.3089168877,115127.81114095621,-1,0.0,2,15,2,398.2474288492847,0.0,0.0,0
2703,Toko Indo Bangun,building materials store,Retail,Indonesia.Batam.Toko Bangunan.202408021219.db,places,1.147028,104.0264399,391683.455269747,126799.65074044823,-1,0.0,3,27,2,94.65525969131991,4.7,1.3862943611198906,0
2710,Toko Golden Bagunan,building materials store,Retail,Indonesia.Batam.Toko Bangunan.202408021219.db,places,1.160344,104.034615,392593.588569798,128271.37687214823,-1,0.0,3,16,3,460.4624058869754,4.8,1.9459101490553132,0
2712,MR DIY,home improvement store,Retail,Indonesia.Batam.Toko Bangunan.202408021219.db,places,1.1072502,104.0858108,398288.15674911987,122400.24983300817,-1,0.0,7,19,0,197.49416006087262,4.6,2.833213344056216,0
2714,Toko Bangunan,shop,Retail,Indonesia.Batam.Toko Bangunan.202408021219.db,places,1.029538,103.9591409,384190.60583387926,113813.90794106862,-1,0.0,3,6,0,7.834880585313405,0.0,0.0,0
2720,INFORMA - BATAM CENTER,fitted furniture supplier,Retail,Indonesia.Batam.Toko Bangunan.202408021219.db,places,1.128643,104.0476512,394042.93652809516,124766.47125924865,-1,0.0,3,18,0,300.5625608719062,4.7,0.6931471805599453,0
2730,Toko Sinar Matahari,building materials store,Retail,Indonesia.Batam.Toko Bangunan.202408021219.db,places,1.1290529,104.0368259,392838.42952772387,124812.18078241033,-1,0.0,5,27,4,104.45059366379517,4.3,2.5649493574615367,0
2735,Toko Bangunan Sinar Mata Jaya,building materials store,Retail,Indonesia.Batam.Toko Bangunan.202408021219.db,places,1.0190998,104.005572,389356.85823205096,112658.34565385878,-1,0.0,2,2,1,271.7327301264803,0.0,0.0,0
2767,Toko Bangunan 999,building materials store,Retail,Indonesia.Batam.Toko Bangunan.202408021219.db,places,1.0476566,103.9700117,385400.9111855898,115816.49701687595,3,564.9275444990423,5,21,5,117.60310732714042,0.0,0.0,0
2773,TB  Citra Bangunan,building materials store,Retail,Indonesia.Batam.Toko Bangunan.202408021219.db,places,1.12879,104.096718,399502.51598491066,124780.97969488714,9,198.88132350150812,15,22,12,55.740388941906126,0.0,0.0,0
2775,Toko Aneka Karya,building materials store,Retail,Indonesia.Batam.Toko Bangunan.202408021219.db,places,1.120214,104.034252,392551.71003381186,123835.16835481425,-1,0.0,5,14,4,72.71679105109627,3.0,1.0986122886681098,0
2780,Toko Material Metro Jaya,building materials store,Retail,Indonesia.Batam.Toko Bangunan.202408021219.db,places,1.0621902,104.1182069,401891.3570223947,117418.06277977127,-1,0.0,1,10,1,224.18783687040823,0.0,0.0,0
2784,Toko Bangunan,homewares store,Retail,Indonesia.Batam.Toko Bangunan.202408021219.db,places,1.1503973,104.0057562,389382.1236574608,127172.9087604444,0,405.0525481851564,16,54,0,56.49328489371954,0.0,0.0,0
2789,Menara Mas Asia Bangunan,building materials store,Retail,Indonesia.Batam.Toko Bangunan.202408021219.db,places,1.105724,104.0654623,396023.9485610397,122232.24159734818,-1,0.0,5,15,4,78.59103484032418,3.7,1.3862943611198906,0
2801,Mitra Anda,building materials store,Retail,Indonesia.Batam.Toko Bangunan.202408021219.db,places,1.1239919,104.047213,393994.01037510904,124252.32742257633,-1,0.0,4,20,3,157.5224345292766,3.9,2.3978952727983707,0
2803,TB Istimewa Bangunan,building materials store,Retail,Indonesia.Batam.Toko Bangunan.202408021219.db,places,1.0619563,104.1123566,401240.3907239743,117392.39293970172,-1,0.0,2,6,2,395.2905883528217,5.0,2.833213344056216,0
2808,TOKO SUKSES UTAMA,building materials store,Retail,Indonesia.Batam.Toko Bangunan.202408021219.db,places,1.0958158,104.0356674,392708.32329147076,121137.98790006406,-1,0.0,4,4,4,177.05354163621752,4.5,1.9459101490553132,0
2813,Toko bangunan building material,building materials store,Retail,Indonesia.Batam.Toko Bangunan.202408021219.db,places,1.0934659,104.0346658,392596.79101885966,120878.25119735228,-1,0.0,3,4,3,0.0,4.3,2.70805020110221,0
2816,PT  Tiga Depo Bangun,building materials store,Retail,Indonesia.Batam.Toko Bangunan.202408021219.db,places,1.1151376,104.0614288,395575.4740853685,123273.01319911287,-1,0.0,4,5,2,373.0973516825493,5.0,0.6931471805599453,0
2820,Toko Mega Bangunan Berjaya,building materials store,Retail,Indonesia.Batam.Toko Bangunan.202408021219.db,places,1.1668893,104.0313842,392234.3515758009,128995.05905751561,-1,0.0,3,12,2,85.71745043429895,5.0,1.6094379124341003,0
2821,TOKO GRACIA BANGUNAN,hardware store,Retail,Indonesia.Batam.Toko Bangunan.202408021219.db,places,1.1228955,104.0435375,393585.0006417788,124131.25850065307,-1,0.0,6,23,0,245.7932457277569,0.0,0.0,0
2822,Tb  Saudara Bangunan,building materials store,Retail,Indonesia.Batam.Toko Bangunan.202408021219.db,places,1.1462341,104.0365558,392809.00984234986,126711.50719471526,2,167.77157496586437,15,22,12,41.05780749383647,5.0,0.6931471805599453,0
2826,Pelangi Indah Karindo - Jotun - Unicorn Paint - MOWILEX - Avian - Propan - Spectrum - Unicorn Paint,paint store,Retail,Indonesia.Batam.Toko Bangunan.202408021219.db,places,1.1419937,104.0077714,389606.0321078523,126243.83655783431,0,589.4392828137309,12,51,0,274.4277706796501,4.9,2.833213344056216,0
2829,TB Intan Jaya Bangunan,building materials store,Retail,Indonesia.Batam.Toko Bangunan.202408021219.db,places,1.1292066,104.0042059,389208.81249590655,124830.39466314469,-1,0.0,5,15,4,39.11795574071599,3.0,0.6931471805599453,0
2831,Toko Sinar Mandiri Bangunan,building materials store,Retail,Indonesia.Batam.Toko Bangunan.202408021219.db,places,1.1215569,103.9810157,386628.12498845265,123985.62934988385,-1,0.0,5,18,4,64.50857805736506,0.0,0.0,0
2837,Toko bangunan king mutiara,building materials store,Retail,Indonesia.Batam.Toko Bangunan.202408021219.db,places,1.1842119,104.0121465,390094.4817799364,130910.76554940801,-1,0.0,2,4,2,0.0,4.4,2.0794415416798357,0
2839,UD Bangun Maju,building materials store,Retail,Indonesia.Batam.Toko Bangunan.202408021219.db,places,1.0444597,103.9801647,386530.56528159627,115462.71645775613,4,172.67484618111658,9,22,8,12.590202587945729,4.6,4.07753744390572,0
2845,TB  BARELANG UTAMA,building materials store,Retail,Indonesia.Batam.Toko Bangunan.202408021219.db,places,1.0302362,104.0053223,389329.45526620914,113889.45163361108,-1,0.0,3,4,3,1.4050734909404266,5.0,1.6094379124341003,0
2846,PT Berlian Batam Perkasa,building materials store,Retail,Indonesia.Batam.Toko Bangunan.202408021219.db,places,1.1038043,104.0567255,395051.74261106923,122020.33478794186,8,193.7442788243757,13,20,10,186.95407415561044,5.0,1.0986122886681098,0
2848,Toko Bangunan CV  Dian Riama Sejahtera,building materials store,Retail,Indonesia.Batam.Toko Bangunan.202408021219.db,places,1.0522431,103.9758328,386048.8171091095,116323.31394947291,3,265.82913067608706,9,22,9,12.298045536792447,5.0,1.6094379124341003,0
2857,Meiko Batam Indonesia,building materials store,Retail,Indonesia.Batam.Toko Bangunan.202408021219.db,places,1.126111,104.046667,393933.33394085296,124486.60499499428,-1,0.0,5,15,3,109.17996706687924,0.0,0.0,0
2859,Bahan Bangunan Sukses,building materials store,Retail,Indonesia.Batam.Toko Bangunan.202408021219.db,places,1.1464797,104.0381398,392985.2684926196,126738.59808839086,2,175.56901803051787,16,24,12,86.82147193336532,0.0,0.0,0
2860,Sinar Elim,building materials store,Retail,Indonesia.Batam.Toko Bangunan.202408021219.db,places,1.0482243,103.9422054,382306.7844777914,115880.28674367441,-1,0.0,4,12,3,65.02464903102319,5.0,1.0986122886681098,0
2861,Batam Sukses Keramik,building materials store,Retail,Indonesia.Batam.Toko Bangunan.202408021219.db,places,1.1397074,104.0375125,392915.2187748514,125989.96966400773,2,589.0944218252471,6,32,4,115.08832043929326,0.0,0.0,0
2862,TB  Sinar Elim,building materials store,Retail,Indonesia.Batam.Toko Bangunan.202408021219.db,places,1.0472093,103.9390712,381957.9864936958,115768.19699722737,-1,0.0,4,8,3,121.16576706176495,5.0,1.9459101490553132,0
2863,Toko Riau Sejati,hardware store,Retail,Indonesia.Batam.Toko Bangunan.202408021219.db,places,1.1473559,104.0342174,392548.86093655747,126835.60565745451,2,444.6086239331158,12,27,1,17.218027863030507,4.8,2.70805020110221,0
2869,Toko Bangunan Jaya Sejahtera,building materials store,Retail,Indonesia.Batam.Toko Bangunan.202408021219.db,places,1.1666629,104.032121,392316.3252449122,128970.0031424177,-1,0.0,4,12,3,31.825988723398776,5.0,0.6931471805599453,0
2871,Serba 8000 Victoria,hardware store,Retail,Indonesia.Batam.Toko Bangunan.202408021219.db,places,1.0610974,103.9465503,382790.7469158691,117303.23493781303,-1,0.0,3,6,1,54.626485215879384,4.6,1.791759469228055,0
2872,Toko Griya Maju,building materials store,Retail,Indonesia.Batam.Toko Bangunan.202408021219.db,places,1.1068609,104.0834916,398030.089291295,122357.2944586583,-1,0.0,8,19,6,136.61827439124826,5.0,1.0986122886681098,0
2874,Toko New Roda Mas,building materials store,Retail,Indonesia.Batam.Toko Bangunan.202408021219.db,places,1.0485944,103.9742333,385870.7015711307,115920.01505410262,3,200.40834241946206,10,23,10,99.39482396144824,4.3,1.9459101490553132,0
2875,0812 7575 2618,building materials store,Retail,Indonesia.Batam.Toko Bangunan.202408021219.db,places,1.1336162,104.1060319,400539.01265228516,125314.1669922245,-1,0.0,5,13,3,0.0,4.1,2.6390573296152584,0
2876,TOKO MAJU JAYA,building materials store,Retail,Indonesia.Batam.Toko Bangunan.202408021219.db,places,1.1246915,104.0362587,392775.15806012193,124330.06547074794,-1,0.0,5,27,5,333.23158559641445,0.0,0.0,0
2884,Batam Citra Sejahtera,building materials store,Retail,Indonesia.Batam.Toko Bangunan.202408021219.db,places,1.1063178,104.0650739,395980.752251002,122297.89698217229,-1,0.0,5,16,4,78.59103484032418,0.0,0.0,0
2886,Toko Bangun Prima,building materials store,Retail,Indonesia.Batam.Toko Bangunan.202408021219.db,places,1.1266003,104.0131324,390201.9686999607,124541.93738530089,-1,0.0,2,9,2,282.9534633699434,5.0,0.6931471805599453,0
2887,Batam Indo Bangunan  PT,building materials store,Retail,Indonesia.Batam.Toko Bangunan.202408021219.db,places,1.1351385,104.0100588,389860.29034371115,125485.92644598355,11,113.9794753204093,10,26,5,45.58994812957452,1.5,1.0986122886681098,0
2889,Tb Maju Indah,building materials store,Retail,Indonesia.Batam.Toko Bangunan.202408021219.db,places,1.0696624,104.124155,402553.4318884339,118243.8771492284,-1,0.0,1,7,1,9.576654670572202,5.0,0.6931471805599453,0
2897,Toko Balindo Sukses,building materials store,Retail,Indonesia.Batam.Toko Bangunan.202408021219.db,places,1.1024317,104.0581828,395213.8477744691,121868.54866902264,8,34.28570039032215,11,21,7,113.65591786801153,5.0,1.9459101490553132,0
2898,PT  Sukses Batam Mandiri,granite supplier,Retail,Indonesia.Batam.Toko Bangunan.202408021219.db,places,1.1379201,104.0278176,391836.40983810596,125792.75220829713,5,512.7448590966858,13,29,0,55.5263904932194,0.0,0.0,0
2899,Toko Sinar Agung,building materials store,Retail,Indonesia.Batam.Toko Bangunan.202408021219.db,places,1.15333,104.0243174,391447.5249592214,127496.39594278463,1,302.3400937686631,14,34,9,3.5615558653085686,4.5,2.4849066497880004,0
2902,Toko Purna Bangunan Batam,building materials store,Retail,Indonesia.Batam.Toko Bangunan.202408021219.db,places,1.0478977,104.0060171,389407.38269826525,115841.85594501384,-1,0.0,0,0,0,1181.1353683853333,0.0,0.0,0
2904,PT  Kian Sukses Primalindo,building materials store,Retail,Indonesia.Batam.Toko Bangunan.202408021219.db,places,1.1165212,104.0583704,395235.21763668867,123426.07260903045,-1,0.0,5,6,3,78.8352906022154,0.0,0.0,0
2906,Pilar Artomoro,building materials store,Retail,Indonesia.Batam.Toko Bangunan.202408021219.db,places,1.0403508,103.9463382,382766.37197988975,115009.72241750108,-1,0.0,4,9,4,254.45248104135487,5.0,1.3862943611198906,0
2907,Toko Dwi Utama,building materials store,Retail,Indonesia.Batam.Toko Bangunan.202408021219.db,places,1.1467289,104.027237,391772.13652014,126766.5561182874,-1,0.0,3,25,2,94.65525969131991,4.4,1.791759469228055,0
2908,Mutiara Bangunan,building materials store,Retail,Indonesia.Batam.Toko Bangunan.202408021219.db,places,1.1269085,104.0404994,393247.0989927867,124574.99064239139,-1,0.0,3,25,3,212.44011226268915,0.0,0.0,0
2909,Rejeki,building materials store,Retail,Indonesia.Batam.Toko Bangunan.202408021219.db,places,1.102922,104.066248,396111.2755192697,121922.46636583442,-1,0.0,5,15,4,245.00599008503502,3.0,0.6931471805599453,0
2910,Toko Sumber Bangunan,building materials store,Retail,Indonesia.Batam.Toko Bangunan.202408021219.db,places,1.065058,103.916355,379430.9041321667,117742.24109737453,-1,0.0,1,3,1,276.465548140147,4.0,1.6094379124341003,0
2911,TB  Prima Cahaya Bangunan,building materials store,Retail,Indonesia.Batam.Toko Bangunan.202408021219.db,places,1.1348657,104.0428398,393507.8035773021,125454.54156513073,-1,0.0,7,19,5,35.0261264010943,0.0,0.0,0
2912,TOKO SUPINDO BANGUNAN,building materials store,Retail,Indonesia.Batam.Toko Bangunan.202408021219.db,places,1.1635544,104.0394631,393133.14813196956,128626.09054951495,-1,0.0,2,10,1,231.32247976164396,5.0,1.0986122886681098,0
2914,Toko PIAYU JAYA,building materials store,Retail,Indonesia.Batam.Toko Bangunan.202408021219.db,places,1.0271833,104.063225,395772.3634466368,113550.01520448123,-1,0.0,7,9,6,0.0,4.7,2.3978952727983707,0
2915,Toko Bong Bangunan,building materials store,Retail,Indonesia.Batam.Toko Bangunan.202408021219.db,places,1.1661978,104.0353397,392674.4458242423,128918.4650863996,-1,0.0,5,8,3,201.87952342592993,4.6,2.0794415416798357,0
2916,Pt  Ganda Putra Sentosa,building materials store,Retail,Indonesia.Batam.Toko Bangunan.202408021219.db,places,1.1315774,104.0065933,389474.54901216936,125092.38906123825,11,462.01611111984647,6,20,3,252.38964284357118,4.5,3.5553480614894135,0
2918,Toko Panca Logam,building materials store,Retail,Indonesia.Batam.Toko Bangunan.202408021219.db,places,1.1415943,104.028048,391862.1833459337,126198.91346632084,5,889.2241056295501,8,26,6,20.939400664940706,4.7,2.0794415416798357,0
2921,TOKO SAN,appliance store,Retail,Indonesia.Batam.Toko Bangunan.202408021219.db,places,1.1019398,104.0608067,395505.7908880059,121814.07917256163,8,331.26333734129776,11,21,0,2.4758757664361575,4.6,5.44673737166631,0
2922,GAF BATAM,hardware store,Retail,Indonesia.Batam.Toko Bangunan.202408021219.db,places,1.116201,104.0479308,394073.5995948321,123391.04992612069,12,95.25086885749043,8,16,2,8.80736188226963,5.0,1.0986122886681098,0
2925,Aneka Bangunan Store,building materials store,Retail,Indonesia.Batam.Toko Bangunan.202408021219.db,places,1.0371398,103.9765417,386127.1555613161,114653.64606207145,-1,0.0,2,13,2,0.0,4.3,4.394449154672439,0
2926,Toko Mulia Mandiri,building materials store,Retail,Indonesia.Batam.Toko Bangunan.202408021219.db,places,1.038387,104.054754,394830.1441206102,114788.81183575117,13,494.5514329775934,4,13,3,355.6371058073817,0.0,0.0,0
2931,Toko Bangunan Nusantara Jaya,building materials store,Retail,Indonesia.Batam.Toko Bangunan.202408021219.db,places,1.1150433,104.0936874,399164.8380984739,123261.46412715729,10,230.30583284778197,13,24,11,159.9289539035189,4.8,1.9459101490553132,0
2934,Pancur Indah,building materials store,Retail,Indonesia.Batam.Toko Bangunan.202408021219.db,places,1.0253064,104.0638883,395846.10954597796,113342.51120507898,-1,0.0,7,9,6,84.85130562124897,0.0,0.0,0
2935,Toko Bangunan Dolok Suara Sukses,hardware store,Retail,Indonesia.Batam.Toko Bangunan.202408021219.db,places,1.1315184,104.0043258,389222.24143716414,125085.95326993577,11,682.4755613171703,5,17,0,218.05186103932598,0.0,0.0,0
2936,Toko Indo Sinar,building materials store,Retail,Indonesia.Batam.Toko Bangunan.202408021219.db,places,1.1013211,104.0926221,399045.83959364553,121744.58818600606,-1,0.0,0,2,0,769.6122727326323,5.0,0.6931471805599453,0
2937,Mitra10 Batam,building materials store,Retail,Indonesia.Batam.Toko Bangunan.202408021219.db,places,1.1331893,104.0464352,393907.79852396203,125269.09031982458,-1,0.0,6,16,4,3.6305745400978493,4.4,0.6931471805599453,0
2938,Toko Batam Metal Utama,building materials store,Retail,Indonesia.Batam.Toko Bangunan.202408021219.db,places,1.1333019,104.0342774,392555.0158703839,125281.98596636856,5,495.1014248447452,9,35,4,101.15784865727755,3.0,1.3862943611198906,0
2939,Jaya Mas Bangunan,building materials store,Retail,Indonesia.Batam.Toko Bangunan.202408021219.db,places,1.1105122,104.0914756,398918.5811219467,122760.65204682031,10,396.53942533215894,10,26,7,84.21436521744259,3.9,2.3978952727983707,0
2940,Toko Agung Jaya,building materials store,Retail,Indonesia.Batam.Toko Bangunan.202408021219.db,places,1.0470996,103.9568618,383937.6381151958,115755.40538320436,-1,0.0,5,16,3,15.841911414074977,5.0,1.791759469228055,0
2941,Tri Mitra Perkasa,building materials store,Retail,Indonesia.Batam.Toko Bangunan.202408021219.db,places,1.1114892,104.0907391,398836.6652647943,122868.67918720952,10,311.967245003312,10,26,7,7.530100184789121,5.0,1.0986122886681098,0
2942,TB Sumber Bangunan Jaya,building materials store,Retail,Indonesia.Batam.Toko Bangunan.202408021219.db,places,1.12516,104.0464022,393903.83550376736,124381.48550385096,-1,0.0,5,21,3,109.17996706687924,0.0,0.0,0
2943,Toko Beta Bangunan,building materials store,Retail,Indonesia.Batam.Toko Bangunan.202408021219.db,places,1.1142222,104.0908611,398850.33310535527,123170.79302830473,10,111.43907314984916,18,23,13,52.4261403268895,4.0,0.6931471805599453,0
2944,TB  INDAH JAYA,building materials store,Retail,Indonesia.Batam.Toko Bangunan.202408021219.db,places,1.1458464,103.9985199,388576.76680674957,126670.09980687383,-1,0.0,3,27,1,0.0,0.0,0.0,0
2946,Mitra Batam Perkasa,building materials store,Retail,Indonesia.Batam.Toko Bangunan.202408021219.db,places,1.1189419,104.0365062,392802.4879843551,123694.4599776121,-1,0.0,6,14,5,77.67537647377594,5.0,1.0986122886681098,0
2955,TB BINTANG TIMUR,shop,Retail,Indonesia.Batam.Toko Bangunan.202408021219.db,places,1.0451988,104.0509593,394408.12665500544,115541.95333337823,-1,0.0,1,2,0,417.6696175887421,4.8,1.6094379124341003,0
2962,Mugi Batako,building materials store,Retail,Indonesia.Batam.Toko Bangunan.202408021219.db,places,1.0374259,104.0462868,393887.9482578054,114682.8492221186,-1,0.0,0,8,0,592.881453912192,5.0,0.6931471805599453,0
2972,Duwi Bangung,building materials store,Retail,Indonesia.Batam.Toko Bangunan.202408021219.db,places,1.153333,104.0437789,393612.97654187045,127495.99268635828,-1,0.0,2,10,1,28.28447645716762,3.7,1.3862943611198906,0
2980,Batu Bata Pak Pur,building materials store,Retail,Indonesia.Batam.Toko Bangunan.202408021219.db,places,1.0241881,104.0536711,394709.1809551762,113219.22231557808,-1,0.0,0,4,0,639.0594639751106,5.0,0.6931471805599453,0
3003,PT  Fajar Sentosa Teknik,hardware store,Retail,Indonesia.Batam.Toko Bangunan.202408021219.db,places,1.152132,104.010627,389924.1614514507,127364.48639324414,0,620.8446002033211,20,43,1,53.83891831572043,3.5,1.0986122886681098,0
3011,Toko New Sinar,building materials store,Retail,Indonesia.Batam.Toko Bangunan.202408021219.db,places,1.1177059,103.9781919,386313.7680494309,123560.0179502917,6,481.20136534278754,6,27,4,118.44776390598291,5.0,1.791759469228055,0
3012,Harapan Indah,building materials store,Retail,Indonesia.Batam.Toko Bangunan.202408021219.db,places,1.102759,103.965384,384888.0297600539,121908.15811772589,7,553.3151357953741,3,17,3,64.49005645712667,4.1,2.1972245773362196,0
3014,Toko Global Bangunan,building materials store,Retail,Indonesia.Batam.Toko Bangunan.202408021219.db,places,1.122253,103.9822769,386768.4873289257,124062.53299580782,-1,0.0,3,10,3,60.59653730157278,3.7,1.3862943611198906,0
3015,Karya abadi sukses,building materials store,Retail,Indonesia.Batam.Toko Bangunan.202408021219.db,places,1.1215401,103.9804362,386563.6425076735,123983.79459770804,-1,0.0,6,20,5,64.50857805736506,4.8,2.6390573296152584,0
3021,Toko Karya Permata,building materials store,Retail,Indonesia.Batam.Toko Bangunan.202408021219.db,places,1.1124278,103.9780278,386295.30580240744,122976.54007839027,6,209.9085917397769,12,23,5,42.76751179932793,4.3,1.3862943611198906,0
3026,Toko Batu Alam Pulau Indah,tile store,Retail,Indonesia.Batam.Toko Bangunan.202408021219.db,places,1.107678,103.967727,385148.93068951217,122451.85571628012,7,238.0215153210284,11,20,0,40.42550151006793,5.0,2.0794415416798357,0
3029,Bintang Indah Keramik,tile store,Retail,Indonesia.Batam.Toko Bangunan.202408021219.db,places,1.1127823,103.9781817,386312.4441254694,123015.7234670662,6,173.9517026718788,13,23,0,28.06499013722472,4.3,2.0794415416798357,0
3031,Tk  Nauli Jaya,building materials store,Retail,Indonesia.Batam.Toko Bangunan.202408021219.db,places,1.1092951,103.9864193,387228.9242513063,122629.9047346146,-1,0.0,2,14,1,35.21959380795177,5.0,0.6931471805599453,0
3032,Tokoh Karunia Gypsum,building materials store,Retail,Indonesia.Batam.Toko Bangunan.202408021219.db,places,1.1096083,103.9649278,384837.53123491834,122665.35633615093,7,217.1971017546357,12,19,8,29.837760267194405,5.0,1.0986122886681098,0
3033,Cipta indah kusen,lumber store,Retail,Indonesia.Batam.Toko Bangunan.202408021219.db,places,1.1208026,103.9778315,386273.78502446465,123902.36641187497,-1,0.0,5,23,0,301.0779135377011,4.7,2.70805020110221,0
3036,TB  Punggur Abadi,building materials store,Retail,Indonesia.Batam.Toko Bangunan.202408021219.db,places,1.0697332,104.1242046,402558.9530534349,118251.70204869809,-1,0.0,1,7,1,9.576654670572202,4.3,1.6094379124341003,0
3037,Tb  Punggur Baru,building materials store,Retail,Indonesia.Batam.Toko Bangunan.202408021219.db,places,1.0619738,104.1229644,402420.71324111486,117393.99054494833,-1,0.0,2,8,2,146.90048287201842,4.2,3.7612001156935624,0
3038,Maju Punggur,building materials store,Retail,Indonesia.Batam.Toko Bangunan.202408021219.db,places,1.0682556,104.1175188,401814.98466150695,118088.5759107395,-1,0.0,3,11,3,212.40650950218196,3.7,1.3862943611198906,0
3055,Mortar Utama,building materials supplier,Retail,Indonesia.Batam.Toko Bangunan.202408021219.db,places,1.1162787,104.0479133,394071.65516035864,123399.63996674362,12,102.9506840751124,8,17,2,1.713692095085517,5.0,1.6094379124341003,0
3065,Perusahaan Toko Agen Distributor Tempat Jual Kran Air Sanitary,toiletries store,Retail,Indonesia.Batam.Toko Bangunan.202408021219.db,places,1.1176036,104.0577894,395170.6086519195,123545.74777364705,-1,0.0,5,6,0,54.7558141849768,5.0,0.6931471805599453,0
3094,Toko Bangunan Blessing,building materials store,Retail,Indonesia.Batam.Toko Bangunan.202408021219.db,places,1.0632985,104.1228596,402409.09381862206,117540.43077469742,-1,0.0,1,8,1,146.90048287201842,5.0,1.0986122886681098,0
3096,Toko Warna Jaya,building materials store,Retail,Indonesia.Batam.Toko Bangunan.202408021219.db,places,1.1494199,104.0042423,389213.63497948356,127064.9185801152,0,452.9181872478502,17,53,11,156.2164074170885,4.6,2.1972245773362196,0
3098,PT  Batam Raya Sejahtera,building materials store,Retail,Indonesia.Batam.Toko Bangunan.202408021219.db,places,1.1531022,104.0066285,389479.28827794635,127471.89409825068,0,650.4666495793766,15,43,7,7.623866480574833,4.4,2.9444389791664403,0
3103,PT  Benteng Indo Bangunan,building materials supplier,Retail,Indonesia.Batam.Toko Bangunan.202408021219.db,places,1.162553,104.007157,389538.46000805614,128516.63300742747,-1,0.0,3,10,0,66.40944438583375,4.5,3.4339872044851463,0
3104,Toko Ada,building materials store,Retail,Indonesia.Batam.Toko Bangunan.202408021219.db,places,1.151753,104.0051309,389312.5990917889,127322.8019272519,0,569.102878646215,13,45,8,128.49067066376722,5.0,1.791759469228055,0
3106,Toko Umum,building materials store,Retail,Indonesia.Batam.Toko Bangunan.202408021219.db,places,1.1527193,104.0038709,389172.4368386003,127429.6727524687,0,735.484622124194,11,41,6,152.16394861262998,5.0,0.6931471805599453,0
3107,Toko Itali Jaya,building materials store,Retail,Indonesia.Batam.Toko Bangunan.202408021219.db,places,1.150023,104.011128,389979.8265264041,127131.32330008717,0,480.58726088103487,20,46,11,6.776180499859198,5.0,0.6931471805599453,0
3108,TB  Istana Batu Merah,building materials store,Retail,Indonesia.Batam.Toko Bangunan.202408021219.db,places,1.185608,104.009473,389797.0618677676,131065.20655959194,-1,0.0,2,2,2,335.12778127326055,4.1,2.772588722239781,0
3114,PT  Semen Padang,building materials store,Retail,Indonesia.Batam.Toko Bangunan.202408021219.db,places,1.1631496,103.998695,388596.9237809235,128582.91811028786,-1,0.0,2,4,2,346.0671668946803,4.9,2.3978952727983707,0
3117,Niaga Pratama Sukses Abadi  PT,building materials store,Retail,Indonesia.Batam.Toko Bangunan.202408021219.db,places,1.1600196,103.9987497,388602.88761996076,128236.90233517574,-1,0.0,2,5,2,343.99186558845616,4.1,2.9444389791664403,0
3125,CV  San Tah Tranding,building materials store,Retail,Indonesia.Batam.Toko Bangunan.202408021219.db,places,1.16229,104.0066204,389478.7428226456,128487.58008898067,-1,0.0,3,11,2,66.40944438583375,5.0,1.6094379124341003,0
3128,Sorake Kerameikos,building materials store,Retail,Indonesia.Batam.Toko Bangunan.202408021219.db,places,1.1494779,104.0108643,389950.4639163798,127071.07426190998,0,421.19093855720166,20,47,11,24.222742715652657,5.0,0.6931471805599453,0
3129,PT  Inti Benua Berjaya,paint store,Retail,Indonesia.Batam.Toko Bangunan.202408021219.db,places,1.1499655,104.0111491,389982.17210811446,127124.96603112898,0,478.5278879467118,20,46,3,6.776180499859198,5.0,1.6094379124341003,0
3131,PT  Meng Naga Sakti,building materials store,Retail,Indonesia.Batam.Toko Bangunan.202408021219.db,places,1.1490971,104.0127877,390164.46486641123,127028.90391066742,0,594.733433408056,21,43,11,150.4904888348681,4.1,3.4339872044851463,0
3133,PT Diamond Technology Industry,building materials store,Retail,Indonesia.Batam.Toko Bangunan.202408021219.db,places,1.1623491,104.012944,390182.365353509,128493.86672627738,-1,0.0,1,13,1,470.5265472939025,5.0,1.0986122886681098,0
3136,Pt  Trimitra Warna Jaya,paint store,Retail,Indonesia.Batam.Toko Bangunan.202408021219.db,places,1.1523754,104.0102079,389877.53783137514,127391.40975069551,0,622.083398845534,20,44,4,28.544216255809868,5.0,0.6931471805599453,0
3139,Sumber Teknik,tool store,Retail,Indonesia.Batam.Toko Bangunan.202408021219.db,places,1.1530326,104.0062772,389440.19664944493,127464.21365378468,0,651.569640407891,15,42,0,32.223737303347754,4.5,3.713572066704308,0
3141,Toko Central Bangunan,building materials store,Retail,Indonesia.Batam.Toko Bangunan.202408021219.db,places,1.1368366,104.0131225,390201.2521259542,125673.52975441508,11,468.6680617654871,8,20,5,9.240607455852347,5.0,0.6931471805599453,0
3146,PT  Witery Hardware Sejahtera,building materials store,Retail,Indonesia.Batam.Toko Bangunan.202408021219.db,places,1.1491476,104.0197123,390934.96171053377,127034.22119607644,-1,0.0,1,33,0,284.93471106030904,5.0,0.6931471805599453,0
3147,Batam Raya,paint store,Retail,Indonesia.Batam.Toko Bangunan.202408021219.db,places,1.149534,104.010252,389882.335806443,127077.29955813757,0,371.04650588736143,22,47,3,40.63426340814234,4.1,2.0794415416798357,0
3148,Toko Bangunan King Mutiara,building materials store,Retail,Indonesia.Batam.Toko Bangunan.202408021219.db,places,1.1842119,104.0121465,390094.4817799364,130910.76554940801,-1,0.0,2,4,2,0.0,4.4,2.0794415416798357,0
3159,Andalas Jaya Toko,building materials store,Retail,Indonesia.Batam.Toko Bangunan.202408021219.db,places,1.1408116,104.0282744,391887.34544673824,126112.3802233874,5,799.2625658204519,8,27,6,72.015804318073,4.5,1.6094379124341003,0
3161,CV  Cahaya Sukses,air conditioning repair service,Retail,Indonesia.Batam.Toko Bangunan.202408021219.db,places,1.152549,104.010018,389856.41445894743,127410.60806882338,0,630.5773544200495,21,44,0,28.544216255809868,5.0,0.6931471805599453,0
3169,Toko Sunny Indah,appliance store,Retail,Indonesia.Batam.Toko Bangunan.202408021219.db,places,1.1500809,104.0061549,389426.47463842377,127137.91616514619,0,352.01153334599906,19,54,0,56.49328489371954,4.5,2.9444389791664403,0
3171,Harga Batako Batam,building materials supplier,Retail,Indonesia.Batam.Toko Bangunan.202408021219.db,places,1.0552042,103.9472417,382867.46130731556,116651.72021324534,-1,0.0,1,9,0,173.1180863850364,4.0,0.6931471805599453,0
3173,PT Kinco Prima,building materials store,Retail,Indonesia.Batam.Toko Bangunan.202408021219.db,places,1.159444,104.0187909,390832.83105038514,128172.49049249318,-1,0.0,2,24,2,74.79470372433104,4.4,2.70805020110221,0
3175,PT  Tri Sigma Globalindo,hardware store,Retail,Indonesia.Batam.Toko Bangunan.202408021219.db,places,1.1367585,104.0130929,390197.95558885473,125664.8971609864,11,460.6322141537629,8,20,1,9.240607455852347,4.1,2.1972245773362196,0
3176,Nippon Paint,paint store,Retail,Indonesia.Batam.Toko Bangunan.202408021219.db,places,1.1531928,104.0066222,389478.59077569854,127481.90991996389,0,660.4337617612738,15,42,1,10.040079380988805,4.7,2.8903717578961645,0
3178,Nurul Yakin Collections,glass shop,Retail,Indonesia.Batam.Toko Bangunan.202408021219.db,places,1.150596,104.0050206,389300.28143728804,127194.9030303246,0,471.50391323771225,15,51,0,84.74607312653362,4.8,2.302585092994046,0
3186,Usaha Krisna,building materials store,Retail,Indonesia.Batam.Toko Bangunan.202408021219.db,places,1.0267523,103.9463327,382765.2612360419,113506.41913777322,-1,0.0,4,5,1,169.5218392664402,4.4,2.833213344056216,0
3187,Solusi Kost (Toko bangunan Solusi Jaya),building materials store,Retail,Indonesia.Batam.Toko Bangunan.202408021219.db,places,1.0377244,103.9490125,383063.8597941431,114719.27695585815,-1,0.0,4,9,4,0.0,4.4,2.70805020110221,0
3188,Sinar Tengah,building materials store,Retail,Indonesia.Batam.Toko Bangunan.202408021219.db,places,1.026073,103.9449669,382613.25546829746,113431.37314813554,-1,0.0,4,5,1,65.9874468788303,4.8,1.6094379124341003,0
3193,Toko bangunan solusi baru,building materials store,Retail,Indonesia.Batam.Toko Bangunan.202408021219.db,places,1.0596376,103.9185105,379670.5494940482,117142.93032885664,-1,0.0,1,3,1,32.5508987234859,5.0,4.465908118654584,0
3197,TB Toko Utama Jaya,building materials store,Retail,Indonesia.Batam.Toko Bangunan.202408021219.db,places,1.1816912,104.0193879,390900.118454736,130631.82413917611,-1,0.0,1,4,1,132.49893254580903,4.8,1.791759469228055,0
3198,Toko Usaha Keramik,building materials store,Retail,Indonesia.Batam.Toko Bangunan.202408021219.db,places,1.182798,104.0198449,390951.0110477773,130754.1593798033,-1,0.0,2,4,1,132.49893254580903,5.0,1.9459101490553132,0
3200,Sinar Jaya,building materials store,Retail,Indonesia.Batam.Toko Bangunan.202408021219.db,places,1.038463,103.949956,383168.8754851971,114800.89364565423,-1,0.0,5,10,5,133.00217825591295,4.8,3.091042453358316,0
3202,PT  Inovasi Karya Batam,fence supply store,Retail,Indonesia.Batam.Toko Bangunan.202408021219.db,places,1.1674676,104.0197269,390937.2867440971,129059.43754758121,-1,0.0,5,13,0,128.46172758735278,5.0,1.3862943611198906,0
3205,Sei Lekop Panglong,shopping mall,Retail,Indonesia.Batam.Toko Bangunan.202408021219.db,places,1.0267817,103.9493902,383105.48895384185,113509.55731478293,-1,0.0,3,5,0,300.02022964330286,4.2,1.9459101490553132,0
3206,PT  Kembang Sari Utama,hardware store,Retail,Indonesia.Batam.Toko Bangunan.202408021219.db,places,1.1674746,104.0185724,390808.82762497396,129060.2561859876,-1,0.0,4,12,0,128.46172758735278,5.0,0.6931471805599453,0
3209,Toko Sri Indah Mekar,building materials store,Retail,Indonesia.Batam.Toko Bangunan.202408021219.db,places,1.0482608,103.9346141,381462.058768848,115884.60816334352,-1,0.0,1,8,1,73.20938447589943,5.0,1.0986122886681098,0
3215,BBK Indo Steel  PT,building materials store,Retail,Indonesia.Batam.Toko Bangunan.202408021219.db,places,1.172778,104.012778,390164.29953594663,129646.7569276928,-1,0.0,1,9,1,146.38132365878565,3.7,1.3862943611198906,0
3218,Toko GRACE BANGUNAN,building materials store,Retail,Indonesia.Batam.Toko Bangunan.202408021219.db,places,1.170984,104.0285154,391915.3022908376,129447.82384679056,-1,0.0,1,6,1,372.7813305479316,4.3,2.772588722239781,0
3219,LINGGA JAYA (Toko Lingga Jaya),door supplier,Retail,Indonesia.Batam.Toko Bangunan.202408021219.db,places,1.1689184,104.0169443,390627.7272735378,129219.92704651126,-1,0.0,5,11,0,241.43761304046055,4.8,2.3978952727983707,0
3222,Singkep Almunium,tool store,Retail,Indonesia.Batam.Toko Bangunan.202408021219.db,places,1.0266222,103.9447346,382587.4260336498,113492.09533066688,-1,0.0,3,5,0,65.9874468788303,5.0,1.9459101490553132,0
3228,Toko Bangunan Cipta Asri,building materials supplier,Retail,Indonesia.Batam.Toko Bangunan.202408021219.db,places,1.0210023,104.0040257,389184.8597685431,112868.71486542009,-1,0.0,2,2,0,271.7327301264803,4.2,1.9459101490553132,0
3229,TB  Mitra Sejati (Toko Bangunan Mitra Sejati),hardware store,Retail,Indonesia.Batam.Toko Bangunan.202408021219.db,places,1.0463398,103.9603188,384322.28793560737,115671.28267383738,-1,0.0,5,14,1,0.0,4.6,1.791759469228055,0
3236,Toko Sinar Agung,building materials store,Retail,Indonesia.Batam.Toko Bangunan.202408021219.db,places,1.1533185,104.0243473,391450.8514605219,127495.12351625257,1,302.32423278129795,14,34,9,3.5615558653085686,4.5,2.4849066497880004,0
3238,TOKO BANGUNAN CAHYA MANDIRI SUKSES,building materials store,Retail,Indonesia.Batam.Toko Bangunan.202408021219.db,places,1.143088,104.0360981,392757.9652745975,126363.7348526758,2,264.7352737565416,11,27,8,261.2314977026569,5.0,2.1972245773362196,0
3247,Modern Sawang Permai,building materials store,Retail,Indonesia.Batam.Toko Bangunan.202408021219.db,places,1.049315,103.9736991,385811.2849101953,115999.6956127955,3,137.45018979181648,10,25,9,99.39482396144824,4.3,2.302585092994046,0
3250,Toko Metta Bangunan,building materials store,Retail,Indonesia.Batam.Toko Bangunan.202408021219.db,places,1.1366509,104.0454139,393794.2859229093,125651.79348578714,-1,0.0,7,14,4,96.36790362205453,5.0,1.9459101490553132,0
3253,Toko Aneka Material,building materials store,Retail,Indonesia.Batam.Toko Bangunan.202408021219.db,places,1.0285674,103.9644219,384778.2169098009,113706.4181492925,-1,0.0,0,6,0,594.1463692490388,5.0,0.6931471805599453,0
3256,Toko Bangunan Usaha Bersama Jaya,home goods store,Retail,Indonesia.Batam.Toko Bangunan.202408021219.db,places,1.1455548,103.9940158,388075.5841222704,126638.03970869971,-1,0.0,2,5,0,136.48054487139228,5.0,1.0986122886681098,0
3257,Genta Bangunan Toko,building materials store,Retail,Indonesia.Batam.Toko Bangunan.202408021219.db,places,1.0509378,103.9680755,385185.58093805664,116179.29950145398,-1,0.0,6,21,4,315.1226673135335,3.5,1.6094379124341003,0
3260,Toko Permata,building materials store,Retail,Indonesia.Batam.Toko Bangunan.202408021219.db,places,1.127175,104.004723,389266.27359480015,124605.7871578659,-1,0.0,6,12,3,231.84112946934903,4.9,2.302585092994046,0
3262,Onduline & Conwood Showroom Batam,building materials supplier,Retail,Indonesia.Batam.Toko Bangunan.202408021219.db,places,-2.44565,117.8888,1945181.7504626135,-277346.30088331114,-1,0.0,0,0,0,1570945.5817194562,4.0,2.0794415416798357,0
3265,Toko Bangunan UD Sumber Rezeki,building materials store,Retail,Indonesia.Batam.Toko Bangunan.202408021219.db,places,1.142013,103.9957583,388269.33525899507,126246.43432099638,-1,0.0,2,10,1,308.82161013051666,5.0,0.6931471805599453,0
3267,Asean Bangunan,building materials store,Retail,Indonesia.Batam.Toko Bangunan.202408021219.db,places,1.1477726,104.0152925,390443.12178535986,126882.38833139687,0,841.7266518375271,7,32,4,314.8277202644791,4.5,3.091042453358316,0
3271,Ramindo,building materials store,Retail,Indonesia.Batam.Toko Bangunan.202408021219.db,places,1.1130312,103.9830818,386857.69672005024,123043.05044864408,6,399.0112427043263,8,23,3,62.256404399238306,4.6,2.833213344056216,0
3279,Toko Maju,building materials store,Retail,Indonesia.Batam.Toko Bangunan.202408021219.db,places,1.1142703,103.9843725,387001.3623209859,123179.98090861116,6,543.7448864415245,7,24,3,121.13094952633432,3.9,2.833213344056216,0
3281,Toko Karya Utama,building materials store,Retail,Indonesia.Batam.Toko Bangunan.202408021219.db,places,1.1180379,103.979204,386426.3989106596,123596.68076351182,6,495.4543546068988,5,26,4,118.44776390598291,3.5,1.6094379124341003,0
3284,Bintang Sejati,building materials store,Retail,Indonesia.Batam.Toko Bangunan.202408021219.db,places,1.1128092,103.9784325,386340.35215125687,123018.68754669567,6,148.72761127549532,13,24,5,24.481191600968497,3.5,1.0986122886681098,0
3285,Toko Jaya Sejati,hardware store,Retail,Indonesia.Batam.Toko Bangunan.202408021219.db,places,1.1129576,103.9825271,386795.9714745482,123034.93540357724,6,339.625617323146,11,23,0,62.256404399238306,5.0,2.0794415416798357,0
3288,Toko Batam,building materials store,Retail,Indonesia.Batam.Toko Bangunan.202408021219.db,places,1.1066085,103.9650539,384851.4468403517,122333.72772614568,7,140.54553033226003,14,18,10,126.1689931149432,5.0,1.6094379124341003,0
3305,Sinar Surya 2,building materials store,Retail,Indonesia.Batam.Toko Bangunan.202408021219.db,places,1.0354697,104.0561013,394979.96476466325,114466.27265108893,13,387.609138286609,5,11,2,175.57810247103603,4.6,2.995732273553991,0
3307,Toko PIAYU JAYA (Toko Epi Ayu Jaya),building materials store,Retail,Indonesia.Batam.Toko Bangunan.202408021219.db,places,1.0271833,104.063225,395772.3634466368,113550.01520448123,-1,0.0,7,9,6,0.0,4.7,2.3978952727983707,0
3310,Toko Bangunan Amin Jaya,hardware store,Retail,Indonesia.Batam.Toko Bangunan.202408021219.db,places,1.0601674,103.9422966,382317.3812831969,117200.5855237955,-1,0.0,2,5,1,348.09414342954915,4.5,1.0986122886681098,0
3312,PT Sinar Bintang Pratama Sukses,building materials store,Retail,Indonesia.Batam.Toko Bangunan.202408021219.db,places,1.0252095,104.065791,396057.8239919727,113331.73753691313,-1,0.0,6,9,6,63.146177109472816,4.4,3.713572066704308,0
3319,PM Piayu Material,building materials store,Retail,Indonesia.Batam.Toko Bangunan.202408021219.db,places,1.0354628,104.0529982,394634.6759147452,114465.61286094278,13,122.6918422393477,8,13,5,135.27646212843436,4.4,2.0794415416798357,0
3326,Aneka Keramik Solution (Tk  Aneka Keramik Solution),building materials supplier,Retail,Indonesia.Batam.Toko Bangunan.202408021219.db,places,1.0384257,104.0719713,396745.94482162537,114792.5223156981,-1,0.0,2,2,1,0.0,4.9,2.0794415416798357,0
3327,Sumber bangunan,store,Retail,Indonesia.Batam.Toko Bangunan.202408021219.db,places,1.0350592,104.0518505,394506.9554431466,114421.03481319938,13,129.46257241642297,9,13,0,81.96988352060617,5.0,0.6931471805599453,0
3344,PT  Taman Niaga Sukses,building materials store,Retail,Indonesia.Batam.Toko Bangunan.202408021219.db,places,1.0943865,104.0349494,392628.3801226466,120980.00990677299,-1,0.0,3,4,3,106.54907986946385,4.6,3.6109179126442243,0
3345,LINDA ALUMINIUM,hardware store,Retail,Indonesia.Batam.Toko Bangunan.202408021219.db,places,1.142747,104.0029602,389070.71938437806,126327.29709440394,0,734.2663193508008,12,32,0,25.719255593577905,4.7,3.332204510175204,0
3347,Agen Genteng Metal Rainbow Group,building materials store,Retail,Indonesia.Batam.Toko Bangunan.202408021219.db,places,1.09863,104.0370082,392857.6150209296,121449.03891181607,-1,0.0,1,4,1,345.0228288052199,5.0,0.6931471805599453,0
3360,Showroom Bangunan Kairos,tile store,Retail,Indonesia.Batam.Toko Bangunan.202408021219.db,places,1.1131739,104.0500869,394313.3996261001,123056.33931165784,12,362.75129520144503,9,18,0,392.11634332047254,4.6,4.574710978503383,0
3365,Toko Utama Mandiri Jotun Indonesia,building materials store,Retail,Indonesia.Batam.Toko Bangunan.202408021219.db,places,1.0374929,104.0703294,396563.2178006894,114689.45957373333,-1,0.0,2,2,0,209.78820977697998,4.1,3.6888794541139363,0
3368,Maju Maju Toko,building materials store,Retail,Indonesia.Batam.Toko Bangunan.202408021219.db,places,1.171507,104.013147,390205.3080716521,129506.23720695797,-1,0.0,2,9,2,146.38132365878565,2.3,1.3862943611198906,0
3369,Sei Temiang Cemetery (Pemakaman Sei Temiang),cemetery,Retail,Indonesia.Batam.Toko Bangunan.202408021219.db,places,1.0667769,103.9664249,385002.4949256761,117930.34930259845,-1,0.0,2,3,2,153.39175884692943,4.4,3.4339872044851463,0
3371,Putra Counter Top Up,countertop store,Retail,Indonesia.Batam.Toko Bangunan.202408021219.db,places,1.123261,104.0046915,389262.6209588444,124173.10640800161,-1,0.0,4,8,0,166.6068214179962,5.0,2.995732273553991,0
3375,Linda Plafon Batam Plafon Gypsum Ekafuring Partisi Baja Ringan Spandek,building materials supplier,Retail,Indonesia.Batam.Toko Bangunan.202408021219.db,places,1.142972,104.003019,389077.27068938705,126352.16797116707,0,712.5086926718935,12,35,0,25.719255593577905,3.8,1.791759469228055,0
3376,TB Bintang Fajar,building materials store,Retail,Indonesia.Batam.Toko Bangunan.202408021219.db,places,1.0699327,104.1193531,402019.1385632284,118273.9099781968,-1,0.0,2,10,2,275.73090531959696,4.4,3.091042453358316,0
3379,Toko cat Jotun Cipta Jaya Bangunan (CIPTA JAYA BANGUNAN),paint store,Retail,Indonesia.Batam.Toko Bangunan.202408021219.db,places,1.1339727,104.1063705,400576.699804255,125353.5643018765,-1,0.0,5,11,1,0.0,4.1,2.1972245773362196,0
3381,Toko Sumber Alam,building materials store,Retail,Indonesia.Batam.Toko Bangunan.202408021219.db,places,1.1225177,104.0251133,391534.932705163,124090.17118707164,-1,0.0,3,8,3,340.69761361836396,4.3,3.2188758248682006,0
3383,Toko Bangunan Indah Jaya Permata,building materials supplier,Retail,Indonesia.Batam.Toko Bangunan.202408021219.db,places,1.1189912,104.0432322,393550.8891047139,123699.66496527124,-1,0.0,4,24,0,154.63339997701604,5.0,2.1972245773362196,0
3385,TPU Muslim (Blok Q) Sei Temiang,cemetery,Retail,Indonesia.Batam.Toko Bangunan.202408021219.db,places,1.0669329,103.9702834,385431.8512391619,117947.4509075716,-1,0.0,2,3,2,278.6143039205534,5.0,1.6094379124341003,0
3387,Toko Besi,building materials store,Retail,Indonesia.Batam.Toko Bangunan.202408021219.db,places,1.0448224,103.9656708,384917.77576559945,115503.33946767625,-1,0.0,3,14,3,105.75428871893435,5.0,1.6094379124341003,0
3388,Toko Bangunan Batam - Subur Makmur | Cat Nippon Paint | Paragon Paint | Avian Paint | Jerapah   Penguin| Shunda Plafon PVC,building materials supplier,Retail,Indonesia.Batam.Toko Bangunan.202408021219.db,places,1.1716648,104.0203417,391005.8564966317,129523.40057867415,-1,0.0,3,10,0,153.74890916638657,5.0,2.5649493574615367,0
3390,Toko Bangunan Ingas,building materials store,Retail,Indonesia.Batam.Toko Bangunan.202408021219.db,places,1.109285,104.0405981,393257.4446451394,122626.77855956473,-1,0.0,3,7,3,147.45464223491697,4.8,1.791759469228055,0
3394,TPU Muslim Sei Temiang,cemetery,Retail,Indonesia.Batam.Toko Bangunan.202408021219.db,places,1.0666392,103.9677966,385155.1243591302,117915.07554321755,-1,0.0,2,3,2,153.39175884692943,4.4,2.1972245773362196,0
3398,Nobita truk and home,hardware store,Retail,Indonesia.Batam.Toko Bangunan.202408021219.db,places,1.1501861,104.1079316,400750.95481508534,127145.80424958278,-1,0.0,0,2,0,502.91226369995184,5.0,0.6931471805599453,0
3401,Toko Bangunan INTI BATAM,home goods store,Retail,Indonesia.Batam.Toko Bangunan.202408021219.db,places,1.152851,104.095581,399376.8408930892,127440.82637244287,-1,0.0,0,0,0,1037.7576376273644,4.3,2.0794415416798357,0
3403,Ramiro Garden  Sei Temiang  Batu Aji Batam Island,plant nursery,Retail,Indonesia.Batam.Toko Bangunan.202408021219.db,places,1.0803278,103.9547171,383700.2306394143,119428.827041879,-1,0.0,1,1,0,482.3042908793494,5.0,1.6094379124341003,0
3406,Toko Bangunan  A3 JAYA BERSAMA,building materials store,Retail,Indonesia.Batam.Toko Bangunan.202408021219.db,places,1.1410804,104.0409914,393302.36248071946,126141.62029001047,2,586.2971123909485,5,22,3,256.0550694692357,4.8,1.9459101490553132,0
3408,Toko Bangunan Prima Sejahtera Tropicana,building materials supplier,Retail,Indonesia.Batam.Toko Bangunan.202408021219.db,places,1.1392938,104.0384617,393020.8199289398,125944.2125032923,2,644.1043528498186,5,27,0,115.08832043929326,5.0,2.0794415416798357,0
3410,PT Aneka Duta Bangunan,building materials store,Retail,Indonesia.Batam.Toko Bangunan.202408021219.db,places,1.1171656,104.0580192,395196.16275877366,123497.3206447837,-1,0.0,5,6,3,2.6606411463056463,4.5,3.4011973816621555,0
3412,Toko Bong Jaya Material Bangunan,home goods store,Retail,Indonesia.Batam.Toko Bangunan.202408021219.db,places,1.1535008,104.043587,393591.63041531213,127514.5494772827,-1,0.0,2,10,0,28.28447645716762,4.7,2.833213344056216,0
3414,Toko Bangunan Surya Simpang Barelang,hardware store,Retail,Indonesia.Batam.Toko Bangunan.202408021219.db,places,1.0395477,103.9977741,388489.8613950462,114919.07715779282,-1,0.0,1,4,0,121.9013240089409,4.2,5.0689042022202315,0
3417,Toko New Sejati,building materials store,Retail,Indonesia.Batam.Toko Bangunan.202408021219.db,places,1.154113,104.0241112,391424.6110198985,127582.96181646199,1,236.2582827637642,18,34,12,59.4484537886922,5.0,1.6094379124341003,0
3419,Toko Utama,store,Retail,Indonesia.Batam.Toko Bangunan.202408021219.db,places,1.1447966,104.0111465,389981.68531342025,126553.55947204391,0,470.9224886744204,15,51,0,100.86117444785819,4.3,4.624972813284271,0
3420,Toko Cat,building materials store,Retail,Indonesia.Batam.Toko Bangunan.202408021219.db,places,1.0528516,103.9753155,385991.27705800923,116390.60143513244,3,293.3770864628759,9,19,9,0.0,4.7,1.3862943611198906,0
3421,Shop Building Saprindo (Toko Saprindo Bangunan),building materials store,Retail,Indonesia.Batam.Toko Bangunan.202408021219.db,places,1.1566319,104.039706,393159.91540498915,127860.82583929058,-1,0.0,2,14,2,0.0,4.0,2.4849066497880004,0
3424,TOKO' MAJU BERSAMA -TOA PAINT -,building materials store,Retail,Indonesia.Batam.Toko Bangunan.202408021219.db,places,1.1415975,104.1169252,401751.3451534667,126196.07745833368,-1,0.0,3,9,3,0.0,4.4,2.302585092994046,0
3426,Toko Bangunan Air Lingka Barelang,permanently closed,Retail,Indonesia.Batam.Toko Bangunan.202408021219.db,places,0.6979583,104.2339068,414756.7337774975,77152.34372374939,-1,0.0,1,1,0,368.486150325948,5.0,1.0986122886681098,0
3432,Toko Mekar Rezeki,building materials store,Retail,Indonesia.Batam.Toko Bangunan.202408021219.db,places,0.6996995,104.231083,414442.54182711744,77344.8676477132,-1,0.0,1,1,0,368.486150325948,5.0,0.6931471805599453,0
3436,Toko Mitra Baru,building materials store,Retail,Indonesia.Batam.Toko Bangunan.202408021219.db,places,1.0517148,103.9518657,383381.86730525584,116265.79668431096,-1,0.0,2,8,1,207.77800640304133,4.4,2.4849066497880004,0
3443,TB  Duta Bangunan,building materials store,Retail,Indonesia.Batam.Toko Bangunan.202408021219.db,places,1.1234212,104.0967628,399507.3168754868,124187.4879488158,9,520.2495248992846,7,30,7,55.19282813210145,4.7,2.0794415416798357,0
3445,Toko Menara Botania Bangunan,building materials store,Retail,Indonesia.Batam.Toko Bangunan.202408021219.db,places,1.1260116,104.0986327,399715.4645864072,124473.77748762246,9,210.63949222913908,14,22,12,66.40073887082109,5.0,1.6094379124341003,0
3447,Pt Sinar Bangunan Batam,store,Retail,Indonesia.Batam.Toko Bangunan.202408021219.db,places,1.1325355,104.0176758,390707.7351570732,125197.88405045979,-1,0.0,1,13,0,447.2056066745345,4.1,2.3978952727983707,0
3448,Toko Bangunan Hoki,dry wall supply store,Retail,Indonesia.Batam.Toko Bangunan.202408021219.db,places,1.0292517,103.9770723,386185.9171638603,113781.61225420047,-1,0.0,1,5,0,242.219295564327,5.0,1.6094379124341003,0
3450,Wira Utama Indah,building materials store,Retail,Indonesia.Batam.Toko Bangunan.202408021219.db,places,1.1424209,104.0048228,389277.9582036891,126291.17576629124,0,631.9845869732326,14,44,8,57.561392307271056,4.8,2.3978952727983707,0
3451,Toko Bahan Bangunan MOGA JAYA,building materials store,Retail,Indonesia.Batam.Toko Bangunan.202408021219.db,places,1.021435,104.0692548,396443.12721142505,112914.37291030581,-1,0.0,1,8,1,142.630840300012,5.0,0.6931471805599453,0
3453,Toko Bangunan Sahabat Kita,building materials store,Retail,Indonesia.Batam.Toko Bangunan.202408021219.db,places,1.0328132,104.0022667,388989.53569665493,114174.43824910278,-1,0.0,3,5,3,442.6935040069201,4.3,1.3862943611198906,0
3454,Toko Malaka Utama,building materials store,Retail,Indonesia.Batam.Toko Bangunan.202408021219.db,places,1.129689,104.1020696,400098.00498156203,124880.17446972516,9,468.7238697904891,8,28,7,72.49626665786822,5.0,1.791759469228055,0
3456,Toko Bangunan Sinar Niaga Abadi,building materials store,Retail,Indonesia.Batam.Toko Bangunan.202408021219.db,places,1.133539,104.105906,400525.0015077743,125305.63731876796,-1,0.0,5,14,3,16.403277104897615,5.0,1.0986122886681098,0
3457,Toko Bandang Makmur,building materials store,Retail,Indonesia.Batam.Toko Bangunan.202408021219.db,places,1.1525279,104.1306351,403277.1594707006,127403.89503014377,-1,0.0,4,5,3,14.532325051951036,5.0,0.6931471805599453,0
3458,Toko Bangun Sukses,building materials store,Retail,Indonesia.Batam.Toko Bangunan.202408021219.db,places,1.152923,104.1302999,403239.87661633035,127447.58207585859,-1,0.0,4,5,3,50.418211497286634,3.8,1.6094379124341003,0
3460,Toko Bangunan Puri Jaya,building materials store,Retail,Indonesia.Batam.Toko Bangunan.202408021219.db,places,1.0311894,104.0533296,394671.410747509,113993.19633325444,13,356.8928346623833,7,13,3,220.75197190831693,4.6,2.0794415416798357,0
3462,Toko Bangunan Sinar Surya,building materials supplier,Retail,Indonesia.Batam.Toko Bangunan.202408021219.db,places,1.0282627,104.0617028,395603.0199736963,113669.3875086699,-1,0.0,5,10,0,200.13837645648744,5.0,0.6931471805599453,0
3472,Toko bangunan building material (Toko bangunan Cipta Abadi Sukses),building materials store,Retail,Indonesia.Batam.Toko Bangunan.202408021219.db,places,1.0934659,104.0346658,392596.79101885966,120878.25119735228,-1,0.0,3,4,3,0.0,4.3,2.772588722239781,0
3473,Surya Utama,building materials store,Retail,Indonesia.Batam.Toko Bangunan.202408021219.db,places,1.10998,104.039467,393131.6121397501,122703.64891863818,-1,0.0,2,5,2,137.4016228256464,4.4,2.3978952727983707,0
3475,CV Hensa Dwi Putra,building materials store,Retail,Indonesia.Batam.Toko Bangunan.202408021219.db,places,1.1176222,104.0429468,393519.0834494578,123548.3378735719,12,581.390476463115,3,24,2,154.63339997701604,4.5,1.9459101490553132,0
3476,Cahaya Bangunan,building materials store,Retail,Indonesia.Batam.Toko Bangunan.202408021219.db,places,1.0449843,103.9813991,386667.9410909012,115520.6653896879,4,163.9157327527307,9,16,8,39.936541832764625,4.4,2.772588722239781,0
3477,Toko Mitra Utama,hardware store,Retail,Indonesia.Batam.Toko Bangunan.202408021219.db,places,1.1341287,104.0294508,392017.9940052158,125373.56525972467,5,60.527453253311045,19,32,0,36.05206186892333,4.6,2.302585092994046,0
3478,PT Makmur Utama Lestari,building materials store,Retail,Indonesia.Batam.Toko Bangunan.202408021219.db,places,1.1162785,104.0478979,394069.94160382176,123399.61841235493,12,102.49742818852646,8,17,1,1.713692095085517,4.6,2.1972245773362196,0
3479,Toko Bangunan Prima Sejahtera Aku Tahu,building materials supplier,Retail,Indonesia.Batam.Toko Bangunan.202408021219.db,places,1.1339834,104.0336707,392487.53395682527,125357.34578117351,5,425.7539397924253,10,34,0,101.15784865727755,5.0,1.6094379124341003,0
3481,Indo Logam,building materials store,Retail,Indonesia.Batam.Toko Bangunan.202408021219.db,places,1.0492414,103.9540235,383621.8850520521,115992.28435874512,-1,0.0,5,12,4,197.1807049634293,4.4,4.189654742026425,0
3484,Aneka Bangunan Store (Toko Aneka Bangunan),building materials store,Retail,Indonesia.Batam.Toko Bangunan.202408021219.db,places,1.0371398,103.9765417,386127.1555613161,114653.64606207145,-1,0.0,2,13,2,0.0,4.3,4.394449154672439,0
3485,UD MITRA SETIA,dry wall supply store,Retail,Indonesia.Batam.Toko Bangunan.202408021219.db,places,1.0323208,104.056259,394997.40890843223,114118.17072013993,-1,0.0,3,16,0,173.02358432993344,4.7,1.3862943611198906,0
3486,Sinar Glory,building materials store,Retail,Indonesia.Batam.Toko Bangunan.202408021219.db,places,1.1006174,104.0533723,394678.521159326,121668.15545597162,8,542.8121151878144,5,16,5,74.01476283922234,4.3,2.70805020110221,0
3487,Toko Istana Bangunan,building materials store,Retail,Indonesia.Batam.Toko Bangunan.202408021219.db,places,1.0423441,104.0534182,394681.6381232346,115226.29626280346,-1,0.0,2,9,1,417.6696175887421,4.5,1.9459101490553132,0
3488,PALOMA HARDWARE BATAM,hardware store,Retail,Indonesia.Batam.Toko Bangunan.202408021219.db,places,1.1157306,104.0476442,394041.69293576514,123339.05949333266,12,38.95695477381504,8,16,2,40.52302436714434,5.0,2.302585092994046,0
3490,Toko Bangunan Jaya Raya,homewares store,Retail,Indonesia.Batam.Toko Bangunan.202408021219.db,places,1.160464,104.1010382,399984.3107226503,128282.20697634749,-1,0.0,1,1,1,20.88264171777321,4.6,3.258096538021482,0
3492,Toko Bangunan Solution Batu Aji,building materials supplier,Retail,Indonesia.Batam.Toko Bangunan.202408021219.db,places,1.0414945,103.9803505,386551.1338559063,115134.91274497398,4,250.23163577366344,8,16,0,15.349767495616012,4.2,5.598421958998375,0
3495,TK  WUDSTIL,building materials store,Retail,Indonesia.Batam.Toko Bangunan.202408021219.db,places,1.131541,104.0304846,392132.92855258245,125087.46578988474,5,254.9987558561928,16,31,8,113.57851802888851,4.3,1.6094379124341003,0
3496,Indah Jaya Bangunan,building materials store,Retail,Indonesia.Batam.Toko Bangunan.202408021219.db,places,1.1024728,104.0532935,394669.81825280085,121873.26461327443,8,510.42616317936705,6,17,6,131.33725971377132,1.0,0.6931471805599453,0
3497,TB BATAM MAJU,building materials store,Retail,Indonesia.Batam.Toko Bangunan.202408021219.db,places,1.1379642,104.0273205,391781.0995199638,125797.64595412387,5,543.6039785648796,12,28,8,55.5263904932194,3.9,3.8501476017100584,0
3499,Tb  Makmur Lestari,building materials store,Retail,Indonesia.Batam.Toko Bangunan.202408021219.db,places,1.115322,103.984067,386967.40894337534,123296.25590627613,6,540.1666875213976,7,25,3,121.13094952633432,4.4,3.970291913552122,0
3500,PT  Singalift International,tool store,Retail,Indonesia.Batam.Toko Bangunan.202408021219.db,places,1.11015,104.045523,393805.4684328183,122722.22355380243,-1,0.0,2,15,0,277.67255340551577,5.0,0.6931471805599453,0
3501,Toko bangunan Solid Makmur Sejahtera,building materials store,Retail,Indonesia.Batam.Toko Bangunan.202408021219.db,places,1.1336162,104.1060319,400539.01265228516,125314.1669922245,-1,0.0,5,13,3,0.0,4.1,2.70805020110221,0
3504,Toko Bangunan Cahaya Alai,building materials store,Retail,Indonesia.Batam.Toko Bangunan.202408021219.db,places,1.042027,103.957144,383968.85384520737,115194.6249038633,-1,0.0,3,17,2,41.15472440830964,4.3,2.302585092994046,0
3506,WISCO BANGUNAN INDONESIA,hardware store,Retail,Indonesia.Batam.Toko Bangunan.202408021219.db,places,1.1160437,104.0478336,394062.77857546683,123373.66456958212,12,75.58229025793813,8,16,2,20.477916936952997,4.3,2.4849066497880004,0
3507,Toko Bangunan,building materials store,Retail,Indonesia.Batam.Toko Bangunan.202408021219.db,places,1.0528516,103.9753155,385991.27705800923,116390.60143513244,3,293.3770864628759,9,19,9,0.0,4.7,1.3862943611198906,0
3508,Toko Asia Bangunan,building materials store,Retail,Indonesia.Batam.Toko Bangunan.202408021219.db,places,1.1065511,104.0567156,395050.7374715159,122323.98159854721,8,466.9642085791324,4,21,3,110.29226668425495,3.8,3.295836866004329,0
3509,Toko Ho Keramik,building materials store,Retail,Indonesia.Batam.Toko Bangunan.202408021219.db,places,1.1488472,104.0104938,389909.21445048007,127001.3665027241,0,349.4696532823674,23,48,11,33.1949210064123,4.5,2.4849066497880004,0
3510,Toko bangunan Mitra Kencana,building materials store,Retail,Indonesia.Batam.Toko Bangunan.202408021219.db,places,1.0209375,104.0704375,396574.71288156783,112859.33866625938,-1,0.0,1,5,1,142.630840300012,4.0,1.6094379124341003,0
3511,Toko Bangunan Metro Jaya,building materials store,Retail,Indonesia.Batam.Toko Bangunan.202408021219.db,places,1.1717146,104.0189608,390852.20811671286,129528.95957302324,-1,0.0,4,9,0,153.74890916638657,4.7,3.2188758248682006,0
3512,Wisco Gallery,building materials supplier,Retail,Indonesia.Batam.Toko Bangunan.202408021219.db,places,1.1164859,104.0479084,394071.11735648,123422.54523731887,12,125.09545914571599,8,16,2,22.911583383466283,4.5,4.74493212836325,0
3513,Spandek batam,building materials supplier,Retail,Indonesia.Batam.Toko Bangunan.202408021219.db,places,1.1189324,103.9712748,385544.13702951145,123695.87424294719,-1,0.0,1,15,0,324.0374149813106,4.8,1.6094379124341003,0
3514,Toko Bengawan Solo,building materials store,Retail,Indonesia.Batam.Toko Bangunan.202408021219.db,places,1.1530589,104.0244051,391457.27296169486,127466.42341038118,1,327.26133718951286,14,34,9,29.40972210584942,4.6,3.6635616461296463,0
3515,Mitra10 Batam Supermarket Bahan Bangunan,building materials market,Retail,Indonesia.Batam.Toko Bangunan.202408021219.db,places,1.1331604,104.0464507,393909.52213949413,125265.89497618286,-1,0.0,6,16,0,3.6305745400978493,4.4,7.372118028337787,0
3516,Toko Bangunan Makmur Indah,building materials store,Retail,Indonesia.Batam.Toko Bangunan.202408021219.db,places,1.1291366,104.1016617,400052.60020501935,124819.12391136684,9,403.21877255646393,11,28,9,55.86142180138795,4.7,1.3862943611198906,0
3518,TOKO JUALAN BAHAN BANGUNAN DI BATAM,corporate office,Retail,Indonesia.Batam.Toko Bangunan.202408021219.db,places,1.0338822,104.056151,394985.44278070965,114290.78002615123,13,377.57562569506655,5,13,0,173.02358432993344,5.0,0.6931471805599453,0
