id,name,category,source_category,source_file,source_table,latitude,longitude,x_utm,y_utm,cluster_id,dist_to_cluster_centroid_m,competitor_density_500m,competitor_density_1km,same_category_density_500m,nearest_neighbor_dist_m,rating,review_log,price_level
1,Posyandu Anggrek 8 Baloi Mas Indah Kel  Baloi Indah,hospital,Healthcare,Indonesia.Batam.Kesehatan.202408050759.db,places,1.1283252,104.0057656,389382.3275906415,124732.89894296136,0,2381.143386815206,11,89,1,158.43936892366352,5.0,0.6931471805599453,0
2,Baloi kesehatan blok b no 16,housing complex,Healthcare,Indonesia.Batam.Kesehatan.202408050759.db,places,1.1304157,104.010546,389914.3228116145,124963.81623061498,0,1813.789005866226,48,96,1,9.763545991268145,0.0,0.0,0
4,Klinik Kecantikan dan Anti Aging,hospital,Healthcare,Indonesia.Batam.Kesehatan.202408050759.db,places,1.1235002,104.0165641,390583.6989390961,124199.10197924827,0,2016.3110423984208,11,29,1,26.465676148000348,3.3,1.3862943611198906,0
7,Lobby Awal Bros Batam,hospital,Healthcare,Indonesia.Batam.Kesehatan.202408050759.db,places,1.1238469,104.0167301,390602.1826919843,124237.42235511972,0,1973.8307175501784,11,29,1,14.25819873004559,5.0,0.6931471805599453,0
9,Baloi Centre blok D 110  jl  Nusa indah,beauty salon,Healthcare,Indonesia.Batam.Kesehatan.202408050759.db,places,1.1321709,104.0029006,389063.6837547927,125158.1398598762,0,2466.3797037443464,5,77,0,265.97304762678124,1.0,0.6931471805599453,0
10,𝐊𝐋𝐈𝐍𝐈𝐊 𝐏𝐄𝐍𝐆𝐎𝐁𝐀𝐓𝐀𝐍 𝐀𝐋𝐀𝐓 𝐕𝐈𝐓𝐀𝐋 𝐁𝐀𝐓𝐀𝐌 √ 𝐇 𝐀𝐒𝐄𝐏 𝐉𝐔𝐍𝐀𝐄𝐃𝐈,alternative medicine practitioner,Healthcare,Indonesia.Batam.Kesehatan.202408050759.db,places,1.1276219,104.0120197,390078.1966379341,124654.91416542832,0,1901.582047580459,22,89,3,37.54268885708325,5.0,2.3978952727983707,0
11,Rumah delvin,pharmacy,Healthcare,Indonesia.Batam.Kesehatan.202408050759.db,places,1.1279524,104.0071405,389535.29914641165,124691.63471208047,0,2280.2874726685427,16,93,1,73.9049123519512,0.0,0.0,0
14,𝗣𝗨𝗦𝗔𝗧 𝗞𝗟𝗜𝗡𝗜𝗞 𝗣𝗘𝗡𝗚𝗢𝗕𝗔𝗧𝗔𝗡 𝗔𝗟𝗔𝗧 𝗩𝗜𝗧𝗔𝗟 𝗕𝗔𝗧𝗔𝗠,medical office,Healthcare,Indonesia.Batam.Kesehatan.202408050759.db,places,1.1269375,104.0125625,390138.5684418863,124579.23531357574,0,1919.2302980789025,18,77,1,72.00042064501082,0.0,0.0,0
16,Terapi Kesehatan Energi Reiki,hypnotherapy service,Healthcare,Indonesia.Batam.Kesehatan.202408050759.db,places,1.1274335,104.0166172,390589.75398512825,124633.91392881925,0,1620.6903054945994,11,51,0,53.424554240047826,0.0,0.0,0
18,1 Day 1 Green Fiber,health food store,Healthcare,Indonesia.Batam.Kesehatan.202408050759.db,places,1.1262813,104.0097583,389826.5197442654,124506.80023898435,0,2182.288149242365,13,75,0,159.89790535744277,5.0,0.6931471805599453,0
19,Klinik Citret Dewi,walk-in clinic,Healthcare,Indonesia.Batam.Kesehatan.202408050759.db,places,1.1269528,104.0166667,390595.2439098328,124580.77219641913,0,1665.1275068064706,11,47,0,53.424554240047826,0.0,0.0,0
22,Elty Clinic Batam,doctor,Healthcare,Indonesia.Batam.Kesehatan.202408050759.db,places,1.1311275,104.0094271,389789.849478316,125042.54609909053,0,1870.4391303533823,65,100,1,8.908735472068564,5.0,0.6931471805599453,0
23,BeautybyF,skin care products vending machine,Healthcare,Indonesia.Batam.Kesehatan.202408050759.db,places,1.1281839,104.0077636,389604.64042145235,124717.2027320562,0,2209.5812996710415,18,94,0,73.9049123519512,0.0,0.0,0
25,IFRS Awal Bros Batam,pharmacy,Healthcare,Indonesia.Batam.Kesehatan.202408050759.db,places,1.1237254,104.0166871,390597.39355271636,124223.99252354603,0,1988.070492082383,11,28,1,13.577000953151424,3.0,0.6931471805599453,0
27,Inovative centre,doctor,Healthcare,Indonesia.Batam.Kesehatan.202408050759.db,places,1.1319902,104.0136407,390258.7295192559,125137.75526982584,0,1435.9816510391918,36,106,1,56.78913122967877,0.0,0.0,0
28,Pengobatan Tradisional Membalaa Budi,alternative medicine practitioner,Healthcare,Indonesia.Batam.Kesehatan.202408050759.db,places,1.1272797,104.0160668,390528.5051987985,124616.93250981657,0,1665.3434184129037,14,56,2,6.258675102313886,0.0,0.0,0
29,Pengobatan Tradisional SUHU LIM,alternative medicine practitioner,Healthcare,Indonesia.Batam.Kesehatan.202408050759.db,places,1.1301298,104.0121932,390097.59619409306,124932.14844444797,0,1692.4194970521937,35,101,2,91.90445921823893,0.0,0.0,0
30,Panti Jumpo Baloi Point,nursing home,Healthcare,Indonesia.Batam.Kesehatan.202408050759.db,places,1.1273292,104.0160941,390531.54472075804,124622.40355361952,0,1659.085456811314,14,55,0,6.258675102313886,0.0,0.0,0
31,Dr  Yunieta,general practitioner,Healthcare,Indonesia.Batam.Kesehatan.202408050759.db,places,1.127584,104.012641,390147.32738475787,124650.70098010752,0,1858.9111147683393,22,84,0,69.25901448160269,0.0,0.0,0
32,Ahli Gigi Cahaya Indah,dental clinic,Healthcare,Indonesia.Batam.Kesehatan.202408050759.db,places,1.1039014,104.0699714,396525.6094410168,122030.60452905382,-1,0.0,2,13,0,282.2714005236176,0.0,0.0,0
34,Bemosh Gallery Batam,skin care clinic,Healthcare,Indonesia.Batam.Kesehatan.202408050759.db,places,1.0998983,104.052947,394631.17285706697,121588.67710421243,-1,0.0,4,10,0,335.64638940695346,4.1,2.70805020110221,0
35,Ahli Gigi Mahkota,dental clinic,Healthcare,Indonesia.Batam.Kesehatan.202408050759.db,places,1.1327537,104.0054239,389344.4741857276,125222.47035589315,0,2181.93846265225,26,92,0,205.06214243043377,4.0,1.3862943611198906,0
39,PENGOBATAN VITALITAS PRIA BATAM | ABDUL RAHMAN,alternative medicine practitioner,Healthcare,Indonesia.Batam.Kesehatan.202408050759.db,places,1.1275625,104.0116875,390041.2304469387,124648.3602192953,0,1931.4626939544942,22,90,3,37.54268885708325,5.0,1.791759469228055,0
43,J’s home,housing complex,Healthcare,Indonesia.Batam.Kesehatan.202408050759.db,places,1.1308924,104.0100762,389862.0660630238,125016.53183720069,0,1825.0297090785352,57,99,1,37.8038449884126,0.0,0.0,0
47,FIT HUB Baloi Persero Batam,gym and fitness centre,Healthcare,Indonesia.Batam.Kesehatan.202408050759.db,places,1.1311516,104.0093507,389781.3493479984,125045.21318594596,0,1876.131900321513,65,100,0,8.908735472068564,5.0,0.6931471805599453,0
50,S Eyelash,beauty salon,Healthcare,Indonesia.Batam.Kesehatan.202408050759.db,places,1.1321816,104.0146964,390376.2044055412,125158.87401756125,0,1333.7105574818704,21,102,2,119.35807644917078,5.0,0.6931471805599453,0
51,Joypolinsekorea_id,health consultant,Healthcare,Indonesia.Batam.Kesehatan.202408050759.db,places,1.1289959,104.0088464,389725.1544930136,124806.92592633376,0,2059.34967073454,29,97,0,150.246108221248,0.0,0.0,0
56,Posyandu Mawar 24 Sungai Jodoh,community health centre,Healthcare,Indonesia.Batam.Kesehatan.202408050759.db,places,1.1556422,104.0071714,389539.79446384433,127752.66289075349,0,2484.7354872794804,7,30,1,16.229868236907926,5.0,2.302585092994046,0
58,Klinik Suluh Medika,medical clinic,Healthcare,Indonesia.Batam.Kesehatan.202408050759.db,places,1.156606,104.003035,389079.5773159574,127859.36961082181,2,431.7353614910834,6,24,0,220.45277893398935,5.0,0.6931471805599453,0
67,Dokter Miralza Diza,general practitioner,Healthcare,Indonesia.Batam.Kesehatan.202408050759.db,places,1.1237396,104.0165659,390583.90813398117,124225.56682860493,0,1991.8261040401878,11,30,0,13.577000953151424,4.4,2.0794415416798357,0
69,Griya Kayana Herbal BCS MALL,herbal medicine store,Healthcare,Indonesia.Batam.Kesehatan.202408050759.db,places,1.1319426,104.0103736,389895.1974000162,125132.6170827265,0,1733.1374041040115,63,103,1,20.32168445432197,3.9,2.9444389791664403,0
71,Tukang gigi Lie swee sin 3,dental clinic,Healthcare,Indonesia.Batam.Kesehatan.202408050759.db,places,1.1313895,104.0122979,390109.2935515349,125071.40054056529,0,1593.766398911714,43,104,0,65.33215041050433,5.0,2.9444389791664403,0
72,Caths Beauty House,beauty salon,Healthcare,Indonesia.Batam.Kesehatan.202408050759.db,places,1.130495,104.0129352,390180.1723181715,124972.49213486398,0,1604.1678529147564,37,101,4,91.90445921823893,5.0,4.6913478822291435,0
74,PENGOBATAN ALTERNATIF CAKMU ALKHER BATAM,alternative medicine practitioner,Healthcare,Indonesia.Batam.Kesehatan.202408050759.db,places,1.184346,104.0135239,390247.74755351216,130925.53532433603,1,89.93616551930934,10,17,0,44.55446905855618,5.0,1.0986122886681098,0
75,AGEN NASA BATAM - Crystal X & Agrokompleks,herb shop,Healthcare,Indonesia.Batam.Kesehatan.202408050759.db,places,1.1315054,104.0134719,390239.9289185642,125084.16849123771,0,1485.0998913257583,36,103,0,56.78913122967877,4.3,1.3862943611198906,0
79,Klinik Raja,women's health clinic,Healthcare,Indonesia.Batam.Kesehatan.202408050759.db,places,1.1513347,104.0068032,389498.6589261941,127276.49513655546,0,2222.692408347132,8,65,0,156.27972632582086,0.0,0.0,0
80,Xj Beauskin,beauty salon,Healthcare,Indonesia.Batam.Kesehatan.202408050759.db,places,1.1265839,104.0064811,389461.8758558616,124540.37591627477,0,2431.020905095214,8,65,0,168.13745241257064,5.0,1.0986122886681098,0
82,SuksesMuda Education,education center,Healthcare,Indonesia.Batam.Kesehatan.202408050759.db,places,1.1304264,104.0106331,389924.01484383945,124964.99578208645,0,1805.362262772982,49,97,0,9.763545991268145,0.0,0.0,0
88,Y 3 Hair House,beauty salon,Healthcare,Indonesia.Batam.Kesehatan.202408050759.db,places,1.127002,104.0149296,390401.9584639893,124586.2764119938,0,1757.568226727286,15,62,1,87.99658984958712,0.0,0.0,0
90,Casa Medical,walk-in clinic,Healthcare,Indonesia.Batam.Kesehatan.202408050759.db,places,1.1838387,104.0159406,390516.62877634325,130869.35928595951,1,189.96126042036747,8,17,0,84.15210589153502,0.0,0.0,0
91,Cynthia,pharmacy,Healthcare,Indonesia.Batam.Kesehatan.202408050759.db,places,1.1319705,104.0124054,390121.27694858774,125135.62427505912,0,1545.1141791950545,43,101,1,65.33215041050433,0.0,0.0,0
92,Roemah Amanda Terapi Kutus kutus,physical therapist,Healthcare,Indonesia.Batam.Kesehatan.202408050759.db,places,1.1707581,104.0179616,390740.99180847104,129423.26046884563,-1,0.0,5,10,0,0.0,5.0,0.6931471805599453,0
93,Pangkas Rambut Kanda,barber shop,Healthcare,Indonesia.Batam.Kesehatan.202408050759.db,places,1.1344545,104.002148,388980.02865904005,125410.61458538054,0,2466.2225804341697,5,76,0,186.18291135004225,4.8,3.091042453358316,0
99,Apotik Cendana Farma,pharmacy,Healthcare,Indonesia.Batam.Kesehatan.202408050759.db,places,1.1499112,104.0117573,390049.84405497584,127118.93989172184,0,1683.6996562510865,37,104,2,9.253677207783577,5.0,1.0986122886681098,0
100,KPJ Appointment,hospital,Healthcare,Indonesia.Batam.Kesehatan.202408050759.db,places,1.1670378,104.0098277,389835.80023444444,129012.31033931997,-1,0.0,2,9,0,284.66123667326497,0.0,0.0,0
101,Batu ampar,greenhouse & equipment supplier,Healthcare,Indonesia.Batam.Kesehatan.202408050759.db,places,1.171941,104.0194278,390904.1791499193,129553.96917618587,-1,0.0,5,9,0,171.0996420453759,5.0,1.0986122886681098,0
103,Denies dental,denture care center,Healthcare,Indonesia.Batam.Kesehatan.202408050759.db,places,1.1819869,104.0177736,390720.51028400025,130664.57630199069,1,467.4083703296332,7,18,0,242.9272691412727,5.0,0.6931471805599453,0
104,Ruqyah sar iyyah,alternative medicine practitioner,Healthcare,Indonesia.Batam.Kesehatan.202408050759.db,places,1.182398,104.0208598,391063.92111145094,130709.90081731425,1,759.7978294454213,7,15,0,171.93938455214823,5.0,0.6931471805599453,0
107,Ruqyah laillahaillalah,alternative medicine practitioner,Healthcare,Indonesia.Batam.Kesehatan.202408050759.db,places,1.1690602,104.015931,390514.98444406595,129235.64208612649,-1,0.0,6,11,0,293.7345507417876,0.0,0.0,0
110,Ahli Gigi Rejeki,dental clinic,Healthcare,Indonesia.Batam.Kesehatan.202408050759.db,places,1.1647589,104.0120209,390079.74637352675,128760.29888692673,-1,0.0,2,14,1,350.74134474070564,5.0,0.6931471805599453,0
112,Toko Jamu Zahwa,pharmacy,Healthcare,Indonesia.Batam.Kesehatan.202408050759.db,places,1.1714071,104.0130391,390193.2983149199,129495.19778938567,-1,0.0,2,10,0,343.6625736702519,0.0,0.0,0
113,Bidan Ermi Seri,obstetrician-gynecologist,Healthcare,Indonesia.Batam.Kesehatan.202408050759.db,places,1.1836342,104.0152121,390435.5620906562,130846.78121257632,1,130.21959311471127,8,17,0,84.15210589153502,0.0,0.0,0
116,Agen Flimty Batam,health and beauty shop,Healthcare,Indonesia.Batam.Kesehatan.202408050759.db,places,1.1535396,103.9992539,388658.73702657706,127520.53494742971,2,113.06727506220746,8,20,0,75.32651201634286,5.0,1.0986122886681098,0
120,Raihan Dental Ahli Gigi,dental clinic,Healthcare,Indonesia.Batam.Kesehatan.202408050759.db,places,1.1685059,104.0119295,390069.72186091536,129174.52221414284,-1,0.0,4,9,1,284.66123667326497,4.7,1.9459101490553132,0
123,Berlian Skin Care,skin care clinic,Healthcare,Indonesia.Batam.Kesehatan.202408050759.db,places,1.1507111,104.0087956,389720.3281805556,127207.4807960261,0,2000.3952812447787,9,79,0,30.821522033787875,4.8,1.791759469228055,0
124,Batu merah,tourist attraction,Healthcare,Indonesia.Batam.Kesehatan.202408050759.db,places,1.1784466,104.0043327,389224.8265647603,130273.73821317,-1,0.0,2,2,0,231.24078251648538,0.0,0.0,0
127,Kinanti messages,massage therapist,Healthcare,Indonesia.Batam.Kesehatan.202408050759.db,places,1.1817206,104.0222581,391219.480437523,130634.96164466502,-1,0.0,6,11,0,160.24940776114647,5.0,0.6931471805599453,0
128,Posyandu mawar II,self service health station,Healthcare,Indonesia.Batam.Kesehatan.202408050759.db,places,1.185857,104.0099018,389844.78343782923,131092.71572833706,1,518.0771771053812,6,13,0,90.4261376585305,0.0,0.0,0
129,STARSGYMBATAM,gym and fitness centre,Healthcare,Indonesia.Batam.Kesehatan.202408050759.db,places,1.1540628,103.9996876,388707.01499963936,127578.35640304563,2,55.8414702617629,9,20,0,75.32651201634286,4.5,4.418840607796598,0
131,Namii Massage & Reflexology,health spa,Healthcare,Indonesia.Batam.Kesehatan.202408050759.db,places,1.1532754,104.000321,388777.46257623093,127491.28658589616,2,77.51869508120402,9,23,0,12.749798445617074,3.9,4.174387269895637,0
132,GREEN TEA HOUSE   CONCARE,medical office,Healthcare,Indonesia.Batam.Kesehatan.202408050759.db,places,1.1514661,104.0106916,389931.32389587787,127290.87060277336,0,1884.8911364526743,19,89,0,108.75396325780372,0.0,0.0,0
133,Dika Salon,beauty salon,Healthcare,Indonesia.Batam.Kesehatan.202408050759.db,places,1.1712842,104.0180354,390749.2237834788,129481.41628568977,-1,0.0,5,9,1,26.66343566740461,4.7,1.3862943611198906,0
134,Eska Wellness Harbour Bay,wellness center,Healthcare,Indonesia.Batam.Kesehatan.202408050759.db,places,1.1542881,103.99746,388459.15953278245,127603.35002265603,2,304.72232890042795,7,17,0,146.41627596397763,4.8,6.410174881966167,0
137,Zen Retreat  Massage  Spa,massage spa,Healthcare,Indonesia.Batam.Kesehatan.202408050759.db,places,1.1547207,103.9987037,388597.5624326504,127651.12410742273,2,184.3781227994046,7,22,0,131.4344065333772,3.6,3.1780538303479458,0
139,mom njo,doctor,Healthcare,Indonesia.Batam.Kesehatan.202408050759.db,places,1.1533164,104.0004281,388789.38114286464,127495.81484492161,2,76.54614194928718,9,23,0,12.749798445617074,4.0,1.791759469228055,0
140,Jendes Beauty,beauty salon,Healthcare,Indonesia.Batam.Kesehatan.202408050759.db,places,1.1530044,103.9998361,388723.49741325603,127461.34718412046,2,112.53771927801692,8,21,0,61.71390923928081,4.8,1.9459101490553132,0
143,Tukang Gigi Adam Wiwik Ismaya,dentist,Healthcare,Indonesia.Batam.Kesehatan.202408050759.db,places,1.1562521,104.0101274,389868.7298221296,127819.9707739584,0,2305.985028279316,7,31,0,239.13627479655585,0.0,0.0,0
146,Chantika Salon,beauty salon,Healthcare,Indonesia.Batam.Kesehatan.202408050759.db,places,1.171119,104.0178608,390729.7899375848,129463.16075405254,-1,0.0,5,9,1,26.66343566740461,4.5,3.091042453358316,0
154,Apotek Kimia Farma Golden Prawn Batam,pharmacy,Healthcare,Indonesia.Batam.Kesehatan.202408050759.db,places,1.159962,104.034584,392590.1248480354,128229.14936784518,0,2493.806991000957,10,39,3,79.37049360910673,5.0,2.0794415416798357,0
155,Swabaja Rumkitban Batam,medical clinic,Healthcare,Indonesia.Batam.Kesehatan.202408050759.db,places,1.1571712,104.0255656,391586.5562640874,127920.9798830844,0,1874.4837741785727,26,86,1,15.043849099145573,0.0,0.0,0
156,Praysela,health,Healthcare,Indonesia.Batam.Kesehatan.202408050759.db,places,1.1581347,104.0308385,392173.30044863414,128027.29036154633,0,2128.7923151807795,19,68,0,30.44897024485907,2.0,4.394449154672439,0
159,Klinik,otolaryngology clinic,Healthcare,Indonesia.Batam.Kesehatan.202408050759.db,places,1.1433534,104.036259,392775.8782719603,126393.06781052049,0,1455.297687275886,12,43,0,20.79274632193386,0.0,0.0,0
160,Apotek Vitka Farma & Mart Bengkong,pharmacy,Healthcare,Indonesia.Batam.Kesehatan.202408050759.db,places,1.1594517,104.0325662,392365.5885256437,128172.8142349271,0,2339.9777465912284,14,59,3,122.70382087943368,3.6,2.1972245773362196,0
161,Apotek Bifarma,pharmacy,Healthcare,Indonesia.Batam.Kesehatan.202408050759.db,places,1.154403,104.0398154,393172.0048634248,127614.42549161751,-1,0.0,4,19,0,55.53318801519657,4.0,0.6931471805599453,0
162,Klinik Skintastic,skin care clinic,Healthcare,Indonesia.Batam.Kesehatan.202408050759.db,places,1.1631801,104.0392682,393111.4479296787,128584.72051487443,-1,0.0,4,16,0,70.81137427925201,4.9,2.6390573296152584,0
164,Bidan Novida,nursing agency,Healthcare,Indonesia.Batam.Kesehatan.202408050759.db,places,1.1593106,104.034284,392556.7198205861,128157.1508998277,0,2414.710873864346,10,52,0,60.01150455809584,0.0,0.0,0
165,Rosa Anugrah Utama,hospital,Healthcare,Indonesia.Batam.Kesehatan.202408050759.db,places,1.158155,104.026056,391641.1597393133,128029.7168548699,0,1989.4651041784568,26,83,0,37.28767108133999,3.0,1.0986122886681098,0
167,KLINIK GIGI RIK SRI WAHYUNI AMTG,doctor,Healthcare,Indonesia.Batam.Kesehatan.202408050759.db,places,1.158074,104.026403,391679.76684969175,128020.74931947912,0,1986.4537467095731,28,84,0,39.63490460135655,0.0,0.0,0
170,Apotik Reksa Farma,pharmacy,Healthcare,Indonesia.Batam.Kesehatan.202408050759.db,places,1.153648,104.023604,391368.15785054077,127531.57699552579,0,1471.2604762735411,39,124,3,111.561601856646,3.7,1.3862943611198906,0
171,Apotek Rezka Farma,pharmacy,Healthcare,Indonesia.Batam.Kesehatan.202408050759.db,places,1.1575726,104.0360453,392752.6311567315,127964.9547629572,0,2359.9570457436375,9,40,2,274.4459995303744,5.0,0.6931471805599453,0
172,Apotik Rosari Farma,pharmacy,Healthcare,Indonesia.Batam.Kesehatan.202408050759.db,places,1.1582572,104.0305934,392146.0331955397,128040.84162339376,0,2131.1012353105775,20,68,2,16.420415807640655,1.0,0.6931471805599453,0
173,Apotik Miftah Farma,pharmacy,Healthcare,Indonesia.Batam.Kesehatan.202408050759.db,places,1.1520335,104.0261859,391655.3816434279,127353.00113225223,0,1326.1708474621935,51,124,4,28.42035767680709,0.0,0.0,0
175,Dr  Rosaline Darwis,doctor,Healthcare,Indonesia.Batam.Kesehatan.202408050759.db,places,1.152026,104.0283819,391899.727537281,127352.08862234147,0,1400.3047291921391,44,117,0,47.59314748409867,0.0,0.0,0
177,Posyandu Bengkong Palapa II,hospital,Healthcare,Indonesia.Batam.Kesehatan.202408050759.db,places,1.162137,104.0299746,392077.3273442654,128469.76324927343,0,2514.18233576028,9,41,0,131.9524130962713,0.0,0.0,0
179,Bidan Dora   A Md Keb,midwife,Healthcare,Indonesia.Batam.Kesehatan.202408050759.db,places,1.1584043,104.0273751,391787.9435168742,128057.22570339516,0,2042.4054084004115,25,78,0,114.16092985911719,0.0,0.0,0
182,TUKANG GIGI PATEN EXPRESS,dentist,Healthcare,Indonesia.Batam.Kesehatan.202408050759.db,places,1.1520528,104.0264406,391683.72253139253,127355.1249966201,0,1334.8482958377433,49,119,0,28.42035767680709,0.0,0.0,0
183,Asia gigi  saraya atas,denture care center,Healthcare,Indonesia.Batam.Kesehatan.202408050759.db,places,1.1505826,104.0231007,391312.04006994824,127192.72649140262,0,1133.360784036226,37,143,0,114.74124228322624,5.0,0.6931471805599453,0
185,Posyandu Mawar 23 Sungai Jodoh,community health centre,Healthcare,Indonesia.Batam.Kesehatan.202408050759.db,places,1.1580921,104.0089973,389743.0555791297,128023.42136395504,-1,0.0,4,24,1,131.33384123343086,0.0,0.0,0
187,Subarashi Batam,vitamin & supplements store,Healthcare,Indonesia.Batam.Kesehatan.202408050759.db,places,1.1525162,104.0271314,391760.60448902886,127406.32600356152,0,1404.5823964845783,50,116,1,14.565883099242612,0.0,0.0,0
188,HwiBatam,herbal medicine store,Healthcare,Indonesia.Batam.Kesehatan.202408050759.db,places,1.1512474,104.0262741,391665.165864796,127266.09713338286,0,1243.9856526260157,55,125,0,31.52094747051033,5.0,1.3862943611198906,0
189,Bengkong laut,market,Healthcare,Indonesia.Batam.Kesehatan.202408050759.db,places,1.1561898,104.0260997,391645.9475933292,127812.46907911536,0,1775.4458456783343,33,97,0,121.5788648463711,5.0,1.6094379124341003,0
190,Sabun kedas beauty,cosmetics store,Healthcare,Indonesia.Batam.Kesehatan.202408050759.db,places,1.1557018,104.0225002,391245.41738106514,127758.6599338575,0,1702.1180607617082,21,98,0,182.27671914387176,5.0,0.6931471805599453,0
191,SUPERFIT BATAM,gym and fitness centre,Healthcare,Indonesia.Batam.Kesehatan.202408050759.db,places,1.1639503,104.0390073,393082.4471297561,128669.87303906956,-1,0.0,4,13,0,17.861868367007457,4.8,3.295836866004329,0
192,Shadow Barbershop,barber shop,Healthcare,Indonesia.Batam.Kesehatan.202408050759.db,places,1.1569522,104.0249574,391518.8743703513,127896.79343028401,0,1843.3841428417109,26,85,3,71.87366164851393,4.5,4.532599493153256,0
193,Amri Buah,organic shop,Healthcare,Indonesia.Batam.Kesehatan.202408050759.db,places,1.1582102,104.0256076,391591.26901450485,128035.83617379659,0,1989.084878976492,24,83,3,0.0,0.0,0.0,0
194,AHLI GIGI RAISHA DENTAL,dental clinic,Healthcare,Indonesia.Batam.Kesehatan.202408050759.db,places,1.159433,104.019659,390929.4230143305,128171.24101759148,-1,0.0,4,35,0,80.28199150257339,0.0,0.0,0
195,Sayur Mimin,organic shop,Healthcare,Indonesia.Batam.Kesehatan.202408050759.db,places,1.1572113,104.0256948,391600.93369045015,127925.40786308672,0,1880.6735945905582,26,86,3,15.043849099145573,1.0,0.6931471805599453,0
196,Mahkota Indah,barber shop,Healthcare,Indonesia.Batam.Kesehatan.202408050759.db,places,1.1581519,104.0257209,391603.8735274689,128029.386974644,0,1984.195185380151,24,83,3,13.8498595061303,5.0,1.3862943611198906,0
199,pustu bengkong indah,medical office,Healthcare,Indonesia.Batam.Kesehatan.202408050759.db,places,1.1545206,104.0337874,392501.2836998748,127627.65292536891,0,1939.3246835106852,5,73,0,94.16380310195748,5.0,0.6931471805599453,0
200,Maneya Massage Bengkong,massage spa,Healthcare,Indonesia.Batam.Kesehatan.202408050759.db,places,1.1641058,104.0394655,393133.4359326295,128687.0455945795,-1,0.0,4,13,0,36.71140691784224,4.6,3.8918202981106265,0
201,Klinik PRIMA HUSADA,medical clinic,Healthcare,Indonesia.Batam.Kesehatan.202408050759.db,places,1.1484571,104.0283716,391898.44715078187,126957.55967147676,0,1046.8345611925006,64,99,2,31.980630136774753,3.1,2.302585092994046,0
202,UNUY BEAUTY (MUA & Gallery),beauty salon,Healthcare,Indonesia.Batam.Kesehatan.202408050759.db,places,1.1592803,104.0337455,392496.8007277335,128153.82178717533,0,2382.6354167679933,11,54,2,20.96161452886578,5.0,1.0986122886681098,0
203,Bengkong ratu,corporate office,Healthcare,Indonesia.Batam.Kesehatan.202408050759.db,places,1.1578698,104.024394,391456.2205074403,127998.25255681171,0,1940.3391308106327,24,78,0,104.17513956038893,4.8,1.6094379124341003,0
204,Klinik Prima Husada Baru,doctor,Healthcare,Indonesia.Batam.Kesehatan.202408050759.db,places,1.1436024,104.0281304,391871.4270151758,126420.89876345701,0,626.4596327402461,34,119,1,23.274838247081135,4.5,5.564520407322694,0
205,Vhiaa beautystylist,beauty salon,Healthcare,Indonesia.Batam.Kesehatan.202408050759.db,places,1.1525505,104.0249968,391523.09146532614,127410.19896662071,0,1359.7765932242778,47,120,2,144.1259292377131,4.5,1.0986122886681098,0
206,Bengkong Optical,optician,Healthcare,Indonesia.Batam.Kesehatan.202408050759.db,places,1.1504077,104.0252165,391547.4562260956,127173.31137149782,0,1128.7887429992975,51,136,0,32.27583147154613,5.0,1.0986122886681098,0
207,MONI COSMETIC CABANG BENGKONG,beauty salon,Healthcare,Indonesia.Batam.Kesehatan.202408050759.db,places,1.1552715,104.0240816,391421.3614273549,127711.03121440133,0,1651.8597719770962,29,102,4,43.53994617800991,5.0,3.9889840465642745,0
210,Pak Johar,organic shop,Healthcare,Indonesia.Batam.Kesehatan.202408050759.db,places,1.1582102,104.0256076,391591.26901450485,128035.83617379659,0,1989.084878976492,24,83,3,0.0,0.0,0.0,0
212,T2 SALON Bengkong,beauty salon,Healthcare,Indonesia.Batam.Kesehatan.202408050759.db,places,1.1584639,104.0287693,391943.07628511044,128063.76106753905,0,2086.7862045710044,28,74,3,59.599957548534555,5.0,0.6931471805599453,0
213,Cempaka Fruit,organic shop,Healthcare,Indonesia.Batam.Kesehatan.202408050759.db,places,1.1582102,104.0256076,391591.26901450485,128035.83617379659,0,1989.084878976492,24,83,3,0.0,0.0,0.0,0
215,Laboratorium,medical laboratory,Healthcare,Indonesia.Batam.Kesehatan.202408050759.db,places,1.1452245,104.0280552,391863.1203423033,126600.21905570137,0,738.5627217433982,39,118,0,32.07013500499706,0.0,0.0,0
217,SALSA PARFUM PREMIUM Bengkong,perfume store,Healthcare,Indonesia.Batam.Kesehatan.202408050759.db,places,1.1501455,104.0250889,391533.24841464154,127144.33090582067,0,1097.8823387049085,50,136,0,32.27583147154613,4.9,4.605170185988092,0
219,Planet Barbershop,barber shop,Healthcare,Indonesia.Batam.Kesehatan.202408050759.db,places,1.1581588,104.0253727,391565.13007358764,128030.16306583492,0,1980.5614841263955,24,81,3,9.372025129154677,4.4,3.4011973816621555,0
222,Bidan Sitti Oktoberia,midwife,Healthcare,Indonesia.Batam.Kesehatan.202408050759.db,places,1.1462761,104.025249,391550.9167259276,126716.57586936459,0,683.6838082066378,44,137,2,152.85820850307724,5.0,0.6931471805599453,0
223,Salon alin,beauty salon,Healthcare,Indonesia.Batam.Kesehatan.202408050759.db,places,1.163282,104.0386399,393041.54212589026,128596.00897464565,-1,0.0,4,17,0,70.81137427925201,5.0,1.0986122886681098,0
225,BIDAN AFRIDA,doctor,Healthcare,Indonesia.Batam.Kesehatan.202408050759.db,places,1.1458953,104.029052,391974.05837951327,126674.33602990407,0,868.9807140484304,39,113,1,130.21927003802458,5.0,0.6931471805599453,0
226,Dewi Farma,pharmacy,Healthcare,Indonesia.Batam.Kesehatan.202408050759.db,places,1.1581221,104.0256,391590.4200253114,128026.09731082554,0,1979.3135067701764,24,83,0,9.775798413399682,5.0,0.6931471805599453,0
227,Posyandu Mawar 5 Bengkong Laut,health counselor,Healthcare,Indonesia.Batam.Kesehatan.202408050759.db,places,1.1516423,104.0338671,392510.04381405725,127309.46448420311,0,1698.5030754579022,7,101,0,232.61398303096627,0.0,0.0,0
230,Anggun Salon,hair salon,Healthcare,Indonesia.Batam.Kesehatan.202408050759.db,places,1.1581438,104.0252898,391555.90533831646,128028.50803888708,0,1977.976430270064,23,80,0,9.372025129154677,5.0,1.9459101490553132,0
231,Pengobatan bengkong,alternative medicine practitioner,Healthcare,Indonesia.Batam.Kesehatan.202408050759.db,places,1.1456699,104.0309735,392187.85313929006,126649.34648032149,0,1016.7162581663945,30,106,2,4.051006538398788,0.0,0.0,0
232,bengkong mahkota blok D no 50,beauty salon,Healthcare,Indonesia.Batam.Kesehatan.202408050759.db,places,1.1566915,104.0283222,391893.2610226148,127867.84552399688,0,1884.770776305993,35,89,4,24.12286288863632,0.0,0.0,0
233,Rina Salon,beauty salon,Healthcare,Indonesia.Batam.Kesehatan.202408050759.db,places,1.1588004,104.0303092,392114.43126524653,128100.90125930609,0,2175.858143699201,20,68,5,51.457287705906666,5.0,1.3862943611198906,0
234,Amri teraphy saraf,hospital,Healthcare,Indonesia.Batam.Kesehatan.202408050759.db,places,1.1456386,104.0309341,392183.4679753837,126645.88786082316,0,1011.1383017651585,30,105,0,0.3012384347730886,5.0,1.0986122886681098,0
235,Barbershop Macho,barber shop,Healthcare,Indonesia.Batam.Kesehatan.202408050759.db,places,1.1512889,104.0283166,391892.4339130139,127270.6072854892,0,1322.5557590632447,49,116,5,36.49042786208932,0.0,0.0,0
236,Apotek Agung,pharmacy,Healthcare,Indonesia.Batam.Kesehatan.202408050759.db,places,1.1498965,104.0258553,391618.51549357985,127116.7756941877,0,1087.8098236667126,61,131,4,4.074805973736534,4.8,2.6390573296152584,0
237,Rosari salon,hair salon,Healthcare,Indonesia.Batam.Kesehatan.202408050759.db,places,1.1576757,104.0305658,392142.9402052652,127976.55993275133,0,2070.3253237319886,18,75,0,59.12123800417334,5.0,1.791759469228055,0
238,KLINIK TRADISIONAL BATAM,alternative medicine practitioner,Healthcare,Indonesia.Batam.Kesehatan.202408050759.db,places,1.1471062,104.028667,391931.2652504068,126808.2112725774,0,941.6199714301564,49,111,3,63.78868421460653,0.0,0.0,0
241,Terapi AL Bengkong,physical therapist,Healthcare,Indonesia.Batam.Kesehatan.202408050759.db,places,1.1456579,104.0309391,392184.0250413307,126648.02121808787,0,1012.8288600488804,31,106,0,2.1707929310722847,0.0,0.0,0
242,ROSARI SALON & WEDDING DEKOR TOP 100,beauty salon,Healthcare,Indonesia.Batam.Kesehatan.202408050759.db,places,1.1545682,104.0240298,391415.5710112443,127633.2857495948,0,1573.9539399031771,38,112,2,45.48503168687829,0.0,0.0,0
245,Pengobatan Tradisional China,alternative medicine practitioner,Healthcare,Indonesia.Batam.Kesehatan.202408050759.db,places,1.1474547,104.0263864,391677.51842976257,126846.82297660016,0,848.4824116827153,52,125,2,44.05911019885343,5.0,1.0986122886681098,0
246,SALON E T2,beauty salon,Healthcare,Indonesia.Batam.Kesehatan.202408050759.db,places,1.1564861,104.028249,391885.1083917086,127845.1420633961,0,1860.6881833199336,36,93,4,24.12286288863632,5.0,0.6931471805599453,0
248,Berobat Bapak ayi bengkong,occupational therapist,Healthcare,Indonesia.Batam.Kesehatan.202408050759.db,places,1.1456384,104.0309368,392183.7683938773,126645.86564994136,0,1011.370377349134,30,105,0,0.3012384347730886,0.0,0.0,0
249,Ayangku Beauty,beauty salon,Healthcare,Indonesia.Batam.Kesehatan.202408050759.db,places,1.1554152,104.0410918,393314.06537416915,127726.27230036205,-1,0.0,4,20,1,180.80624253404474,5.0,1.6094379124341003,0
250,Apotek Kimia Farma Bengkong Kolam,pharmacy,Healthcare,Indonesia.Batam.Kesehatan.202408050759.db,places,1.1453691,104.0371984,392880.4789477207,126615.86069473908,0,1619.602624519284,12,32,0,115.02269274776488,4.3,2.833213344056216,0
251,Apotek Al-Jabar Farma,pharmacy,Healthcare,Indonesia.Batam.Kesehatan.202408050759.db,places,1.1499153,104.0258238,391615.01123301504,127118.85516566323,0,1089.0006976267357,61,132,4,4.074805973736534,3.0,1.3862943611198906,0
253,Bidan Asriati,midwife,Healthcare,Indonesia.Batam.Kesehatan.202408050759.db,places,1.1472578,104.0269152,391736.35004702845,126825.03634636634,0,852.6733455175452,56,121,2,47.197470674569296,4.7,1.9459101490553132,0
256,Halalmart HNI BC Batam 5,health consultant,Healthcare,Indonesia.Batam.Kesehatan.202408050759.db,places,1.1549155,104.024249,391439.97430049203,127671.67022017144,0,1613.3529757757412,34,107,0,43.53994617800991,5.0,2.1972245773362196,0
257,Drg  Irma Solvia,dentist,Healthcare,Indonesia.Batam.Kesehatan.202408050759.db,places,1.1467414,104.026945,391739.64645278786,126767.94899213978,0,803.4302296143874,53,119,0,3.89391896706523,0.0,0.0,0
258,Fitness Pelangi Gym Batam,gym and fitness centre,Healthcare,Indonesia.Batam.Kesehatan.202408050759.db,places,1.1499916,104.0258034,391612.7442263216,127127.29064333005,0,1096.6753031234564,61,133,1,8.73479266013901,4.2,4.454347296253507,0
259,Bombay Tradisional,osteopath,Healthcare,Indonesia.Batam.Kesehatan.202408050759.db,places,1.145535,104.0274079,391791.1075671206,126634.56817734076,0,718.5687274155475,41,113,0,18.336649818819545,0.0,0.0,0
262,Sholikah homestay,family service center,Healthcare,Indonesia.Batam.Kesehatan.202408050759.db,places,1.1488062,104.0241612,391429.9736541718,126996.31109205005,0,938.6443980598102,43,140,0,77.38573963804868,0.0,0.0,0
264,The Master Gym,gym and fitness centre,Healthcare,Indonesia.Batam.Kesehatan.202408050759.db,places,1.150183,104.0256145,391591.7327574721,127148.45643140031,0,1112.6966981027228,58,134,1,27.00539041999248,3.9,2.833213344056216,0
266,Pengobatan Tradisional Pakistan,alternative medicine practitioner,Healthcare,Indonesia.Batam.Kesehatan.202408050759.db,places,1.1453846,104.0273384,391783.36872876534,126617.94460650024,0,700.6424740845204,41,115,3,18.336649818819545,3.0,0.6931471805599453,0
267,Vemale Beauty,cosmetics store,Healthcare,Indonesia.Batam.Kesehatan.202408050759.db,places,1.1466342,104.02776,391830.32662514347,126756.0675952659,0,840.2742471636764,49,109,2,44.897048336485376,0.0,0.0,0
268,toko jamu putri sukowati,vitamin & supplements store,Healthcare,Indonesia.Batam.Kesehatan.202408050759.db,places,1.14744,104.0259907,391633.4887472825,126845.21292932844,0,831.4407111708343,51,131,0,44.05911019885343,0.0,0.0,0
270,Urut Pak Ismail,reflexologist,Healthcare,Indonesia.Batam.Kesehatan.202408050759.db,places,1.1475529,104.0290299,391971.6614885052,126857.57867256292,0,1005.3766447670007,53,109,0,63.78868421460653,5.0,1.3862943611198906,0
272,Pijat Terapi Urat,physical therapist,Healthcare,Indonesia.Batam.Kesehatan.202408050759.db,places,1.1480817,104.0240356,391415.970923933,126916.22483570474,0,857.766234739132,43,139,0,11.41589195690712,0.0,0.0,0
273,KLINIK PRIMA HUSADA (RUKO ESQARADA),medical clinic,Healthcare,Indonesia.Batam.Kesehatan.202408050759.db,places,1.150957,104.0261964,391656.5093156546,127233.9973663088,0,1210.7428985246854,58,126,3,1.8681955143233426,5.0,3.295836866004329,0
274,Klinik Karya Asih,medical clinic,Healthcare,Indonesia.Batam.Kesehatan.202408050759.db,places,1.1518843,104.027978,391854.78075764014,127336.43951094947,0,1368.9750041672562,45,116,2,39.76912546012954,4.3,1.3862943611198906,0
275,T navi Salon,beauty salon,Healthcare,Indonesia.Batam.Kesehatan.202408050759.db,places,1.1461012,104.0268293,391726.74858047604,126697.18147958854,0,735.3284101219932,49,122,3,48.506831850598005,5.0,0.6931471805599453,0
276,Puskesmas Pembantu Bengkong Harapan 2,hospital,Healthcare,Indonesia.Batam.Kesehatan.202408050759.db,places,1.1546933,104.0346161,392593.4983264606,127646.71294788386,0,2010.0348701101639,5,57,0,94.16380310195748,5.0,0.6931471805599453,0
278,Apotek Harapan Medika,pharmacy,Healthcare,Indonesia.Batam.Kesehatan.202408050759.db,places,1.1399511,104.0384664,393021.3671475984,126016.87430924391,0,1662.809233108391,11,40,0,361.8009812563776,5.0,1.3862943611198906,0
279,Toko herbal K-link,health and beauty shop,Healthcare,Indonesia.Batam.Kesehatan.202408050759.db,places,1.15455,104.0393359,393118.65722601337,127630.69379196496,0,2358.378062136131,5,21,0,0.26001776033369706,5.0,0.6931471805599453,0
280,Bidan Molina Tambunan,midwife,Healthcare,Indonesia.Batam.Kesehatan.202408050759.db,places,1.1505364,104.0302253,392104.7842235259,127187.3487990651,0,1351.34937630144,38,115,3,72.57053455064103,5.0,1.3862943611198906,0
281,HM  Badri Mubarrok,denture care center,Healthcare,Indonesia.Batam.Kesehatan.202408050759.db,places,1.148252,104.0281689,391875.8852454793,126934.8942543603,0,1015.8137720997436,65,101,0,31.980630136774753,5.0,0.6931471805599453,0
282,Bidan Rasmita,midwife,Healthcare,Indonesia.Batam.Kesehatan.202408050759.db,places,1.1538399,104.0280388,391861.6196902649,127552.62193020353,0,1574.6086475223858,42,118,3,110.30914507441153,5.0,0.6931471805599453,0
285,klinik Assifa,medical clinic,Healthcare,Indonesia.Batam.Kesehatan.202408050759.db,places,1.1587902,104.0291957,391990.53350929875,128099.81612005776,0,2134.975577124103,28,71,1,59.599957548534555,4.6,4.110873864173311,0
286,Toko Obat Mardatila,pharmacy,Healthcare,Indonesia.Batam.Kesehatan.202408050759.db,places,1.1482315,104.0261502,391651.26594233257,126932.70448506689,0,919.9771816894302,58,127,3,89.27934245604412,0.0,0.0,0
287,CLUB BUANA,home health care service,Healthcare,Indonesia.Batam.Kesehatan.202408050759.db,places,1.1513901,104.02898,391966.2534013961,127281.76944109172,0,1363.9952117869998,44,116,0,74.6586269811105,0.0,0.0,0
288,BOSRUM COSMETICS,cosmetics and perfumes supplier,Healthcare,Indonesia.Batam.Kesehatan.202408050759.db,places,1.1500922,104.0241059,391423.86905841995,127138.47615021358,0,1080.0740945119126,46,142,0,76.72672988538537,5.0,2.9444389791664403,0
289,Bidan Rohaidah,midwife,Healthcare,Indonesia.Batam.Kesehatan.202408050759.db,places,1.1524164,104.0295458,392029.2478723092,127395.20182257738,0,1493.6223740835148,39,117,3,29.71441231112948,0.0,0.0,0
291,Vhe Dental Care,dental clinic,Healthcare,Indonesia.Batam.Kesehatan.202408050759.db,places,1.1640371,104.0391427,393097.5160722016,128679.46331097052,-1,0.0,4,13,0,17.861868367007457,2.7,2.772588722239781,0
293,TYAGA SALON,beauty salon,Healthcare,Indonesia.Batam.Kesehatan.202408050759.db,places,1.1468965,104.0271412,391761.4832507858,126785.08733753047,0,828.9413361534606,55,118,3,27.60911203245647,4.6,3.044522437723423,0
294,Panti Pijat Tuna Netra Sinar Mandiri,massage therapist,Healthcare,Indonesia.Batam.Kesehatan.202408050759.db,places,1.1486277,104.0288896,391956.0908200989,126976.39931115395,0,1093.4000315994547,60,100,0,60.64424651601411,4.7,1.3862943611198906,0
295,MAZEL GYM,gym and fitness centre,Healthcare,Indonesia.Batam.Kesehatan.202408050759.db,places,1.1591359,104.0336234,392483.2094261964,128137.86353519763,0,2362.1281674546367,12,55,0,20.96161452886578,4.7,2.6390573296152584,0
296,Posyandu mawar IX,self service health station,Healthcare,Indonesia.Batam.Kesehatan.202408050759.db,places,1.1511208,104.0267181,391714.5644385303,127252.08507497192,0,1243.61671952554,58,124,0,31.613246001252424,0.0,0.0,0
297,Bengkong indah,housing complex,Healthcare,Indonesia.Batam.Kesehatan.202408050759.db,places,1.1468092,104.026569,391697.81186764163,126775.45827135434,0,791.2623121045543,50,124,0,39.99869327611993,0.0,0.0,0
298,Jendela Optik,optician,Healthcare,Indonesia.Batam.Kesehatan.202408050759.db,places,1.14609,104.0272651,391775.239185059,126695.92688668125,0,759.6810526871783,47,115,1,37.050600884910814,4.9,4.736198448394496,0
299,Agen British Propolis bengkong Wilsa ilhami,vitamin & supplements store,Healthcare,Indonesia.Batam.Kesehatan.202408050759.db,places,1.1515916,104.0281858,391877.8913672747,127304.07466795304,0,1347.5840071905818,48,116,1,36.49042786208932,0.0,0.0,0
300,ANITA SALON,beauty salon,Healthcare,Indonesia.Batam.Kesehatan.202408050759.db,places,1.1467713,104.0269265,391737.5891004686,126771.2550330283,0,805.3746386412221,53,119,3,3.89391896706523,5.0,0.6931471805599453,0
301,BENING’S RAINY BENGKONG,cosmetics store,Healthcare,Indonesia.Batam.Kesehatan.202408050759.db,places,1.1460402,104.0277916,391833.8204306043,126690.40178097853,0,788.8644371650104,44,119,1,42.97324443180797,0.0,0.0,0
302,Rini Susanti A MKeb,midwife,Healthcare,Indonesia.Batam.Kesehatan.202408050759.db,places,1.1480753,104.024138,391427.3646290952,126915.51344843362,0,857.8874370123622,43,139,2,11.41589195690712,5.0,1.3862943611198906,0
304,Mybatamshopp,beauty supply store,Healthcare,Indonesia.Batam.Kesehatan.202408050759.db,places,1.1492475,104.0273468,391784.4485554111,127044.97441867695,0,1072.5649997223181,64,113,1,143.10244884911094,5.0,1.0986122886681098,0
305,rumah QS,nutritionist,Healthcare,Indonesia.Batam.Kesehatan.202408050759.db,places,1.1526621,104.0294375,392017.2067315795,127422.36719076785,0,1512.671966995444,34,117,0,29.71441231112948,0.0,0.0,0
307,Masjid Miftahul Huda (LDII),mosque,Healthcare,Indonesia.Batam.Kesehatan.202408050759.db,places,1.148915,104.0296674,392042.64649022237,127008.12990736034,0,1168.54509260072,57,109,0,92.18847415018737,4.8,5.181783550292085,0
308,Warga Tapak wali indonesia,alternative medicine practitioner,Healthcare,Indonesia.Batam.Kesehatan.202408050759.db,places,1.1545485,104.0393377,393118.85745284805,127630.52790510484,0,2358.417003311836,5,21,0,0.26001776033369706,0.0,0.0,0
309,Harapan kita,sports medicine clinic,Healthcare,Indonesia.Batam.Kesehatan.202408050759.db,places,1.1300779,104.0529207,394629.31965592894,124924.90178781436,0,3461.7040154867846,15,27,0,0.011054567547039866,0.0,0.0,0
311,Harapan Kita Klinik Pratama,medical clinic,Healthcare,Indonesia.Batam.Kesehatan.202408050759.db,places,1.122519,104.0985,399700.58019109804,124087.6952471127,12,426.1034967196025,7,18,0,199.26784247289348,2.5,3.9889840465642745,0
312,Zul’s Barbershop,barber shop,Healthcare,Indonesia.Batam.Kesehatan.202408050759.db,places,1.1511597,104.03043,392127.58434912143,127256.24463898156,0,1421.5152700456933,33,119,5,72.57053455064103,5.0,0.6931471805599453,0
314,Isagenix Batam,wellness center,Healthcare,Indonesia.Batam.Kesehatan.202408050759.db,places,1.149464,104.0243991,391456.46937771083,127069.0196151644,0,1013.3615849224007,49,143,0,76.72672988538537,0.0,0.0,0
315,Jailani,organic shop,Healthcare,Indonesia.Batam.Kesehatan.202408050759.db,places,1.143511,104.036361,392787.2335361723,126410.48608466817,0,1470.404646825626,12,43,6,0.0,0.0,0.0,0
317,Milagros Bengkong,health and beauty shop,Healthcare,Indonesia.Batam.Kesehatan.202408050759.db,places,1.150848,104.035803,392725.41884364595,127221.58467007497,0,1793.1076029545557,5,59,0,232.61398303096627,5.0,2.302585092994046,0
319,Pijat & Urut Wawie,physical therapist,Healthcare,Indonesia.Batam.Kesehatan.202408050759.db,places,1.1523468,104.0291265,391982.590297594,127387.52368705749,0,1466.3262741271542,41,118,0,47.28512496929354,0.0,0.0,0
320,FASHIONMIX,cosmetics store,Healthcare,Indonesia.Batam.Kesehatan.202408050759.db,places,1.1505127,104.0258454,391617.4371824706,127184.89486392713,0,1153.8364957027911,60,130,1,17.610589322599406,5.0,1.0986122886681098,0
321,Bengkong harapan 1 Block E No 45,corporate office,Healthcare,Indonesia.Batam.Kesehatan.202408050759.db,places,1.1503789,104.0257595,391607.8741373721,127170.10699644279,0,1137.2989499959283,60,131,0,17.610589322599406,4.6,2.302585092994046,0
322,Bu Dedes,organic shop,Healthcare,Indonesia.Batam.Kesehatan.202408050759.db,places,1.143511,104.036361,392787.2335361723,126410.48608466817,0,1470.404646825626,12,43,6,0.0,0.0,0.0,0
323,Ana,beauty salon,Healthcare,Indonesia.Batam.Kesehatan.202408050759.db,places,1.1625348,104.0310927,392201.75146028795,128513.69590994791,0,2594.022303864228,11,43,3,131.9524130962713,2.5,1.6094379124341003,0
324,Serba Sayur,organic shop,Healthcare,Indonesia.Batam.Kesehatan.202408050759.db,places,1.142973,104.0358799,392733.68215270125,126351.03018611598,0,1404.9563476128872,12,51,6,59.562356787642166,0.0,0.0,0
325,Mba Imah,organic shop,Healthcare,Indonesia.Batam.Kesehatan.202408050759.db,places,1.143511,104.036361,392787.2335361723,126410.48608466817,0,1470.404646825626,12,43,6,0.0,0.0,0.0,0
326,Bengkong,obstetrician-gynecologist,Healthcare,Indonesia.Batam.Kesehatan.202408050759.db,places,1.1480639,104.0382982,393002.9523006784,126913.71938732601,0,1852.1375039506675,3,32,0,291.08058273660754,0.0,0.0,0
327,Kak Eri,organic shop,Healthcare,Indonesia.Batam.Kesehatan.202408050759.db,places,1.143511,104.036361,392787.2335361723,126410.48608466817,0,1470.404646825626,12,43,6,0.0,0.0,0.0,0
328,Brokoji Pomade Homestore,beauty supply store,Healthcare,Indonesia.Batam.Kesehatan.202408050759.db,places,1.1501294,104.0316144,392259.3322907139,127142.30392701832,0,1407.482766317101,23,114,1,160.97871154056278,4.5,3.58351893845611,0
329,Sekretariat   IKS  PI  KERA SAKTI,self defense school,Healthcare,Indonesia.Batam.Kesehatan.202408050759.db,places,1.153212,104.0288093,391947.32849113236,127483.18052367317,0,1539.6249553082766,37,117,0,92.63492833182478,4.5,1.6094379124341003,0
330,Poli Akupuntur Rs  Harapan Bunda,health,Healthcare,Indonesia.Batam.Kesehatan.202408050759.db,places,1.1318999,104.00706,389526.49102982413,125128.02274754176,0,2056.1554164701483,56,91,0,45.7909562755945,0.0,0.0,0
331,SUKA RAPI,barber shop,Healthcare,Indonesia.Batam.Kesehatan.202408050759.db,places,1.1513219,104.0269201,391737.04832278605,127274.30831216883,0,1271.4298582836343,54,121,5,31.613246001252424,5.0,1.3862943611198906,0
332,Mbo Anom,organic shop,Healthcare,Indonesia.Batam.Kesehatan.202408050759.db,places,1.143511,104.036361,392787.2335361723,126410.48608466817,0,1470.404646825626,12,43,6,0.0,0.0,0.0,0
333,WHY BARBER,barber shop,Healthcare,Indonesia.Batam.Kesehatan.202408050759.db,places,1.1509705,104.0262065,391657.6336403582,127235.48936109449,0,1212.4655605408138,58,126,5,1.8681955143233426,0.0,0.0,0
334,Tuti Pelaminan,beauty salon,Healthcare,Indonesia.Batam.Kesehatan.202408050759.db,places,1.1536693,104.039627,393151.0145419036,127533.32488452712,-1,0.0,4,18,1,83.77291965780768,4.0,0.6931471805599453,0
335,Enny Salon Ruko Gratinda,beauty salon,Healthcare,Indonesia.Batam.Kesehatan.202408050759.db,places,1.1112112,103.9619315,384504.1875013692,122842.67169141016,3,1499.9684909379257,20,44,0,33.85017610572895,5.0,0.6931471805599453,0
336,Toko Tiens Batam Syariah,health and beauty shop,Healthcare,Indonesia.Batam.Kesehatan.202408050759.db,places,1.1366851,104.0375603,392920.425936711,125655.86418964414,0,1612.8424988129173,9,57,0,357.0673839862648,0.0,0.0,0
337,Juita Salon,beauty salon,Healthcare,Indonesia.Batam.Kesehatan.202408050759.db,places,1.143511,104.036361,392787.2335361723,126410.48608466817,0,1470.404646825626,12,43,0,0.0,0.0,0.0,0
338,Fruit Bang Jaly,organic shop,Healthcare,Indonesia.Batam.Kesehatan.202408050759.db,places,1.143511,104.036361,392787.2335361723,126410.48608466817,0,1470.404646825626,12,43,6,0.0,0.0,0.0,0
339,Barbershop Aldi mett,barber shop,Healthcare,Indonesia.Batam.Kesehatan.202408050759.db,places,1.1548017,104.0283624,391897.6625523558,127658.93324135554,0,1686.8634138762804,49,110,8,112.25499002966372,5.0,0.6931471805599453,0
340,Batam,housing society,Healthcare,Indonesia.Batam.Kesehatan.202408050759.db,places,1.1546779,104.0304165,392126.21466122754,127645.16955525779,0,1760.7089363123437,27,105,0,228.96616676863403,5.0,0.6931471805599453,0
341,Vivi Salon,beauty salon,Healthcare,Indonesia.Batam.Kesehatan.202408050759.db,places,1.1463115,104.027515,391803.05361687765,126720.40349609795,0,795.4556912470993,47,111,3,37.050600884910814,5.0,0.6931471805599453,0
342,JIM BEAM BARBERSHOP,barber shop,Healthcare,Indonesia.Batam.Kesehatan.202408050759.db,places,1.1508896,104.0264867,391688.80811209796,127226.53550223721,0,1211.896121844609,59,125,5,32.43484664196407,0.0,0.0,0
343,Genta Medical Centre,medical clinic,Healthcare,Indonesia.Batam.Kesehatan.202408050759.db,places,1.0460447,103.9769,386167.34486556554,115638.05333767773,4,464.35236095152123,20,73,3,30.84338306434126,2.3,2.9444389791664403,0
345,Bengkong abadi baru,beauty salon,Healthcare,Indonesia.Batam.Kesehatan.202408050759.db,places,1.1663824,104.0320991,392313.87781009846,128938.99572314175,0,3032.85096255972,2,20,1,322.76797596841675,4.2,1.791759469228055,0
346,Klinik Xystera,medical clinic,Healthcare,Indonesia.Batam.Kesehatan.202408050759.db,places,1.0458767,103.9771213,386191.96383413684,115619.47322289502,4,495.0465293548487,19,71,3,30.84338306434126,2.2,4.430816798843313,0
348,Klinik Budi Rosari,medical clinic,Healthcare,Indonesia.Batam.Kesehatan.202408050759.db,places,1.0462739,103.977688,386255.0373292767,115663.36239077746,4,517.3562242517542,21,69,3,76.84090607591732,1.0,0.6931471805599453,0
350,PT Batamku Indah Mandiri,urologist,Healthcare,Indonesia.Batam.Kesehatan.202408050759.db,places,1.1155201,103.9583102,384101.40428754233,123319.1574512033,3,1934.076373194847,5,23,0,185.17311888201056,0.0,0.0,0
352,CV R2B HEALING OIL,pharmacy,Healthcare,Indonesia.Batam.Kesehatan.202408050759.db,places,1.0472825,103.9775899,386244.1576668824,115774.8647851216,4,453.97734560294947,24,78,4,39.284922079018,5.0,1.0986122886681098,0
355,Masjid Uswatun Hasanah,mosque,Healthcare,Indonesia.Batam.Kesehatan.202408050759.db,places,1.1074957,103.9472847,382874.25080664095,122432.50276210273,-1,0.0,0,4,0,629.4467865236866,4.7,3.9512437185814275,0
356,Praktek Umum,walk-in clinic,Healthcare,Indonesia.Batam.Kesehatan.202408050759.db,places,1.0522272,103.9766674,386141.68597456283,116321.52575758034,4,483.8972228365793,23,77,0,4.215828357699323,0.0,0.0,0
357,Warung & Urut tradisional Bude Mud   Mbok Putra,physical therapist,Healthcare,Indonesia.Batam.Kesehatan.202408050759.db,places,1.120664,103.9600868,384299.2923981987,123887.73942899688,-1,0.0,1,10,0,443.41997400296344,4.0,0.6931471805599453,0
359,Rumah,personal trainer,Healthcare,Indonesia.Batam.Kesehatan.202408050759.db,places,1.1134408,103.9578706,384052.4075584189,123089.31052386762,3,1952.6705330641942,6,31,0,152.6108017753737,5.0,0.6931471805599453,0
362,HM FARMA,homeopathic pharmacy,Healthcare,Indonesia.Batam.Kesehatan.202408050759.db,places,1.0486932,103.9738167,385824.3482363187,115930.95241452182,4,23.13419195407395,27,81,0,30.061298845065696,4.5,1.0986122886681098,0
363,Sari Massage,massage therapist,Healthcare,Indonesia.Batam.Kesehatan.202408050759.db,places,0.837166,104.053115,394641.7521034941,92544.78357119006,5,0.0,12,12,0,0.0,0.0,0.0,0
364,Klinik Dan Rumah Bersalin Harapan Kita,medical clinic,Healthcare,Indonesia.Batam.Kesehatan.202408050759.db,places,1.0446508,103.9798706,386497.8463566567,115483.85280943855,4,819.1619611942614,30,66,3,284.37289376616314,2.3,2.6390573296152584,0
365,Prijanto Rabbani Ideas,home health care service,Healthcare,Indonesia.Batam.Kesehatan.202408050759.db,places,1.0596691,103.974654,385917.91781814053,117144.28820453807,4,1193.8207270205935,3,26,0,104.22850355898619,5.0,0.6931471805599453,0
366,Bidan Veronika  Amd  Keb,midwife,Healthcare,Indonesia.Batam.Kesehatan.202408050759.db,places,1.1177249,103.957375,383997.42866029846,123562.93247542954,-1,0.0,4,11,0,265.02300560000475,0.0,0.0,0
367,Klinik Vely Aviari,medical clinic,Healthcare,Indonesia.Batam.Kesehatan.202408050759.db,places,1.0522076,103.9766349,386138.0688529485,116319.36019992268,4,479.9016867771547,25,77,0,4.215828357699323,0.0,0.0,0
368,anitasalon,hair salon,Healthcare,Indonesia.Batam.Kesehatan.202408050759.db,places,0.837166,104.053115,394641.7521034941,92544.78357119006,5,0.0,12,12,0,0.0,4.8,1.791759469228055,0
369,Pangkas rambut,barber shop,Healthcare,Indonesia.Batam.Kesehatan.202408050759.db,places,1.1272192,103.9636957,384701.11974404013,124612.26570679431,-1,0.0,1,6,0,41.437473440159586,0.0,0.0,0
373,Lab KF RSB Graha Hermine,medical laboratory,Healthcare,Indonesia.Batam.Kesehatan.202408050759.db,places,1.0455646,103.9738264,385825.3143838513,115585.09079234194,4,368.848330978892,16,74,0,245.55604013552335,0.0,0.0,0
375,Apotek Naomi Farma,pharmacy,Healthcare,Indonesia.Batam.Kesehatan.202408050759.db,places,1.0452499,103.9760109,386068.38213209214,115550.22191492714,4,470.37735335029777,20,76,3,97.83153744948926,4.5,1.0986122886681098,0
377,perum pemda 1,beauty salon,Healthcare,Indonesia.Batam.Kesehatan.202408050759.db,places,1.0507988,103.9725643,385685.0646242717,116163.76862953955,4,253.32335931333998,31,80,6,238.82023112400844,4.2,2.833213344056216,0
378,Klinik Bersalin Citra Medistra,midwife,Healthcare,Indonesia.Batam.Kesehatan.202408050759.db,places,1.0522573,103.9757118,386035.35344507365,116324.88815428957,4,425.4661996805573,21,85,0,18.67370023534132,4.0,1.0986122886681098,0
381,Bahagia,hair salon,Healthcare,Indonesia.Batam.Kesehatan.202408050759.db,places,1.0525024,103.980651,386584.9674618946,116351.80345304612,4,856.0545844847595,16,54,0,47.31081009247113,4.0,1.6094379124341003,0
382,Jual Kopi Radix,herbal medicine store,Healthcare,Indonesia.Batam.Kesehatan.202408050759.db,places,1.0503616,103.9756096,386023.91246691183,116115.32567477222,4,254.60842909264957,28,83,0,128.45589835205422,5.0,1.0986122886681098,0
383,Sumber Tenaga,pharmacy,Healthcare,Indonesia.Batam.Kesehatan.202408050759.db,places,1.0502068,103.9693717,385329.788294873,116098.44099143517,4,517.7750990305522,32,79,6,61.013746958925566,0.0,0.0,0
386,Sr12 herbal skincare batu aji,health and beauty shop,Healthcare,Indonesia.Batam.Kesehatan.202408050759.db,places,1.0477692,103.9719525,385616.8768978312,115828.87383313496,4,244.5153038858484,28,74,1,76.30240362183297,5.0,1.0986122886681098,0
387,Drg  Purnama Agustine Siahaan  Mkes,general practitioner,Healthcare,Indonesia.Batam.Kesehatan.202408050759.db,places,1.0523333,103.9769694,386175.294621715,116333.24389465025,4,514.9673441375654,22,73,0,35.59291923664521,5.0,0.6931471805599453,0
389,Aflaha,pharmacy,Healthcare,Indonesia.Batam.Kesehatan.202408050759.db,places,1.049104,103.976068,386074.87507239194,115976.28357017266,4,248.89081702612694,32,86,4,76.24739368943804,5.0,1.0986122886681098,0
390,Toko Obat & Jamu Berkah Sehat,drug store,Healthcare,Indonesia.Batam.Kesehatan.202408050759.db,places,1.0459071,103.9765997,386133.9242042665,115622.85280707931,4,451.4692292292216,19,74,0,36.71507499839238,0.0,0.0,0
391,ECO GREEN REGIONAL PUBLIC HOSPITAL - Batam - Riau Islands,government hospital,Healthcare,Indonesia.Batam.Kesehatan.202408050759.db,places,1.0213777,103.9450368,382620.8629019624,112912.30867312354,-1,0.0,1,1,0,273.1280302690396,0.0,0.0,0
392,ABIDIN Dental,dental clinic,Healthcare,Indonesia.Batam.Kesehatan.202408050759.db,places,1.0525226,103.9810757,386632.2262693237,116354.02108060365,4,899.1521941237737,15,54,0,34.88348916218892,4.5,1.0986122886681098,0
393,CellMaxx Batam,health and beauty shop,Healthcare,Indonesia.Batam.Kesehatan.202408050759.db,places,1.0505822,104.0046373,389253.9421499315,116138.66865560936,-1,0.0,8,8,0,38.71360527886574,0.0,0.0,0
395,dr  Gita Sradha  G Skin Care,doctor,Healthcare,Indonesia.Batam.Kesehatan.202408050759.db,places,1.0488937,103.9739992,385844.6630803056,115953.11068164808,4,17.69268236368151,28,82,0,30.061298845065696,5.0,1.0986122886681098,0
396,OSMARO MEDICAL LABORATORY,medical diagnostic imaging center,Healthcare,Indonesia.Batam.Kesehatan.202408050759.db,places,1.0467667,104.0056404,389365.4263694897,115716.84040369875,-1,0.0,7,12,0,30.247539645829466,5.0,5.176149732573829,0
397,Pijat Urut Mama Asyiah,reflexologist,Healthcare,Indonesia.Batam.Kesehatan.202408050759.db,places,1.06037,103.9740275,385848.2303300736,117221.79455886512,-1,0.0,2,25,0,104.22850355898619,4.9,2.8903717578961645,0
398,Gurah hidung dan urut tradisional,alternative medicine practitioner,Healthcare,Indonesia.Batam.Kesehatan.202408050759.db,places,1.0496324,103.9765084,386123.89938754856,116034.68118628715,4,307.69351880263906,31,87,1,76.24739368943804,5.0,0.6931471805599453,0
399,Benings Distributor Batam,skin care clinic,Healthcare,Indonesia.Batam.Kesehatan.202408050759.db,places,1.0422067,103.9780332,386293.30306320015,115213.72861862677,4,874.8452325049752,8,47,0,338.8289204890434,5.0,2.772588722239781,0
400,Clinic PT Nippon Steel Batam Offshore Service,medical clinic,Healthcare,Indonesia.Batam.Kesehatan.202408050759.db,places,1.0700537,103.9057402,378249.92727785755,118294.93662996963,-1,0.0,0,0,0,1232.2890227952053,0.0,0.0,0
401,Pengobatan mata india tanpa operasi,alternative medicine practitioner,Healthcare,Indonesia.Batam.Kesehatan.202408050759.db,places,1.0522407,103.9773749,386220.41293714225,116322.9923422635,4,539.4302439466346,22,69,1,46.26831219455859,0.0,0.0,0
402,hafizah drug store pharma,drug store,Healthcare,Indonesia.Batam.Kesehatan.202408050759.db,places,1.052436,103.9792721,386431.5292650571,116344.51324273601,4,719.7355691928642,23,61,1,66.16265264391065,5.0,1.9459101490553132,0
403,Redy Salon,beauty salon,Healthcare,Indonesia.Batam.Kesehatan.202408050759.db,places,1.0522188,103.9758752,386053.5342536468,116320.62607966493,4,431.02735670723007,22,84,2,18.67370023534132,4.2,3.367295829986474,0
406,Leech Therapy Terapi Lintah Batam,doctor,Healthcare,Indonesia.Batam.Kesehatan.202408050759.db,places,1.0811961,103.9054284,378215.6731898454,119526.74947823677,-1,0.0,0,0,0,1232.2890227952053,5.0,0.6931471805599453,0
410,PT Kimia Farma Trading & Distribution Batam,pharmacy,Healthcare,Indonesia.Batam.Kesehatan.202408050759.db,places,1.0557383,103.9686744,385252.3988684043,116709.96526832254,4,949.5977164936877,17,66,3,91.56644700100541,5.0,1.6094379124341003,0
412,Saffron Batam,health and beauty shop,Healthcare,Indonesia.Batam.Kesehatan.202408050759.db,places,1.0358448,103.9778818,386276.2285731366,114510.4380768799,-1,0.0,2,11,1,117.54470075812297,5.0,2.6390573296152584,0
414,Lokasi vaksin COVID-19 -Halodoc Drive Thru IDI Utama Batam,medical laboratory,Healthcare,Indonesia.Batam.Kesehatan.202408050759.db,places,1.0475704,103.9403241,382097.4172788691,115808.0692408059,-1,0.0,2,3,0,16.99754276705525,0.0,0.0,0
415,Apotek Faras Farma,pharmacy,Healthcare,Indonesia.Batam.Kesehatan.202408050759.db,places,1.0280824,104.0605446,395474.1386542973,113649.49408267984,6,557.4601238351364,19,38,0,10.850270206511762,4.8,1.791759469228055,0
416,Pengobatan Mata Tanpa Operasi Mr  Harry  S,alternative medicine practitioner,Healthcare,Indonesia.Batam.Kesehatan.202408050759.db,places,1.055526,103.967879,385163.8834614433,116686.52519692949,4,988.1283898982127,16,61,0,78.77283383990924,0.0,0.0,0
417,Produk k-link batam,health and beauty shop,Healthcare,Indonesia.Batam.Kesehatan.202408050759.db,places,1.0358859,104.0050061,389294.46600358584,114514.0210052938,-1,0.0,1,9,0,255.50991110626003,4.9,2.1972245773362196,0
423,Apotek M23,pharmacy,Healthcare,Indonesia.Batam.Kesehatan.202408050759.db,places,1.0528361,103.9779201,386281.10117149504,116388.79280926626,4,628.7434552293873,22,68,1,55.01687955074083,3.4,2.0794415416798357,0
427,Nelly Salon MUA Batu Aji BATAM,beauty salon,Healthcare,Indonesia.Batam.Kesehatan.202408050759.db,places,1.0521926,103.9787289,386371.0763696876,116317.62562390645,4,654.4471120069288,23,64,2,59.86729764147182,4.5,3.295836866004329,0
430,Ahli Gigi Mitra Anda,dental clinic,Healthcare,Indonesia.Batam.Kesehatan.202408050759.db,places,1.0486489,103.9780465,386295.0148004554,115925.90115131189,4,468.86402971334,35,75,0,139.07340788088175,3.0,1.0986122886681098,0
431,BOOM GYM fitnes centre,wellness center,Healthcare,Indonesia.Batam.Kesehatan.202408050759.db,places,1.0285915,104.0608982,395513.5010650038,113705.76114230054,6,580.4639666759583,20,38,0,6.7814977830642755,0.0,0.0,0
432,Produk MSI Batam,health and beauty shop,Healthcare,Indonesia.Batam.Kesehatan.202408050759.db,places,1.0351618,103.9786914,386366.29224453896,114434.90469505539,-1,0.0,1,10,1,117.54470075812297,0.0,0.0,0
433,Tukang Gigi Sempurna,dentist,Healthcare,Indonesia.Batam.Kesehatan.202408050759.db,places,1.0510971,103.9703026,385433.4061545874,116196.82807411016,4,462.49847520542613,34,82,0,17.79916392981218,4.0,1.6094379124341003,0
435,ADELIA FITRI Pelaminan,beauty salon,Healthcare,Indonesia.Batam.Kesehatan.202408050759.db,places,1.0565327,103.9725627,385685.09562948195,116797.64160115627,4,855.5549058197238,6,63,0,417.5763872250332,5.0,1.0986122886681098,0
436,Bubur Bayi NAYZ ORGANIC Batam,health food store,Healthcare,Indonesia.Batam.Kesehatan.202408050759.db,places,1.0472181,103.9772427,386205.52089711255,115767.75808936986,4,421.83869421394684,20,76,0,39.284922079018,0.0,0.0,0
438,DAM Duriangkang Reservoir,park,Healthcare,Indonesia.Batam.Kesehatan.202408050759.db,places,1.0716026,104.0426069,393479.63885253284,118461.06858086577,-1,0.0,0,0,0,1457.2219101003125,4.6,2.772588722239781,0
439,Toko Obat Afung,drug store,Healthcare,Indonesia.Batam.Kesehatan.202408050759.db,places,1.0529921,103.9752637,385985.5181593708,116406.13535279431,4,479.1828110806336,21,83,1,95.31349834075341,1.7,1.3862943611198906,0
441,Blok A 177,homeopath,Healthcare,Indonesia.Batam.Kesehatan.202408050759.db,places,1.0266608,104.0482416,394105.1073049602,113492.74767172254,6,905.4159201666866,5,26,0,208.6130835691486,4.5,1.0986122886681098,0
442,Ahli Gigi Permata,dental clinic,Healthcare,Indonesia.Batam.Kesehatan.202408050759.db,places,1.0494847,103.9684835,385230.92792930803,116018.64656351932,4,599.5640846385255,33,78,0,32.00243790579087,4.8,2.6390573296152584,0
444,PMB Bd Utari Handayani  S Keb( persalinan tiup²),medical office,Healthcare,Indonesia.Batam.Kesehatan.202408050759.db,places,1.0327461,104.0456188,393813.4626357384,114165.53922429042,6,1181.8042915985645,5,21,1,186.67592848769968,5.0,4.430816798843313,0
445,Strong Gym,gymnastics center,Healthcare,Indonesia.Batam.Kesehatan.202408050759.db,places,1.0493211,103.9741299,385859.2221337917,116000.3542339928,4,56.512389980700206,29,82,0,49.436011940278355,4.6,3.8066624897703196,0
446,Puncak Sambalado,gym and fitness centre,Healthcare,Indonesia.Batam.Kesehatan.202408050759.db,places,1.0215037,104.0520572,394529.5104555562,112922.52671696489,-1,0.0,0,17,0,596.4808480965138,4.4,2.1972245773362196,0
449,New Birrbika Optik,optician,Healthcare,Indonesia.Batam.Kesehatan.202408050759.db,places,1.0525279,103.976339,386105.1544412129,116354.77958115922,4,487.9055101900936,21,80,0,48.351743164857446,5.0,5.093750200806762,0
450,DAM Duriangkang Reservoir,water utility company,Healthcare,Indonesia.Batam.Kesehatan.202408050759.db,places,1.0621204,104.0687677,396390.2557050295,117411.96031818699,-1,0.0,0,0,0,2677.980566657933,4.3,1.9459101490553132,0
454,Ayu Salon,beauty salon,Healthcare,Indonesia.Batam.Kesehatan.202408050759.db,places,1.0513713,103.969837,385381.60677041777,116227.15753018676,4,522.5095835105093,33,80,5,43.90779228840258,4.0,0.6931471805599453,0
456,Raniya,beauty salon,Healthcare,Indonesia.Batam.Kesehatan.202408050759.db,places,1.0481048,103.9725517,385683.5647421081,115865.95196987576,4,168.2610087807356,28,73,4,76.30240362183297,0.0,0.0,0
458,Puncak MP2,gym and fitness centre,Healthcare,Indonesia.Batam.Kesehatan.202408050759.db,places,1.0178458,104.056803,395057.46969048335,112518.0070693875,-1,0.0,0,5,0,665.1143503345745,4.7,1.9459101490553132,0
459,Kopi Rube Batam,vitamin & supplements store,Healthcare,Indonesia.Batam.Kesehatan.202408050759.db,places,1.0281351,103.9757366,386037.247532666,113658.22186337716,-1,0.0,1,4,0,373.01946378348686,5.0,1.0986122886681098,0
460,Vibei Salon,beauty salon,Healthcare,Indonesia.Batam.Kesehatan.202408050759.db,places,1.0518975,103.9693973,385332.69859774684,116285.34425116297,4,595.1096546622564,31,75,4,76.01120872590327,0.0,0.0,0
473,agen foredi di batam,marketing agency,Healthcare,Indonesia.Batam.Kesehatan.202408050759.db,places,1.0338824,104.0530662,394642.1902808042,114290.90433924981,6,553.5934405930165,16,39,0,265.52975821075756,0.0,0.0,0
475,Farel GYM piayu perum GMP,gym and fitness centre,Healthcare,Indonesia.Batam.Kesehatan.202408050759.db,places,1.0261604,104.0574217,395126.58382491814,113437.12813282108,6,430.70047063268083,15,44,0,32.461705545341985,4.8,1.791759469228055,0
477,Mahira Beauty Batam,health and beauty shop,Healthcare,Indonesia.Batam.Kesehatan.202408050759.db,places,1.0308049,104.0563049,395002.46660806006,113950.59329430466,6,134.76404161811746,15,47,1,64.22517310294319,5.0,1.3862943611198906,0
481,Sciatica Massage and Soapery House,massage therapist,Healthcare,Indonesia.Batam.Kesehatan.202408050759.db,places,1.026348,104.054974,394854.2284383681,113457.94682940136,6,381.4662513480286,10,44,0,255.92802893270027,0.0,0.0,0
487,Puskesmas Pembantu Kampung Panau,government hospital,Healthcare,Indonesia.Batam.Kesehatan.202408050759.db,places,1.0848196,104.1345291,403708.2195995847,119919.0739344599,-1,0.0,0,0,0,1887.0129488953457,4.0,0.6931471805599453,0
490,duriangkang,clothing store,Healthcare,Indonesia.Batam.Kesehatan.202408050759.db,places,1.028003,104.0600036,395413.937795584,113640.73449700221,6,503.9997463607429,20,38,0,60.83480690412975,4.4,2.0794415416798357,0
494,Adhi Salon,beauty salon,Healthcare,Indonesia.Batam.Kesehatan.202408050759.db,places,1.0263929,104.0575999,395146.42013586685,113462.82410711392,6,416.67723518875636,18,44,0,32.461705545341985,5.0,0.6931471805599453,0
495,TOKO CHARISSA,health and beauty shop,Healthcare,Indonesia.Batam.Kesehatan.202408050759.db,places,1.070209,104.1194429,402029.1392785619,118304.4502978515,-1,0.0,4,12,0,111.19373290105082,5.0,1.0986122886681098,0
499,Pijat urut tradisional kampung MCO mesase cedera olahraga,health and beauty shop,Healthcare,Indonesia.Batam.Kesehatan.202408050759.db,places,1.0285303,104.060894,395513.0317310999,113698.99590484216,6,581.4707797672612,20,38,1,6.7814977830642755,0.0,0.0,0
500,Bidan evi Sulastri,midwife,Healthcare,Indonesia.Batam.Kesehatan.202408050759.db,places,1.0604892,104.1157375,401616.5349446204,117230.10650188703,-1,0.0,4,6,0,66.50489790432457,0.0,0.0,0
501,Balai Pengobatan Sawaty,walk-in clinic,Healthcare,Indonesia.Batam.Kesehatan.202408050759.db,places,1.0456264,104.0304535,392126.41446868156,115589.9198729145,-1,0.0,1,1,0,467.71019714116625,0.0,0.0,0
505,Distributor Official AFC Batam,pharmacy,Healthcare,Indonesia.Batam.Kesehatan.202408050759.db,places,1.0330432,104.0557894,394945.17919617007,114198.04430721236,6,369.85925628708816,12,48,0,40.58406622388478,0.0,0.0,0
507,Toko YNR,health food store,Healthcare,Indonesia.Batam.Kesehatan.202408050759.db,places,1.0321963,104.0494915,394244.36938205647,114104.63206866817,6,754.2148752763721,17,29,1,75.63370938780253,0.0,0.0,0
510,Molen Keju,health food store,Healthcare,Indonesia.Batam.Kesehatan.202408050759.db,places,1.0311674,104.053844,394728.64851349365,113990.74731387828,6,271.4935676248018,20,49,1,131.3833851457122,0.0,0.0,0
513,Irenz Salon Dan SPA,hair salon,Healthcare,Indonesia.Batam.Kesehatan.202408050759.db,places,1.0260772,104.0620913,395646.1783082307,113427.77804439607,6,806.5013365223242,17,28,1,210.64960911941986,5.0,1.0986122886681098,0
515,Pangkas Rambut Rizki,barber shop,Healthcare,Indonesia.Batam.Kesehatan.202408050759.db,places,1.0328453,104.0560966,394979.35551641404,114176.15719763056,6,349.55706386590896,12,48,0,40.58406622388478,5.0,1.3862943611198906,0
518,zafranbekam,alternative medicine practitioner,Healthcare,Indonesia.Batam.Kesehatan.202408050759.db,places,1.030226,104.0495585,394251.7596041075,113886.82163320792,6,696.8060540346164,16,34,0,30.63604183160569,0.0,0.0,0
521,Mudi Suwarno salon,hair salon,Healthcare,Indonesia.Batam.Kesehatan.202408050759.db,places,1.0285938,104.0609667,395521.12328471534,113706.0131537965,6,587.8645018805822,20,38,1,7.62638466936455,5.0,0.6931471805599453,0
523,Seraya Kavling Posyandu,doctor,Healthcare,Indonesia.Batam.Kesehatan.202408050759.db,places,1.1495783,104.0175016,390688.99537563825,127081.91822773297,0,1221.7564223719587,41,124,0,44.43152398254916,0.0,0.0,0
525,Apotek Seraya,pharmacy,Healthcare,Indonesia.Batam.Kesehatan.202408050759.db,places,1.1486444,104.013827,390280.08981025015,126978.81935861344,0,1417.0095657970376,53,111,5,12.668327560758886,0.0,0.0,0
533,Dr Bram Philetas,walk-in clinic,Healthcare,Indonesia.Batam.Kesehatan.202408050759.db,places,1.150365,104.013521,390246.1070976857,127169.03823400708,0,1570.9913847566238,39,105,1,188.00263840220128,5.0,1.791759469228055,0
535,Tukang gigi Fauzy,dental clinic,Healthcare,Indonesia.Batam.Kesehatan.202408050759.db,places,1.1496109,104.0178996,390733.2817429007,127085.50682050793,0,1201.0993384658705,38,125,0,44.43152398254916,5.0,0.6931471805599453,0
536,Bidan praktek mandiri,hospital,Healthcare,Indonesia.Batam.Kesehatan.202408050759.db,places,1.1548637,104.0159604,390517.70909754443,127666.2618368513,0,1812.9958892926602,7,77,0,219.4579632105539,5.0,0.6931471805599453,0
542,Devi massage,reflexologist,Healthcare,Indonesia.Batam.Kesehatan.202408050759.db,places,1.1486304,104.013714,390267.5158414665,126977.2760400416,0,1425.6146523038885,54,112,3,12.668327560758886,5.0,0.6931471805599453,0
543,klinik biocare trinity,medical office,Healthcare,Indonesia.Batam.Kesehatan.202408050759.db,places,1.1269788,104.0084994,389686.46774292504,124583.95448098214,0,2231.0340863199713,18,91,1,156.3675380432048,5.0,0.6931471805599453,0
544,Bersih Sehat,reflexologist,Healthcare,Indonesia.Batam.Kesehatan.202408050759.db,places,1.148333,104.013333,390225.11087322165,126944.41400128423,0,1437.9047749318217,53,112,4,26.655279785534102,0.0,0.0,0
545,Agen Resmi Minyak Kutus Kutus Batu Ampar,health and beauty shop,Healthcare,Indonesia.Batam.Kesehatan.202408050759.db,places,1.1565368,104.017022,390635.89627545985,127851.1769216684,-1,0.0,7,61,0,219.4579632105539,5.0,0.6931471805599453,0
546,Masjid Al Ikhlas Kampung Seraya Kota Batam,mosque,Healthcare,Indonesia.Batam.Kesehatan.202408050759.db,places,1.151363,104.0148891,390398.37266422465,127279.31148231671,0,1552.0723325472648,32,102,0,122.58564943026704,4.7,3.044522437723423,0
547,THE SPA SECRET,day spa,Healthcare,Indonesia.Batam.Kesehatan.202408050759.db,places,1.1481921,104.0135274,390246.73626150785,126928.83046760548,0,1411.268840322998,55,111,1,13.077419856001674,4.4,6.274762021241939,0
549,Kampung seraya,homestay,Healthcare,Indonesia.Batam.Kesehatan.202408050759.db,places,1.150919,104.0174612,390684.5511266941,127230.1299278065,0,1350.351845364566,34,117,1,148.27831732038229,4.7,2.4849066497880004,0
550,Tien s Group,walk-in clinic,Healthcare,Indonesia.Batam.Kesehatan.202408050759.db,places,1.1487694,104.0166944,390599.14810795075,126992.52778117883,0,1202.7189528315366,51,124,2,66.59053320061653,0.0,0.0,0
552,Posyandu Seraya,health consultant,Healthcare,Indonesia.Batam.Kesehatan.202408050759.db,places,1.121862,103.913384,379102.576305331,124022.0652664014,-1,0.0,0,0,0,2206.4225629253747,0.0,0.0,0
554,Kantor Kelurahan Kampung Seraya,government office,Healthcare,Indonesia.Batam.Kesehatan.202408050759.db,places,1.1527415,104.0094531,389793.5658226927,127431.91024191958,0,2081.3871923001207,11,70,0,197.15340863953318,5.0,0.6931471805599453,0
556,Ria Dental Care (Nagoya),dental clinic,Healthcare,Indonesia.Batam.Kesehatan.202408050759.db,places,1.1499079,104.0118404,390059.09041174286,127118.57188573977,0,1676.2872200123654,38,104,0,9.253677207783577,5.0,0.6931471805599453,0
557,Cantika Massage,massage therapist,Healthcare,Indonesia.Batam.Kesehatan.202408050759.db,places,1.148369,104.013753,390271.84537454543,126948.37756555187,0,1403.8457239548911,54,113,1,26.84320991648503,4.2,1.791759469228055,0
558,INDOTHAI Massage,massage spa,Healthcare,Indonesia.Batam.Kesehatan.202408050759.db,places,1.148155,104.013639,390259.1525068451,126924.72489068915,0,1398.9624981986192,54,111,3,13.077419856001674,4.3,5.940171252720432,0
561,Inasa skin care,skin care clinic,Healthcare,Indonesia.Batam.Kesehatan.202408050759.db,places,1.1471698,104.0125991,390143.4058879682,126815.85392177777,0,1431.3527856332864,48,111,3,17.995659013432654,5.0,1.0986122886681098,0
563,Devi masage,psychotherapist,Healthcare,Indonesia.Batam.Kesehatan.202408050759.db,places,1.1477995,104.0153414,390448.563878669,126885.36017004936,0,1228.729040864561,65,125,0,0.0,0.0,0.0,0
564,SALON TESSA di (belakang Alfamart ),beauty salon,Healthcare,Indonesia.Batam.Kesehatan.202408050759.db,places,1.1480488,104.0144526,390349.6771976871,126912.95358682667,0,1321.3364522037111,58,111,2,30.975148681606623,3.7,1.3862943611198906,0
565,Cub Tuna Netra Massage,massage therapist,Healthcare,Indonesia.Batam.Kesehatan.202408050759.db,places,1.1477995,104.0153414,390448.563878669,126885.36017004936,0,1228.729040864561,65,125,1,0.0,4.5,1.0986122886681098,0
566,Kost Pasundan,homestay,Healthcare,Indonesia.Batam.Kesehatan.202408050759.db,places,1.1493874,104.0161301,390536.38240426756,127060.86736972033,0,1295.358604106379,48,112,1,26.451936940822954,5.0,1.0986122886681098,0
570,Klinik Sehati,medical office,Healthcare,Indonesia.Batam.Kesehatan.202408050759.db,places,1.0455513,103.9822645,386764.25814482727,115583.31487171708,4,1007.8848109127549,21,64,1,162.72643842933874,0.0,0.0,0
571,Tiger massage,reflexologist,Healthcare,Indonesia.Batam.Kesehatan.202408050759.db,places,1.148221,104.013062,390194.9526010254,126932.04314759947,0,1454.3586877731886,51,111,5,32.59692320990726,2.0,1.3862943611198906,0
572,Klinik Batam Sehat,walk-in clinic,Healthcare,Indonesia.Batam.Kesehatan.202408050759.db,places,1.152639,104.023585,391366.0054850877,127420.03615846699,0,1359.7093201697082,35,128,0,111.561601856646,3.7,1.3862943611198906,0
576,Baby Clinic Medika,medical clinic,Healthcare,Indonesia.Batam.Kesehatan.202408050759.db,places,1.0411001,103.9989233,388617.79178117134,115090.65035982664,-1,0.0,8,23,1,37.50538159955879,3.9,3.5263605246161616,0
580,IKA 2,pharmacy,Healthcare,Indonesia.Batam.Kesehatan.202408050759.db,places,1.0450068,103.9841342,386972.2880235375,115523.05416310321,4,1223.6694772657809,24,54,1,154.30684244661566,0.0,0.0,0
583,Kimia Farma Aviari 2,pharmacy,Healthcare,Indonesia.Batam.Kesehatan.202408050759.db,places,1.0471595,103.9817489,386706.94285548467,115761.11673476326,4,900.8311119572579,20,72,2,18.245567416167777,4.8,3.8066624897703196,0
585,Etafa Salon,beauty salon,Healthcare,Indonesia.Batam.Kesehatan.202408050759.db,places,1.154286,104.014067,390307.01013214973,127602.47186196267,0,1866.8438221763117,8,79,0,122.32023055925133,5.0,1.6094379124341003,0
586,Distributor resmi produk herbal k-link,vitamin & supplements store,Healthcare,Indonesia.Batam.Kesehatan.202408050759.db,places,1.0502011,104.0071037,389528.3730675437,116096.45183118535,-1,0.0,7,8,1,207.26297771234806,5.0,2.0794415416798357,0
588,DISTRIBUTOR PRODUK HERBAL K-LINK,shopping mall,Healthcare,Indonesia.Batam.Kesehatan.202408050759.db,places,1.0513282,104.0056152,389362.78252370097,116221.10219708954,-1,0.0,6,8,0,136.53393615962185,5.0,0.6931471805599453,0
589,Priorita Salon,beauty salon,Healthcare,Indonesia.Batam.Kesehatan.202408050759.db,places,1.1482461,104.0171453,390649.2995080087,126934.66135282753,0,1126.1813217568542,49,133,2,56.72815009181098,1.0,0.6931471805599453,0
590,Pangkas Rambut Prima,barber shop,Healthcare,Indonesia.Batam.Kesehatan.202408050759.db,places,1.1475448,104.0159539,390516.70664001256,126857.18041993519,0,1159.5769230227042,60,128,0,73.7396381874992,5.0,0.6931471805599453,0
598,PMB AWS,medical clinic,Healthcare,Indonesia.Batam.Kesehatan.202408050759.db,places,1.0554316,103.9814743,386676.68525504007,116675.5907077349,4,1114.7955695601725,12,42,0,25.668901881167134,0.0,0.0,0
599,Seraya Garden,housing complex,Healthcare,Indonesia.Batam.Kesehatan.202408050759.db,places,1.151141,104.0159685,390518.4681395304,127254.72859686102,0,1460.5683803134978,35,105,0,122.58564943026704,4.5,2.4849066497880004,0
600,Kost Mak Kucing,lodging,Healthcare,Indonesia.Batam.Kesehatan.202408050759.db,places,1.1491935,104.0162694,390551.8748246035,127039.42699005821,0,1268.9593534676374,47,114,0,26.451936940822954,3.8,1.6094379124341003,0
601,APOTEK SAFFIRA FARMA,pharmacy,Healthcare,Indonesia.Batam.Kesehatan.202408050759.db,places,1.0507726,104.0043453,389221.4570597641,116159.72719664394,-1,0.0,8,8,0,38.71360527886574,5.0,1.0986122886681098,0
603,Kantor Lurah Kibing,city clerk's office,Healthcare,Indonesia.Batam.Kesehatan.202408050759.db,places,1.0417105,103.9994412,388675.441898662,115158.11018295727,-1,0.0,8,20,0,88.73761200023544,4.3,2.302585092994046,0
605,Pusaka Lestari,holistic medicine practitioner,Healthcare,Indonesia.Batam.Kesehatan.202408050759.db,places,1.044355,103.9880761,387410.89622111147,115450.85755707181,4,1661.8806624273682,13,43,0,71.13163772337099,0.0,0.0,0
606,TOTOK PUNGGUNG RESWATI BATUAJI BATAM,medical office,Healthcare,Indonesia.Batam.Kesehatan.202408050759.db,places,1.0470221,103.9823235,386770.8760640215,115745.90668242548,4,966.5389393403857,21,72,1,30.312663809861615,4.5,1.0986122886681098,0
607,Sognaíle Beauty Studio,nail salon,Healthcare,Indonesia.Batam.Kesehatan.202408050759.db,places,1.1482628,104.0146323,390369.68044959207,126936.60374008355,0,1321.678341018918,59,112,0,30.975148681606623,5.0,2.0794415416798357,0
608,HNI Business Centre Batam 2,herbal medicine store,Healthcare,Indonesia.Batam.Kesehatan.202408050759.db,places,1.047111,103.9820039,386735.3160296818,115755.74594253379,4,929.6966625327843,22,72,0,6.664671353293949,4.9,2.0794415416798357,0
609,PMB BIDAN ATLANTIKA,midwife,Healthcare,Indonesia.Batam.Kesehatan.202408050759.db,places,1.1509487,104.0098603,389838.80583140685,127233.70564610569,0,1920.455951826619,14,84,0,108.75396325780372,5.0,1.3862943611198906,0
610,Therapy Bekam Sunnah Rasul,walk-in clinic,Healthcare,Indonesia.Batam.Kesehatan.202408050759.db,places,1.0430056,103.9823333,386771.8227030068,115301.89045405741,4,1147.9860839877117,20,52,0,29.807791704471402,5.0,0.6931471805599453,0
611,Sport Massage Batam,sports massage therapist,Healthcare,Indonesia.Batam.Kesehatan.202408050759.db,places,1.1505859,104.0085481,389692.7841879098,127193.64986367838,0,2015.2115009114561,10,76,0,30.821522033787875,4.4,5.82600010738045,0
612,Posyandu Dahlia Binaummah,self service health station,Healthcare,Indonesia.Batam.Kesehatan.202408050759.db,places,1.0470193,103.9825959,386801.1870453469,115745.58731063418,4,996.2276367324562,21,72,0,30.312663809861615,0.0,0.0,0
613,Agen British Propolis,vitamin & supplements store,Healthcare,Indonesia.Batam.Kesehatan.202408050759.db,places,1.0400137,103.9972037,388426.4071214732,114970.61241783557,-1,0.0,7,22,0,53.739276618767995,4.0,0.6931471805599453,0
615,Evanny Massage,foot massage parlor,Healthcare,Indonesia.Batam.Kesehatan.202408050759.db,places,1.1480189,104.0139582,390294.66449527344,126909.66719851305,0,1361.7739327573852,54,112,0,38.57246966174481,0.0,0.0,0
616,Habibsbeauty Batu Aji,beauty salon,Healthcare,Indonesia.Batam.Kesehatan.202408050759.db,places,1.047626,104.0044584,389233.93138410413,115811.87534584157,-1,0.0,8,12,1,45.09211074849721,4.1,3.8066624897703196,0
617,Bekam Urut HNI,massage therapist,Healthcare,Indonesia.Batam.Kesehatan.202408050759.db,places,1.0428604,103.98553,387127.52793258603,115285.72406930733,4,1462.158049167602,22,46,1,146.62638094206434,0.0,0.0,0
618,Klinik Melati,medical clinic,Healthcare,Indonesia.Batam.Kesehatan.202408050759.db,places,1.0441754,103.9853579,387108.4245303101,115431.10066855786,4,1383.9911435159866,23,51,0,146.62638094206434,4.0,1.0986122886681098,0
620,BABA Parfum Beben,cosmetics store,Healthcare,Indonesia.Batam.Kesehatan.202408050759.db,places,1.0547412,103.985766,387154.2142455981,116599.11241645557,4,1475.729879629761,4,25,0,70.02711071447952,5.0,0.6931471805599453,0
621,Fisioterapi Mandiri Recovery Center,physical therapist,Healthcare,Indonesia.Batam.Kesehatan.202408050759.db,places,1.040107,103.9986489,388587.22339922696,114980.87543523086,-1,0.0,8,20,0,30.924631222641082,5.0,2.302585092994046,0
622,Pijat Bayi Bunda Asima  Batam Baby Massage,medical clinic,Healthcare,Indonesia.Batam.Kesehatan.202408050759.db,places,1.040474,103.9970484,388409.14245693816,115021.50290034458,-1,0.0,7,22,1,53.739276618767995,5.0,1.6094379124341003,0
623,Apotek Buah Hati Farma,pharmacy,Healthcare,Indonesia.Batam.Kesehatan.202408050759.db,places,1.0408329,103.999131,388640.8939744003,115061.10476257527,-1,0.0,8,23,0,37.50538159955879,4.5,1.6094379124341003,0
624,SPO Batam,cosmetics store,Healthcare,Indonesia.Batam.Kesehatan.202408050759.db,places,1.0496088,103.9817745,386709.87952554564,116031.88097654234,4,886.3239249976643,17,68,0,197.56504619620304,4.0,1.0986122886681098,0
625,Ahli Pasang Gigi Bapak Robi,walk-in clinic,Healthcare,Indonesia.Batam.Kesehatan.202408050759.db,places,1.0523125,103.9813096,386658.24567513535,116330.78644401646,4,912.6901935765685,14,57,0,34.88348916218892,0.0,0.0,0
626,Terapi saraf terjepit bekam Dan Zamatera,medical office,Healthcare,Indonesia.Batam.Kesehatan.202408050759.db,places,1.050634,103.987446,387341.00670618756,116145.00967293084,-1,0.0,4,38,0,199.52235595546276,5.0,1.791759469228055,0
627,Beauty Kim Salon,beauty salon,Healthcare,Indonesia.Batam.Kesehatan.202408050759.db,places,1.0434871,103.9830723,386854.07161000394,115355.0927033562,4,1188.91121614815,21,51,4,26.357705090373024,5.0,0.6931471805599453,0
628,ZELNER MAGIC LIFE BATAM,health consultant,Healthcare,Indonesia.Batam.Kesehatan.202408050759.db,places,1.0402745,103.9824758,386787.5818087152,114999.96781810277,4,1353.8062394484089,10,46,0,254.77999885516257,0.0,0.0,0
629,Galeri Rampink,beauty salon,Healthcare,Indonesia.Batam.Kesehatan.202408050759.db,places,1.0430618,103.9893193,387549.18616863305,115307.85274076526,4,1839.3976266373493,14,42,6,41.81659890174973,5.0,1.0986122886681098,0
630,Totok Punggung Arraihan 3 Batuaji,physical therapist,Healthcare,Indonesia.Batam.Kesehatan.202408050759.db,places,1.0471509,103.9820488,386740.3136723804,115760.15518415846,4,933.6549438147664,21,72,0,6.664671353293949,0.0,0.0,0
631,TOTAL REFLEKSI PAK ALI,alternative medicine practitioner,Healthcare,Indonesia.Batam.Kesehatan.202408050759.db,places,1.0447663,103.9885677,387465.6131794572,115496.30823753537,4,1701.3258639038152,12,42,0,71.13163772337099,4.3,1.3862943611198906,0
632,PT  Berkat Merdeka Indonesia,drug store,Healthcare,Indonesia.Batam.Kesehatan.202408050759.db,places,1.0420203,103.9870351,387294.9768205878,115192.79893079017,4,1653.5764283864667,17,42,1,79.91398477558536,0.0,0.0,0
633,Ibu Jari Massage Urut Tradisional,massage therapist,Healthcare,Indonesia.Batam.Kesehatan.202408050759.db,places,1.0402501,103.9988877,388613.80061142263,114996.68633679158,-1,0.0,8,20,0,30.924631222641082,4.4,2.1972245773362196,0
634,Alia salon,beauty salon,Healthcare,Indonesia.Batam.Kesehatan.202408050759.db,places,1.0436166,103.9840097,386958.38471498236,115369.3749529378,4,1273.485637384251,23,51,5,105.28630738775286,4.7,1.3862943611198906,0
635,Griya Surya Kharisma Izzah Salon & Kangen Water (Air Alkali),beauty salon,Healthcare,Indonesia.Batam.Kesehatan.202408050759.db,places,1.0441341,103.9942724,388100.3752160695,115426.21631108275,-1,0.0,1,29,1,177.23448246034548,5.0,0.6931471805599453,0
636,Win suplemen,vitamin & supplements store,Healthcare,Indonesia.Batam.Kesehatan.202408050759.db,places,1.047682,104.0048598,389278.5984845112,115818.05180056737,-1,0.0,8,12,1,45.09211074849721,4.5,2.1972245773362196,0
637,Redy Salon,beauty salon,Healthcare,Indonesia.Batam.Kesehatan.202408050759.db,places,1.0432071,103.9825113,386791.63673141284,115324.15946222171,4,1152.0250290177582,19,52,3,29.807791704471402,4.3,2.1972245773362196,0
639,Wulan Skincare,cosmetics store,Healthcare,Indonesia.Batam.Kesehatan.202408050759.db,places,1.0565116,103.9812198,386648.40517443937,116794.99182730616,4,1175.6273019991663,8,33,0,122.70448367380041,5.0,1.0986122886681098,0
640,Salon Wati,beauty salon,Healthcare,Indonesia.Batam.Kesehatan.202408050759.db,places,1.0431762,103.9889611,387509.3318596371,115320.51220355662,4,1797.6374033134305,13,42,6,41.81659890174973,5.0,0.6931471805599453,0
643,YOORA Salon (cabang redy salon),beauty salon,Healthcare,Indonesia.Batam.Kesehatan.202408050759.db,places,1.0402736,104.0024365,389008.68980280333,114999.15914283038,-1,0.0,6,15,0,369.2148409422372,4.2,3.1354942159291497,0
644,Finz Beauty Salon,beauty salon,Healthcare,Indonesia.Batam.Kesehatan.202408050759.db,places,1.0469693,104.0058231,389385.76311566634,115739.23081257337,-1,0.0,8,10,1,30.247539645829466,5.0,2.772588722239781,0
647,Vijoo Beauty,beauty salon,Healthcare,Indonesia.Batam.Kesehatan.202408050759.db,places,1.0404944,103.9891077,387525.5495215902,115024.04007843265,4,1936.4428411017157,16,34,7,211.3399414764344,5.0,0.6931471805599453,0
648,KANGEN WATER Muka Kuning Batam,health consultant,Healthcare,Indonesia.Batam.Kesehatan.202408050759.db,places,1.0611323,104.0173867,390672.97550380154,117304.49918708012,-1,0.0,2,12,0,346.0914577599948,0.0,0.0,0
651,Masjid Agung Hidayatullah,mosque,Healthcare,Indonesia.Batam.Kesehatan.202408050759.db,places,1.0479829,103.9810375,386627.8119928839,115852.16768387503,4,807.2627296287756,19,73,0,111.98266359776262,4.6,3.9512437185814275,0
652,Stokiswww Transbisnis2u co id,drug store,Healthcare,Indonesia.Batam.Kesehatan.202408050759.db,places,1.042505,103.989792,387601.7656621192,115246.2828931084,4,1910.6548442249507,16,39,1,80.96572902005781,0.0,0.0,0
653,Mamy,hair salon,Healthcare,Indonesia.Batam.Kesehatan.202408050759.db,places,1.043549,103.9827679,386820.20193478814,115361.94657211004,4,1156.2531584769938,20,51,1,10.355827627962807,0.0,0.0,0
654,GREENSYIFA BEKAM BATAM,medical office,Healthcare,Indonesia.Batam.Kesehatan.202408050759.db,places,1.0731068,104.0244666,391461.19241283665,118627.98953186806,7,165.6715525999832,12,20,0,19.335171606851986,4.9,2.8903717578961645,0
656,Dorado Salon,beauty salon,Healthcare,Indonesia.Batam.Kesehatan.202408050759.db,places,1.0422594,103.9813122,386658.1737985865,115219.43630042122,4,1109.214107736945,14,51,3,140.409262257872,0.0,0.0,0
658,MUA Mama Luiggi,beauty salon,Healthcare,Indonesia.Batam.Kesehatan.202408050759.db,places,1.0493921,103.9861449,387196.1837322592,116007.76727150707,4,1370.2519401088175,5,47,1,1.551066882792612,5.0,0.6931471805599453,0
659,pempek unyu,health food store,Healthcare,Indonesia.Batam.Kesehatan.202408050759.db,places,1.0784207,103.9782169,386315.0654746463,119217.1112813351,-1,0.0,0,0,0,1743.7776391501236,5.0,1.0986122886681098,0
660,Lyza salon,beauty salon,Healthcare,Indonesia.Batam.Kesehatan.202408050759.db,places,1.0429425,103.9932068,387981.7596148686,115294.525761214,4,2253.4095653561762,7,28,5,177.23448246034548,4.0,0.6931471805599453,0
661,BEAUTY CARE BATAM,dental clinic,Healthcare,Indonesia.Batam.Kesehatan.202408050759.db,places,1.07174,104.0242418,391436.1303457912,118476.90246879376,7,12.544022652135945,16,21,0,32.154490163696615,0.0,0.0,0
662,Linche Salon,beauty salon,Healthcare,Indonesia.Batam.Kesehatan.202408050759.db,places,1.0412974,103.9866559,387252.7559518168,115112.89749129844,4,1655.3411258861247,19,42,7,90.37058034908735,5.0,1.0986122886681098,0
663,Medisafe Clinic,doctor,Healthcare,Indonesia.Batam.Kesehatan.202408050759.db,places,1.0728319,104.0244919,391463.9978997399,118597.59938638026,7,136.41630130706324,12,20,0,30.519365975299863,0.0,0.0,0
664,O K E BARBER S,barber shop,Healthcare,Indonesia.Batam.Kesehatan.202408050759.db,places,1.0473175,103.9817963,386712.22292535857,115778.58160213935,4,902.4338868150372,20,72,1,18.245567416167777,5.0,1.6094379124341003,0
665,Lheona salon,beauty salon,Healthcare,Indonesia.Batam.Kesehatan.202408050759.db,places,1.055214,103.9813938,386667.7198287819,116651.53839691464,4,1092.4638794935145,12,44,1,25.668901881167134,0.0,0.0,0
667,Fortuna Salon,hair salon,Healthcare,Indonesia.Batam.Kesehatan.202408050759.db,places,1.0427471,103.9830888,386855.8812005967,115273.2866409526,4,1233.6533122826347,19,52,1,81.82607447565334,3.9,4.532599493153256,0
668,Drw skincare nia tembesi,beauty salon,Healthcare,Indonesia.Batam.Kesehatan.202408050759.db,places,1.037111,103.9910163,387737.80789855187,114649.94515329844,4,2313.3561814838695,7,26,3,119.7530805984166,5.0,4.219507705176107,0
669,Dwi Putri Wedding Gallery,make-up artist,Healthcare,Indonesia.Batam.Kesehatan.202408050759.db,places,1.047928,104.001601,388915.98931220965,115845.3617951375,-1,0.0,6,17,0,319.70064649137066,5.0,2.0794415416798357,0
671,NITA YOUNG LIVING (oil palace),health and beauty shop,Healthcare,Indonesia.Batam.Kesehatan.202408050759.db,places,1.0625785,103.9409669,382169.50999882503,117467.1818180557,-1,0.0,0,0,0,1550.9991190517296,0.0,0.0,0
672,NIUM Skin - Batam,health and beauty shop,Healthcare,Indonesia.Batam.Kesehatan.202408050759.db,places,1.0650744,104.0220275,391189.506443111,117740.1214164136,8,153.79541043226402,8,23,0,39.974573442964235,4.8,1.791759469228055,0
675,Dahlia,beauty salon,Healthcare,Indonesia.Batam.Kesehatan.202408050759.db,places,1.0561795,103.9634054,384666.1101719719,116758.93428881383,4,1412.6798818287073,13,51,0,164.5402122510102,2.0,0.6931471805599453,0
676,Benjo,barber shop,Healthcare,Indonesia.Batam.Kesehatan.202408050759.db,places,1.043582,103.982855,386829.8951035296,115365.59152006706,4,1162.7415113922827,21,51,1,10.355827627962807,1.0,0.6931471805599453,0
677,THERAPY ASSALAAM,physical therapist,Healthcare,Indonesia.Batam.Kesehatan.202408050759.db,places,1.038124,103.990635,387695.41476712225,114761.94346900185,4,2216.270984762656,8,30,0,98.87661933594194,0.0,0.0,0
678,Klinik Kecantikan NAVELLE,skin care clinic,Healthcare,Indonesia.Batam.Kesehatan.202408050759.db,places,1.1238291,104.0035325,389133.6797161051,124235.95227061375,-1,0.0,5,16,0,238.67623312431004,4.9,5.8522024797744745,0
679,Rilly Salon,beauty salon,Healthcare,Indonesia.Batam.Kesehatan.202408050759.db,places,1.0408601,103.9909719,387732.99968623946,115064.40095119634,4,2103.365336954735,14,37,8,184.11961360186686,3.1,2.0794415416798357,0
680,Jamu Ibu Atun,cafe,Healthcare,Indonesia.Batam.Kesehatan.202408050759.db,places,1.0479192,103.9770284,386181.7001079586,115845.27117398368,4,370.9817007971401,26,79,0,52.51194025122777,4.4,2.995732273553991,0
681,Gerbang Rusun muka kuning,organic food store,Healthcare,Indonesia.Batam.Kesehatan.202408050759.db,places,1.0642263,104.0178617,390725.9386694494,117646.51409935587,8,337.6869487021863,5,13,0,101.42491861249322,0.0,0.0,0
682,Pangkas Rambut 2 Brother,barber shop,Healthcare,Indonesia.Batam.Kesehatan.202408050759.db,places,1.0541884,103.9854587,387119.9998973759,116538.01270605736,4,1418.8100491767573,4,26,0,70.02711071447952,0.0,0.0,0
683,Dam Muka Kuning,weir,Healthcare,Indonesia.Batam.Kesehatan.202408050759.db,places,1.0625163,104.0110941,389972.8306357604,117457.71934116755,-1,0.0,0,4,0,716.7142051494066,4.0,1.3862943611198906,0
684,Makeup & Hairdo,beauty salon,Healthcare,Indonesia.Batam.Kesehatan.202408050759.db,places,1.0493879,103.9861316,387194.7036382257,116007.30345028416,4,1368.7548269583945,5,47,1,1.551066882792612,0.0,0.0,0
686,FELISYA SALON,beauty salon,Healthcare,Indonesia.Batam.Kesehatan.202408050759.db,places,1.0728219,104.023491,391352.6255737121,118596.52944545557,7,154.56012541150258,12,21,2,47.21120342204418,0.0,0.0,0
689,Jeson Cosmetic,cosmetics store,Healthcare,Indonesia.Batam.Kesehatan.202408050759.db,places,1.0672941,104.0239672,391405.41880248487,117985.43321273327,7,480.0616253965946,8,24,2,0.13430081819140943,0.0,0.0,0
691,Pijat Urut Terapis Pria Batam,massage therapist,Healthcare,Indonesia.Batam.Kesehatan.202408050759.db,places,1.0440556,103.9886862,387478.7738722071,115417.73771465216,4,1736.63440783399,12,43,1,75.52681298824596,0.0,0.0,0
692,Miracle Aesthetic Clinic Batam,skin care clinic,Healthcare,Indonesia.Batam.Kesehatan.202408050759.db,places,1.1299479,104.0381177,392982.1999512585,124911.07200010087,0,1988.7672134894342,25,64,2,75.73315247464348,5.0,6.55250788703459,0
693,Valentine Salon,beauty salon,Healthcare,Indonesia.Batam.Kesehatan.202408050759.db,places,1.0425647,103.9875076,387347.57321424235,115252.96423920998,4,1674.3759742385794,15,42,6,79.91398477558536,5.0,1.3862943611198906,0
695,SHINE Beauty Clinic,beauty salon,Healthcare,Indonesia.Batam.Kesehatan.202408050759.db,places,1.1091737,104.0792541,397558.6675236699,122613.10856182582,-1,0.0,5,19,0,215.8035895820332,4.5,4.23410650459726,0
696,0812-6892-6080,cosmetics store,Healthcare,Indonesia.Batam.Kesehatan.202408050759.db,places,1.0731991,104.0246142,391477.61938412074,118638.18774129414,7,179.07706435765866,12,20,1,19.335171606851986,5.0,1.0986122886681098,0
697,Kerupuk klempang bakar,health food store,Healthcare,Indonesia.Batam.Kesehatan.202408050759.db,places,1.0679801,104.0163706,390560.153004145,118061.53761729125,-1,0.0,2,17,0,348.13584564743365,0.0,0.0,0
698,Shahara salon & makeup artist,beauty salon,Healthcare,Indonesia.Batam.Kesehatan.202408050759.db,places,1.0364079,103.9741277,385858.5120816453,114572.82276999923,-1,0.0,1,5,0,422.34928341290527,5.0,1.3862943611198906,0
700,Mbah mul (tukang pijat),reflexologist,Healthcare,Indonesia.Batam.Kesehatan.202408050759.db,places,1.0498326,104.030907,392177.0204034101,116054.88424561426,-1,0.0,1,1,0,467.71019714116625,0.0,0.0,0
701,ZAP Clinic - Batam,skin care clinic,Healthcare,Indonesia.Batam.Kesehatan.202408050759.db,places,1.1255048,104.0275429,391805.3840392621,124420.29459875572,0,1699.6790497230147,4,39,1,29.72883410796563,4.9,6.230481447578482,0
702,Aura,beauty salon,Healthcare,Indonesia.Batam.Kesehatan.202408050759.db,places,1.03894,103.9923986,387891.6866346742,114852.08772982784,4,2340.3080666456754,9,28,4,126.69161693948324,4.0,1.0986122886681098,0
703,Srifa Make Up,beauty salon,Healthcare,Indonesia.Batam.Kesehatan.202408050759.db,places,1.0476872,103.9766166,386135.86896233575,115819.63896846313,4,336.8114518487194,22,83,1,52.51194025122777,0.0,0.0,0
704,Tifany Beaute,cosmetics store,Healthcare,Indonesia.Batam.Kesehatan.202408050759.db,places,1.0388164,103.9911975,387758.03092252155,114838.46668727131,4,2230.065191130193,8,30,0,46.692535236564524,0.0,0.0,0
706,Al-Ikhlas Mosque,mosque,Healthcare,Indonesia.Batam.Kesehatan.202408050759.db,places,1.0360544,103.9915565,387797.8810285109,114533.12136454346,4,2429.634790065006,5,24,0,131.3642971364174,4.9,4.31748811353631,0
707,Areum Beauty Panbil,beauty salon,Healthcare,Indonesia.Batam.Kesehatan.202408050759.db,places,1.0730953,104.0248546,391504.3654645816,118626.70448126859,7,176.92540745203348,12,20,2,29.107010853609516,5.0,2.4849066497880004,0
708,Klinik ASC (asira skincare),doctor,Healthcare,Indonesia.Batam.Kesehatan.202408050759.db,places,1.1128687,103.9773241,386217.02062701725,123025.30789798897,3,229.04705827617428,23,72,1,35.51813231606943,5.0,2.0794415416798357,0
709,Dr s Clinique,skin care clinic,Healthcare,Indonesia.Batam.Kesehatan.202408050759.db,places,1.1252707,104.0418317,393395.2835157985,124393.8895681716,0,2631.1609073893765,13,56,3,0.0,4.9,0.6931471805599453,0
710,Paradise,massage therapist,Healthcare,Indonesia.Batam.Kesehatan.202408050759.db,places,1.0560693,103.9656552,384916.4514100947,116746.66843391275,4,1207.2719802825386,16,52,2,45.74050077110445,4.2,3.2188758248682006,0
711,Indocosmetics,cosmetics store,Healthcare,Indonesia.Batam.Kesehatan.202408050759.db,places,1.0672936,104.0239661,391405.29638571234,117985.37797829139,7,480.1238874389908,8,25,2,0.0,0.0,0.0,0
712,Skincarela Clinic,medical clinic,Healthcare,Indonesia.Batam.Kesehatan.202408050759.db,places,1.1464854,104.0070845,389529.77273278753,126740.40774677378,0,1951.6712179671324,16,79,0,179.80462266269075,5.0,1.9459101490553132,0
714,Clubhouse  Villa Panbil,cafe,Healthcare,Indonesia.Batam.Kesehatan.202408050759.db,places,1.0898055,104.0267252,391713.10271542706,120473.89209158174,-1,0.0,0,5,0,832.5248854123081,4.4,5.796057750765372,2
715,Diana Cosmetic,cosmetics store,Healthcare,Indonesia.Batam.Kesehatan.202408050759.db,places,1.0672934,104.0239654,391405.2184882762,117985.3558936954,7,480.1504815949236,8,25,2,0.08096752398420144,0.0,0.0,0
716,Iin makeUp Batam,make-up artist,Healthcare,Indonesia.Batam.Kesehatan.202408050759.db,places,1.0560519,103.9769142,386169.2873519502,116744.33026692166,4,861.3314732649976,16,46,0,202.13869206363623,0.0,0.0,0
717,Batam barber,hair salon,Healthcare,Indonesia.Batam.Kesehatan.202408050759.db,places,1.0653473,104.0222632,391215.742864943,117770.28126872425,8,176.57069133487425,7,24,0,39.974573442964235,5.0,0.6931471805599453,0
720,Apotek Kimia Farma No 230 Panbil,pharmacy,Healthcare,Indonesia.Batam.Kesehatan.202408050759.db,places,1.073376,104.024864,391505.4213122266,118657.7345621986,7,206.08642065274242,12,20,0,31.0480391775791,3.4,4.127134385045092,0
721,Premium Dermalove Batam - Science of Beauty,skin care clinic,Healthcare,Indonesia.Batam.Kesehatan.202408050759.db,places,1.1138663,104.0655922,396038.68677597906,123132.3296435369,-1,0.0,1,7,1,94.8373966915405,5.0,6.844815479208263,0
722,Toko obat doa ibu,pharmacy,Healthcare,Indonesia.Batam.Kesehatan.202408050759.db,places,1.0466063,103.9767091,386146.1228337296,115700.14410684373,4,407.74499819037635,20,77,3,65.61736241933463,5.0,1.3862943611198906,0
726,Lady Love,cosmetics store,Healthcare,Indonesia.Batam.Kesehatan.202408050759.db,places,1.0721861,104.0234634,391349.53204611427,118526.24490502953,7,103.9430790561341,12,21,1,55.67141562761831,0.0,0.0,0
728,Bu Susi Terapi Pijat Urut,massage therapist,Healthcare,Indonesia.Batam.Kesehatan.202408050759.db,places,1.054702,103.9632268,384646.18209740927,116595.60531620997,4,1343.8924083540235,15,58,1,109.09500396900539,4.9,2.0794415416798357,0
729,shineskin beauty clinic,specialized clinic,Healthcare,Indonesia.Batam.Kesehatan.202408050759.db,places,0.837166,104.053115,394641.7521034941,92544.78357119006,5,0.0,12,12,0,0.0,0.0,0.0,0
731,Fortuna Salon Panbill Mall,beauty salon,Healthcare,Indonesia.Batam.Kesehatan.202408050759.db,places,1.073053,104.0238478,391392.3355170765,118622.06409106807,7,162.61899319832636,12,20,2,47.21120342204418,4.5,2.4849066497880004,0
734,Pijat Urut Tradisional & Bekam,massage therapist,Healthcare,Indonesia.Batam.Kesehatan.202408050759.db,places,1.0469782,103.9783061,386323.8413640487,115741.19901238802,4,540.4797735477889,24,66,0,86.50361754194765,0.0,0.0,0
736,Muka kuning,corporate office,Healthcare,Indonesia.Batam.Kesehatan.202408050759.db,places,1.0403613,103.9979597,388510.54238172976,115009.01198465122,-1,0.0,8,22,0,81.68013135206907,1.0,1.0986122886681098,0
737,PT  Philips Industries Batam,electronics manufacturer,Healthcare,Indonesia.Batam.Kesehatan.202408050759.db,places,1.0753039,104.024138,391424.7060575473,118870.88305586479,7,406.28827469571513,12,18,0,213.05775217340835,4.2,4.718498871295094,0
739,Eiko Skincare Batam,beautician,Healthcare,Indonesia.Batam.Kesehatan.202408050759.db,places,1.1437829,104.0499576,394300.11756390193,126440.039226278,-1,0.0,1,2,0,460.70600481061524,5.0,3.912023005428146,0
740,Pertamina Petrol Station Muka Kuning BATAMINDO,petrol station,Healthcare,Indonesia.Batam.Kesehatan.202408050759.db,places,1.0655842,104.0217747,391161.394727866,117796.48701969834,8,124.51206218342587,9,24,0,60.33623610945878,4.5,5.823045895483019,0
741,Guardian - Panbil Mall,health and beauty shop,Healthcare,Indonesia.Batam.Kesehatan.202408050759.db,places,1.0720518,104.0239456,391403.1826050002,118511.38139100326,7,55.557928434199724,12,21,0,18.09267818357706,0.0,0.0,0
743,The Cuth s Barbershop,barber shop,Healthcare,Indonesia.Batam.Kesehatan.202408050759.db,places,1.0669838,104.0227713,391272.3376618865,117951.17285460749,8,293.65505006630553,7,24,0,137.20712147442606,0.0,0.0,0
744,Kingdom Optical,optician,Healthcare,Indonesia.Batam.Kesehatan.202408050759.db,places,1.0672936,104.0239661,391405.29638571234,117985.37797829139,7,480.1238874389908,8,25,0,0.0,5.0,1.0986122886681098,0
746,Eska Wellness Spa Massage and Salon,wellness center,Healthcare,Indonesia.Batam.Kesehatan.202408050759.db,places,1.1296938,104.0566811,395047.7206703116,124882.30509623341,0,3872.144788842786,11,20,1,0.0,4.9,0.6931471805599453,0
747,T Health Beauty & Wellness Centre,resort hotel,Healthcare,Indonesia.Batam.Kesehatan.202408050759.db,places,1.1968833,104.1011101,399993.6101086958,132308.1468109434,-1,0.0,0,0,0,2929.055185684884,4.8,2.4849066497880004,0
750,Cinema XXI Panbil Mall,cinema,Healthcare,Indonesia.Batam.Kesehatan.202408050759.db,places,1.0719916,104.0240968,391420.0047886737,118504.72112521957,7,42.18092620312198,12,21,0,18.09267818357706,4.0,4.174387269895637,0
751,Benings Klinik Batam,beautician,Healthcare,Indonesia.Batam.Kesehatan.202408050759.db,places,1.1522855,104.0195045,390911.95921294665,127381.11386022628,0,1394.4141125691306,20,131,0,131.95621065423035,4.6,4.356708826689592,0
753,PT EX Batam Indonesia,electronics manufacturer,Healthcare,Indonesia.Batam.Kesehatan.202408050759.db,places,1.064286,104.0317133,392267.23753032484,117652.6264189366,-1,0.0,2,6,0,404.9013736889403,4.9,2.0794415416798357,0
755,PT JMSB,pharmaceutical company,Healthcare,Indonesia.Batam.Kesehatan.202408050759.db,places,1.0612161,104.0336981,392487.98372748576,117313.19124271855,-1,0.0,2,2,0,244.45150829098822,4.8,1.6094379124341003,0
761,Villa Pangkas Baber Shop,barber shop,Healthcare,Indonesia.Batam.Kesehatan.202408050759.db,places,1.0392269,103.9912963,387769.03929687216,114883.84298660229,4,2217.3530443838736,10,31,0,46.692535236564524,4.1,3.2188758248682006,0
762,Kalluna,beauty supply store,Healthcare,Indonesia.Batam.Kesehatan.202408050759.db,places,1.141331,104.0144396,390347.9754765028,126170.32185004934,0,1017.1140029074008,24,151,0,153.6540661201113,4.7,3.6109179126442243,0
767,Agen Resmi Nasa Batam,beauty product supplier,Healthcare,Indonesia.Batam.Kesehatan.202408050759.db,places,1.0649927,104.0173606,390670.20709385717,117731.25491359291,8,371.29429289731473,4,13,0,101.42491861249322,4.8,2.5649493574615367,0
768,Elhana clinic batam,beautician,Healthcare,Indonesia.Batam.Kesehatan.202408050759.db,places,1.1124829,103.9740498,385852.66787960747,122982.78488558298,3,150.82745744019962,17,60,0,85.81935702313466,3.2,3.4339872044851463,0
770,Cimuka Batam,beauty salon,Healthcare,Indonesia.Batam.Kesehatan.202408050759.db,places,1.144997,104.0145448,390359.820114149,126575.58290518014,0,1124.3147107671018,60,126,3,15.883659828891632,5.0,3.1780538303479458,0
771,Perwakilan KPJ Johor di Batam,hospital,Healthcare,Indonesia.Batam.Kesehatan.202408050759.db,places,1.1567625,104.0981276,399660.32932833413,127873.13042320464,15,294.5178401430982,7,10,0,233.79036715576382,0.0,0.0,0
774,Akyla Beauty Batu Aji,cosmetics store,Healthcare,Indonesia.Batam.Kesehatan.202408050759.db,places,1.0457946,103.9573932,383996.72172722657,115611.11948973876,4,1862.0964729393945,6,25,0,344.3756650184799,4.8,3.091042453358316,0
776,Amartha Spa & Massage,spa,Healthcare,Indonesia.Batam.Kesehatan.202408050759.db,places,0.837166,104.053115,394641.7521034941,92544.78357119006,5,0.0,12,12,0,0.0,5.0,0.6931471805599453,0
781,PRODUK KESEHATAN DAN SUPLEMEN FOOD,vitamin & supplements store,Healthcare,Indonesia.Batam.Kesehatan.202408050759.db,places,1.0838891,104.1146768,401499.25948849873,119816.85201384645,-1,0.0,0,2,0,838.8891202709302,0.0,0.0,0
782,Iqbal behel batam nongsa,dental clinic,Healthcare,Indonesia.Batam.Kesehatan.202408050759.db,places,1.1533749,104.1015178,400037.4257832571,127498.5313428036,15,256.8871974992306,6,12,0,1.1081821714909692,0.0,0.0,0
783,BP Batam Hospital,government hospital,Healthcare,Indonesia.Batam.Kesehatan.202408050759.db,places,1.1298738,103.9315451,381123.75133047474,124907.02404731805,-1,0.0,2,2,1,0.0,4.0,6.0063531596017325,0
787,Klinik AMC,pharmacy,Healthcare,Indonesia.Batam.Kesehatan.202408050759.db,places,1.0707784,104.1202667,402120.8206466966,118367.36748924958,-1,0.0,5,10,0,81.18855048915502,0.0,0.0,0
790,Psht rayon punggur,martial arts school,Healthcare,Indonesia.Batam.Kesehatan.202408050759.db,places,1.0748499,104.116472,401698.71845765645,118817.56741354628,-1,0.0,3,8,0,303.1972777925503,0.0,0.0,0
799,Nabilah beuaty studio,dermatologist,Healthcare,Indonesia.Batam.Kesehatan.202408050759.db,places,1.0714113,104.1206369,402162.03244901716,118437.3186727994,-1,0.0,4,9,0,81.18855048915502,0.0,0.0,0
808,KUA KEC  NONGSA,government office,Healthcare,Indonesia.Batam.Kesehatan.202408050759.db,places,1.1404439,104.1398217,404298.90844549093,126067.78282377105,-1,0.0,3,3,0,148.4533849614539,0.0,0.0,0
813,Nongsa  batam,housing development,Healthcare,Indonesia.Batam.Kesehatan.202408050759.db,places,1.187692,104.0764197,397246.0918693384,131293.00750760324,-1,0.0,0,0,0,1404.5052184843735,3.0,0.6931471805599453,0
814,Nongsa batam,housing development,Healthcare,Indonesia.Batam.Kesehatan.202408050759.db,places,1.1499311,104.1320533,403434.8687781776,127116.78818815218,9,405.0073508247877,15,23,0,46.99332805793196,0.0,0.0,0
821,Posyandu Lavender,community health centre,Healthcare,Indonesia.Batam.Kesehatan.202408050759.db,places,1.0320624,104.0546235,394815.41467643675,114089.65980826029,6,292.3107940255149,16,48,0,131.5752582240981,0.0,0.0,0
824,Rumah sehat,physical therapist,Healthcare,Indonesia.Batam.Kesehatan.202408050759.db,places,1.0344302,104.0457422,393827.2496032918,114351.70533775479,6,1235.2674144773287,4,20,0,186.67592848769968,0.0,0.0,0
830,Posyandu Edelweis,hospital,Healthcare,Indonesia.Batam.Kesehatan.202408050759.db,places,1.0276154,104.0573866,395122.72559187055,113597.9729184115,6,290.1668280583732,21,46,1,33.39820533300227,0.0,0.0,0
834,BEKAM SEHAT TABIB SYAHDIL,home health care service,Healthcare,Indonesia.Batam.Kesehatan.202408050759.db,places,1.0297594,104.0524009,394568.02508584026,113835.14684875881,6,378.13320695392576,21,42,0,88.12338361210581,0.0,0.0,0
840,Posyandu Rosela,self service health station,Healthcare,Indonesia.Batam.Kesehatan.202408050759.db,places,1.0313865,104.0526835,394599.52416463353,114015.00625911086,6,393.7163258237115,21,44,0,49.50653367996565,0.0,0.0,0
841,Bio Nerve Batam,vitamin & supplements store,Healthcare,Indonesia.Batam.Kesehatan.202408050759.db,places,1.0299626,104.0494729,394242.22599312104,113857.70673460484,6,704.487009025314,15,35,0,30.63604183160569,0.0,0.0,0
842,Bidan Deska,midwife,Healthcare,Indonesia.Batam.Kesehatan.202408050759.db,places,1.0322355,104.0501701,394319.88014109654,114108.9428997888,6,686.271381170779,16,35,2,1.2759477912683248,0.0,0.0,0
844,Bidan donda,midwife,Healthcare,Indonesia.Batam.Kesehatan.202408050759.db,places,1.0265317,104.050112,394313.2274002155,113478.41433341126,6,723.0911146586354,6,34,0,208.6130835691486,0.0,0.0,0
845,Tempat Praktik Mandiri Dokter,local medical services,Healthcare,Indonesia.Batam.Kesehatan.202408050759.db,places,1.0277807,104.0576416,395151.10542745714,113616.23770909269,6,294.87582145933226,21,46,0,33.7493354978946,0.0,0.0,0
846,Posyandu Pancur Biru II,hospital,Healthcare,Indonesia.Batam.Kesehatan.202408050759.db,places,1.0309076,104.0557368,394939.25619834976,113961.96505601335,6,133.95351983906565,15,47,1,64.22517310294319,0.0,0.0,0
847,Klinik alam sehat piayu,nutritionist,Healthcare,Indonesia.Batam.Kesehatan.202408050759.db,places,1.0316587,104.0362587,392771.9026896721,114045.6456068792,-1,0.0,0,0,0,1048.43769521402,0.0,0.0,0
848,Sei Kecik,gym and fitness centre,Healthcare,Indonesia.Batam.Kesehatan.202408050759.db,places,1.0160346,104.0501917,394321.75292850065,112318.0026380472,-1,0.0,0,2,0,639.2280907778742,2.8,1.791759469228055,0
851,Laskin Beauty Skincare Batam,health and beauty shop,Healthcare,Indonesia.Batam.Kesehatan.202408050759.db,places,1.028013,104.0614364,395573.3689509323,113641.79305456729,6,654.3821394656029,21,34,1,2.7214860932469476,0.0,0.0,0
853,Perumnas blok   B,doctor,Healthcare,Indonesia.Batam.Kesehatan.202408050759.db,places,1.0346487,104.058675,395266.3187353791,114375.42971286371,6,634.0498564674964,3,39,0,349.36717700168634,0.0,0.0,0
854,Rumah Rio tika,physical therapist,Healthcare,Indonesia.Batam.Kesehatan.202408050759.db,places,1.0274689,104.0576491,395151.9298018703,113581.76939293847,6,321.07556817497937,21,46,0,33.39820533300227,0.0,0.0,0
855,BIDAN NURLELA,doctor,Healthcare,Indonesia.Batam.Kesehatan.202408050759.db,places,1.030055,104.0531364,394649.87565113103,113867.7998072898,6,298.855618434976,22,48,0,88.12338361210581,5.0,1.0986122886681098,0
856,STOKIS NASA BATAM_ITA,health and beauty shop,Healthcare,Indonesia.Batam.Kesehatan.202408050759.db,places,1.0285345,104.05573,394938.42184269615,113699.62973459128,6,128.7851923699289,20,46,1,195.62232734585928,5.0,1.0986122886681098,0
858,Puskesmas,hospital,Healthcare,Indonesia.Batam.Kesehatan.202408050759.db,places,1.0190896,104.001643,388919.66073428874,112657.35331029262,-1,0.0,0,0,0,1180.9222083890459,4.8,1.6094379124341003,0
859,APOTEK BIFARMA,pharmacy,Healthcare,Indonesia.Batam.Kesehatan.202408050759.db,places,1.0328392,104.0500032,394301.32871739374,114175.68488252252,6,732.4465178955477,16,33,0,68.26544099664432,5.0,0.6931471805599453,0
861,Bidan Jumiati,midwife,Healthcare,Indonesia.Batam.Kesehatan.202408050759.db,places,1.0281477,104.0606174,395482.2413954902,113656.71031082999,6,562.9012052379729,20,38,0,10.850270206511762,4.6,2.302585092994046,0
862,Risdeha Farma,drug store,Healthcare,Indonesia.Batam.Kesehatan.202408050759.db,places,1.0322462,104.0501744,394320.3589657365,114110.12559574727,6,686.3194903706299,16,35,0,1.2759477912683248,3.0,0.6931471805599453,0
863,Praktik Mandiri Bidan HJ ENDARWATI amd keb,midwife,Healthcare,Indonesia.Batam.Kesehatan.202408050759.db,places,1.0309538,104.0525688,394586.7469894305,113967.17697236271,6,385.29063415870473,21,43,2,49.50653367996565,5.0,1.6094379124341003,0
867,Bidan Sontas S  Amd Keb,midwife,Healthcare,Indonesia.Batam.Kesehatan.202408050759.db,places,1.0331207,104.0507187,394380.95340185653,114206.7797008723,6,680.233193793152,16,36,2,85.48086396384123,0.0,0.0,0
868,BIDAN DEWI FATMAWATI,home health care service,Healthcare,Indonesia.Batam.Kesehatan.202408050759.db,places,1.0344704,104.0478159,394057.9966000083,114356.07996683041,6,1033.1453104444527,9,27,0,72.35564145910547,0.0,0.0,0
869,RM  Kesehatan Jawara,diner,Healthcare,Indonesia.Batam.Kesehatan.202408050759.db,places,1.0269302,104.0596797,395377.8618119383,113522.15202379016,6,529.2259995936129,18,37,0,123.94869724644533,0.0,0.0,0
880,Posyandu Mekar Sari Sagulung,occupational health service,Healthcare,Indonesia.Batam.Kesehatan.202408050759.db,places,1.0358824,103.9513798,383327.2151405104,114515.55820840473,-1,0.0,2,9,0,301.63064459315603,5.0,0.6931471805599453,0
882,PT BERKAH ANEKA KARYA,health and beauty shop,Healthcare,Indonesia.Batam.Kesehatan.202408050759.db,places,0.837166,104.053115,394641.7521034941,92544.78357119006,5,0.0,12,12,1,0.0,0.0,0.0,0
884,Home SPA Batam,health spa,Healthcare,Indonesia.Batam.Kesehatan.202408050759.db,places,1.0486145,103.9396174,382018.81785720814,115923.52053857948,-1,0.0,2,3,0,139.66700126744178,0.0,0.0,0
886,Rumah bekam darul assyraf,home health care service,Healthcare,Indonesia.Batam.Kesehatan.202408050759.db,places,1.0242118,103.9592832,384206.24865935685,113225.09802111312,-1,0.0,2,4,0,491.6698635424577,0.0,0.0,0
890,Basyir Bekam,physical therapist,Healthcare,Indonesia.Batam.Kesehatan.202408050759.db,places,1.0934284,103.9968809,388392.4127146993,120875.48406230396,-1,0.0,0,1,0,636.9928866838827,0.0,0.0,0
896,SR12 Herbal Batam,cosmetics store,Healthcare,Indonesia.Batam.Kesehatan.202408050759.db,places,1.7012151,106.2211275,635831.7605429786,188078.91487588652,-1,0.0,0,0,0,196462.6406638429,0.0,0.0,0
897,Kretek Batam,alternative medicine practitioner,Healthcare,Indonesia.Batam.Kesehatan.202408050759.db,places,1.1488704,104.043615,393594.57424902497,127002.676299151,-1,0.0,0,11,0,598.2723977644397,0.0,0.0,0
898,MooiBeautyCare,health spa,Healthcare,Indonesia.Batam.Kesehatan.202408050759.db,places,0.837166,104.053115,394641.7521034941,92544.78357119006,5,0.0,12,12,0,0.0,0.0,0.0,0
900,As-Syifaa Lugu Alami Bekam Herbal Akupunktur Thibbun Nabawi,health consultant,Healthcare,Indonesia.Batam.Kesehatan.202408050759.db,places,-2.44565,117.8888,1945181.7504626135,-277346.30088331114,-1,0.0,3,3,1,0.0,0.0,0.0,0
915,Apotik Yanda farma,hospital,Healthcare,Indonesia.Batam.Kesehatan.202408050759.db,places,1.1317206,104.0275509,391806.5039301447,125107.42919574496,0,1052.707889734213,20,66,0,0.0,0.0,0.0,0
917,Klinik Bintan,reproductive health clinic,Healthcare,Indonesia.Batam.Kesehatan.202408050759.db,places,1.1333617,104.028555,391918.2904442475,125288.80955936482,0,952.8538174644223,26,70,0,12.554827757002505,0.0,0.0,0
918,Apotek Ganda Farma,pharmacy,Healthcare,Indonesia.Batam.Kesehatan.202408050759.db,places,1.1316383,104.0300115,392080.2905766278,125098.23955262614,0,1202.382411840408,28,67,4,1.2492241113254643,0.0,0.0,0
919,PT  Dos Ni Roha,pharmacy,Healthcare,Indonesia.Batam.Kesehatan.202408050759.db,places,1.1346994,104.0289702,391964.5391131382,125436.67205489906,0,869.1902956389617,31,68,6,33.21331374428326,4.3,1.3862943611198906,0
921,rumah sakit sejahtera mandiri,medical center,Healthcare,Indonesia.Batam.Kesehatan.202408050759.db,places,1.1331298,104.0311303,392204.8339165511,125263.07787354405,0,1162.2629535092071,32,73,3,52.76146536141228,0.0,0.0,0
922,APOTEK ELROI PHARMA SUNGAI PANAS BATAM,pharmacy,Healthcare,Indonesia.Batam.Kesehatan.202408050759.db,places,1.1280622,104.0343241,392560.0194841715,124702.75492949641,0,1812.5102418508795,22,71,4,1.3551411066408319,3.7,1.3862943611198906,0
925,Yayasan Mitra Kesehatan dan Kemanusiaan,non-governmental organization,Healthcare,Indonesia.Batam.Kesehatan.202408050759.db,places,1.1272939,104.0285906,391922.02727253514,124618.03441808306,0,1548.2620006843615,11,47,0,229.57935450733174,0.0,0.0,0
928,ELROI PHARMA APOTEK,pharmacy,Healthcare,Indonesia.Batam.Kesehatan.202408050759.db,places,1.1279328,104.0339898,392522.817360661,124688.46258650337,0,1798.9542380933447,18,71,4,21.571783694013096,0.0,0.0,0
930,BIDAN MONIKA (ADIK MENDIANG BIDAN PURNAMA)-BATAM,midwife,Healthcare,Indonesia.Batam.Kesehatan.202408050759.db,places,1.1332558,104.0366922,392823.70704212604,125276.80031633697,0,1661.0051397668306,22,67,0,143.21779045863477,5.0,2.302585092994046,0
932,Kansen Kenko PT,pharmacy,Healthcare,Indonesia.Batam.Kesehatan.202408050759.db,places,1.132848,104.028069,391864.194447116,125232.03997438437,0,970.145285314313,24,69,4,71.19040227295113,0.0,0.0,0
933,Best Brand HWI Batam (BBHB),health and beauty shop,Healthcare,Indonesia.Batam.Kesehatan.202408050759.db,places,1.1366415,104.0257148,391602.3850188798,125651.48631143148,0,475.7516694604734,20,75,0,132.07981105804902,0.0,0.0,0
934,KLINIK AABBOORRSSIII Dr  SUSAN PEENNGGUUGGUURRR KAANDUUNGGAANNN BATAM,urology clinic,Healthcare,Indonesia.Batam.Kesehatan.202408050759.db,places,1.1317206,104.0275509,391806.5039301447,125107.42919574496,0,1052.707889734213,20,66,0,0.0,0.0,0.0,0
935,Hero Therapy,physical therapy clinic,Healthcare,Indonesia.Batam.Kesehatan.202408050759.db,places,1.1377013,104.0307718,392165.1132674138,125768.45405019088,0,857.2135139553667,19,80,0,110.71101739560332,0.0,0.0,0
936,Dua Saudara,dental clinic,Healthcare,Indonesia.Batam.Kesehatan.202408050759.db,places,1.1434488,104.0277549,391829.63973428553,126403.93297019495,0,582.6115213097482,34,120,1,45.10005526841185,0.0,0.0,0
937,PAKAR AURA BATAM,alternative medicine practitioner,Healthcare,Indonesia.Batam.Kesehatan.202408050759.db,places,1.1306188,104.0336809,392488.54492958984,124985.40133870249,0,1559.1949431250396,33,73,0,126.67925317775905,0.0,0.0,0
939,Distributor Mesin Kesehatan Air Alkali Kangen Water Batam,health consultant,Healthcare,Indonesia.Batam.Kesehatan.202408050759.db,places,1.1410298,104.0300022,392079.6043688826,126136.43658803229,0,724.485205089469,19,89,0,186.3021723090775,5.0,2.5649493574615367,0
941,Sungai panas,gated community,Healthcare,Indonesia.Batam.Kesehatan.202408050759.db,places,1.1368869,104.0323159,392336.89379868936,125678.36744129226,0,1049.7312602750294,18,81,0,85.84422950854002,0.0,0.0,0
943,Sungai Panas,river,Healthcare,Indonesia.Batam.Kesehatan.202408050759.db,places,1.1408443,104.0470216,393973.32589207956,126115.29744255422,-1,0.0,1,8,0,460.70600481061524,3.0,1.0986122886681098,0
945,Vina pijat panggilan,massage therapist,Healthcare,Indonesia.Batam.Kesehatan.202408050759.db,places,1.1328029,104.0342123,392547.7538543105,125226.8257887548,0,1451.7536532127335,19,78,2,137.84828554689886,0.0,0.0,0
947,Agen nasa moreskin NC X  nania nasa batam,herbalist,Healthcare,Indonesia.Batam.Kesehatan.202408050759.db,places,1.1481437,104.0305738,392143.4715906362,126922.83122747453,0,1165.7964947132016,38,103,0,132.06651984405096,0.0,0.0,0
952,Bidan Noviar,medical clinic,Healthcare,Indonesia.Batam.Kesehatan.202408050759.db,places,1.1840403,104.016996,390634.0687767973,130891.60388605246,1,299.4337720083313,9,17,0,119.52813869524441,1.0,0.6931471805599453,0
953,Apotek Toko Obat,pharmacy,Healthcare,Indonesia.Batam.Kesehatan.202408050759.db,places,1.18425,104.0223493,391229.7265691861,130914.5749125667,-1,0.0,5,11,0,62.09393649441486,5.0,1.0986122886681098,0
954,APOTEK ANUGERAH,pharmacy,Healthcare,Indonesia.Batam.Kesehatan.202408050759.db,places,1.1707581,104.0179616,390740.99180847104,129423.26046884563,-1,0.0,5,10,0,0.0,4.6,2.1972245773362196,0
955,Posyandu Balita dan Posyandu Lansia,home health care service,Healthcare,Indonesia.Batam.Kesehatan.202408050759.db,places,1.183699,104.0222409,391217.6436758643,130853.66792907263,-1,0.0,5,12,0,58.74003922642067,0.0,0.0,0
957,Posyandu Tanjung Teritip,child health care centre,Healthcare,Indonesia.Batam.Kesehatan.202408050759.db,places,1.1417306,103.9946348,388144.3122494477,126215.25937645705,10,388.8077571263154,7,16,0,72.57703041278063,5.0,1.0986122886681098,0
958,Bidan Santi,medical clinic,Healthcare,Indonesia.Batam.Kesehatan.202408050759.db,places,1.142437,103.9949656,388181.1477517601,126293.33732891106,10,303.0890500358247,8,16,0,84.43067516453225,5.0,0.6931471805599453,0
959,Bidan Eli,medical clinic,Healthcare,Indonesia.Batam.Kesehatan.202408050759.db,places,1.1471381,103.996316,388331.5889177701,126812.97989995565,10,238.09041859373733,9,23,0,114.76287814703662,5.0,1.6094379124341003,0
961,Bidan eva susanti tanjung uma,midwife,Healthcare,Indonesia.Batam.Kesehatan.202408050759.db,places,1.1481545,103.9965678,388359.646115366,126925.33059861687,10,353.8898044089661,9,24,0,115.80106142260557,0.0,0.0,0
963,BIDAN Despa Novita,midwife,Healthcare,Indonesia.Batam.Kesehatan.202408050759.db,places,1.1417451,103.9952869,388216.8721322785,126216.83695279883,10,369.72177115605643,7,16,0,72.57703041278063,0.0,0.0,0
967,Prestige,medical clinic,Healthcare,Indonesia.Batam.Kesehatan.202408050759.db,places,1.121507,104.004121,389199.07504608243,123979.2281221028,-1,0.0,3,12,0,36.6789612259864,0.0,0.0,0
968,Fs Clinic,doctor,Healthcare,Indonesia.Batam.Kesehatan.202408050759.db,places,1.121817,104.0043103,389220.1502476404,124013.49060777178,-1,0.0,3,12,1,3.7180403671870432,4.8,2.5649493574615367,0
973,SYN BEAUTY & MAKEUP,hospital,Healthcare,Indonesia.Batam.Kesehatan.202408050759.db,places,1.1275927,104.0041564,389203.2435378343,124651.984305553,0,2575.1325857599936,6,57,1,196.515334049977,0.0,0.0,0
978,Beauty Dental,dental clinic,Healthcare,Indonesia.Batam.Kesehatan.202408050759.db,places,1.1446015,103.9946763,388149.04107501754,126532.62888277629,10,132.99815234953218,13,16,0,50.0922889464744,0.0,0.0,0
979,Kantor Kelurahan Tanjung Uma,government office,Healthcare,Indonesia.Batam.Kesehatan.202408050759.db,places,1.1465283,103.9954813,388238.6881929933,126745.60057422039,10,166.67627245700515,11,23,0,104.50194203138444,4.5,1.0986122886681098,0
980,Cafe Jamu dan Obat Sido Sehat,drug store,Healthcare,Indonesia.Batam.Kesehatan.202408050759.db,places,1.1459338,103.9947511,388157.41573515505,126679.90853904668,10,150.77524339155207,13,19,0,100.96442913776386,5.0,0.6931471805599453,0
982,Brithish Propolis Batam,vitamin & supplements store,Healthcare,Indonesia.Batam.Kesehatan.202408050759.db,places,1.1425266,103.9973426,388445.6404039779,126303.14998480372,10,328.60035215705943,9,23,0,244.5094305547257,0.0,0.0,0
983,Terapi Setrum Tj  Uma,foot massage parlor,Healthcare,Indonesia.Batam.Kesehatan.202408050759.db,places,1.1471142,103.9983074,388553.170970916,126810.26017443895,10,361.6269339761786,10,31,0,142.13265671434144,3.7,1.3862943611198906,0
988,Dr  Fredy S - Fs Clinic,doctor,Healthcare,Indonesia.Batam.Kesehatan.202408050759.db,places,1.1217845,104.0043017,389219.1920973042,124009.89814731892,-1,0.0,3,12,1,3.7180403671870432,5.0,0.6931471805599453,0
992,Klinik Sosial Padmajaya,walk-in clinic,Healthcare,Indonesia.Batam.Kesehatan.202408050759.db,places,1.148252,104.002244,388991.2397369492,126935.88792892522,0,2524.5718712502426,4,45,0,330.6613637341325,0.0,0.0,0
995,Apotek Kimia Farma Jodoh,pharmacy,Healthcare,Indonesia.Batam.Kesehatan.202408050759.db,places,1.1389916,104.0010771,388861.04279894184,125912.2202326375,0,2502.471076008065,5,50,1,274.09928503255287,5.0,3.9889840465642745,0
999,Nauli Salon,beauty salon,Healthcare,Indonesia.Batam.Kesehatan.202408050759.db,places,1.1450402,103.9945636,388136.5179354069,126581.13051559612,10,135.8764216638979,13,16,0,50.0922889464744,5.0,0.6931471805599453,0
1000,Tukang urut nenek palembang Andra,reflexologist,Healthcare,Indonesia.Batam.Kesehatan.202408050759.db,places,1.1471147,103.9943332,388110.9618174348,126810.47054424747,10,279.44579224430714,9,22,0,138.57995408286533,0.0,0.0,0
1003,Tanjung uma,housing development,Healthcare,Indonesia.Batam.Kesehatan.202408050759.db,places,1.1458464,103.9985199,388576.76680674957,126670.09980687383,10,316.7697687597139,11,31,0,142.13265671434144,4.0,0.6931471805599453,0
1005,U M A HAIRCUT,barber shop,Healthcare,Indonesia.Batam.Kesehatan.202408050759.db,places,1.1448144,103.9952391,388211.6721494117,126556.14251882242,10,66.13787294606993,13,16,0,66.89949596130381,5.0,0.6931471805599453,0
1013,Adhitiya Nisa Karya  PT,general hospital,Healthcare,Indonesia.Batam.Kesehatan.202408050759.db,places,1.1313556,104.0504632,394355.9227873115,125066.2353585221,0,3157.3790004590646,5,27,0,101.01353406498185,4.0,0.6931471805599453,0
1027,KLINIK AABBBOORRSSIII Dr  EILEEN PPEENGGGUUGUUURR KKANNDDUUNGGAANN DI BATAM,urology clinic,Healthcare,Indonesia.Batam.Kesehatan.202408050759.db,places,1.1222984,104.0413106,393337.193243607,124065.33262366417,0,2809.4164008671837,15,45,0,47.8558206348272,0.0,0.0,0
1047,KANGEN WATER Batu Aji Batam,health consultant,Healthcare,Indonesia.Batam.Kesehatan.202408050759.db,places,1.0369738,103.9546527,383691.4488395584,114636.09097247409,-1,0.0,4,9,1,98.46403711488863,3.7,1.3862943611198906,0
1063,Ken s28 Batam,health food store,Healthcare,Indonesia.Batam.Kesehatan.202408050759.db,places,1.1254707,104.0374481,392907.5304002157,124416.15937207655,0,2258.5170790837174,19,54,0,296.8273730856405,5.0,0.6931471805599453,0
1075,Depo Air Minum Antares 9 9,mineral water wholesaler,Healthcare,Indonesia.Batam.Kesehatan.202408050759.db,places,1.1292925,104.0404251,393238.91859011364,124838.53520055824,0,2241.971609121515,18,62,0,105.61805506550263,5.0,2.6390573296152584,0
1076,Klinik Citra Dewi,acupuncture clinic,Healthcare,Indonesia.Batam.Kesehatan.202408050759.db,places,1.1320228,104.0362971,392779.699271148,125140.51146280376,0,1692.371159379461,29,73,0,143.21779045863477,4.5,1.6094379124341003,0
1084,Praktek Umum dr  Dody Gotama (General Physician),medical clinic,Healthcare,Indonesia.Batam.Kesehatan.202408050759.db,places,1.1317563,104.0399817,393189.67187575187,125110.91494210243,0,2062.1138187075394,21,57,0,4.302136714700143,4.7,3.258096538021482,0
1085,The Backbone Fitness,gym and fitness centre,Healthcare,Indonesia.Batam.Kesehatan.202408050759.db,places,1.1247413,104.0489441,394186.6553753417,124335.10765893287,0,3312.3046966724637,9,43,0,109.18159727630847,4.5,3.5263605246161616,0
1095,Boston Mega Batam Center,pharmacy,Healthcare,Indonesia.Batam.Kesehatan.202408050759.db,places,1.12933,104.055755,394944.6616945261,124842.12208282472,0,3786.8363953893386,12,21,2,14.67190870463691,0.0,0.0,0
1099,Batam Eye Care by dr  Ribkah Sp  M,ophthalmologist,Healthcare,Indonesia.Batam.Kesehatan.202408050759.db,places,1.1254068,104.041539,393362.71993415174,124408.94558203568,0,2596.4408933748937,13,55,0,35.87576345029304,4.9,5.869296913133774,0
1100,Apotek Rinoshya Farma,pharmacy,Healthcare,Indonesia.Batam.Kesehatan.202408050759.db,places,1.1157352,103.9850238,387073.88936701376,123341.89757335122,3,1142.470962254467,20,73,5,98.89355763709669,4.7,2.772588722239781,0
1110,BIDAN SELVI,midwife,Healthcare,Indonesia.Batam.Kesehatan.202408050759.db,places,1.1232717,103.9878685,387390.7110391293,124174.93218026261,3,1852.1327960235672,5,20,1,126.49793662497785,5.0,0.6931471805599453,0
1113,Belinda Zahrad  Amd Keb,midwife,Healthcare,Indonesia.Batam.Kesehatan.202408050759.db,places,1.1235235,103.982564,386800.48223321646,124202.97312344158,3,1485.5082376100383,13,40,1,80.16025448945992,4.5,1.0986122886681098,0
1115,Lee Tit Tar Pasir Putih,physical therapist,Healthcare,Indonesia.Batam.Kesehatan.202408050759.db,places,1.1351616,104.045606,393815.6062784311,125487.1503984492,0,2522.468131060211,4,27,0,419.0442728208826,5.0,2.70805020110221,0
1124,APOTEK MITRA FARMA TIBAN,pharmacy,Healthcare,Indonesia.Batam.Kesehatan.202408050759.db,places,1.1127437,103.9782515,386320.2094273194,123011.45361838705,3,325.5791962720793,29,76,5,85.29678141926341,4.9,2.8903717578961645,0
1125,Bokie ahan,doctor,Healthcare,Indonesia.Batam.Kesehatan.202408050759.db,places,1.1205559,104.0421125,393426.3571541905,123872.67696511596,0,3009.872398614367,12,35,0,24.1704415502718,0.0,0.0,0
1126,Club Sehat Sei Harapan,pharmacy,Healthcare,Indonesia.Batam.Kesehatan.202408050759.db,places,1.1215398,103.9813131,386661.2164698777,123983.72745902347,3,1225.7720821839687,14,52,1,88.68709635396726,4.0,0.6931471805599453,0
1132,Muti Terapi,walk-in clinic,Healthcare,Indonesia.Batam.Kesehatan.202408050759.db,places,1.114827,103.981687,386702.56346514815,123241.62614992201,3,759.9369714557234,32,76,0,27.660946883377928,0.0,0.0,0
1135,Bidan Ferawaty  Am  Keb,midwife,Healthcare,Indonesia.Batam.Kesehatan.202408050759.db,places,1.1181328,103.9876333,387364.3437091724,123606.84700327527,3,1513.409348261182,5,42,0,315.8623673983847,0.0,0.0,0
1136,Bidan Hariwatie (Midwife),occupational therapist,Healthcare,Indonesia.Batam.Kesehatan.202408050759.db,places,1.1195857,103.9790145,386405.3724668304,123767.7944833218,3,911.3543697503304,21,63,0,169.8461304444218,0.0,0.0,0
1139,iTeraCare Batam,physical therapist,Healthcare,Indonesia.Batam.Kesehatan.202408050759.db,places,1.1247365,103.9842147,386984.2044664941,124337.0038774172,3,1699.4096662687396,10,23,1,136.1293239985472,5.0,0.6931471805599453,0
1149,Apotek Kimia Farma MC Dermot,medical clinic,Healthcare,Indonesia.Batam.Kesehatan.202408050759.db,places,1.113025,103.983682,386924.4817750403,123042.34203051883,3,928.7334762816195,26,71,1,23.556921565185444,4.0,0.6931471805599453,0
1150,Endar Aesthetic,cosmetics store,Healthcare,Indonesia.Batam.Kesehatan.202408050759.db,places,1.1318088,103.97733,386218.40922638867,125119.10136944805,-1,0.0,5,12,0,0.0,5.0,3.1354942159291497,0
1159,Bidan Nurul Aulia  Amd Keb,midwife,Healthcare,Indonesia.Batam.Kesehatan.202408050759.db,places,1.1237508,103.9860267,387185.790088614,124227.96671486396,3,1742.1500454807997,9,22,2,164.45844760688306,0.0,0.0,0
1160,Neli spa massage khusus wanita,massage spa,Healthcare,Indonesia.Batam.Kesehatan.202408050759.db,places,1.1330545,103.9770934,386192.1310472412,125256.82054820984,-1,0.0,5,10,0,107.51494641444674,5.0,0.6931471805599453,0
1161,APOTEK JABBAR,pharmacy,Healthcare,Indonesia.Batam.Kesehatan.202408050759.db,places,1.115699,103.9814136,386672.175135033,123338.03456266879,3,775.232084300037,29,76,6,26.741603321594003,0.0,0.0,0
1162,TMJ SPA,health spa,Healthcare,Indonesia.Batam.Kesehatan.202408050759.db,places,1.1145486,103.9806652,386588.8553512571,123210.88890833272,3,643.2830022090227,33,74,1,105.74046198174604,4.0,0.6931471805599453,0
1163,M 23 Apotik,pharmacy,Healthcare,Indonesia.Batam.Kesehatan.202408050759.db,places,1.123795,103.983232,386874.8219406861,124232.96102588816,3,1551.5172204439818,13,32,1,80.16025448945992,0.0,0.0,0
1164,Apotek Mutiara Tiban,pharmacy,Healthcare,Indonesia.Batam.Kesehatan.202408050759.db,places,1.1131047,103.9775407,386241.1311737198,123051.38891140725,3,260.82819157125283,30,74,4,35.51813231606943,5.0,1.3862943611198906,0
1165,Tiban indah,soup kitchen,Healthcare,Indonesia.Batam.Kesehatan.202408050759.db,places,1.1201737,103.9776043,386248.47984717507,123832.85148851437,3,915.6943650798078,15,53,0,169.8461304444218,0.0,0.0,0
1166,Enny Salon,beauty salon,Healthcare,Indonesia.Batam.Kesehatan.202408050759.db,places,1.1145876,103.9816147,386694.50936761196,123215.16373326437,3,742.6967502879044,33,76,0,27.660946883377928,5.0,1.3862943611198906,0
1167,sop100,vitamin & supplements store,Healthcare,Indonesia.Batam.Kesehatan.202408050759.db,places,1.1225598,103.9869508,387288.5701840489,124096.2685438996,3,1723.506845657788,9,25,0,3.5972725343028222,5.0,0.6931471805599453,0
1168,Toko Madu,pharmacy,Healthcare,Indonesia.Batam.Kesehatan.202408050759.db,places,1.1154091,103.9867756,387268.8024366021,123305.78073087969,3,1317.1493180596322,13,54,4,99.58174200534101,0.0,0.0,0
1169,BSD KLINIK UTAMA & LABORATORIUM - SMILE CLOUD,medical office,Healthcare,Indonesia.Batam.Kesehatan.202408050759.db,places,1.1113053,103.9755223,386016.47079591994,122852.54634909985,3,100.23902118213721,18,65,1,140.2231199203497,5.0,1.6094379124341003,0
1170,PONDOK PENGOBATAN MIFTAHUSSYFA,alternative medicine practitioner,Healthcare,Indonesia.Batam.Kesehatan.202408050759.db,places,1.1184876,103.9821927,386758.973677111,123646.27875425346,3,1028.8370716826396,17,69,0,32.80483081905812,0.0,0.0,0
1172,Posyandu R W  08 Tiban Lama,self service health station,Healthcare,Indonesia.Batam.Kesehatan.202408050759.db,places,1.1037146,103.9866375,387252.9930243847,122012.98412299366,3,1565.313631282995,5,25,0,164.24413284704676,5.0,0.6931471805599453,0
1173,Bp Merah Delima,hospital,Healthcare,Indonesia.Batam.Kesehatan.202408050759.db,places,1.1108163,103.9845418,387020.0692011676,122798.14186483333,3,1031.322723135494,24,59,0,91.69128743354574,4.0,0.6931471805599453,0
1174,Healthy Family Massage,massage therapist,Healthcare,Indonesia.Batam.Kesehatan.202408050759.db,places,1.1134433,103.9779282,386284.26201801765,123088.80557172358,3,315.51937232985523,34,74,0,56.761397836259235,0.0,0.0,0
1175,Toko Benings Rosie,cosmetics store,Healthcare,Indonesia.Batam.Kesehatan.202408050759.db,places,1.1166097,103.9775236,386239.3629746055,123438.86092055045,3,542.9168083584357,27,63,0,13.022303290179405,5.0,0.6931471805599453,0
1177,POSYANDU TULIP 9,medical office,Healthcare,Indonesia.Batam.Kesehatan.202408050759.db,places,1.1076218,103.9803245,386550.68077682744,122445.15763028832,3,747.9047887734255,10,65,1,149.78221955709088,5.0,0.6931471805599453,0
1180,Depot Anand,drug store,Healthcare,Indonesia.Batam.Kesehatan.202408050759.db,places,1.1183535,103.9779622,386288.23385177366,123631.61783271763,3,738.6330799652578,23,60,0,77.90409185143179,0.0,0.0,0
1181,Kesehatan dan kecantikan,community health centre,Healthcare,Indonesia.Batam.Kesehatan.202408050759.db,places,1.1114133,103.9876475,387365.6683876298,122864.02034934111,3,1368.2590422722726,17,42,0,155.6044084451555,0.0,0.0,0
1184,Pijat urat terjepit,physical therapist,Healthcare,Indonesia.Batam.Kesehatan.202408050759.db,places,1.1260749,103.9825427,386798.2104850388,124485.02613569432,3,1728.7699442832898,6,28,1,162.3816551436891,0.0,0.0,0
1185,Vitka Muaythai Gym,muay thai boxing gym,Healthcare,Indonesia.Batam.Kesehatan.202408050759.db,places,1.1111518,103.9788684,386388.79219576466,122835.44829041768,3,405.5333307098845,20,78,0,33.39839832920597,5.0,0.6931471805599453,0
1187,Radif,barber shop,Healthcare,Indonesia.Batam.Kesehatan.202408050759.db,places,1.1161524,103.9781269,386306.4756750123,123388.28390869506,3,533.4968487298279,30,64,0,66.41237848188057,4.7,3.2188758248682006,0
1188,Hipnoterapi Batam Hipnoterapi kecemasan panic(emosional stress depresi) Psikolog  terapi anak ICEO Hypnotherapy meditasi NLP,hypnotherapy service,Healthcare,Indonesia.Batam.Kesehatan.202408050759.db,places,1.1328088,103.9780283,386296.14888648107,125229.62215078695,-1,0.0,5,9,0,86.031779097069,5.0,3.367295829986474,0
1194,Tudjuh Arc,herbalist,Healthcare,Indonesia.Batam.Kesehatan.202408050759.db,places,1.1155041,103.9812172,386650.31391342636,123316.49631472581,3,745.5830287325002,29,74,0,24.598070178938656,0.0,0.0,0
1197,tiban indah,grocery store,Healthcare,Indonesia.Batam.Kesehatan.202408050759.db,places,1.1137302,103.9821122,386749.83430367825,123120.3607284755,3,768.4211882883587,26,75,0,109.7654693778439,0.0,0.0,0
1202,Titien Drwskincare Batam,health and beauty shop,Healthcare,Indonesia.Batam.Kesehatan.202408050759.db,places,1.1156165,103.9859047,387171.90395665244,123328.74173966108,3,1230.942715857829,16,66,0,98.89355763709669,0.0,0.0,0
1203,Tiban indah,housing complex,Healthcare,Indonesia.Batam.Kesehatan.202408050759.db,places,1.1246776,103.9829927,386848.22869463114,124330.53995302292,3,1618.9540924489388,13,27,0,101.13776622266325,0.0,0.0,0
1207,Pak kariman,occupational safety and health,Healthcare,Indonesia.Batam.Kesehatan.202408050759.db,places,1.1084067,103.9840333,386963.39602249465,122531.78498336658,3,1050.6472743306388,18,52,0,37.580988434002,5.0,2.1972245773362196,0
1209,Bidan Dorlina Napitupulu,midwife,Healthcare,Indonesia.Batam.Kesehatan.202408050759.db,places,1.1085665,103.9843314,386996.5722267124,122549.43916602615,3,1074.413362404624,22,51,1,37.580988434002,5.0,0.6931471805599453,0
1212,Tiban indah,housing complex,Healthcare,Indonesia.Batam.Kesehatan.202408050759.db,places,1.1254774,103.9765126,386127.20981270075,124419.20845827974,3,1473.2360051887374,2,35,0,309.6590346208118,0.0,0.0,0
1214,Apotek A3 Farma,pharmacy,Healthcare,Indonesia.Batam.Kesehatan.202408050759.db,places,1.1119047,103.9844584,387010.83050347306,122918.46542287582,3,1011.1629000209653,28,63,6,8.07173852619869,5.0,0.6931471805599453,0
1215,RJLIM BEAUTY STUDIO,beauty salon,Healthcare,Indonesia.Batam.Kesehatan.202408050759.db,places,1.1313761,103.977656,386254.6667872391,125071.2543829551,-1,0.0,6,14,0,60.032864626618476,5.0,0.6931471805599453,0
1219,Rumah bak ci bkl,family service center,Healthcare,Indonesia.Batam.Kesehatan.202408050759.db,places,1.1225922,103.9869538,387288.90523861896,124099.85017873876,3,1726.1380958293855,9,25,0,3.5972725343028222,0.0,0.0,0
1220,Therapist totok bekam urut di tempat atau panggilan bisa,massage therapist,Healthcare,Indonesia.Batam.Kesehatan.202408050759.db,places,1.118265,103.9801954,386536.72236293775,123621.74789865519,3,858.5684253714687,27,69,0,196.42403137139712,5.0,0.6931471805599453,0
1222,Bidan Masnyh,midwife,Healthcare,Indonesia.Batam.Kesehatan.202408050759.db,places,1.1098625,103.9878045,387383.0793242634,122692.57680828166,3,1406.8964753034231,17,41,1,109.90660756798646,0.0,0.0,0
1225,PRIMA SPA,health spa,Healthcare,Indonesia.Batam.Kesehatan.202408050759.db,places,1.1117676,103.9848433,387053.6537797529,122903.29457362473,3,1054.5482096539436,28,60,0,21.91671284122175,5.0,1.3862943611198906,0
1238,Pengobatan alternatif totok punggung,medical office,Healthcare,Indonesia.Batam.Kesehatan.202408050759.db,places,1.1100243,103.9728347,385717.36664911057,122711.03778957993,3,371.213512800129,13,54,1,65.53319964223203,0.0,0.0,0
1242,Mie rebus mama nazfa,fertility clinic,Healthcare,Indonesia.Batam.Kesehatan.202408050759.db,places,1.1105895,103.9865136,387239.46621392254,122772.9942910988,3,1252.0442935042006,20,47,0,112.1745458078936,0.0,0.0,0
1246,Hanika Mom & BabyCare,health spa,Healthcare,Indonesia.Batam.Kesehatan.202408050759.db,places,1.1157163,103.9785374,386352.1360026281,123340.05799763431,3,524.2761592273979,32,65,1,66.41237848188057,4.9,4.007333185232471,0
1247,Toko Obat Sri Mulya,pharmacy,Healthcare,Indonesia.Batam.Kesehatan.202408050759.db,places,1.1096206,103.9868131,387272.7553906479,122665.87305398798,3,1304.2009970480644,18,45,2,112.1745458078936,0.0,0.0,0
1253,Sehat Stroke by Akupresure,physical therapist,Healthcare,Indonesia.Batam.Kesehatan.202408050759.db,places,1.105841,103.979475,386456.0874351764,122248.32610859416,3,837.986256826651,5,55,0,72.52493539093965,0.0,0.0,0
1254,Alisa Dental,dental clinic,Healthcare,Indonesia.Batam.Kesehatan.202408050759.db,places,1.1119539,103.98427,386989.86877967394,122923.91159329105,3,990.0460819955423,28,65,0,21.657669237993225,0.0,0.0,0
1257,Alimansyah & Rinda Family,health food store,Healthcare,Indonesia.Batam.Kesehatan.202408050759.db,places,1.11163,103.9847015,387037.8702185656,122888.08860446751,3,1039.5973572752787,28,61,0,21.91671284122175,4.0,0.6931471805599453,0
1268,Pos Smile,dentist,Healthcare,Indonesia.Batam.Kesehatan.202408050759.db,places,1.1111949,103.9742669,385876.77557858295,122840.39029655937,3,166.04478750206312,18,56,1,140.2231199203497,0.0,0.0,0
1270,Basyir Bekam,physical therapist,Healthcare,Indonesia.Batam.Kesehatan.202408050759.db,places,1.0969255,104.0014307,388898.80646255525,121261.91039398732,-1,0.0,0,1,0,636.9928866838827,0.0,0.0,0
1271,Apotek Delta,pharmacy,Healthcare,Indonesia.Batam.Kesehatan.202408050759.db,places,1.1083408,103.9645716,384797.8469536876,122525.24982875993,3,1275.6644281173974,27,52,6,29.02816315451202,5.0,1.791759469228055,0
1272,Apotek azzam farma,pharmacy,Healthcare,Indonesia.Batam.Kesehatan.202408050759.db,places,1.1122219,103.9806656,386588.81093415053,122953.67671211585,3,588.6091588070294,29,78,8,126.82263404624906,4.0,3.1354942159291497,0
1273,Mora Make Up,make-up artist,Healthcare,Indonesia.Batam.Kesehatan.202408050759.db,places,1.1094007,103.984624,387029.16200559115,122641.64707896268,3,1074.5849097456155,20,52,0,52.80414882586659,0.0,0.0,0
1287,Tiban lama,housing complex,Healthcare,Indonesia.Batam.Kesehatan.202408050759.db,places,1.1089035,103.987544,387354.056772481,122586.57136561412,3,1402.1603136825395,18,39,0,109.90660756798646,0.0,0.0,0
1290,Tiban Ayu,housing complex,Healthcare,Indonesia.Batam.Kesehatan.202408050759.db,places,1.1064869,103.9795892,386468.8192644207,122319.72475548298,3,786.5647175235918,4,57,0,72.52493539093965,4.5,4.912654885736052,0
1292,BG Skin Store Batam,skin care products vending machine,Healthcare,Indonesia.Batam.Kesehatan.202408050759.db,places,1.1157224,103.9811744,386645.5598400739,123340.63060243205,3,753.6164301426165,32,75,0,24.598070178938656,5.0,2.70805020110221,0
1295,PPLP Tinju,boxing gym,Healthcare,Indonesia.Batam.Kesehatan.202408050759.db,places,1.107105,103.9860867,387191.83238920395,122387.80651476115,3,1318.2091687005538,13,40,0,136.81464408823155,5.0,1.0986122886681098,0
1298,KOMPLEK TIBAN CENTRE,shopping mall,Healthcare,Indonesia.Batam.Kesehatan.202408050759.db,places,1.113192,103.981274,386656.5457551247,123060.89599458885,3,665.401247068119,30,76,0,110.62914565084385,4.5,4.174387269895637,0
1299,HALAL MART DC HNI HPAI UMMI HALIM,pharmacy,Healthcare,Indonesia.Batam.Kesehatan.202408050759.db,places,1.0993483,103.9695759,385354.34333787387,121530.94876149684,-1,0.0,3,22,0,0.0,5.0,0.6931471805599453,0
1300,Bidan Nursia Simanjuntak,midwife,Healthcare,Indonesia.Batam.Kesehatan.202408050759.db,places,1.1073164,103.9733988,385780.03150416573,122411.66221828318,3,582.9710076476522,12,46,1,200.48446896767086,0.0,0.0,0
1303,RamaDental,dental clinic,Healthcare,Indonesia.Batam.Kesehatan.202408050759.db,places,1.1079954,103.9705961,385468.19459326024,122486.8327329314,3,706.3368905987594,13,55,0,129.28197252436738,5.0,1.0986122886681098,0
1304,Bpm Rahayu Latania,midwife,Healthcare,Indonesia.Batam.Kesehatan.202408050759.db,places,1.1080614,103.9717561,385597.2730425069,122494.08410244838,3,609.5448321296476,14,58,1,129.28197252436738,0.0,0.0,0
1306,Distributor Pembalut IN3 Distributor Pantiliner Bio Sanitary PAD 081277442008 081372115001,women's health clinic,Healthcare,Indonesia.Batam.Kesehatan.202408050759.db,places,1.1031679,103.9611727,384419.4423305787,121953.52469752524,3,1869.4069998860384,8,40,0,304.21832611988555,3.0,1.0986122886681098,0
1308,Halal Mart HNI HPAI Tiban,herb shop,Healthcare,Indonesia.Batam.Kesehatan.202408050759.db,places,1.106598,103.966117,384969.74032686575,122332.52571593839,3,1202.054638854683,24,53,0,138.04926139753078,5.0,3.2188758248682006,0
1312,Apotek Mutiara Farma,pharmacy,Healthcare,Indonesia.Batam.Kesehatan.202408050759.db,places,1.1074793,103.9694549,385341.19070917025,122429.82282399674,3,840.4780267914607,16,51,2,40.073191595903296,3.5,1.0986122886681098,0
1319,Pengobatan Alternatif,alternative medicine practitioner,Healthcare,Indonesia.Batam.Kesehatan.202408050759.db,places,1.1061266,103.9609578,384395.64415262605,122280.6136182659,3,1739.151930256416,21,47,1,312.1777893179338,0.0,0.0,0
1324,Komp Tiban Makmur Tahap 1,housing complex,Healthcare,Indonesia.Batam.Kesehatan.202408050759.db,places,1.1261703,103.970572,385466.21678046003,124496.04009148222,-1,0.0,3,11,1,77.20514473289943,4.4,3.5553480614894135,0
1325,Tiban Makmur Residence Tahap 2,housing complex,Healthcare,Indonesia.Batam.Kesehatan.202408050759.db,places,1.1275992,103.9720389,385629.49691130954,124653.94505831676,-1,0.0,4,14,1,164.97539697582113,4.3,3.6109179126442243,0
1332,AFC Batam,vitamin & supplements store,Healthcare,Indonesia.Batam.Kesehatan.202408050759.db,places,1.1277812,103.9749296,385951.15658769646,124673.95142616675,-1,0.0,4,18,0,309.6590346208118,5.0,1.791759469228055,0
1339,Klinik Zada Medical | Klinik Pratama Batam,medical clinic,Healthcare,Indonesia.Batam.Kesehatan.202408050759.db,places,1.1015413,103.9475655,382905.2632237829,121774.23739434348,-1,0.0,0,1,0,658.9954965006974,4.9,4.762173934797756,0
1352,Praktek dr Susana E S,child health care centre,Healthcare,Indonesia.Batam.Kesehatan.202408050759.db,places,1.1146946,103.9844617,387011.3039238999,123226.88297544139,3,1047.9401509674103,21,71,0,130.94004514326303,0.0,0.0,0
1353,Tiban Farma Apotik,pharmacy,Healthcare,Indonesia.Batam.Kesehatan.202408050759.db,places,1.113398,103.983771,386934.3991680772,123083.5730060174,3,943.4890503459111,25,71,6,40.550061382494754,0.0,0.0,0
1360,KiKi Massage,health consultant,Healthcare,Indonesia.Batam.Kesehatan.202408050759.db,places,1.1075954,103.9847343,387041.3668663559,122442.07070696697,3,1159.0903437767986,20,47,0,26.138716380368816,0.0,0.0,0
1365,Apotek Kimia Farma Tiban Garden,pharmacy,Healthcare,Indonesia.Batam.Kesehatan.202408050759.db,places,1.113843,103.977608,386248.64807897416,123133.00402905111,3,307.70572064150446,34,74,5,56.761397836259235,4.5,2.5649493574615367,0
1371,Bidan Lia Sari,midwife,Healthcare,Indonesia.Batam.Kesehatan.202408050759.db,places,1.1261127,103.9719079,385614.8623396781,124489.6200422039,-1,0.0,4,14,0,148.78413661405392,5.0,1.0986122886681098,0
1376,Ang Home,health counselor,Healthcare,Indonesia.Batam.Kesehatan.202408050759.db,places,1.1044663,103.9650426,384850.106915929,122096.91094939051,3,1432.821259769729,24,48,0,94.74154094938483,0.0,0.0,0
1382,taman sari hijau b4 no 14 tiban baru sekupang,medical office,Healthcare,Indonesia.Batam.Kesehatan.202408050759.db,places,1.1064263,103.9764176,386115.9061713242,122313.14710670535,3,648.711073052103,7,44,2,154.68087175423278,0.0,0.0,0
1387,Apotek Sahabat Farma,pharmacy,Healthcare,Indonesia.Batam.Kesehatan.202408050759.db,places,1.108556,103.9641367,384749.46283451305,122549.05681669434,3,1313.881377417186,26,51,6,37.21798455096155,0.0,0.0,0
1388,Pos Kamling Tiban Lama Rt04 Rw 02,first aid station,Healthcare,Indonesia.Batam.Kesehatan.202408050759.db,places,1.1074274,103.9848996,387059.75374790153,122423.49235717375,3,1183.802422454721,17,44,0,26.138716380368816,4.0,1.0986122886681098,0
1389,BAS Fit Club,nutritionist,Healthcare,Indonesia.Batam.Kesehatan.202408050759.db,places,1.118492,103.9686032,385246.84570761916,123647.29306482528,-1,0.0,1,18,0,164.1891540430458,0.0,0.0,0
1390,Demara Health Care,child health care centre,Healthcare,Indonesia.Batam.Kesehatan.202408050759.db,places,1.1074803,103.9680194,385181.4591498243,122429.98894645962,3,970.7086428983416,24,55,0,40.69455501070005,5.0,1.0986122886681098,0
1391,Apotek Kimia Farma 488 Tiban Impian,pharmacy,Healthcare,Indonesia.Batam.Kesehatan.202408050759.db,places,1.1083099,103.965574,384909.38535880693,122521.79490229588,3,1172.3903370021899,27,51,7,0.0,4.4,4.477336814478207,0
1392,Mutiara Medical Clinic,medical clinic,Healthcare,Indonesia.Batam.Kesehatan.202408050759.db,places,1.1073891,103.9688357,385272.28734999296,122419.87531416076,3,901.3570827931694,16,52,0,35.59553663928484,0.0,0.0,0
1393,Klinik Asih,medical clinic,Healthcare,Indonesia.Batam.Kesehatan.202408050759.db,places,1.1175902,103.9772005,386203.44878240227,123547.26592365831,3,629.5203890340284,21,58,1,4.349772313127426,5.0,1.3862943611198906,0
1395,Rumah sehat,reflexologist,Healthcare,Indonesia.Batam.Kesehatan.202408050759.db,places,1.102223,103.9645839,384798.9798231313,121848.93501498624,3,1630.490403891166,8,41,0,173.3500972533986,0.0,0.0,0
1396,101  Detox,alternative medicine practitioner,Healthcare,Indonesia.Batam.Kesehatan.202408050759.db,places,1.1170526,103.9689669,385287.25948140305,123488.15537226341,-1,0.0,1,26,0,164.1891540430458,0.0,0.0,0
1397,posyandu Anggrek 6 Tiban Indah,hospital,Healthcare,Indonesia.Batam.Kesehatan.202408050759.db,places,1.12331,103.9845526,387021.7481912767,124179.29416041351,3,1597.2265417443834,13,32,0,156.42076448631644,0.0,0.0,0
1398,APOTEK DIFTA FARMA,pharmacy,Healthcare,Indonesia.Batam.Kesehatan.202408050759.db,places,1.1081324,103.9637172,384702.7676039891,122502.24474045612,3,1373.003256413163,26,49,6,29.109304785147977,0.0,0.0,0
1399,Apotek Vitka Farma,pharmacy,Healthcare,Indonesia.Batam.Kesehatan.202408050759.db,places,1.1110388,103.9781251,386306.07942107803,122822.98494755474,3,331.7584083694789,20,74,4,83.64650627301091,4.8,2.1972245773362196,0
1400,KANGEN WATER BATAM TIBAN,health and beauty shop,Healthcare,Indonesia.Batam.Kesehatan.202408050759.db,places,1.1187832,103.9821668,386756.1030778783,123678.95774727823,3,1049.1128593169442,15,67,1,32.80483081905812,5.0,0.6931471805599453,0
1401,Vitka Fitness Centre,gym and fitness centre,Healthcare,Indonesia.Batam.Kesehatan.202408050759.db,places,1.1114508,103.9789114,386393.58831575833,122868.50052550039,3,402.0341448027344,22,77,0,33.39839832920597,4.3,4.394449154672439,0
1402,Klinik pijat tunanetra jasa utama sehat,reflexologist,Healthcare,Indonesia.Batam.Kesehatan.202408050759.db,places,1.1081202,103.9647131,384813.58349717257,122500.85730008267,3,1269.2962455736879,27,52,0,29.02816315451202,5.0,1.0986122886681098,0
1404,Air terjun 1 tiban lama,alternative medicine practitioner,Healthcare,Indonesia.Batam.Kesehatan.202408050759.db,places,1.1035055,103.9939789,388069.87626864313,121989.5912982985,-1,0.0,0,5,0,775.916441429238,5.0,0.6931471805599453,0
1406,Enagic Independent Distributor Batam,health consultant,Healthcare,Indonesia.Batam.Kesehatan.202408050759.db,places,1.113929,103.9762869,386101.6500461567,123142.56220470316,3,216.36104643901044,27,71,0,33.51303046395681,0.0,0.0,0
1407,Apotik Komala Tiban Masyeba,pharmacy,Healthcare,Indonesia.Batam.Kesehatan.202408050759.db,places,1.1130497,103.9615175,384458.1921705234,123045.93172381863,3,1544.9051760729913,10,40,0,72.55336746799499,0.0,0.0,0
1408,Pijat tradisional (Jemari),reflexologist,Healthcare,Indonesia.Batam.Kesehatan.202408050759.db,places,1.1202755,103.9823037,386771.3934110589,123843.9232618275,3,1179.5024863135811,12,62,0,144.42165292721398,5.0,1.6094379124341003,0
1409,Rumah Sakit Bersalin Yayasan Asih Batam,hospital,Healthcare,Indonesia.Batam.Kesehatan.202408050759.db,places,1.1176267,103.9772151,386205.0747553186,123551.30036677372,3,633.8637785916164,20,58,0,4.349772313127426,5.0,0.6931471805599453,0
1410,Apotek Permata Bunda,pharmacy,Healthcare,Indonesia.Batam.Kesehatan.202408050759.db,places,1.113052,103.983892,386947.84986337484,123045.3187739099,3,952.2809454702241,27,70,7,23.556921565185444,3.1,2.0794415416798357,0
1411,PHOONG THAI,health food store,Healthcare,Indonesia.Batam.Kesehatan.202408050759.db,places,1.1035531,103.965409,384890.8421003651,121995.94378424571,3,1464.1358122735774,10,47,0,108.87480740933167,5.0,0.6931471805599453,0
1412,Batam Mental Health & Wellness Center   Batong Educare,psychologist,Healthcare,Indonesia.Batam.Kesehatan.202408050759.db,places,1.1125653,103.9748167,385938.00558751554,122991.86440367931,3,74.1730736145784,20,61,0,85.81935702313466,5.0,0.6931471805599453,0
1413,Stokis Herbal Shangratu Batam,health and beauty shop,Healthcare,Indonesia.Batam.Kesehatan.202408050759.db,places,1.1056881,103.9581673,384085.12032935396,122232.24681007635,3,2045.6823483397106,5,40,0,154.86258166797688,5.0,2.4849066497880004,0
1414,Tiban Koperasi,credit union,Healthcare,Indonesia.Batam.Kesehatan.202408050759.db,places,1.101808,103.9690594,385296.9649597832,121802.88464140963,3,1346.7614355289668,4,40,0,93.54277260710246,0.0,0.0,0
1415,Abi Dental technical gigi,dental clinic,Healthcare,Indonesia.Batam.Kesehatan.202408050759.db,places,1.1002129,103.9629089,384612.52054136485,121626.78597645143,3,1918.4431550216589,5,36,0,234.07458452132113,5.0,0.6931471805599453,0
1416,Rayhan Dental,dentist,Healthcare,Indonesia.Batam.Kesehatan.202408050759.db,places,1.1080896,103.9640423,384738.9406696659,122497.50060601134,3,1340.4725064398274,26,49,1,30.767439568669925,0.0,0.0,0
1418,AHBAB TAEKWONDO CLUB,taekwondo competition area,Healthcare,Indonesia.Batam.Kesehatan.202408050759.db,places,1.1047173,103.9642285,384759.5294786061,122124.69021197043,3,1490.9129592880558,22,48,0,94.74154094938483,4.9,2.70805020110221,0
1421,Toko Herba Batam,herb shop,Healthcare,Indonesia.Batam.Kesehatan.202408050759.db,places,1.1050937,103.9871866,387314.14440325316,122165.41982759454,3,1531.1070061340752,6,28,0,164.24413284704676,5.0,2.833213344056216,0
1422,Pijat Relaksasi dan Terapi Shiatsu,medical office,Healthcare,Indonesia.Batam.Kesehatan.202408050759.db,places,1.1055349,103.9742164,385870.9396252736,122214.68896077042,3,748.0220093436354,7,40,1,109.36594763039243,0.0,0.0,0
1423,Casa Medical Sekupang General and Dentist Clinic,medical clinic,Healthcare,Indonesia.Batam.Kesehatan.202408050759.db,places,1.1086368,103.963812,384713.3357552151,122558.00178821103,3,1345.6752684732458,26,50,5,0.0,4.0,4.762173934797756,0
1424,Bidan Kristin  Amkeb,midwife,Healthcare,Indonesia.Batam.Kesehatan.202408050759.db,places,1.1137059,103.961529,384459.4973548984,123118.47335065932,3,1549.7346450801776,8,39,0,72.55336746799499,4.9,2.4849066497880004,0
1425,Drh Paulus Tiban,doctor,Healthcare,Indonesia.Batam.Kesehatan.202408050759.db,places,1.1145659,103.9793428,386441.7102010241,123212.85234948939,3,513.0823753061906,32,74,2,147.15824930417048,5.0,1.3862943611198906,0
1426,Klinik Tiban Sehat,medical clinic,Healthcare,Indonesia.Batam.Kesehatan.202408050759.db,places,1.111975,103.984478,387013.01410274947,122926.23619227372,3,1013.1221158055175,27,63,1,8.07173852619869,0.0,0.0,0
1427,TERAPI RUQYAH BATAM,alternative medicine practitioner,Healthcare,Indonesia.Batam.Kesehatan.202408050759.db,places,1.102618,103.9833629,386888.5802507302,121891.88157470166,-1,0.0,2,20,0,276.0241243018057,5.0,0.6931471805599453,0
1429,GOR Tiban,gym and fitness centre,Healthcare,Indonesia.Batam.Kesehatan.202408050759.db,places,1.1164941,103.9775461,386241.86214570573,123426.0806808503,3,532.6024332078994,29,64,0,13.022303290179405,4.2,5.231108616854587,0
1431,AHLI GIGI M SULTAN DENTAL,dental clinic,Healthcare,Indonesia.Batam.Kesehatan.202408050759.db,places,1.1181825,103.977283,386212.65150795615,123612.7404168392,3,694.5709973039072,18,58,0,61.90546771149432,5.0,1.0986122886681098,0
1432,Drg  Tetty Waty R  S,dentist,Healthcare,Indonesia.Batam.Kesehatan.202408050759.db,places,1.1072986,103.9691427,385306.44451054226,122409.85879720887,3,880.1326951769594,15,51,2,35.59553663928484,5.0,0.6931471805599453,0
1433,HOLISTIC massage spa TIBAN-BATAM RIAU,massage spa,Healthcare,Indonesia.Batam.Kesehatan.202408050759.db,places,1.098127,103.9606954,384366.1375922131,121396.27804254218,-1,0.0,2,12,0,323.29863361922065,4.8,2.8903717578961645,0
1434,Dokter Gigi drg  Wahyu Amallia,dentist,Healthcare,Indonesia.Batam.Kesehatan.202408050759.db,places,1.109688,103.9723497,385663.386706867,122673.87912853392,3,436.4592575700122,14,61,2,61.62771949365716,4.3,1.3862943611198906,0
1435,Apotik Asih Tiban 1,doctor,Healthcare,Indonesia.Batam.Kesehatan.202408050759.db,places,1.1175,103.977325,386217.29864606145,123537.28965393237,3,624.7632627951634,24,59,1,17.068821899086217,0.0,0.0,0
1436,Kangen Water Batam - Dyana,medical office,Healthcare,Indonesia.Batam.Kesehatan.202408050759.db,places,1.1111091,103.9622183,384536.09650165413,122831.37345600783,3,1469.0257197693916,22,46,1,33.85017610572895,0.0,0.0,0
1437,Batam Dental Center Tiban,dentist,Healthcare,Indonesia.Batam.Kesehatan.202408050759.db,places,1.1077598,103.9677814,385154.9870619139,122460.89647578797,3,977.2638400709249,25,55,2,40.69455501070005,5.0,3.2188758248682006,0
1438,Shinta Varash Batam,alternative medicine practitioner,Healthcare,Indonesia.Batam.Kesehatan.202408050759.db,places,1.1044077,103.9587319,384147.8953801862,122090.67805577697,3,2042.5461744140973,4,37,1,154.86258166797688,0.0,0.0,0
1439,Kangen Water Wong Kito Batam,homewares store,Healthcare,Indonesia.Batam.Kesehatan.202408050759.db,places,1.1141387,103.9760694,386077.45645364164,123165.75257537921,3,227.7942779147773,26,69,0,33.51303046395681,5.0,1.3862943611198906,0
1440,Benings Tiban Sekupang,cosmetics store,Healthcare,Indonesia.Batam.Kesehatan.202408050759.db,places,1.1077993,103.9657782,384932.0875028202,122465.34086346983,3,1173.5356563098264,27,51,0,60.84772668367838,0.0,0.0,0
1441,Urut Tradisional Mamak Liling,massage therapist,Healthcare,Indonesia.Batam.Kesehatan.202408050759.db,places,1.1138547,103.9626137,384580.200370559,123134.88049405522,3,1431.803078300687,6,38,0,121.81302206238463,4.2,1.791759469228055,0
1442,Toko Kacamata A  Kasoem Optical,optician,Healthcare,Indonesia.Batam.Kesehatan.202408050759.db,places,1.1215166,103.9805164,386572.5655777997,123981.19360948728,3,1178.1141794630353,14,53,0,88.68709635396726,5.0,2.4849066497880004,0
1443,Klinik & Apotek Utama Panacea,hospital,Healthcare,Indonesia.Batam.Kesehatan.202408050759.db,places,1.109136,103.9621751,384531.21297278843,122613.25149253158,3,1507.4227551578986,23,46,0,0.0,4.3,4.1588830833596715,0
1444,Sayheart Sejahtera,health and beauty shop,Healthcare,Indonesia.Batam.Kesehatan.202408050759.db,places,1.1225187,103.979418,386450.3835764895,124092.01646708486,3,1226.187501068211,12,46,1,164.9549854058723,0.0,0.0,0
1446,Casa Batam Centre,health,Healthcare,Indonesia.Batam.Kesehatan.202408050759.db,places,1.1020458,104.0753088,397119.4334603335,121825.29213502455,-1,0.0,5,13,0,176.41112412164802,4.4,4.859812404361672,0
1448,Klinik Batam Sehat,hospital,Healthcare,Indonesia.Batam.Kesehatan.202408050759.db,places,1.1163223,104.0914165,398912.2030951738,123402.92836101176,11,712.6183704675689,11,22,0,146.0827205939833,0.0,0.0,0
1451,Rumah Sunat dr Mahdian Belian - Batam,doctor,Healthcare,Indonesia.Batam.Kesehatan.202408050759.db,places,1.1061588,104.0853605,398238.01530570077,122279.61687806052,11,657.9021392071296,14,28,1,0.033163390242217344,5.0,1.9459101490553132,0
1452,Batam Skinny,pharmacy,Healthcare,Indonesia.Batam.Kesehatan.202408050759.db,places,1.1129414,104.0906778,398829.8939781632,123029.21396520798,11,330.5355611891371,8,31,2,45.65006539469017,0.0,0.0,0
1453,Bekam Babussyifa,family practice physician,Healthcare,Indonesia.Batam.Kesehatan.202408050759.db,places,1.1017286,104.0867602,398393.60756877,121789.83429868818,11,983.7500025580637,3,21,0,260.79432374333516,4.8,3.1780538303479458,0
1455,Essenzo & ABDI(academi bisnis digital Indonesia),health and beauty shop,Healthcare,Indonesia.Batam.Kesehatan.202408050759.db,places,1.12899,104.1003585,399907.59167410707,124802.96297150207,12,433.12175206499353,6,17,0,255.92152607177204,0.0,0.0,0
1456,Alam Sehat,medical clinic,Healthcare,Indonesia.Batam.Kesehatan.202408050759.db,places,1.1181809,104.0945559,399261.5811984551,123608.27835471221,11,1039.5589641994802,6,21,0,140.84078223716455,1.9,3.8918202981106265,0
1458,Posyandu Bukit Palem Permai,child health care centre,Healthcare,Indonesia.Batam.Kesehatan.202408050759.db,places,1.1127937,104.07899,397529.40619141504,123013.28999201172,-1,0.0,2,10,0,401.249800786193,4.5,1.0986122886681098,0
1459,Klub Batam sehat Ceria BUNDA Lis,fitness center,Healthcare,Indonesia.Batam.Kesehatan.202408050759.db,places,1.1033723,104.0761902,397217.5515332066,121971.89953077774,-1,0.0,4,13,0,133.53881441052442,4.0,1.0986122886681098,0
1461,Klinik 3 Putri Botania,hospital,Healthcare,Indonesia.Batam.Kesehatan.202408050759.db,places,1.1081619,104.089133,398657.8440044259,122500.9194887214,11,225.18109734310232,17,28,0,60.42732701808661,0.0,0.0,0
1462,Apotek EmiraPharma,pharmacy,Healthcare,Indonesia.Batam.Kesehatan.202408050759.db,places,1.1074524,104.0870941,398430.954565434,122422.55794731312,11,419.05233508210483,15,31,1,38.7497265102451,5.0,1.9459101490553132,0
1463,Heng s Kretek ( Batam MCO & Batam RTS,alternative medicine practitioner,Healthcare,Indonesia.Batam.Kesehatan.202408050759.db,places,1.1176287,104.0912187,398890.23892873636,123547.35043913296,11,848.8147005229432,9,18,0,146.0827205939833,0.0,0.0,0
1465,British Propolis Batam,vitamin & supplements store,Healthcare,Indonesia.Batam.Kesehatan.202408050759.db,places,1.1238114,104.094577,399264.1213943836,124230.6976255771,12,428.8664537101337,9,22,0,268.54525098183274,5.0,2.3978952727983707,0
1466,British Propolis Botania Batam,health and beauty shop,Healthcare,Indonesia.Batam.Kesehatan.202408050759.db,places,1.1273358,104.0959572,399417.81378089474,124620.25245065575,12,215.2709573704721,10,17,0,172.5276320414817,0.0,0.0,0
1468,Bidan Mariana,midwife,Healthcare,Indonesia.Batam.Kesehatan.202408050759.db,places,1.1065781,104.0935037,399144.11111837573,122325.69012457713,11,565.1745772318419,5,26,0,31.341039131412096,5.0,2.1972245773362196,0
1469,TAR GYM,gym and fitness centre,Healthcare,Indonesia.Batam.Kesehatan.202408050759.db,places,1.1080952,104.063725,395830.7231637186,122494.42753798413,-1,0.0,3,13,0,72.14591127085873,4.8,5.568344503761097,0
1471,Apotek Azzam Farma Botania,pharmacy,Healthcare,Indonesia.Batam.Kesehatan.202408050759.db,places,1.124384,104.0976844,399609.8939851363,124293.88828406364,12,207.5408744525118,10,19,3,54.34164744917293,4.7,1.3862943611198906,0
1476,Hersagi Batam,pharmacy,Healthcare,Indonesia.Batam.Kesehatan.202408050759.db,places,1.1123461,104.090694,398831.6762414578,122963.40628715038,11,268.98104172223157,9,30,2,32.24727136267924,5.0,0.6931471805599453,0
1477,AFC STORE,nutritionist,Healthcare,Indonesia.Batam.Kesehatan.202408050759.db,places,1.1327974,104.0941799,399220.2462649983,125224.06306284461,-1,0.0,2,11,0,177.7854595112276,0.0,0.0,0
1478,Apotek Asia Medicine,pharmacy,Healthcare,Indonesia.Batam.Kesehatan.202408050759.db,places,1.1062747,104.0852476,398225.4570269155,122292.43287288994,11,659.1420528423172,14,29,1,17.943246348307976,3.4,2.1972245773362196,0
1479,Apotek R73 Farma Alibaba Batam Center,pharmacy,Healthcare,Indonesia.Batam.Kesehatan.202408050759.db,places,1.1125718,104.0904948,398809.5192993892,122988.36300517769,11,285.5987811498816,8,31,2,29.389792154126898,4.0,1.791759469228055,0
1482,GUARDIAN - Mall Batam Botania 2,health and beauty shop,Healthcare,Indonesia.Batam.Kesehatan.202408050759.db,places,1.1072855,104.0860878,398318.9793453359,122404.14255523801,11,516.5082101915999,15,32,0,14.156721080501077,4.2,1.791759469228055,0
1483,Hipnoterapi Batam,hypnotherapy service,Healthcare,Indonesia.Batam.Kesehatan.202408050759.db,places,1.1221661,104.0611632,395546.1695990118,124049.99095167298,-1,0.0,4,16,0,377.53942710465304,0.0,0.0,0
1484,Klinik Mind Body Soul,medical clinic,Healthcare,Indonesia.Batam.Kesehatan.202408050759.db,places,1.106559,104.0794113,397576.0691632255,122324.06159239674,-1,0.0,6,20,1,87.11531831353899,0.0,0.0,0
1485,Derma Express Batam,skin care clinic,Healthcare,Indonesia.Batam.Kesehatan.202408050759.db,places,1.1157531,104.0592828,395336.71238565346,123341.13014586906,-1,0.0,1,15,0,489.27081944605504,5.0,0.6931471805599453,0
1486,GRIYA TERAPI HOLISTIK BERLIAN,physical therapist,Healthcare,Indonesia.Batam.Kesehatan.202408050759.db,places,1.1294543,104.0671891,396216.9213670979,124855.45207368705,-1,0.0,0,0,0,1048.1772528855952,5.0,0.6931471805599453,0
1487,Rumah Sunat dr  Mahdian Batam,doctor,Healthcare,Indonesia.Batam.Kesehatan.202408050759.db,places,1.1061585,104.0853605,398238.0152954798,122279.58371467185,11,657.9240068907347,14,28,1,0.033163390242217344,4.7,3.4011973816621555,0
1488,Apotek Kimia Farma Odessa,pharmacy,Healthcare,Indonesia.Batam.Kesehatan.202408050759.db,places,1.1266752,104.1003211,399903.35118273366,124547.07657924993,12,309.73611088091064,7,17,3,106.23134310060757,4.0,1.6094379124341003,0
1489,Posyandu Alamanda,home health care service,Healthcare,Indonesia.Batam.Kesehatan.202408050759.db,places,1.0531467,103.962872,384606.6446282314,116423.68216716328,4,1307.6329818708216,15,61,1,176.41082916624177,4.0,0.6931471805599453,0
1490,Praktik Psikolog Klinis - Anak  Remaja  dan Dewasa - Paramita Estikasari  M Psi  Psikolog,psychologist,Healthcare,Indonesia.Batam.Kesehatan.202408050759.db,places,1.1141891,104.0912488,398893.47063785035,123167.12069805714,11,481.46173883224884,10,27,0,42.9124586658075,5.0,2.1972245773362196,0
1491,Apotek & Klinik Husada Citra Medika,medical clinic,Healthcare,Indonesia.Batam.Kesehatan.202408050759.db,places,1.0478387,103.9689198,385279.4170819155,115836.66784640381,4,559.9887064053011,28,76,1,23.781467227701167,4.1,3.784189633918261,0
1492,HNI Store Batam,business networking company,Healthcare,Indonesia.Batam.Kesehatan.202408050759.db,places,1.1049273,104.080712,397720.7406089838,122143.6408064825,-1,0.0,5,24,0,231.26064777154787,0.0,0.0,0
1493,mas yipat,home health care service,Healthcare,Indonesia.Batam.Kesehatan.202408050759.db,places,1.0559678,103.9652567,384872.10481200693,116735.46251365448,4,1233.9326417038003,17,54,1,45.74050077110445,4.0,0.6931471805599453,0
1496,Pakpahan Tukang Urut Tradisional,family practice physician,Healthcare,Indonesia.Batam.Kesehatan.202408050759.db,places,1.0541782,103.9611455,384414.5669477597,116537.77713073825,4,1528.3353962839844,11,52,0,128.61425960603526,4.5,2.1972245773362196,0
1497,Klinik Casa Medical Batu Aji,walk-in clinic,Healthcare,Indonesia.Batam.Kesehatan.202408050759.db,places,1.0452649,103.96286,384605.0204937091,115552.36034828133,4,1286.262421778497,9,41,0,132.8415012780553,4.2,4.663439094112067,0
1498,Irpan urut asli Batam,reflexologist,Healthcare,Indonesia.Batam.Kesehatan.202408050759.db,places,1.1034346,104.0883791,398573.79824819847,121978.36811089133,11,751.8995391108249,11,21,1,234.56517373031923,5.0,2.70805020110221,0
1501,Klinik 24 Jam Medika,medical clinic,Healthcare,Indonesia.Batam.Kesehatan.202408050759.db,places,1.04951,103.95392,383610.37801032676,116021.98165864512,4,2217.655825338119,8,19,0,10.712572337887416,0.0,0.0,0
1502,Srikandy Spa & Massage,spa,Healthcare,Indonesia.Batam.Kesehatan.202408050759.db,places,1.1327372,104.0995767,399820.7313750079,125217.22116183753,-1,0.0,2,13,0,354.7428208176116,4.1,2.9444389791664403,0
1506,Vitka Pharmacies Farma,pharmacy,Healthcare,Indonesia.Batam.Kesehatan.202408050759.db,places,1.0514329,103.9681798,385197.20495550614,116234.02820691445,4,689.2610225636874,33,74,7,0.9088927731851345,4.7,2.5649493574615367,0
1508,Instalasi Farmasi,hospital,Healthcare,Indonesia.Batam.Kesehatan.202408050759.db,places,1.0495074,103.9678354,385158.8117053991,116021.17980425029,4,671.5530913873539,31,71,1,0.0,0.0,0.0,0
1509,dr  Wahyudi  SpOG,obstetrician-gynecologist,Healthcare,Indonesia.Batam.Kesehatan.202408050759.db,places,1.1087448,104.0890027,398643.36554834497,122565.36034659298,11,172.8298193699598,18,28,0,66.0473304056515,5.0,2.772588722239781,0
1510,Klinik Griya Medika,walk-in clinic,Healthcare,Indonesia.Batam.Kesehatan.202408050759.db,places,1.049361,103.9542546,383647.60514279426,116005.49741569605,4,2179.9943522914723,9,19,0,29.957972306203853,5.0,1.3862943611198906,0
1511,Dokter Gigi Batam Centre,dental clinic,Healthcare,Indonesia.Batam.Kesehatan.202408050759.db,places,1.1074204,104.0874409,398469.54139890743,122419.00863933635,11,394.8139496804583,14,31,0,38.7497265102451,5.0,2.833213344056216,0
1512,Laboratorium Patalogi Anatomi dan Klinis,hospital,Healthcare,Indonesia.Batam.Kesehatan.202408050759.db,places,1.0495074,103.9678354,385158.8117053991,116021.17980425029,4,671.5530913873539,31,71,1,0.0,0.0,0.0,0
1513,Futsal MB2,gym and fitness centre,Healthcare,Indonesia.Batam.Kesehatan.202408050759.db,places,1.1080507,104.0879971,398531.4503850034,122488.66582203844,11,301.62205895067973,13,31,2,70.82413508042143,4.3,3.6109179126442243,0
1514,Posyandu Perumahan Masyeba Indah,medical office,Healthcare,Indonesia.Batam.Kesehatan.202408050759.db,places,1.0502201,103.9649249,384834.97295709513,116100.07479379322,4,1002.7232009594804,20,64,0,244.54909968079434,4.0,0.6931471805599453,0
1515,Bamboo Massage & Reflexology (Pijat dan Refleksi Keluarga) Batam,massage spa,Healthcare,Indonesia.Batam.Kesehatan.202408050759.db,places,1.1286298,104.0968241,399514.3159588899,124763.26683265991,12,274.9786535319075,9,16,0,172.5276320414817,4.7,4.330733340286331,0
1516,Klinik Kimia Farma Aviari,medical office,Healthcare,Indonesia.Batam.Kesehatan.202408050759.db,places,1.0491574,103.9693909,385331.8865336999,115982.43078492282,4,495.9224371949019,32,77,0,17.51162412145134,3.0,3.332204510175204,0
1517,Panti Pijat Tradisional Sehat Jaya,rehabilitation center,Healthcare,Indonesia.Batam.Kesehatan.202408050759.db,places,1.054428,103.967147,385082.39032113174,116565.16999392367,4,963.3462268884114,24,61,0,59.40881455127655,0.0,0.0,0
1518,Apotek Ibra Farama,pharmacy,Healthcare,Indonesia.Batam.Kesehatan.202408050759.db,places,1.124773,104.097983,399643.13176511537,124336.87973239413,12,170.49575265573728,10,20,3,54.34164744917293,5.0,1.3862943611198906,0
1519,Maja Kanza Shop,health and beauty shop,Healthcare,Indonesia.Batam.Kesehatan.202408050759.db,places,1.054774,103.9642046,384754.98899817653,116603.52858803548,4,1253.4579217260366,17,58,0,109.09500396900539,5.0,0.6931471805599453,0
1520,Akyla Beauty Batam Centre,cosmetics wholesaler,Healthcare,Indonesia.Batam.Kesehatan.202408050759.db,places,1.1055608,104.0762907,397228.8092557874,122213.82359466747,-1,0.0,7,15,0,140.65077449309447,4.2,1.791759469228055,0
1521,MASTER KLINIK TERAPI ALFIANO BATAM,physical therapy clinic,Healthcare,Indonesia.Batam.Kesehatan.202408050759.db,places,1.0473396,103.9694969,385343.6155063142,115781.47200767073,4,513.219381409859,26,71,0,58.93596463175953,5.0,1.0986122886681098,0
1522,GOR Badminton 801 Batam,gym and fitness centre,Healthcare,Indonesia.Batam.Kesehatan.202408050759.db,places,1.1076381,104.0901154,398767.1363188562,122442.98269534044,11,272.4642980517687,13,28,2,123.69915933747154,4.5,2.6390573296152584,0
1523,Master one Gym,gym and fitness centre,Healthcare,Indonesia.Batam.Kesehatan.202408050759.db,places,1.1079621,104.0886275,398601.59101216524,122478.8499913943,11,268.62666629292625,13,29,2,60.42732701808661,4.6,3.044522437723423,0
1526,The Emdee Skin Clinic Podomoro Batam,skin care clinic,Healthcare,Indonesia.Batam.Kesehatan.202408050759.db,places,1.1146886,104.0653492,396011.6772562663,123223.23958609608,-1,0.0,1,7,1,94.8373966915405,5.0,6.450470422144176,0
1528,Pondok Pengobatan Alternatif Miftahussyifa,alternative medicine practitioner,Healthcare,Indonesia.Batam.Kesehatan.202408050759.db,places,1.1244633,104.0827096,397943.6838072945,124303.17370696922,-1,0.0,0,1,0,633.8593133567233,2.3,1.3862943611198906,0
1530,Batik Optik Botania 1 Belian,optician,Healthcare,Indonesia.Batam.Kesehatan.202408050759.db,places,1.1260052,104.0984815,399698.64072588977,124473.07520641612,12,105.36076304587692,11,19,0,134.92150058492436,2.0,1.6094379124341003,0
1531,BENING’S BATAM RAINY,health and beauty shop,Healthcare,Indonesia.Batam.Kesehatan.202408050759.db,places,1.0476735,103.9524527,383447.03611216275,115819.01305407214,4,2383.774894198795,7,17,0,103.74635216123056,5.0,0.6931471805599453,0
1532,Vitka Fitness & Aerobic,gymnastics center,Healthcare,Indonesia.Batam.Kesehatan.202408050759.db,places,1.051441,103.9681784,385197.0494671379,116234.92370087896,4,689.767406213481,33,74,0,0.9088927731851345,4.4,3.9889840465642745,0
1533,CHLOE reflexy & spa,reflexologist,Healthcare,Indonesia.Batam.Kesehatan.202408050759.db,places,1.1053035,104.0893774,398684.94100122567,122184.9307144203,11,530.5001784100136,18,26,1,66.02757524869467,5.0,1.0986122886681098,0
1534,Minuman Collagen Aman Untuk Pemutih Bpom,health and beauty shop,Healthcare,Indonesia.Batam.Kesehatan.202408050759.db,places,1.0509669,103.9703967,385443.8723345716,116182.43122330388,4,446.0820971355553,34,83,1,17.79916392981218,0.0,0.0,0
1535,APOTEK RAFLESIA FARMA TARAS,pharmacy,Healthcare,Indonesia.Batam.Kesehatan.202408050759.db,places,1.1171684,104.0930594,399095.03420347546,123496.40354749323,11,862.8640603719008,9,20,0,103.18379653167675,5.0,0.6931471805599453,0
1536,Terapi Bekam Angin,physical therapy clinic,Healthcare,Indonesia.Batam.Kesehatan.202408050759.db,places,1.0480774,103.9546239,383688.6516334498,115863.58307499439,4,2140.245990285387,10,23,0,147.73115613140664,5.0,1.6094379124341003,0
1537,Ria Dental Care,dental clinic,Healthcare,Indonesia.Batam.Kesehatan.202408050759.db,places,1.1222559,104.096565,399485.2683323044,124058.67748426384,12,456.2608159848675,8,19,0,138.5605978108193,4.8,0.6931471805599453,0
1538,Alfa Hepi Consultant - Biro Konsultasi dan Layanan Psikologi,psychologist,Healthcare,Indonesia.Batam.Kesehatan.202408050759.db,places,1.1054588,104.0832245,398000.32155031775,122202.30892699318,11,893.0614774706333,8,28,0,242.50424418327736,0.0,0.0,0
1539,Hamnah Herbal Store,herbal medicine store,Healthcare,Indonesia.Batam.Kesehatan.202408050759.db,places,1.0488939,103.9626349,384580.10525918944,115953.54965576717,4,1246.884426583695,13,66,0,119.56019396135646,5.0,1.6094379124341003,0
1540,Sehat Medical Centre,medical clinic,Healthcare,Indonesia.Batam.Kesehatan.202408050759.db,places,1.0480522,103.968946,385282.3402453003,115860.26897559984,4,552.6448515276162,29,76,1,23.781467227701167,0.0,0.0,0
1542,SR12 BATAM,beauty product supplier,Healthcare,Indonesia.Batam.Kesehatan.202408050759.db,places,1.1024653,104.0906448,398825.86677545204,121871.14020807053,11,847.2609706416512,4,20,0,273.9276648590543,5.0,0.6931471805599453,0
1543,Pengobatan Tradisional  Roemah Terapi Ma ul Hayat,health consultant,Healthcare,Indonesia.Batam.Kesehatan.202408050759.db,places,1.0551229,103.9618201,384489.66765713575,116642.18743303273,4,1504.034913576085,12,48,0,101.50911246247026,0.0,0.0,0
1546,Family salon,beauty salon,Healthcare,Indonesia.Batam.Kesehatan.202408050759.db,places,1.0476826,103.9603561,384326.48771607573,115819.72612714664,4,1506.4919811431362,11,46,1,3.501933739460677,5.0,0.6931471805599453,0
1547,Apotek Rahma Farma,pharmacy,Healthcare,Indonesia.Batam.Kesehatan.202408050759.db,places,1.049506,103.9678819,385163.9859225168,116021.02332893608,4,666.3893097019477,31,72,6,5.1765825894348065,5.0,1.6094379124341003,0
1548,Dokter gigi Anggun Sari Siregar,dentist,Healthcare,Indonesia.Batam.Kesehatan.202408050759.db,places,1.1072475,104.0859663,398305.45891969977,122399.94602782019,11,529.8724887433277,15,32,0,14.156721080501077,5.0,1.0986122886681098,0
1549,Kiat Sehat Sejahtera PT,walk-in clinic,Healthcare,Indonesia.Batam.Kesehatan.202408050759.db,places,1.050566,103.969788,385376.12495907984,116138.13470464209,4,487.04041071905255,32,81,0,60.33678323075282,0.0,0.0,0
1550,D KINGS BARBER & COFFEE SHOP,barber shop,Healthcare,Indonesia.Batam.Kesehatan.202408050759.db,places,1.1234437,104.0969627,399529.5600418143,124189.96832070866,12,318.3021431865259,8,19,0,131.35029970792874,4.1,3.6109179126442243,0
1553,alat kesehatan dan alat laboratorium,distribution service,Healthcare,Indonesia.Batam.Kesehatan.202408050759.db,places,1.0469041,103.9691914,385309.6052827635,115733.33935117739,4,562.4492330607512,24,67,0,58.93596463175953,0.0,0.0,0
1554,Malyca Optical,optician,Healthcare,Indonesia.Batam.Kesehatan.202408050759.db,places,1.0495192,103.9681516,385193.9971579317,116022.47266675546,4,636.6921020683717,31,74,0,10.658427838313106,4.6,2.0794415416798357,0
1555,Barbetro Barbershop Batu Aji,barber shop,Healthcare,Indonesia.Batam.Kesehatan.202408050759.db,places,1.0525028,103.9707816,385486.7578549664,116352.20833915392,4,523.8120433030963,29,82,0,30.584671807718074,5.0,6.51471269087253,0
1557,Halal Mart,drug store,Healthcare,Indonesia.Batam.Kesehatan.202408050759.db,places,1.0520836,103.96072,384367.1423727473,116306.23758717584,4,1501.755936025089,14,55,1,236.346462948351,0.0,0.0,0
1558,Dessert box Batam,health food store,Healthcare,Indonesia.Batam.Kesehatan.202408050759.db,places,1.0476466,103.9652809,384874.49267025245,115815.56497436191,4,962.4950925719922,19,62,0,69.48205900393641,5.0,0.6931471805599453,0
1560,MASSAGE MITRA JAYA,spa,Healthcare,Indonesia.Batam.Kesehatan.202408050759.db,places,1.0542385,103.9676466,385137.97607845697,116544.20261857603,4,907.2789834731236,26,65,0,59.40881455127655,5.0,0.6931471805599453,0
1561,Kambing Batam Com (Shofiyyah Catering),staple food package,Healthcare,Indonesia.Batam.Kesehatan.202408050759.db,places,1.0480132,103.9647737,384818.06750906806,115856.1107227055,4,1013.6535354511648,20,63,0,69.48205900393641,5.0,1.6094379124341003,0
1564,Ki Ageng Suprapto,alternative medicine practitioner,Healthcare,Indonesia.Batam.Kesehatan.202408050759.db,places,1.0560399,103.9617729,384484.4493403427,116743.56232678244,4,1557.5381954919771,12,41,0,101.50911246247026,0.0,0.0,0
1566,Salon Debi (Pasar Aviari),beauty salon,Healthcare,Indonesia.Batam.Kesehatan.202408050759.db,places,1.0511151,103.9689201,385279.5698611788,116198.86870126793,4,599.7172340522966,31,76,4,34.525367652369745,3.9,4.30406509320417,0
1568,Apotek Niaga Farma,pharmacy,Healthcare,Indonesia.Batam.Kesehatan.202408050759.db,places,1.0562433,103.9665519,385016.2375727654,116765.87068670774,4,1147.4135842867474,13,53,1,101.61695120867577,5.0,0.6931471805599453,0
1569,STYLE SALON BATAM,beauty salon,Healthcare,Indonesia.Batam.Kesehatan.202408050759.db,places,1.0483737,103.9604304,384334.78079924925,115896.12360686147,4,1493.3282884479056,11,49,1,23.447936867557754,5.0,2.302585092994046,0
1571,Jafar,general practitioner,Healthcare,Indonesia.Batam.Kesehatan.202408050759.db,places,1.048664,103.958598,384130.8913115239,115928.28367640932,4,1696.2922801145378,12,32,0,206.41025477970263,0.0,0.0,0
1573,Siti Aisyah  Amd  Keb,midwife,Healthcare,Indonesia.Batam.Kesehatan.202408050759.db,places,1.055154,103.965499,384899.03668253636,116645.48912956635,4,1157.300020938271,17,55,0,93.91770596901782,0.0,0.0,0
1574,Apotek Jasmine Batam,pharmacy,Healthcare,Indonesia.Batam.Kesehatan.202408050759.db,places,1.0323324,104.0672262,396217.75192616,114119.09297184662,-1,0.0,0,19,0,616.8571474459069,5.0,1.3862943611198906,0
1575,Beauty Reflexology & Massage,physical therapist,Healthcare,Indonesia.Batam.Kesehatan.202408050759.db,places,1.0569565,103.9648114,384822.590711231,116844.77838721014,4,1342.5418252210968,15,45,0,120.00669309204264,5.0,2.3978952727983707,0
1577,Sheillam Mandiri,reflexologist,Healthcare,Indonesia.Batam.Kesehatan.202408050759.db,places,1.0494491,103.954,383619.2777650771,116015.2462503119,4,2208.563037754406,8,19,1,11.161154063573907,0.0,0.0,0
1580,Posyandu Dahlia 10 bukit Laguna 1 Tj Piayu,hospital,Healthcare,Indonesia.Batam.Kesehatan.202408050759.db,places,1.0091146,104.0779861,397414.2883263995,111552.13676921283,-1,0.0,1,3,0,66.64020680644235,0.0,0.0,0
1581,Klinik Kecantikan (Dr Telly Fransiska),doctor,Healthcare,Indonesia.Batam.Kesehatan.202408050759.db,places,1.0553805,103.967186,385086.764972795,116670.4659920996,4,1030.2178133430834,17,56,0,78.77283383990924,5.0,1.0986122886681098,0
1582,Rumah Sehat MPA Ms Fifi,alternative medicine practitioner,Healthcare,Indonesia.Batam.Kesehatan.202408050759.db,places,1.0479953,103.9632328,384646.60355560505,115854.18861433795,4,1184.5930442881709,10,63,0,119.56019396135646,0.0,0.0,0
1583,Stokis Hpai Piayu,pharmacy,Healthcare,Indonesia.Batam.Kesehatan.202408050759.db,places,1.008512,104.0780028,397416.1276994407,111485.5219520171,-1,0.0,1,3,0,66.64020680644235,0.0,0.0,0
1584,Ki sabrang,health consultant,Healthcare,Indonesia.Batam.Kesehatan.202408050759.db,places,1.0228824,104.0740354,396975.1207186715,113074.22197108572,-1,0.0,1,4,0,441.2967879144111,0.0,0.0,0
1585,Pos Farma,pharmacy,Healthcare,Indonesia.Batam.Kesehatan.202408050759.db,places,1.050954,103.968076,385185.63716698263,116181.09036808279,4,680.3913529640936,34,73,6,54.18697732380699,0.0,0.0,0
1586,Praktek mandiri,midwife,Healthcare,Indonesia.Batam.Kesehatan.202408050759.db,places,1.0313985,104.0935789,399150.02545114595,114015.00762925786,-1,0.0,0,0,0,1523.8741319863466,0.0,0.0,0
1588,Rumah Sehat Herbal Jawi,herbalist,Healthcare,Indonesia.Batam.Kesehatan.202408050759.db,places,1.0269708,104.0524698,394575.6002516932,113526.87707654727,6,477.5489076205682,13,40,0,266.8110767280999,0.0,0.0,0
1589,Apotek Kimia Farma 224 Aviari,pharmacy,Healthcare,Indonesia.Batam.Kesehatan.202408050759.db,places,1.0492416,103.9695242,385346.72249575943,115991.73407515469,4,481.75228331885717,32,77,6,17.51162412145134,3.2,4.04305126783455,0
1590,Ny Kristin R,midwife,Healthcare,Indonesia.Batam.Kesehatan.202408050759.db,places,1.0526938,103.9574572,384004.0974900389,116373.81560825834,4,1870.6242800597927,6,33,0,127.46422275370199,0.0,0.0,0
1592,Bintang Kampar,drug store,Healthcare,Indonesia.Batam.Kesehatan.202408050759.db,places,1.0476649,103.96033,384323.582791528,115817.77037836735,4,1509.560532532389,11,45,1,3.501933739460677,0.0,0.0,0
1594,pt candi guna mandiri,pharmacy,Healthcare,Indonesia.Batam.Kesehatan.202408050759.db,places,1.0537299,103.9579598,384060.0625144481,116488.33654138887,4,1845.972937101517,7,33,0,127.46422275370199,5.0,0.6931471805599453,0
1596,Apotek Dunia Farma,pharmacy,Healthcare,Indonesia.Batam.Kesehatan.202408050759.db,places,1.0475459,103.9404749,382114.19672848494,115805.35510545432,-1,0.0,2,3,0,16.99754276705525,3.3,3.58351893845611,0
1597,Ramoe Batam,herbalist,Healthcare,Indonesia.Batam.Kesehatan.202408050759.db,places,1.0413462,104.0545448,394806.9639806704,115115.94519768478,-1,0.0,2,8,0,188.16398815663277,0.0,0.0,0
1598,Tifa Salon,beauty salon,Healthcare,Indonesia.Batam.Kesehatan.202408050759.db,places,1.0511255,103.9692302,385314.07645845466,116200.007014043,4,568.8859258999598,33,77,5,34.525367652369745,5.0,0.6931471805599453,0
1600,Poskesdes Bida Ayu,community health centre,Healthcare,Indonesia.Batam.Kesehatan.202408050759.db,places,1.0394066,104.0560731,394976.95671894116,114901.48017452922,-1,0.0,3,15,0,238.62488873960157,0.0,0.0,0
1601,Nura Farma,drug store,Healthcare,Indonesia.Batam.Kesehatan.202408050759.db,places,1.0186055,104.0986806,399717.2986376255,112600.65494974739,-1,0.0,0,0,0,1523.8741319863466,0.0,0.0,0
1602,Lubana,health food store,Healthcare,Indonesia.Batam.Kesehatan.202408050759.db,places,1.0482419,103.9605955,384353.1474462509,115881.54718681875,4,1475.6187898195003,11,53,0,23.447936867557754,5.0,0.6931471805599453,0
1604,Depot Obat,pharmacy,Healthcare,Indonesia.Batam.Kesehatan.202408050759.db,places,1.0264516,104.0647668,395943.8991684966,113469.07902090992,6,1060.4587054647309,14,24,0,109.34288600749998,0.0,0.0,0
1607,Cinta Massage,massage therapist,Healthcare,Indonesia.Batam.Kesehatan.202408050759.db,places,1.0521606,103.9672277,385091.28710381774,116314.50937157335,4,819.311814110998,36,67,1,132.36146144154216,3.8,2.302585092994046,0
1608,URUT TRADISIONAL,massage therapist,Healthcare,Indonesia.Batam.Kesehatan.202408050759.db,places,1.050993,103.95609,383851.89960291097,116185.84497057697,4,1988.6585142563638,9,29,0,62.74032931629849,0.0,0.0,0
1610,Apotek Berkah Generik,pharmacy,Healthcare,Indonesia.Batam.Kesehatan.202408050759.db,places,1.049436,103.9682,385199.3798132198,116013.27325883791,4,630.408651882272,31,76,6,10.658427838313106,0.0,0.0,0
1611,Heppy Massage,reflexologist,Healthcare,Indonesia.Batam.Kesehatan.202408050759.db,places,1.0495185,103.9538241,383599.70704442717,116022.92489396258,4,2228.350793796515,8,19,1,10.712572337887416,5.0,0.6931471805599453,0
1613,Apotek Aritra Farma,pharmacy,Healthcare,Indonesia.Batam.Kesehatan.202408050759.db,places,1.0522426,103.970875,385497.14139132557,116323.44022621158,4,495.31175483070194,31,83,7,30.584671807718074,4.8,2.1972245773362196,0
1614,Toko Jamu Kembar,drug store,Healthcare,Indonesia.Batam.Kesehatan.202408050759.db,places,1.05107,103.9695799,385352.98711735534,116193.85873618115,4,531.264175761211,32,82,0,39.39340930602395,0.0,0.0,0
1615,Kantor Kelurahan Bukit Tempayan,local government office,Healthcare,Indonesia.Batam.Kesehatan.202408050759.db,places,1.050591,103.955692,383807.5973143574,116141.41912053857,4,2028.0767945751118,10,26,0,62.74032931629849,3.4,2.1972245773362196,0
1616,Permata,barber shop,Healthcare,Indonesia.Batam.Kesehatan.202408050759.db,places,1.046378,103.9633098,384655.11258683377,115675.39549231829,4,1204.5248981508337,10,52,0,132.8415012780553,0.0,0.0,0
1617,APOTEK DUNIA FARMA PELITA,pharmacy,Healthcare,Indonesia.Batam.Kesehatan.202408050759.db,places,1.1449952,104.018452,390794.57177823107,126575.23478231738,0,764.090298526498,38,142,6,2.1164569434715212,5.0,2.4849066497880004,0
1618,Klinik Utama Spesialis BIOSTEM,medical clinic,Healthcare,Indonesia.Batam.Kesehatan.202408050759.db,places,1.1449961,104.018471,390796.68592931563,126575.33355065851,0,762.5962671707914,38,142,1,2.1164569434715212,5.0,1.3862943611198906,0
1619,Klinik Konseling Dan Tes HIV Sukarela,hospital,Healthcare,Indonesia.Batam.Kesehatan.202408050759.db,places,1.147367,104.018573,390808.1252125959,126837.42508214129,0,952.6052388399737,38,143,4,26.203445974835002,4.2,1.9459101490553132,0
1621,Lubuk baja,health consultant,Healthcare,Indonesia.Batam.Kesehatan.202408050759.db,places,1.1379922,104.0162407,390548.2570277701,125801.15932996247,0,851.2847116719042,16,119,0,96.78748593589592,0.0,0.0,0
1622,Mushala Rs Budi Kemuliaan,hospital,Healthcare,Indonesia.Batam.Kesehatan.202408050759.db,places,1.1482636,104.0186111,390812.39858152,126936.53989209062,0,1032.7777723074676,40,146,4,50.87401989963667,4.6,1.791759469228055,0
1623,Posyandu Anggrek,medical clinic,Healthcare,Indonesia.Batam.Kesehatan.202408050759.db,places,1.1497167,104.0225321,391248.7397595936,127097.02579448924,0,1042.541996191902,36,146,1,114.74124228322624,0.0,0.0,0
1624,Apotek Kimia Farma 100 Seraya,pharmacy,Healthcare,Indonesia.Batam.Kesehatan.202408050759.db,places,1.1486345,104.0174785,390686.3891740168,126977.58500234908,0,1137.4997775516417,50,133,6,56.72815009181098,4.8,3.912023005428146,0
1625,MURSALIN,children policlinic,Healthcare,Indonesia.Batam.Kesehatan.202408050759.db,places,1.1434574,104.0201845,390987.28776108625,126405.17005214647,0,507.11801152712314,32,145,0,101.64752343217648,5.0,1.6094379124341003,0
1627,Klinik Ginjal Ra Habibie,hospital,Healthcare,Indonesia.Batam.Kesehatan.202408050759.db,places,1.1477504,104.0191635,390873.84421461297,126879.7861878589,0,952.3569323789453,38,144,4,78.18855737086149,4.8,1.791759469228055,0
1628,Putra Medik,pharmacy,Healthcare,Indonesia.Batam.Kesehatan.202408050759.db,places,1.1498443,104.0186413,390815.81893600075,127111.28007095974,0,1183.0675893376215,32,129,3,51.932653686142494,0.0,0.0,0
1630,Apotek Morrela & Praktek Dokter,pharmacy,Healthcare,Indonesia.Batam.Kesehatan.202408050759.db,places,1.1429586,104.0211209,391091.4615391436,126349.99380609623,0,394.3871835604763,22,132,3,29.65006647468731,5.0,1.3862943611198906,0
1631,Asuransi Kesehatan Indonesia PT Persero,insurance agency,Healthcare,Indonesia.Batam.Kesehatan.202408050759.db,places,1.1427897,104.0213279,391114.4879230971,126331.31461757053,0,365.0655284059566,22,130,0,29.65006647468731,0.0,0.0,0
1632,Sehat Reflexiologi,reflexologist,Healthcare,Indonesia.Batam.Kesehatan.202408050759.db,places,1.1403813,104.0197793,390942.0854792856,126065.13255355888,0,417.06822583553407,23,92,1,7.994643469001331,0.0,0.0,0
1636,Pos Pelita,police,Healthcare,Indonesia.Batam.Kesehatan.202408050759.db,places,1.1398185,104.0196398,390926.5422070911,126002.92212093704,0,436.37853479561136,22,87,0,49.05750902519507,0.0,0.0,0
1637,Cyber Shot,hospital,Healthcare,Indonesia.Batam.Kesehatan.202408050759.db,places,1.1463505,104.0173161,390668.23232279345,126725.10221783661,0,958.7687632385804,55,129,4,3.998698864652539,0.0,0.0,0
1640,Klinik VCT,walk-in clinic,Healthcare,Indonesia.Batam.Kesehatan.202408050759.db,places,1.150215,104.018928,390847.73387703905,127152.24880363976,0,1205.7270420589562,31,129,1,51.932653686142494,0.0,0.0,0
1641,ELEAZAR Beauty Treatment & Academy,beauty salon,Healthcare,Indonesia.Batam.Kesehatan.202408050759.db,places,1.1381975,104.0197702,390940.9907994844,125823.7208866574,0,480.4454591787186,17,69,4,87.19061900740633,5.0,0.6931471805599453,0
1642,POTENPSI | Psikolog Batam | Jasa konsultan psikologi Batam | Praktik Psikolog Batam,psychologist,Healthcare,Indonesia.Batam.Kesehatan.202408050759.db,places,1.1444681,104.0180138,390745.7936067341,126516.98224951663,0,764.6536222759175,46,129,0,22.538690240554505,5.0,1.0986122886681098,0
1643,Ny  Lina P Simbolon,midwife,Healthcare,Indonesia.Batam.Kesehatan.202408050759.db,places,1.1330362,104.0200949,390976.92660052184,125253.14369339217,0,893.1121265956352,3,55,0,73.50852577958898,0.0,0.0,0
1644,Apotik RS Budi Kemuliaan,pharmacy,Healthcare,Indonesia.Batam.Kesehatan.202408050759.db,places,1.14778,104.018338,390781.99261236755,126883.08988637639,0,1004.9843755768954,38,143,6,52.6135642256384,0.0,0.0,0
1645,RS,hospital,Healthcare,Indonesia.Batam.Kesehatan.202408050759.db,places,1.1471823,104.0187206,390824.54154702625,126817.00145501907,0,926.4507053401711,38,145,4,26.203445974835002,0.0,0.0,0
1646,Hollywood Massage,massage therapist,Healthcare,Indonesia.Batam.Kesehatan.202408050759.db,places,1.1439967,104.0194446,390904.97995066666,126464.81603578181,0,608.1498699667095,35,149,0,34.84955676836992,5.0,1.0986122886681098,0
1647,Apotik Plus,pharmacy,Healthcare,Indonesia.Batam.Kesehatan.202408050759.db,places,1.146372,104.017345,390671.4488212368,126727.47787150965,0,958.1061956499451,55,129,7,3.998698864652539,4.0,0.6931471805599453,0
1648,RUMAH SINGGAH KABUPATEN LINGGA,health consultant,Healthcare,Indonesia.Batam.Kesehatan.202408050759.db,places,1.1334877,104.0196099,390922.9776745899,125303.07381208899,0,873.8901838152901,3,60,0,73.50852577958898,5.0,1.0986122886681098,0
1649,JDbeauty,nail salon,Healthcare,Indonesia.Batam.Kesehatan.202408050759.db,places,1.1379717,104.0190194,390857.44113406265,125798.78782726219,0,565.7735236578113,18,79,0,87.19061900740633,5.0,1.0986122886681098,0
1650,Masjid Al Falah,mosque,Healthcare,Indonesia.Batam.Kesehatan.202408050759.db,places,1.1457622,104.0170279,390636.1421899341,126660.07850914786,0,939.3546169089146,57,126,0,72.51109789936201,4.8,6.124683390894205,0
1651,Mawar Salon,beauty salon,Healthcare,Indonesia.Batam.Kesehatan.202408050759.db,places,1.1410785,104.0208093,391056.71922107035,126142.16672474655,0,313.28088064552134,22,113,4,14.746177663688163,5.0,0.6931471805599453,0
1652,Enseval Putera Mega Trading Tbk PT,pharmaceutical company,Healthcare,Indonesia.Batam.Kesehatan.202408050759.db,places,1.1520062,104.0206575,391040.2417349708,127350.19402721671,0,1328.6834779470694,19,141,0,131.95621065423035,3.5,1.6094379124341003,0
1653,deSuasana,massage spa,Healthcare,Indonesia.Batam.Kesehatan.202408050759.db,places,1.1472319,104.0124496,390126.77347705915,126822.72463139762,0,1449.1090835687944,47,112,3,17.995659013432654,5.0,1.3862943611198906,0
1654,Segar Inter Fruit  PT,organic shop,Healthcare,Indonesia.Batam.Kesehatan.202408050759.db,places,1.140314,104.019753,390939.15655932686,126057.69375311314,0,419.97802156894045,23,92,0,7.994643469001331,0.0,0.0,0
1655,Ahli Gigi Surabaya Indah,denture care center,Healthcare,Indonesia.Batam.Kesehatan.202408050759.db,places,1.1415206,104.0214053,391123.0523991189,126191.01685812778,0,269.8262042470813,22,115,0,82.37976718457122,5.0,0.6931471805599453,0
1656,Fame Spa & Lounge,spa and health club,Healthcare,Indonesia.Batam.Kesehatan.202408050759.db,places,1.1345869,104.0174269,390680.1170417783,125424.66920951696,0,930.1269836136528,8,97,0,271.60030862523655,4.4,5.634789603169249,0
1657,Pangkas Rambut Papadaan,barber shop,Healthcare,Indonesia.Batam.Kesehatan.202408050759.db,places,1.140973,104.0207282,391047.69130370393,126130.50711653211,0,319.2405589286688,22,109,1,4.686576115891854,5.0,0.6931471805599453,0
1658,Naufal Salon & Pelaminan,beauty salon,Healthcare,Indonesia.Batam.Kesehatan.202408050759.db,places,1.1396353,104.0200859,390976.17262722366,125982.65306385909,0,390.754873329025,20,82,4,53.60982444815257,5.0,1.0986122886681098,0
1659,PT Buana sehat sentosa,medical office,Healthcare,Indonesia.Batam.Kesehatan.202408050759.db,places,0.837166,104.053115,394641.7521034941,92544.78357119006,5,0.0,12,12,1,0.0,0.0,0.0,0
1660,Optik Mega,optician,Healthcare,Indonesia.Batam.Kesehatan.202408050759.db,places,1.1413065,104.016365,390562.21296242304,126167.54011223924,0,804.0905984175338,39,121,0,205.8493150585205,0.0,0.0,0
1661,Klinik BIP,medical office,Healthcare,Indonesia.Batam.Kesehatan.202408050759.db,places,0.837166,104.053115,394641.7521034941,92544.78357119006,5,0.0,12,12,1,0.0,0.0,0.0,0
1663,R two Salon,hair salon,Healthcare,Indonesia.Batam.Kesehatan.202408050759.db,places,1.1402619,104.019475,390908.2216881439,126051.94480087857,0,450.9827545423553,24,91,0,23.81497936731215,5.0,1.3862943611198906,0
1664,PANGKAS RAMBUT KAWAN,barber shop,Healthcare,Indonesia.Batam.Kesehatan.202408050759.db,places,1.1410017,104.0206972,391044.2430323366,126133.68098172572,0,323.3105282373494,22,109,1,4.686576115891854,0.0,0.0,0
1665,DRW Salon,beauty salon,Healthcare,Indonesia.Batam.Kesehatan.202408050759.db,places,1.1406928,104.0208626,391062.63537004264,126099.5268348643,0,299.06871804778416,19,105,4,34.396263909801256,0.0,0.0,0
1666,Jati mandiri,barber shop,Healthcare,Indonesia.Batam.Kesehatan.202408050759.db,places,1.150704,104.0214615,391129.65257195185,127206.2093659313,0,1168.6167202709241,33,152,0,0.0,3.7,1.3862943611198906,0
1667,Sulam Alis Batam by Desy Wangsa,permanent make-up clinic,Healthcare,Indonesia.Batam.Kesehatan.202408050759.db,places,1.1432682,104.0190359,390859.4766534348,126384.29824497714,0,595.4795406948667,37,138,0,92.48602432279337,5.0,1.3862943611198906,0
1668,Warung Barokah arlina,diner,Healthcare,Indonesia.Batam.Kesehatan.202408050759.db,places,1.1401187,104.0193151,390890.42430802,126036.12056304574,0,469.3274615998858,24,90,0,23.81497936731215,5.0,1.0986122886681098,0
1671,Klinik IMS PKM Lubuk Baja,walk-in clinic,Healthcare,Indonesia.Batam.Kesehatan.202408050759.db,places,1.1429133,104.0028019,389053.1117368316,126345.68722935376,0,2323.6013867915194,7,49,0,294.7524818624361,3.0,1.0986122886681098,0
1672,Octopuss Men s Health And Executive Spa,spa,Healthcare,Indonesia.Batam.Kesehatan.202408050759.db,places,1.151201,104.001747,388936.05265276035,127261.91142992668,2,351.5463629795329,7,31,0,276.08574639299377,4.4,5.003946305945459,0
1673,SMA Kartini Batam,high school,Healthcare,Indonesia.Batam.Kesehatan.202408050759.db,places,1.1468078,104.0173943,390676.9509322141,126775.65230339316,0,988.4476434586643,52,132,0,48.48761813603265,4.6,3.6635616461296463,0
1675,Madu asli hutan liar Pasaman,health and beauty shop,Healthcare,Indonesia.Batam.Kesehatan.202408050759.db,places,0.837166,104.053115,394641.7521034941,92544.78357119006,5,0.0,12,12,1,0.0,0.0,0.0,0
1679,Ruli,hair salon,Healthcare,Indonesia.Batam.Kesehatan.202408050759.db,places,1.150704,104.0214615,391129.65257195185,127206.2093659313,0,1168.6167202709241,33,152,0,0.0,5.0,0.6931471805599453,0
1680,Khakha Beauty Salon,beauty salon,Healthcare,Indonesia.Batam.Kesehatan.202408050759.db,places,1.1403745,104.0200041,390967.0985950114,126064.37231905815,0,392.04831584474186,22,96,4,25.0246661277812,4.0,0.6931471805599453,0
1681,Klinik Prima Dati,medical office,Healthcare,Indonesia.Batam.Kesehatan.202408050759.db,places,1.142854,104.0150189,390412.49164205865,126338.66272675719,0,986.7006630434537,35,124,0,1.8641426007341715,3.5,1.6094379124341003,0
1683,B C T P T,walk-in clinic,Healthcare,Indonesia.Batam.Kesehatan.202408050759.db,places,1.1449266,104.0105778,389918.4112622839,126567.95241912827,0,1527.5227147199773,42,115,0,27.51245528674599,4.0,0.6931471805599453,0
1684,Sans Wellness Batam,wellness program,Healthcare,Indonesia.Batam.Kesehatan.202408050759.db,places,1.1442361,104.014113,390311.7450477182,126491.48424834055,0,1132.6469089091286,59,125,0,57.60074099764984,5.0,1.0986122886681098,0
1691,Clinic Indonesia,health consultant,Healthcare,Indonesia.Batam.Kesehatan.202408050759.db,places,1.1451079,104.0124836,390130.4756788694,126587.92148339887,0,1337.1312172779233,52,120,1,43.911845769968146,0.0,0.0,0
1692,Apotik Karya Farma,pharmacy,Healthcare,Indonesia.Batam.Kesehatan.202408050759.db,places,1.145913,104.0115,390021.0616695323,126676.96062462612,0,1473.306654603189,47,109,4,27.254857812351684,0.0,0.0,0
1694,Stikes Ibnu Sina,university,Healthcare,Indonesia.Batam.Kesehatan.202408050759.db,places,1.1457164,104.0156576,390483.6680486587,126655.06780895959,0,1058.358695045839,64,127,0,147.1603234949678,5.0,3.091042453358316,0
1695,Dr  Efendy Gl Chan,general practitioner,Healthcare,Indonesia.Batam.Kesehatan.202408050759.db,places,1.1416759,104.0131006,390198.9985458867,126208.50059209773,0,1169.5497074231425,27,160,0,3.1335475338204093,4.7,1.3862943611198906,0
1697,Dr Suryanti,hospital,Healthcare,Indonesia.Batam.Kesehatan.202408050759.db,places,1.141374,104.0106287,389923.9395752654,126175.22095592506,0,1439.7768427117853,21,138,0,48.91715882182441,5.0,0.6931471805599453,0
1698,Jpkm Kimia Farma Batam,pharmacy,Healthcare,Indonesia.Batam.Kesehatan.202408050759.db,places,1.1451502,104.012876,390174.1394435275,126592.5825835703,0,1299.027061791468,54,123,5,43.911845769968146,0.0,0.0,0
1700,Nurul kholifah,pharmacy,Healthcare,Indonesia.Batam.Kesehatan.202408050759.db,places,1.1448656,104.0101882,389875.0583016648,126561.22400979047,0,1566.3135448765559,38,109,4,33.146637599488876,5.0,0.6931471805599453,0
1701,Emdee Easy Nagoya Hill Batam,skin care clinic,Healthcare,Indonesia.Batam.Kesehatan.202408050759.db,places,1.1464731,104.0137183,390267.91207532655,126738.79290406371,0,1284.9283606849024,60,125,3,41.994261210943826,5.0,6.194405391104672,0
1704,WARTA MASSAGE (Klinik Pijat Tuna Netra),physical therapist,Healthcare,Indonesia.Batam.Kesehatan.202408050759.db,places,1.1404956,104.0124482,390126.36144484964,126078.04688724212,0,1232.8918718148416,23,156,0,123.31247254063703,5.0,0.6931471805599453,0
1705,K-Link Indonesia,herbal medicine store,Healthcare,Indonesia.Batam.Kesehatan.202408050759.db,places,1.1382686,104.0132514,390215.64893414354,125831.82812052747,0,1166.087438415953,21,151,0,157.199988760178,0.0,0.0,0
1707,Clinic Budi Rosari,walk-in clinic,Healthcare,Indonesia.Batam.Kesehatan.202408050759.db,places,1.1583908,104.0305289,392138.8614359762,128055.61307965437,0,2142.214917048571,21,67,0,16.420415807640655,2.5,5.030437921392435,0
1708,Apotek Windsor Farma,pharmacy,Healthcare,Indonesia.Batam.Kesehatan.202408050759.db,places,1.1416481,104.0130951,390198.38550813997,126205.42759602422,0,1169.7727016771519,27,160,2,3.1335475338204093,5.0,1.3862943611198906,0
1709,Yayasan Budi Sosial,nursing home,Healthcare,Indonesia.Batam.Kesehatan.202408050759.db,places,1.1453641,104.0054903,389352.3435923601,126616.51268794404,0,2082.4264320491075,10,68,0,210.02958190335977,5.0,1.3862943611198906,0
1710,Boston Nagoya Hill,health and beauty shop,Healthcare,Indonesia.Batam.Kesehatan.202408050759.db,places,1.1465273,104.0124012,390121.3611609219,126744.83506683123,0,1414.422152485404,47,110,2,30.43714723361691,4.0,1.6094379124341003,0
1711,RSB Kasih Sayang Ibu,maternity hospital,Healthcare,Indonesia.Batam.Kesehatan.202408050759.db,places,1.1426809,104.0151168,390423.3783666256,126319.52332025846,0,970.9777726884657,31,126,0,22.019029336451755,4.2,1.791759469228055,0
1712,Vitka Fitness & Aerobic Windsor Central,gym and fitness centre,Healthcare,Indonesia.Batam.Kesehatan.202408050759.db,places,1.1416775,104.0120641,390083.66762248066,126208.717073198,0,1284.0596264150802,31,157,0,82.6299880300107,4.2,3.6375861597263857,0
1713,Dr  Soritua Sarumpaet  SpPD  FINASIM,general practitioner,Healthcare,Indonesia.Batam.Kesehatan.202408050759.db,places,1.1487235,104.0185945,390810.5689694707,126987.3810016428,0,1077.1778915332538,38,143,0,50.87401989963667,5.0,1.0986122886681098,0
1714,SKIN+ by Euromedica - Nagoya Hill Superblock Batam,skin care clinic,Healthcare,Indonesia.Batam.Kesehatan.202408050759.db,places,1.1463302,104.0125922,390142.6061138413,126723.03892251223,0,1385.3105799866512,49,109,3,30.43714723361691,0.0,0.0,0
1716,Ekles Clinic Batam,skin care clinic,Healthcare,Indonesia.Batam.Kesehatan.202408050759.db,places,1.1416498,104.011322,390001.09334588365,126205.68330222431,0,1365.7879492438587,30,148,0,59.44690451216216,5.0,5.771441123130016,0
1718,posyandu permata hati baloi permai,hospital department,Healthcare,Indonesia.Batam.Kesehatan.202408050759.db,places,1.1015831,104.0504375,394352.0002719447,121775.0132693497,-1,0.0,3,10,0,246.31568901590194,0.0,0.0,0
1719,Eska Wellness Nagoya Hill,wellness center,Healthcare,Indonesia.Batam.Kesehatan.202408050759.db,places,1.1459083,104.0117449,390048.3113936069,126676.43165181778,0,1448.3781273332331,50,110,0,27.254857812351684,4.7,1.0986122886681098,0
1720,Mahacare Clinic Batam,skin care clinic,Healthcare,Indonesia.Batam.Kesehatan.202408050759.db,places,1.1473148,104.0133805,390230.3573371629,126831.85324410182,0,1367.2400398986224,57,112,3,37.326364394883036,5.0,1.791759469228055,0
1722,Sinshe Sinbeng,chinese physician clinic,Healthcare,Indonesia.Batam.Kesehatan.202408050759.db,places,1.1411981,104.0110321,389968.8190915467,126155.76029186764,0,1393.5774561854848,24,146,0,48.91715882182441,4.8,3.1780538303479458,0
1725,Griya Sehat,walk-in clinic,Healthcare,Indonesia.Batam.Kesehatan.202408050759.db,places,1.0994482,104.0498037,394281.4022190826,121539.03163110753,-1,0.0,2,6,0,246.31568901590194,0.0,0.0,0
1727,Beauty Care clinic cabang,skin care clinic,Healthcare,Indonesia.Batam.Kesehatan.202408050759.db,places,1.143717,104.0064311,389456.9630721047,126434.39407348505,0,1938.5917331469363,16,102,0,192.44517659155701,4.8,4.174387269895637,0
1729,Panti Jompo Puri Kebajikan,social services organization,Healthcare,Indonesia.Batam.Kesehatan.202408050759.db,places,1.1398963,104.0115135,390022.33490255376,126011.83175013549,0,1337.671290192289,21,152,0,123.31247254063703,4.7,3.1780538303479458,0
1731,Aquatreat Therapy Indonesia Cabang Batam,health consultant,Healthcare,Indonesia.Batam.Kesehatan.202408050759.db,places,1.1440308,104.0103361,389891.48323438206,126468.93362905494,0,1523.456994195971,40,124,1,9.238251798263041,0.0,0.0,0
1732,K8,reflexologist,Healthcare,Indonesia.Batam.Kesehatan.202408050759.db,places,1.1456249,104.0095056,389799.1346703444,126645.18865552479,0,1666.018191873933,30,101,4,4.379866094764556,3.8,2.1972245773362196,0
1733,Sehat Utama Defleksi & Massage,reflexologist,Healthcare,Indonesia.Batam.Kesehatan.202408050759.db,places,1.1451694,104.0105235,389912.37858771643,126594.7953331554,0,1542.308877461979,43,113,5,27.51245528674599,2.0,0.6931471805599453,0
1734,Namaste Massage & Reflexology,massage spa,Healthcare,Indonesia.Batam.Kesehatan.202408050759.db,places,1.1443013,104.0146266,390368.8955301228,126498.6722748015,0,1082.9073270590188,59,122,3,36.943182447411374,4.5,3.1780538303479458,0
1735,GUARDIAN - Nagoya Hills,health and beauty shop,Healthcare,Indonesia.Batam.Kesehatan.202408050759.db,places,1.1466684,104.0128805,390174.69798791164,126760.4148563512,0,1375.8521348872557,53,111,2,49.26305727095917,3.7,2.772588722239781,0
1736,Apotik Cahaya Garden,pharmacy,Healthcare,Indonesia.Batam.Kesehatan.202408050759.db,places,1.1442756,104.0195906,390921.23580675985,126495.64197858376,0,617.4399825697348,34,147,5,34.84955676836992,0.0,0.0,0
1737,Jaco TV Shopping,health and beauty shop,Healthcare,Indonesia.Batam.Kesehatan.202408050759.db,places,1.1469842,104.0133123,390222.7561627389,126795.3090294254,0,1353.3329749840443,58,113,2,37.326364394883036,4.0,0.6931471805599453,0
1738,iSmile,teeth whitening service,Healthcare,Indonesia.Batam.Kesehatan.202408050759.db,places,1.1449157,104.0144271,390346.7206103798,126566.59994071617,0,1131.9275358421644,61,125,0,15.883659828891632,5.0,6.093569770045136,0
1739,Pengobatan Tradisional Beijing,alternative medicine practitioner,Healthcare,Indonesia.Batam.Kesehatan.202408050759.db,places,1.143974,104.010397,389898.257389143,126462.65221810174,0,1515.2522698694809,40,124,0,9.238251798263041,0.0,0.0,0
1740,Delta Spa,spa,Healthcare,Indonesia.Batam.Kesehatan.202408050759.db,places,1.1462373,104.0140142,390300.82771964575,126712.71459250593,0,1243.2146981492008,59,127,0,41.994261210943826,4.3,4.912654885736052,0
1743,Relax Massage,beauty salon,Healthcare,Indonesia.Batam.Kesehatan.202408050759.db,places,1.1451649,104.0102061,389877.0614504946,126594.31006393595,0,1575.3207524015527,37,110,1,33.146637599488876,4.0,3.2188758248682006,0
1744,Java Traditional,reflexologist,Healthcare,Indonesia.Batam.Kesehatan.202408050759.db,places,1.1462721,104.0118165,390056.29216533835,126716.64591268807,0,1458.8037740514374,46,110,6,40.99853039772481,5.0,0.6931471805599453,0
1746,Universal Massage & Reflexology,massage spa,Healthcare,Indonesia.Batam.Kesehatan.202408050759.db,places,1.1440192,104.0148046,390388.6907871759,126467.48018401643,0,1052.3804445547935,55,121,3,36.943182447411374,4.3,4.564348191467836,0
1748,Sehat Utama Refleksi,reflexologist,Healthcare,Indonesia.Batam.Kesehatan.202408050759.db,places,1.1443237,104.0181568,390761.6996598942,126501.0138422502,0,742.3666136152272,46,129,1,22.538690240554505,0.0,0.0,0
1750,Pijat Refleksi,reflexologist,Healthcare,Indonesia.Batam.Kesehatan.202408050759.db,places,1.1449591,104.0076429,389591.847256573,126571.6580628402,0,1839.7599705481614,19,85,3,179.80462266269075,2.0,1.0986122886681098,0
1751,Nagoya SPA & Massage,spa,Healthcare,Indonesia.Batam.Kesehatan.202408050759.db,places,1.1456356,104.0094677,389794.91796161275,126646.372967342,0,1670.3823320242698,30,99,0,4.379866094764556,4.0,4.3694478524670215,0
1756,Thyme Batam,wellness center,Healthcare,Indonesia.Batam.Kesehatan.202408050759.db,places,1.1347555,104.0090317,389745.99042528454,125443.62604346183,0,1727.0056218756936,64,109,1,68.4231538216588,5.0,0.6931471805599453,0
1762,Karimun,organic shop,Healthcare,Indonesia.Batam.Kesehatan.202408050759.db,places,1.1353083,104.0093083,389776.7886466192,125504.72594151023,0,1677.0521404192518,62,110,7,3.132709154904929,4.7,1.3862943611198906,0
1764,Thina Theraphys,walk-in clinic,Healthcare,Indonesia.Batam.Kesehatan.202408050759.db,places,1.134779,104.009711,389821.5770364134,125446.19801657659,0,1655.6669556321433,66,108,1,43.19757982609593,0.0,0.0,0
1765,Apotek Farma 24,pharmacy,Healthcare,Indonesia.Batam.Kesehatan.202408050759.db,places,1.1368889,104.0129093,390177.5313781789,125679.31947030236,0,1241.5096613665578,38,125,0,157.199988760178,4.0,1.791759469228055,0
1766,Warung Merpati Baloi Kesehatan,homewares store,Healthcare,Indonesia.Batam.Kesehatan.202408050759.db,places,1.1305663,104.0101785,389873.4367072101,124980.47855514902,0,1836.6772223308299,49,99,0,37.8038449884126,4.6,2.302585092994046,0
1767,Revi Farma,pharmacy,Healthcare,Indonesia.Batam.Kesehatan.202408050759.db,places,1.1358974,104.003011,389076.10988459695,125570.09020914248,0,2335.061581708107,11,78,1,101.36660297679089,5.0,0.6931471805599453,0
1768,Apotik Penuin,pharmacy,Healthcare,Indonesia.Batam.Kesehatan.202408050759.db,places,1.1338434,104.0077814,389606.8349138911,125342.84366976575,0,1893.4972619413927,63,104,2,9.774697706984377,4.0,1.6094379124341003,0
1771,Bio Resonance Therapy,walk-in clinic,Healthcare,Indonesia.Batam.Kesehatan.202408050759.db,places,1.1345278,104.0103167,389888.9637719609,125418.4055277837,0,1604.2016477266861,68,108,1,20.561455355199627,0.0,0.0,0
1773,Refleksi,reflexologist,Healthcare,Indonesia.Batam.Kesehatan.202408050759.db,places,1.1363399,104.00888,389729.1708119304,125618.78268241846,0,1688.7069707082283,54,115,1,10.739580338973202,5.0,0.6931471805599453,0
1774,Everyday Massage,massage therapist,Healthcare,Indonesia.Batam.Kesehatan.202408050759.db,places,1.1353164,104.0086825,389707.15618293127,125505.64523890303,0,1742.6118261769952,61,111,2,21.208326468999726,4.2,3.9512437185814275,0
1775,Spa Central Baloi (Penuin),day spa,Healthcare,Indonesia.Batam.Kesehatan.202408050759.db,places,1.1346906,104.010987,389963.5541925485,125436.37708478197,0,1528.710661862346,67,113,3,24.64439292804168,5.0,6.416732282512326,0
1778,LAO CHEN TUINA (SINSEH BRIAN),family practice physician,Healthcare,Indonesia.Batam.Kesehatan.202408050759.db,places,1.1392613,104.0082984,389664.56719903124,125941.75730884534,0,1698.7033662207377,36,126,0,229.01285680724183,5.0,2.0794415416798357,0
1779,Klinik Dr Nina SpOG,reproductive health clinic,Healthcare,Indonesia.Batam.Kesehatan.202408050759.db,places,1.0525061,103.9782902,386322.271766225,116352.29843757578,4,635.6080337410483,22,66,0,55.01687955074083,4.6,6.045005314036012,0
1780,Eska Aesthetic Clinic & Medispa,skin care clinic,Healthcare,Indonesia.Batam.Kesehatan.202408050759.db,places,1.1318055,104.0074607,389571.07342618814,125117.57183317625,0,2021.3739376729604,56,92,1,45.7909562755945,4.9,5.332718793265369,0
1781,Foredi Gel Batam & Gasa Oil,pharmacy,Healthcare,Indonesia.Batam.Kesehatan.202408050759.db,places,1.1413306,104.0082008,389653.7860688642,126170.51625580771,0,1708.8952262642174,20,117,1,229.01285680724183,5.0,0.6931471805599453,0
1783,Klinik gigi,dentist,Healthcare,Indonesia.Batam.Kesehatan.202408050759.db,places,1.1352829,104.0093868,389785.5223792965,125501.91505247756,0,1669.7521363792077,63,110,0,9.17492145102496,0.0,0.0,0
1784,Sawadika Reflexology Massage,reflexologist,Healthcare,Indonesia.Batam.Kesehatan.202408050759.db,places,1.1349962,104.0071889,389540.9510942964,125470.30505477273,0,1911.519557443531,60,102,1,8.72764011594589,4.3,4.48863636973214,0
1785,Cecep,organic shop,Healthcare,Indonesia.Batam.Kesehatan.202408050759.db,places,1.1353219,104.0092836,389774.0407928229,125506.2303238298,0,1679.1480088009775,62,110,7,0.0,0.0,0.0,0
1786,Toko Obat Paradise,herbal medicine store,Healthcare,Indonesia.Batam.Kesehatan.202408050759.db,places,1.1417086,104.0057296,389378.8304750942,126212.39804491238,0,1986.1247658365692,9,92,0,52.9227582449828,4.1,2.772588722239781,0
1787,Mawar 28 Massage,massage spa,Healthcare,Indonesia.Batam.Kesehatan.202408050759.db,places,1.140275,104.0031848,389095.61588457,126054.01545665524,0,2263.519180244414,7,68,1,204.9942017017485,4.7,1.3862943611198906,0
1788,Batimungspa Wellnes batam,massage spa,Healthcare,Indonesia.Batam.Kesehatan.202408050759.db,places,1.1339245,104.0078164,389610.7324400845,125351.80770930351,0,1886.5059809645124,63,104,3,9.774697706984377,5.0,2.3978952727983707,0
1789,The Sanctuary  Spa Wellness and Massage,massage spa,Healthcare,Indonesia.Batam.Kesehatan.202408050759.db,places,1.1354706,104.0085691,389694.54400806007,125522.69593263185,0,1749.2568805541614,60,110,3,21.208326468999726,4.4,3.5553480614894135,0
1790,Eudora Aesthetic Clinic - BCS MAll,skin care clinic,Healthcare,Indonesia.Batam.Kesehatan.202408050759.db,places,1.1321944,104.0108329,389946.31324401766,125160.43539455606,0,1675.0750516439332,60,105,1,37.22872680255363,3.3,1.9459101490553132,0
1791,Nia,organic shop,Healthcare,Indonesia.Batam.Kesehatan.202408050759.db,places,1.1353219,104.0092836,389774.0407928229,125506.2303238298,0,1679.1480088009775,62,110,7,0.0,0.0,0.0,0
1792,Vital,drug store,Healthcare,Indonesia.Batam.Kesehatan.202408050759.db,places,1.1367986,104.008342,389669.3249723848,125669.51119872094,0,1734.4101918721815,50,114,0,10.665222698270268,4.1,2.302585092994046,0
1793,Praktik Mandiri dr Zulfiqar,general practitioner,Healthcare,Indonesia.Batam.Kesehatan.202408050759.db,places,1.1353936,104.0107135,389933.1484393467,125514.10207141975,0,1527.0209986949558,61,113,0,34.380119912559664,5.0,1.3862943611198906,0
1794,MIMO Beauty Studio,beauty salon,Healthcare,Indonesia.Batam.Kesehatan.202408050759.db,places,1.1350842,104.0107448,389936.61948736606,125479.89762038119,0,1536.3735468601888,63,113,4,34.380119912559664,5.0,3.295836866004329,0
1795,Stokis living4u batam,vitamin & supplements store,Healthcare,Indonesia.Batam.Kesehatan.202408050759.db,places,1.1337416,104.0107151,389933.26402889274,125331.47827185281,0,1601.3521101370038,71,111,0,36.119356696129906,5.0,0.6931471805599453,0
1796,Wellness Optical,optician,Healthcare,Indonesia.Batam.Kesehatan.202408050759.db,places,1.1325181,104.0109252,389956.59567960724,125196.2159705392,0,1647.3644333436594,65,106,0,37.22872680255363,4.0,0.6931471805599453,0
1797,Khenzy Hair Studio,beauty salon,Healthcare,Indonesia.Batam.Kesehatan.202408050759.db,places,1.1366868,104.0082949,389664.07991235564,125657.15382825841,0,1742.3387972037729,49,111,3,7.790955885690852,4.1,2.772588722239781,0
1798,Absolute Spa   Massage & Reflexology ( ex-First Choice Spa   Massage and Reflexology ),day spa,Healthcare,Indonesia.Batam.Kesehatan.202408050759.db,places,1.1346422,104.0107708,389939.4957960899,125431.03483220171,0,1552.8621523505783,68,110,3,24.64439292804168,3.9,4.844187086458591,0
1799,Awan,organic shop,Healthcare,Indonesia.Batam.Kesehatan.202408050759.db,places,1.1353219,104.0092836,389774.0407928229,125506.2303238298,0,1679.1480088009775,62,110,7,0.0,0.0,0.0,0
1800,Fransis,organic shop,Healthcare,Indonesia.Batam.Kesehatan.202408050759.db,places,1.1353219,104.0092836,389774.0407928229,125506.2303238298,0,1679.1480088009775,62,110,7,0.0,0.0,0.0,0
1801,Eska Wellness Spa Grand Batam Penuin,wellness center,Healthcare,Indonesia.Batam.Kesehatan.202408050759.db,places,1.1350007,104.0077447,389602.795170491,125470.78129396887,0,1852.6422249880814,61,106,1,15.270102407792825,4.8,0.6931471805599453,0
1803,THAI BEST Penuin Batam,thai massage therapist,Healthcare,Indonesia.Batam.Kesehatan.202408050759.db,places,1.1333861,104.0104944,389908.6933087014,125292.18718202777,0,1641.2863518902095,71,111,0,33.82695862108117,4.8,6.727431724850855,0
1804,The Infinity Massage Penuin,massage spa,Healthcare,Indonesia.Batam.Kesehatan.202408050759.db,places,1.1345046,104.0099874,389852.32168401056,125415.85337047616,0,1638.8497133898047,67,109,3,36.73086054370214,4.9,5.594711379601839,0
1805,Genkilogy,massage therapist,Healthcare,Indonesia.Batam.Kesehatan.202408050759.db,places,1.1367044,104.0083627,389671.62468489306,125659.0968673654,0,1734.5491852744735,50,111,2,7.790955885690852,5.0,1.0986122886681098,0
1806,Apotek Aeskulap,pharmacy,Healthcare,Indonesia.Batam.Kesehatan.202408050759.db,places,1.1068286,104.0294714,392019.2864067767,122355.6360552595,13,107.62871633902476,19,40,2,29.852430318593118,3.5,1.6094379124341003,0
1807,Lavender Massage,massage spa,Healthcare,Indonesia.Batam.Kesehatan.202408050759.db,places,1.141824,104.005268,389327.4727120766,126225.17296244974,0,2038.328843018505,9,82,1,52.9227582449828,3.7,2.6390573296152584,0
1808,HI Health Laboratorium,medical laboratory,Healthcare,Indonesia.Batam.Kesehatan.202408050759.db,places,1.0998662,104.0337149,392491.21207326924,121585.814513617,14,142.7659988783488,22,43,0,13.120130235470127,0.0,0.0,0
1809,Toko Gembira,pharmacy,Healthcare,Indonesia.Batam.Kesehatan.202408050759.db,places,1.1356147,104.0082856,389663.0044220259,125538.63659481631,0,1774.54445192188,57,108,1,22.682530250426534,5.0,0.6931471805599453,0
1810,Posyandu Komp Baloi Ditpam Sukajadi,self service health station,Healthcare,Indonesia.Batam.Kesehatan.202408050759.db,places,1.1188011,104.0183639,390783.788835493,123679.56420555196,-1,0.0,4,17,0,62.58477863038327,5.0,1.0986122886681098,0
1811,Kamaya Spa,spa,Healthcare,Indonesia.Batam.Kesehatan.202408050759.db,places,1.1357051,104.0084686,389683.3702630797,125548.62307050754,0,1752.146276370953,57,107,0,22.682530250426534,4.5,5.303304908059076,0
1812,Naya Spa,day spa,Healthcare,Indonesia.Batam.Kesehatan.202408050759.db,places,1.1341318,104.0109158,389955.6106566862,125374.60610145543,0,1562.0796152135053,71,112,3,36.084492374595015,4.5,3.6375861597263857,0
1813,Kezia Facial Spot Batam,beauty salon,Healthcare,Indonesia.Batam.Kesehatan.202408050759.db,places,1.1321262,104.0103645,389894.1917688843,125152.91386978967,0,1723.2129340249455,64,103,4,20.32168445432197,5.0,1.6094379124341003,0
1814,Alin,organic shop,Healthcare,Indonesia.Batam.Kesehatan.202408050759.db,places,1.1353219,104.0092836,389774.0407928229,125506.2303238298,0,1679.1480088009775,62,110,7,0.0,0.0,0.0,0
1815,Dian pertiwi,doctor,Healthcare,Indonesia.Batam.Kesehatan.202408050759.db,places,1.1037823,104.0275509,391805.4812807373,122018.94832192558,13,301.46981768899565,19,39,1,143.87557384704232,4.0,0.6931471805599453,0
1816,Spring Massage Center,massage therapist,Healthcare,Indonesia.Batam.Kesehatan.202408050759.db,places,1.133676,104.0103971,389897.877685755,125324.23847575883,0,1636.1842707597577,70,110,2,32.90902468215867,4.7,6.118097198041348,0
1817,Lrz Beauty,beauty supply store,Healthcare,Indonesia.Batam.Kesehatan.202408050759.db,places,1.1360545,104.0102452,389881.0657379081,125587.1804663592,0,1551.9493348055096,58,114,0,89.73884106709987,0.0,0.0,0
1818,Harum,organic shop,Healthcare,Indonesia.Batam.Kesehatan.202408050759.db,places,1.1353219,104.0092836,389774.0407928229,125506.2303238298,0,1679.1480088009775,62,110,7,0.0,0.0,0.0,0
1819,pt sawah besar farma cab batam,pharmacy,Healthcare,Indonesia.Batam.Kesehatan.202408050759.db,places,1.1272193,104.0156904,390486.62088317896,124610.26963191347,0,1692.3303250638594,14,57,1,42.41096363994297,5.0,0.6931471805599453,0
1820,My Indothai Spa & Massage,spa and health club,Healthcare,Indonesia.Batam.Kesehatan.202408050759.db,places,1.1364332,104.0088531,389726.18118853535,125629.09775574894,0,1688.929541875678,53,115,1,10.739580338973202,4.0,5.1647859739235145,0
1823,Unik Fresh,organic shop,Healthcare,Indonesia.Batam.Kesehatan.202408050759.db,places,1.1353219,104.0092836,389774.0407928229,125506.2303238298,0,1679.1480088009775,62,110,7,0.0,0.0,0.0,0
1825,Andalusia Herba Store,herbal medicine store,Healthcare,Indonesia.Batam.Kesehatan.202408050759.db,places,1.1324074,104.0103633,389894.0688558174,125183.99975070824,0,1707.1534018224334,66,105,1,31.086123915756627,0.0,0.0,0
1826,MANNA SPA,day spa,Healthcare,Indonesia.Batam.Kesehatan.202408050759.db,places,1.1330703,104.01072,389933.7839042121,125257.26784669592,0,1636.0111258375086,71,111,3,42.99881350806801,4.4,3.871201010907891,0
1828,CENTURY,pharmacy,Healthcare,Indonesia.Batam.Kesehatan.202408050759.db,places,1.1446528,104.0173375,390670.549131707,126537.42602320987,0,837.702470907875,44,124,7,77.97229575254006,0.0,0.0,0
1829,Fitness Central,gym and fitness centre,Healthcare,Indonesia.Batam.Kesehatan.202408050759.db,places,1.1002947,104.033806,392501.3641547072,121633.18030742112,14,113.82608036842706,22,44,0,28.487283963725005,2.7,2.6390573296152584,0
1830,Journey Studio Sukajadi,yoga studio,Healthcare,Indonesia.Batam.Kesehatan.202408050759.db,places,1.0929863,104.033832,392503.9964201097,120825.26305624613,-1,0.0,4,22,0,86.56932604203517,5.0,2.4849066497880004,0
1831,Amartha Spa & Massage - Traditional Massage Batam  Javanese Massage Batam,massage spa,Healthcare,Indonesia.Batam.Kesehatan.202408050759.db,places,1.1346858,104.0104142,389899.8185702034,125435.86825384347,0,1587.3087496696708,68,109,3,20.561455355199627,4.9,5.501258210544727,0
1832,BEEZEERO,organic shop,Healthcare,Indonesia.Batam.Kesehatan.202408050759.db,places,1.1016965,104.0347051,392601.45761648077,121788.11164045581,14,125.21895948973734,22,44,0,62.956896584517146,5.0,0.6931471805599453,0
1834,Dermaestic,skin care clinic,Healthcare,Indonesia.Batam.Kesehatan.202408050759.db,places,1.1065932,104.0284876,391909.8100495934,122329.64926154302,13,43.28055408529511,18,41,1,85.76303047644427,0.0,0.0,0
1835,Klinik & Rumah Bersalin Citra Medistra,medical clinic,Healthcare,Indonesia.Batam.Kesehatan.202408050759.db,places,1.0997462,104.0337071,392490.3398686572,121572.54924218827,14,151.07263359108933,22,43,0,1.8508829173855197,3.0,1.0986122886681098,0
1836,Royal Optik,optician,Healthcare,Indonesia.Batam.Kesehatan.202408050759.db,places,1.141007,104.0048775,389283.990569111,126134.8708890974,0,2076.473495903714,9,84,0,100.22555167527443,5.0,1.6094379124341003,0
1837,D beauty studio batam,beauty salon,Healthcare,Indonesia.Batam.Kesehatan.202408050759.db,places,1.1349428,104.0065131,389465.75273843505,125464.42765554557,0,1984.9382122787104,52,100,3,67.00101531068422,0.0,0.0,0
1838,Smart Detox Batam,health consultant,Healthcare,Indonesia.Batam.Kesehatan.202408050759.db,places,1.107585,104.0285305,391914.6194726262,122439.28766278167,13,147.78030553989817,18,33,0,69.11743366296525,0.0,0.0,0
1839,EUDORA CLINIC,health and beauty shop,Healthcare,Indonesia.Batam.Kesehatan.202408050759.db,places,1.1355218,104.0070588,389526.4948087978,125528.41362242079,0,1908.2683411222495,53,102,1,55.16746011504949,4.9,4.189654742026425,0
1840,PT  Oshindo Medika Pratama,occupational safety and health,Healthcare,Indonesia.Batam.Kesehatan.202408050759.db,places,1.0930425,104.034608,392590.3445226725,120831.44798916263,-1,0.0,4,23,0,9.693081192952997,0.0,0.0,0
1841,Ashadique,physical therapist,Healthcare,Indonesia.Batam.Kesehatan.202408050759.db,places,1.1133138,104.0224913,391242.84407039575,123072.80824008642,-1,0.0,2,12,0,203.3807054076306,0.0,0.0,0
1842,DCORD BARBERSHOP,barber shop,Healthcare,Indonesia.Batam.Kesehatan.202408050759.db,places,1.1337289,104.0077144,389599.3754787912,125330.18857528761,0,1905.2165118700752,63,103,0,14.689948545187962,4.8,2.8903717578961645,0
1843,Sim Farma,pharmacy,Healthcare,Indonesia.Batam.Kesehatan.202408050759.db,places,1.107685,104.0274079,391789.710927005,122450.38327785583,13,212.56773083713858,17,25,2,36.793329838034396,0.0,0.0,0
1844,AESPA,health spa,Healthcare,Indonesia.Batam.Kesehatan.202408050759.db,places,1.1350992,104.0073225,389555.82068496215,125481.68631089169,0,1893.8732381926907,61,105,1,18.72532289205842,4.8,4.820281565605037,0
1845,Ozera beauty salon & Barbershop,beauty salon,Healthcare,Indonesia.Batam.Kesehatan.202408050759.db,places,1.134387,104.0107136,389933.1215079527,125402.82539944767,0,1570.2931119502896,70,112,5,28.920643934058315,4.7,3.5263605246161616,0
1848,Venew spa batam city hotel,spa and health club,Healthcare,Indonesia.Batam.Kesehatan.202408050759.db,places,1.1343271,104.0112434,389992.07007863926,125396.18348400098,0,1519.852623368591,68,111,1,42.36594017213825,4.1,2.995732273553991,0
1849,Khie’s Beauty & Nails,nail salon,Healthcare,Indonesia.Batam.Kesehatan.202408050759.db,places,1.1349709,104.0071146,389532.68276709475,125467.51104917507,0,1920.246564746308,59,102,0,8.72764011594589,4.9,4.919980925828125,0
1850,Santai Family Massage,foot massage parlor,Healthcare,Indonesia.Batam.Kesehatan.202408050759.db,places,1.1058183,104.0292359,391993.0456876709,122243.95958146782,13,77.94905429513248,18,41,0,19.398435665471197,4.4,2.772588722239781,0
1851,Juliana beauty clinic,skin care clinic,Healthcare,Indonesia.Batam.Kesehatan.202408050759.db,places,1.1000212,104.0338311,392504.14725427143,121602.9449991085,14,122.82775047544123,22,43,1,21.465610653640177,4.7,4.1588830833596715,0
1852,21Batamnest 燕窝工厂批发 Batam Bird Nest Wholesale Factory,food producer,Healthcare,Indonesia.Batam.Kesehatan.202408050759.db,places,1.1339968,104.0102351,389879.8640653411,125359.7081376969,0,1636.7979297393874,70,111,0,6.878713682994909,4.7,2.833213344056216,0
1854,WATSONS GRAND BATAM,health and beauty shop,Healthcare,Indonesia.Batam.Kesehatan.202408050759.db,places,1.1350753,104.0076292,389589.9463078643,125479.03252155903,0,1862.235448707404,61,105,1,15.270102407792825,0.0,0.0,0
1858,AnjaPro Pilates Studio,pilates studio,Healthcare,Indonesia.Batam.Kesehatan.202408050759.db,places,1.1212437,104.0165365,390580.54400366393,123949.65403747527,0,2249.7118476637224,7,20,0,75.1382946055351,5.0,2.70805020110221,0
1859,Dr  Weni,general practitioner,Healthcare,Indonesia.Batam.Kesehatan.202408050759.db,places,1.09975,104.0336909,392488.53742218914,121572.96990155609,14,152.2679255358856,22,43,0,1.8508829173855197,5.0,1.3862943611198906,0
1860,Mustika Ratu Batam,reflexologist,Healthcare,Indonesia.Batam.Kesehatan.202408050759.db,places,1.1005373,104.0364369,392794.11425692553,121659.90413591111,14,183.00340298178017,22,32,0,99.94652051602294,4.9,5.093750200806762,0
1861,Club House Sukajadi,swim club,Healthcare,Indonesia.Batam.Kesehatan.202408050759.db,places,1.1117696,104.0234849,391353.34581555135,122902.0655223803,-1,0.0,1,25,0,203.3807054076306,4.4,3.7612001156935624,0
1862,Rumah Totok,skin care clinic,Healthcare,Indonesia.Batam.Kesehatan.202408050759.db,places,1.107174,104.0289986,391966.6902614572,122393.83601169314,13,107.03903522193923,19,41,1,5.778126151995636,5.0,0.6931471805599453,0
1863,Juwis Optical,eye care center,Healthcare,Indonesia.Batam.Kesehatan.202408050759.db,places,1.1009254,104.0375877,392922.17805972515,121702.76575401155,14,313.5341605547641,21,28,0,56.51431620858141,5.0,0.6931471805599453,0
1864,The Central Boulevard Sukajadi,housing complex,Healthcare,Indonesia.Batam.Kesehatan.202408050759.db,places,1.0990499,104.0324137,392346.39760482707,121495.62246527302,14,313.35986094430166,17,43,0,130.51286560794568,4.5,4.04305126783455,0
1865,Pengobatan Akupuntur,walk-in clinic,Healthcare,Indonesia.Batam.Kesehatan.202408050759.db,places,1.0989299,104.0566168,395039.47705343476,121481.49549208973,-1,0.0,5,11,0,136.73995163765682,5.0,1.0986122886681098,0
1866,Smile Home Shopping,shop,Healthcare,Indonesia.Batam.Kesehatan.202408050759.db,places,1.106066,104.0294409,392015.8650815118,122271.33446979064,13,86.4185253253141,18,41,0,30.77440323663331,5.0,1.6094379124341003,0
1867,D Tampan Barbershop,barber shop,Healthcare,Indonesia.Batam.Kesehatan.202408050759.db,places,1.1058713,104.0296432,392038.36805191205,122249.80372372783,13,114.55047294342091,18,43,1,7.870894840117513,3.8,3.258096538021482,0
1868,INDAH PT  Herbalife Batam,nutritionist,Healthcare,Indonesia.Batam.Kesehatan.202408050759.db,places,1.1218687,104.0162711,390551.03608964523,124018.75574748662,0,2195.6988022394335,7,20,0,75.1382946055351,5.0,0.6931471805599453,0
1869,Starsbox Dermaga Sukajadi,barber shop,Healthcare,Indonesia.Batam.Kesehatan.202408050759.db,places,1.1071691,104.0290503,391972.4427637651,122393.29245026555,13,108.52974451993528,19,41,1,5.778126151995636,5.0,2.70805020110221,0
1870,Apotek Aeskulap,pharmacy,Healthcare,Indonesia.Batam.Kesehatan.202408050759.db,places,1.1011395,104.0587633,395278.3946600746,121725.6813995418,-1,0.0,6,13,0,1.59241025020657,4.0,1.3862943611198906,0
1871,Dokter Umum,doctor,Healthcare,Indonesia.Batam.Kesehatan.202408050759.db,places,1.1023696,104.035453,392684.7008459692,121862.49334829199,14,212.3718198225635,22,42,2,5.045962357889486,0.0,0.0,0
1872,Club House   Central,beauty salon,Healthcare,Indonesia.Batam.Kesehatan.202408050759.db,places,1.1005382,104.0338898,392510.6973399363,121660.0953032619,14,100.49451367603851,22,45,0,13.169607749540566,4.1,3.6109179126442243,0
1874,Doktor Haryono,doctor,Healthcare,Indonesia.Batam.Kesehatan.202408050759.db,places,1.10726,104.0279863,391854.0543342617,122403.37991560051,13,135.5514106254958,17,32,1,42.898144219197505,5.0,0.6931471805599453,0
1875,Geulis Salon And Spa (Khusus Wanita),beauty salon,Healthcare,Indonesia.Batam.Kesehatan.202408050759.db,places,1.1060007,104.0291355,391981.8807299891,122264.12690276856,13,57.329466784883046,18,40,0,5.728992512900442,4.4,3.871201010907891,0
1877,Salon Spa Muslimah Beauty Centre Batam,spa,Healthcare,Indonesia.Batam.Kesehatan.202408050759.db,places,1.1173626,104.0196701,390929.077000657,123520.49411794303,-1,0.0,3,11,0,170.56675864537905,1.0,0.6931471805599453,0
1879,Anggun Homestay Sukajadi,wellness hotel,Healthcare,Indonesia.Batam.Kesehatan.202408050759.db,places,1.0982662,104.0351346,392649.12565523747,121408.88945085017,14,257.19851942756605,22,28,0,228.029500987816,5.0,1.0986122886681098,0
1882,Arka Pelayanan Tes Psikologi Sim,medical clinic,Healthcare,Indonesia.Batam.Kesehatan.202408050759.db,places,1.1187074,104.0189186,390845.50701307144,123669.18532928299,-1,0.0,4,14,0,62.58477863038327,0.0,0.0,0
1883,Stokis Shannen Batam,cosmetics store,Healthcare,Indonesia.Batam.Kesehatan.202408050759.db,places,1.1041301,104.0263049,391666.85070779826,122057.4417628786,13,354.43553280194897,19,35,0,136.74974911602206,5.0,0.6931471805599453,0
1885,Dr  Lingkan Srikandi Maria Wullur,general practitioner,Healthcare,Indonesia.Batam.Kesehatan.202408050759.db,places,1.1070339,104.0292932,391999.4654499521,122378.33772444064,13,109.08774013500026,19,40,0,0.8445228887440543,0.0,0.0,0
1886,Klinik Gigi Orthodentistika,dental clinic,Healthcare,Indonesia.Batam.Kesehatan.202408050759.db,places,1.107493,104.027678,391819.75810709706,122429.14849297148,13,176.8594145029551,17,26,0,36.793329838034396,2.7,1.9459101490553132,0
1889,Aesthetic Clinic Dr  Evian,doctor,Healthcare,Indonesia.Batam.Kesehatan.202408050759.db,places,1.0997863,104.0333305,392448.436823432,121576.99571613407,14,184.16231196942897,22,43,2,40.3021736845377,0.0,0.0,0
1890,skinMED+ Aesthetic Clinic,skin care clinic,Healthcare,Indonesia.Batam.Kesehatan.202408050759.db,places,1.1011547,104.0337341,392493.3946084431,121728.2526905763,14,134.48955423850063,22,45,1,66.65913929517723,0.0,0.0,0
1892,Bunda Maternity Hospital,maternity hospital,Healthcare,Indonesia.Batam.Kesehatan.202408050759.db,places,1.102685,104.028915,391957.22585373436,121897.59612886886,13,395.74657728358477,15,43,0,194.30072103244612,0.0,0.0,0
1893,Ctc Central Taekwondo Club,martial arts school,Healthcare,Indonesia.Batam.Kesehatan.202408050759.db,places,1.1006076,104.033986,392521.4040452866,121667.7637469644,14,89.85028157560967,22,45,0,13.169607749540566,5.0,1.3862943611198906,0
1895,Jenny Eyelash Batam,beauty salon,Healthcare,Indonesia.Batam.Kesehatan.202408050759.db,places,1.1031179,104.0255984,391588.2013622033,121945.57231074454,13,488.51632677755777,3,32,0,136.74974911602206,0.0,0.0,0
1899,Spa Central Batam - Nagoya Hill Branch,day spa,Healthcare,Indonesia.Batam.Kesehatan.202408050759.db,places,1.1468322,104.0113629,390005.8417010756,126778.58073217279,0,1532.0713557453937,47,110,1,79.88223337471214,4.8,0.6931471805599453,0
1911,Sir Salon Central Sukajadi (Premium Barbershop),barber shop,Healthcare,Indonesia.Batam.Kesehatan.202408050759.db,places,1.1028294,104.0345271,392581.69208225096,121913.35589852832,14,251.81616732496767,21,46,0,93.31957224329442,4.9,6.073044534100405,0
1913,Batupamiring,pharmacy,Healthcare,Indonesia.Batam.Kesehatan.202408050759.db,places,1.1059305,104.0296825,392042.74311899766,122256.3466415464,13,116.42347439753776,18,43,2,7.870894840117513,0.0,0.0,0
1914,STIKes Karimun Batam,nursing school,Healthcare,Indonesia.Batam.Kesehatan.202408050759.db,places,1.142525,104.036458,392797.99003880913,126301.48389676165,0,1458.930235098743,12,43,0,81.18090295412729,5.0,1.3862943611198906,0
1915,Cantik & sehat bersama k-link,health and beauty shop,Healthcare,Indonesia.Batam.Kesehatan.202408050759.db,places,1.1137686,104.0026299,389032.8687831443,123123.82525790957,-1,0.0,0,3,0,871.4003568451401,0.0,0.0,0
1919,Kepri Mall,shopping mall,Healthcare,Indonesia.Batam.Kesehatan.202408050759.db,places,1.1011245,104.0371199,392870.1328943035,121724.7922991958,14,266.19856834345313,21,31,0,0.0,4.3,1.6094379124341003,0
1922,BAR Teluk Bakau,homestay,Healthcare,Indonesia.Batam.Kesehatan.202408050759.db,places,1.1082781,104.1257473,402731.8431065212,122512.53712375993,-1,0.0,0,2,0,726.654366272313,4.6,2.6390573296152584,0
1925,Klinik Kesehatan Pratama Muhammadiyah,medical office,Healthcare,Indonesia.Batam.Kesehatan.202408050759.db,places,0.917062,104.4845973,442655.1023673774,101367.12020919094,-1,0.0,1,1,0,0.0,0.0,0.0,0
1926,Kesehatan dan kecantikan,health and beauty shop,Healthcare,Indonesia.Batam.Kesehatan.202408050759.db,places,0.917062,104.4845973,442655.1023673774,101367.12020919094,-1,0.0,1,1,0,0.0,0.0,0.0,0
1942,ABDULLOH DENTAL,dental clinic,Healthcare,Indonesia.Batam.Kesehatan.202408050759.db,places,1.1586913,104.1009578,399975.3026987945,128086.2481342239,15,367.36696252154223,5,11,0,77.66446385015117,5.0,1.0986122886681098,0
1946,ICHA klinik Batu Besar,doctor,Healthcare,Indonesia.Batam.Kesehatan.202408050759.db,places,1.1493054,104.1298726,403192.2108586975,127047.69509845448,9,379.5766231431786,13,25,0,7.2290580045180315,4.0,0.6931471805599453,0
1948,Apotek Raflesia Farma,pharmacy,Healthcare,Indonesia.Batam.Kesehatan.202408050759.db,places,1.1378063,104.1127661,401288.44805787667,125777.1261860213,-1,0.0,3,14,1,7.039157640785239,4.7,2.3978952727983707,0
1952,Dental Abadi,walk-in clinic,Healthcare,Indonesia.Batam.Kesehatan.202408050759.db,places,1.1493306,104.1326528,403501.55230370717,127050.3867029377,9,498.81294962320277,13,22,0,94.04205770859035,0.0,0.0,0
1953,Praktek Bidan Rossa,medical office,Healthcare,Indonesia.Batam.Kesehatan.202408050759.db,places,1.1562298,104.1288354,403077.04028984846,127813.17663895356,9,398.38355812334055,11,27,0,139.22028415557645,0.0,0.0,0
1954,GRIYA SEHAT,alternative medicine practitioner,Healthcare,Indonesia.Batam.Kesehatan.202408050759.db,places,1.1020108,104.1237774,402512.453196383,121819.79284529046,-1,0.0,0,1,0,726.654366272313,5.0,1.0986122886681098,0
1955,R  10,physical therapy clinic,Healthcare,Indonesia.Batam.Kesehatan.202408050759.db,places,1.1521721,104.1299903,403205.4034675855,127364.58562475107,9,69.59758289741549,19,27,0,76.88205564036785,0.0,0.0,0
1957,Posyandu Perumahan Taman Yasmin,family practice physician,Healthcare,Indonesia.Batam.Kesehatan.202408050759.db,places,1.1336033,104.1175578,401821.46198219276,125312.34762668378,-1,0.0,1,9,0,0.0,0.0,0.0,0
1959,datuk panglima,alternative medicine practitioner,Healthcare,Indonesia.Batam.Kesehatan.202408050759.db,places,1.152144,104.1383792,404138.79679726507,127361.195724907,9,966.7230838753524,1,15,0,466.96685611780026,0.0,0.0,0
1960,Arrayyan Family,medical office,Healthcare,Indonesia.Batam.Kesehatan.202408050759.db,places,1.1538574,104.1190088,401983.5970253716,127551.2602758968,-1,0.0,4,11,0,357.95259954371835,0.0,0.0,0
1961,Apotek De Nature Batam,pharmacy,Healthcare,Indonesia.Batam.Kesehatan.202408050759.db,places,1.1336033,104.1175578,401821.46198219276,125312.34762668378,-1,0.0,1,9,0,0.0,0.0,0.0,0
1962,APOTEK MAFAZA,pharmacy,Healthcare,Indonesia.Batam.Kesehatan.202408050759.db,places,1.1378487,104.1127189,401283.1977163019,125781.81485892949,-1,0.0,3,14,1,7.039157640785239,5.0,1.0986122886681098,0
1963,Fighter gym,gym and fitness centre,Healthcare,Indonesia.Batam.Kesehatan.202408050759.db,places,1.1481619,104.1344443,403700.8453586847,126921.13441971721,9,730.0626460929366,6,19,0,237.53710127050164,5.0,1.791759469228055,0
1964,Posyandu Nusa Indah 12,health consultant,Healthcare,Indonesia.Batam.Kesehatan.202408050759.db,places,1.1553794,104.1300863,403216.1933571866,127719.12792957573,9,295.2650449492084,11,29,0,162.38952645396606,0.0,0.0,0
1965,Kutus-kutus Batam,health and beauty shop,Healthcare,Indonesia.Batam.Kesehatan.202408050759.db,places,1.1431847,104.1164335,401696.68945009547,126371.54923956856,-1,0.0,7,11,0,175.00476216012396,0.0,0.0,0
1966,URUT TRADISIONAL IBU RUBIY,reflexologist,Healthcare,Indonesia.Batam.Kesehatan.202408050759.db,places,1.1544672,104.1312303,403343.4501247754,127618.25140403684,9,255.43034294655172,14,27,0,162.38952645396606,4.9,4.962844630259907,0
1967,Perfect Health,physical fitness program,Healthcare,Indonesia.Batam.Kesehatan.202408050759.db,places,1.1163858,104.1369514,403978.7534748617,123408.42165909338,-1,0.0,2,5,0,240.19934991412077,0.0,0.0,0
1969,Lapangan Futsal Batubesar,gym and fitness centre,Healthcare,Indonesia.Batam.Kesehatan.202408050759.db,places,1.1588964,104.1202382,402120.5597784184,128108.24717959674,-1,0.0,1,11,0,285.76125385038637,4.1,3.1354942159291497,0
1970,Dr CVD19Gym Batam,gym and fitness centre,Healthcare,Indonesia.Batam.Kesehatan.202408050759.db,places,1.1366936,104.1133621,401354.7251581756,125654.10371636291,-1,0.0,3,14,0,139.7396939487419,4.8,2.5649493574615367,0
1971,Distributor British Propolis Batam,health consultant,Healthcare,Indonesia.Batam.Kesehatan.202408050759.db,places,1.1403428,104.1175732,401823.4031819592,126057.35617674272,-1,0.0,7,13,0,193.6326707120081,5.0,0.6931471805599453,0
1972,Rumah Babe Totok Punggung,physical therapist,Healthcare,Indonesia.Batam.Kesehatan.202408050759.db,places,1.144182,104.1180086,401871.9787927565,126481.74055824394,-1,0.0,7,11,0,128.9951029139668,5.0,1.0986122886681098,0
1973,Batu besar,mosque,Healthcare,Indonesia.Batam.Kesehatan.202408050759.db,places,1.1586122,104.1297976,403184.1806405924,128076.50222222344,9,649.7280905117635,7,21,0,284.2875613915578,5.0,1.3862943611198906,0
1974,Fajar Nirmala Sakti  PT,cosmetics store,Healthcare,Indonesia.Batam.Kesehatan.202408050759.db,places,1.1241964,104.1160403,401652.29877022986,124272.52548746664,-1,0.0,0,0,0,1053.492417385012,5.0,1.0986122886681098,0
1975,Rumah Terapi As Salam metode PAZ Al Kasaw,physical therapist,Healthcare,Indonesia.Batam.Kesehatan.202408050759.db,places,1.1540326,104.1232363,402453.978815533,127570.48219309708,9,734.5074623872287,6,23,0,152.8583564799572,5.0,1.6094379124341003,0
1976,Apotek Vin Farma,pharmacy,Healthcare,Indonesia.Batam.Kesehatan.202408050759.db,places,1.1427952,104.117958,401866.3016227736,126328.44033494165,-1,0.0,7,11,1,34.50625361640995,0.0,0.0,0
1977,Agen Zeelora Batam,herbalist,Healthcare,Indonesia.Batam.Kesehatan.202408050759.db,places,1.1499613,104.1292192,403119.5319980556,127120.22262732453,9,311.48033132617405,13,26,0,79.83675812518786,0.0,0.0,0
1978,Batu besar,housing development,Healthcare,Indonesia.Batam.Kesehatan.202408050759.db,places,1.159112,104.1363452,403912.7173568822,128131.52877389938,-1,0.0,0,8,0,730.6118452171517,4.3,1.3862943611198906,0
1979,Bengkong Eyelash cabang batu besar,beauty salon,Healthcare,Indonesia.Batam.Kesehatan.202408050759.db,places,1.1331769,104.1091892,400890.3007174366,125265.4967888722,-1,0.0,2,8,1,349.62229176288565,5.0,1.3862943611198906,0
1980,Wafi,drug store,Healthcare,Indonesia.Batam.Kesehatan.202408050759.db,places,1.1557116,104.126962,402868.5780359501,127755.95707246846,9,449.2008330878538,11,28,1,79.61854869547234,0.0,0.0,0
1981,Rumah Sehat AL-IKHLAS,alternative medicine practitioner,Healthcare,Indonesia.Batam.Kesehatan.202408050759.db,places,1.1516924,104.1078081,400737.26551765774,127312.32093480852,-1,0.0,0,10,0,553.5560157240245,0.0,0.0,0
1983,Ronnie Khoto Home,pharmacy,Healthcare,Indonesia.Batam.Kesehatan.202408050759.db,places,1.1528474,104.1220654,402323.6574333748,127439.50615995994,-1,0.0,3,21,0,184.76575414281896,0.0,0.0,0
1984,Toko Obat Ujang Farma,drug store,Healthcare,Indonesia.Batam.Kesehatan.202408050759.db,places,1.15016,104.1316974,403395.27706608083,127142.1035829784,9,360.42809927429374,16,24,0,46.99332805793196,0.0,0.0,0
1985,PENGOBATAN PAK ISMAIL TERAPI,alternative medicine practitioner,Healthcare,Indonesia.Batam.Kesehatan.202408050759.db,places,1.1416597,104.1408594,404414.4089623465,126202.14650580143,-1,0.0,2,3,0,85.12455281306255,0.0,0.0,0
1986,KLINIK PURI SELEBRITI (dr  Restu Qodrati),medical office,Healthcare,Indonesia.Batam.Kesehatan.202408050759.db,places,1.1327182,104.1048419,400406.5742820801,125214.93933656045,-1,0.0,2,8,0,389.5803861887287,0.0,0.0,0
1987,Rumah Mamak Tiko,massage therapist,Healthcare,Indonesia.Batam.Kesehatan.202408050759.db,places,1.1504107,104.1297809,403182.0450430447,127169.8817368023,9,257.0839636660317,14,27,0,79.83675812518786,0.0,0.0,0
1988,Ditanova lianti dental,dentist,Healthcare,Indonesia.Batam.Kesehatan.202408050759.db,places,1.153165,104.129433,403143.42874033545,127474.36303846765,9,56.665256456574824,18,27,0,67.29715060390016,0.0,0.0,0
1989,PT  Menara Putera Jaya,pharmaceutical company,Healthcare,Indonesia.Batam.Kesehatan.202408050759.db,places,1.1123514,104.1332615,403568.05913360714,122962.56697348117,-1,0.0,1,5,0,343.9701017483017,4.0,1.0986122886681098,0
1990,Dental Store  CV,dental supply store,Healthcare,Indonesia.Batam.Kesehatan.202408050759.db,places,1.1292723,104.1055759,400488.12688673043,124833.9904555046,-1,0.0,1,11,0,389.5803861887287,0.0,0.0,0
1991,Nain & Inun,drug store,Healthcare,Indonesia.Batam.Kesehatan.202408050759.db,places,1.1555333,104.1276553,402945.7123272016,127736.22348664388,9,384.665278013589,12,28,1,46.0655275232984,0.0,0.0,0
1992,Zuleikha salon & spa,beauty salon,Healthcare,Indonesia.Batam.Kesehatan.202408050759.db,places,1.1361492,104.1102631,401009.8912419452,125594.02966903077,-1,0.0,4,12,1,331.60172869056964,4.0,2.1972245773362196,0
1993,Barbershop putra,barber shop,Healthcare,Indonesia.Batam.Kesehatan.202408050759.db,places,1.1518108,104.1341954,403673.27370356023,127324.50384651376,9,509.3561336949334,10,24,0,129.09275931888243,4.1,3.6635616461296463,0
1994,B,corporate office,Healthcare,Indonesia.Batam.Kesehatan.202408050759.db,places,1.1493534,104.1318079,403407.5447961068,127052.93565033513,9,440.694700920713,14,22,0,69.45319706019025,0.0,0.0,0
1995,Pos Security CIR,first aid station,Healthcare,Indonesia.Batam.Kesehatan.202408050759.db,places,1.1576991,104.1225144,402373.78136218974,127975.81484323407,9,970.6711385798242,4,15,0,263.4839570346652,0.0,0.0,0
1997,Susay Beauty Salon,beauty salon,Healthcare,Indonesia.Batam.Kesehatan.202408050759.db,places,1.1413347,104.1160677,401655.9253459717,126167.05588316546,-1,0.0,7,14,0,36.513325612091556,4.7,1.9459101490553132,0
1998,Salon Lestari,beauty salon,Healthcare,Indonesia.Batam.Kesehatan.202408050759.db,places,1.1511456,104.1332418,403567.1486406707,127251.00274764269,9,430.4039628592795,14,24,0,129.09275931888243,3.5,1.9459101490553132,0
1999,Cherisha s Mom  Kids Massage & Baby Spa,home health care service,Healthcare,Indonesia.Batam.Kesehatan.202408050759.db,places,1.1494061,104.1285435,403044.33107571607,127058.8718988841,9,390.2571876634893,12,25,0,97.05199946876645,4.3,1.6094379124341003,0
2000,Sambau4,pharmacy,Healthcare,Indonesia.Batam.Kesehatan.202408050759.db,places,1.1560607,104.1053758,400466.78448839375,127795.2953392572,-1,0.0,2,13,0,422.14997526575763,0.0,0.0,0
2002,Melany salon,beauty salon,Healthcare,Indonesia.Batam.Kesehatan.202408050759.db,places,1.1552961,104.1279957,402983.5790396216,127709.99097024716,9,341.388223876993,11,27,0,46.0655275232984,5.0,1.0986122886681098,0
2004,Evi stokis Milagros,health consultant,Healthcare,Indonesia.Batam.Kesehatan.202408050759.db,places,1.1417572,104.1401005,404329.97271001176,126212.9496897436,-1,0.0,2,4,0,85.12455281306255,0.0,0.0,0
2008,As-Syakinah Healt Teraphy & Herbal,walk-in clinic,Healthcare,Indonesia.Batam.Kesehatan.202408050759.db,places,1.148166,104.112353,401242.8377631381,126922.3412631141,-1,0.0,0,9,0,619.0171734783829,0.0,0.0,0
2010,Apotek Prima Farma Nongsa Batam,pharmacy,Healthcare,Indonesia.Batam.Kesehatan.202408050759.db,places,1.1580073,104.1007984,399957.54288450594,128010.64153436935,15,289.90317607906707,6,11,0,77.66446385015117,0.0,0.0,0
2015,Bidan Icha,women's health clinic,Healthcare,Indonesia.Batam.Kesehatan.202408050759.db,places,1.1493366,104.1299297,403198.5651769222,127051.14211448749,9,376.48947173588704,13,25,0,7.2290580045180315,5.0,1.6094379124341003,0
2017,Stockist AFC,health and beauty shop,Healthcare,Indonesia.Batam.Kesehatan.202408050759.db,places,1.1565038,104.1160688,401656.5664944004,127843.9046682201,-1,0.0,1,8,0,438.85043983754554,0.0,0.0,0
2020,Rumdin kesehatan Adycar,transportation service,Healthcare,Indonesia.Batam.Kesehatan.202408050759.db,places,1.1577405,104.1018293,400072.2378216699,127981.11198891593,15,301.7662015792409,8,12,0,118.43531004616517,0.0,0.0,0
2021,AC HNI ARIRA BABES NONGSA BATAM,herbal medicine store,Healthcare,Indonesia.Batam.Kesehatan.202408050759.db,places,1.1429717,104.1144314,401473.91592703556,126348.0720377233,-1,0.0,7,12,0,224.00719091807284,5.0,0.6931471805599453,0
2022,Klinik Pratama,medical clinic,Healthcare,Indonesia.Batam.Kesehatan.202408050759.db,places,1.156706,104.1258529,402745.20732712466,127865.91942191424,9,613.9283846004563,9,23,0,165.26357763197797,3.5,1.0986122886681098,0
2023,Toko Healtyaas,health food store,Healthcare,Indonesia.Batam.Kesehatan.202408050759.db,places,1.1554146,104.1231899,402448.86320723797,127723.25492527637,9,783.6600828286483,7,21,0,152.8583564799572,0.0,0.0,0
2024,PADEPOKAN ELANG NUSANTARA,alternative medicine practitioner,Healthcare,Indonesia.Batam.Kesehatan.202408050759.db,places,1.1581419,104.1114385,401141.42901758547,128025.14743717888,-1,0.0,1,6,0,370.63260911440216,5.0,1.0986122886681098,0
2026,Mutiara salon,beauty salon,Healthcare,Indonesia.Batam.Kesehatan.202408050759.db,places,1.154662,104.0983724,399687.49361317535,127640.92353828541,15,241.52713827472337,7,10,0,233.79036715576382,5.0,2.772588722239781,0
2027,royal careskin,hospital,Healthcare,Indonesia.Batam.Kesehatan.202408050759.db,places,1.1749984,104.0758785,397185.4081862471,129889.81386474552,-1,0.0,0,0,0,1404.5052184843735,0.0,0.0,0
2028,Klinik,doctor,Healthcare,Indonesia.Batam.Kesehatan.202408050759.db,places,1.143026,104.1181668,401889.54184616084,126353.94667837913,-1,0.0,7,11,0,34.50625361640995,0.0,0.0,0
2029,KOMP PANTI REHABILITASI SOSIAL,rehabilitation center,Healthcare,Indonesia.Batam.Kesehatan.202408050759.db,places,1.1586673,104.1081486,400775.3936364505,128083.34220237595,-1,0.0,2,11,0,370.63260911440216,5.0,1.0986122886681098,0
2035,APOTEK RAFELA FARMA,pharmacy,Healthcare,Indonesia.Batam.Kesehatan.202408050759.db,places,1.1415524,104.1163145,401683.3932755798,126191.11281127985,-1,0.0,7,14,1,36.513325612091556,5.0,0.6931471805599453,0
2087,Kantor Kelurahan Sijantung,local government office,Healthcare,Indonesia.Batam.Kesehatan.202408050759.db,places,0.7748941,104.183014,409095.07135166886,85657.8985728775,-1,0.0,0,0,0,3859.7722852072757,0.0,0.0,0
2089,Galang baru,tourist attraction,Healthcare,Indonesia.Batam.Kesehatan.202408050759.db,places,0.6605779,104.2564455,417264.1252609169,73019.9278574834,-1,0.0,1,1,0,83.54867616838509,4.0,0.6931471805599453,0
2090,Selat Barelang Ujung,hospital,Healthcare,Indonesia.Batam.Kesehatan.202408050759.db,places,0.6485594,104.3085045,423056.88034523,71690.58695085924,-1,0.0,0,0,0,3802.140951964369,0.0,0.0,0
2095,Therapy Holistic Batam,home health care service,Healthcare,Indonesia.Batam.Kesehatan.202408050759.db,places,1.1314628,104.0950715,399319.40617789724,125076.49958061581,12,638.9467973853036,4,13,0,177.7854595112276,0.0,0.0,0
2145,PT Endar Jaya Makmur,public medical center,Healthcare,Indonesia.Batam.Kesehatan.202408050759.db,places,1.1318088,103.97733,386218.40922638867,125119.10136944805,-1,0.0,5,12,0,0.0,0.0,0.0,0
2155,Akkes Kartini Batam,school,Healthcare,Indonesia.Batam.Kesehatan.202408050759.db,places,1.1471799,104.0177551,390717.11100469576,126816.77300091543,0,992.1532150947195,51,134,1,0.0,5.0,3.4011973816621555,0
2161,PT  BATAM KARYA PRIMA,pharmacy,Healthcare,Indonesia.Batam.Kesehatan.202408050759.db,places,1.0824366,104.0292632,391995.2470731175,119659.1955489456,-1,0.0,0,2,0,862.1692961129223,4.1,2.0794415416798357,0
2184,trias empati,public health department,Healthcare,Indonesia.Batam.Kesehatan.202408050759.db,places,0.837166,104.053115,394641.7521034941,92544.78357119006,5,0.0,12,12,0,0.0,0.0,0.0,0
2185,Djarwo Message,walk-in clinic,Healthcare,Indonesia.Batam.Kesehatan.202408050759.db,places,1.122262,104.0577715,395168.78247178707,124060.71360169962,-1,0.0,4,21,0,67.9648318082461,0.0,0.0,0
2188,Bekam Tarmizi   PKTN Batam Terapi Bekam Akupunktur Herbal Thibbun Nabawi Konsultasi Kesehatan,health consultant,Healthcare,Indonesia.Batam.Kesehatan.202408050759.db,places,1.11056,104.0760619,397203.523273139,122766.46767936228,-1,0.0,3,11,0,386.84164410866,5.0,5.030437921392435,0
2192,Alat kesehatan,local medical services,Healthcare,Indonesia.Batam.Kesehatan.202408050759.db,places,1.1000044,104.0572256,395107.2556118127,121600.25525546975,-1,0.0,5,11,0,136.73995163765682,0.0,0.0,0
2194,Delicia Medical Clinic,medical clinic,Healthcare,Indonesia.Batam.Kesehatan.202408050759.db,places,1.0770313,104.1181238,401882.58195825515,119058.65412493536,-1,0.0,2,9,0,133.70521779534457,4.7,1.3862943611198906,0
2195,Terapi Lintah Batam,physical therapist,Healthcare,Indonesia.Batam.Kesehatan.202408050759.db,places,1.118013,104.0926646,399051.13444483746,123589.78291918857,11,932.5402677082039,9,20,0,103.18379653167675,5.0,0.6931471805599453,0
2197,POSYANDU PERUMAHAN KAMPUNG DAUN,medical clinic,Healthcare,Indonesia.Batam.Kesehatan.202408050759.db,places,1.01447,104.072734,396830.04376154696,112144.3153459998,-1,0.0,1,5,0,97.70576830784339,0.0,0.0,0
2199,Ruqyah Centre Kota Batam,mental health clinic,Healthcare,Indonesia.Batam.Kesehatan.202408050759.db,places,1.1590829,104.0206584,391040.61156781204,128132.50011824795,0,2096.492681216733,6,43,0,117.74443386955865,4.5,2.995732273553991,0
2202,Naavagreen Natural Skin Care Batam,skin care clinic,Healthcare,Indonesia.Batam.Kesehatan.202408050759.db,places,1.1072368,104.0790119,397531.65167118376,122399.00266982157,-1,0.0,6,18,0,87.11531831353899,4.2,5.4116460518550396,0
2204,Oxybaric Batam,home health care service,Healthcare,Indonesia.Batam.Kesehatan.202408050759.db,places,1.1244721,104.026717,391713.4482550561,124306.16386262083,0,1789.6069137205727,4,31,0,128.62576319273634,5.0,1.3862943611198906,0
2208,PT  Yama Multi Sindo,medical supply store,Healthcare,Indonesia.Batam.Kesehatan.202408050759.db,places,1.1327779,104.028705,391934.9592215573,125224.26693932367,0,1015.1890971334202,25,68,0,66.6603175718523,0.0,0.0,0
2209,Rumah laguna tahap 1 piayu,dental clinic,Healthcare,Indonesia.Batam.Kesehatan.202408050759.db,places,1.0279896,104.061444,395574.213859298,113639.20604540431,6,655.9327493977207,21,34,0,2.7214860932469476,0.0,0.0,0
2212,Posyandu Grand Citra  Grand BSI,community health centre,Healthcare,Indonesia.Batam.Kesehatan.202408050759.db,places,1.106605,104.0932233,399112.91237840604,122328.67330377725,11,540.7636343722729,6,26,0,31.341039131412096,0.0,0.0,0
2220,Clinical Partner Hermine,medical clinic,Healthcare,Indonesia.Batam.Kesehatan.202408050759.db,places,1.0279588,104.0617921,395612.946707351,113635.78986743778,6,694.0522891442475,20,34,3,0.0,3.1,4.2626798770413155,0
2221,Klinik Nafii,medical clinic,Healthcare,Indonesia.Batam.Kesehatan.202408050759.db,places,1.0383998,104.0490272,394192.91126464587,114790.4179329102,6,1221.955198601817,2,23,0,454.8092298014693,0.0,0.0,0
2225,POS KESEHATAN DESA(POSKESDES),hospital,Healthcare,Indonesia.Batam.Kesehatan.202408050759.db,places,0.7000998,104.23254,414604.679346159,77389.09033961342,-1,0.0,0,0,0,5105.748094872636,0.0,0.0,0
2226,Balai Pengobatan Wahyu,walk-in clinic,Healthcare,Indonesia.Batam.Kesehatan.202408050759.db,places,0.747611,104.2284157,414146.6339445145,82641.06847484731,-1,0.0,0,0,0,2724.0120962577644,0.0,0.0,0
2229,Posyandu maha Dahlia 1,nutritionist,Healthcare,Indonesia.Batam.Kesehatan.202408050759.db,places,0.9476952,104.1937103,410289.35472949746,104759.33079539589,-1,0.0,1,1,0,349.119856884501,0.0,0.0,0
2235,Pulau Subangmas,island,Healthcare,Indonesia.Batam.Kesehatan.202408050759.db,places,0.9333333,104.1666667,407279.79901280924,103172.44826332119,-1,0.0,0,0,0,3026.543803954313,4.8,2.6390573296152584,0
2237,Kantor Lurah Subang Mas,council,Healthcare,Indonesia.Batam.Kesehatan.202408050759.db,places,0.9457077,104.1961487,410560.62675054424,104539.56691058255,-1,0.0,1,1,0,349.119856884501,1.0,0.6931471805599453,0
2242,Pustu Sei Jodoh Batam,public medical center,Healthcare,Indonesia.Batam.Kesehatan.202408050759.db,places,1.1556834,104.0073114,389555.37375502114,127757.21199060023,0,2476.465849780017,7,30,0,16.229868236907926,0.0,0.0,0
2248,Puskesmas pembantu,public medical center,Healthcare,Indonesia.Batam.Kesehatan.202408050759.db,places,1.0642287,104.1124494,401250.78872712096,117643.58964048658,-1,0.0,2,7,0,285.3478118001455,0.0,0.0,0
2268,Puskesmas Kuala Sempang,public medical center,Healthcare,Indonesia.Batam.Kesehatan.202408050759.db,places,1.0269485,104.3409103,426669.8922590017,113516.34658210953,-1,0.0,0,0,0,10398.094821424944,4.0,1.3862943611198906,0
2273,Komp  kesehatan RSOB batam,homestay,Healthcare,Indonesia.Batam.Kesehatan.202408050759.db,places,1.1293972,103.9345824,381461.7011292139,124854.21194392689,-1,0.0,2,2,0,342.05143579941495,4.0,1.3862943611198906,0
2276,puskesmas teluk sasah,public medical center,Healthcare,Indonesia.Batam.Kesehatan.202408050759.db,places,1.0404139,104.2484197,416379.21283164824,115007.0822524378,-1,0.0,0,0,0,10115.4358294305,2.7,2.6390573296152584,0
2277,Puskesmas Kawal,public medical center,Healthcare,Indonesia.Batam.Kesehatan.202408050759.db,places,0.990489,104.6025156,455776.14587908564,109481.5561122618,-1,0.0,0,0,0,15427.438311696047,5.0,1.791759469228055,0
2278,Klinik dan Apotek Biocare,medical clinic,Healthcare,Indonesia.Batam.Kesehatan.202408050759.db,places,1.0490754,103.9335786,381346.86331957905,115974.70115557085,-1,0.0,0,3,0,673.9008504193646,4.1,5.062595033026967,0
2279,The Ministry of Health of the Republic of Indonesia,public health department,Healthcare,Indonesia.Batam.Kesehatan.202408050759.db,places,1.1630741,104.001471,388905.8042160097,128574.46234539042,-1,0.0,2,6,1,0.0,3.5,1.0986122886681098,0
2283,Puskesmas Bulang,public medical center,Healthcare,Indonesia.Batam.Kesehatan.202408050759.db,places,1.0152126,103.9295422,380896.4492670936,112231.32817550952,-1,0.0,0,0,0,1107.138986556371,4.8,1.791759469228055,0
2286,Puskesmas Sanjulung,public medical center,Healthcare,Indonesia.Batam.Kesehatan.202408050759.db,places,1.0618796,104.1177978,401845.8269796495,117383.74092536395,-1,0.0,5,8,0,87.54760903390243,0.0,0.0,0
2287,BARBERHOUSE,barber shop,Healthcare,Indonesia.Batam.Kesehatan.202408050759.db,places,1.3666899,103.84155,371121.11406060326,151091.6636556669,-1,0.0,0,0,0,23876.670220161377,0.0,0.0,0
2288,Taman Raya Polyclinic,public medical center,Healthcare,Indonesia.Batam.Kesehatan.202408050759.db,places,1.1194013,104.0949194,399302.06868879485,123743.1741999676,11,1176.7775055668073,7,23,1,0.0,3.2,1.791759469228055,0
2295,Puskesmas Pembantu Patam Lestari,public medical center,Healthcare,Indonesia.Batam.Kesehatan.202408050759.db,places,1.1275922,103.9636589,384697.03961519815,124653.50181662219,-1,0.0,1,6,0,41.437473440159586,5.0,0.6931471805599453,0
2297,Madu,public medical center,Healthcare,Indonesia.Batam.Kesehatan.202408050759.db,places,1.126716,103.970139,385418.05745914666,124556.38339387663,-1,0.0,3,11,0,77.20514473289943,0.0,0.0,0
2303,Posyandu Mawar XXXIII,public medical center,Healthcare,Indonesia.Batam.Kesehatan.202408050759.db,places,1.1852126,104.013239,390216.0814343924,131021.34664794615,1,150.46660161152863,10,14,1,5.4413314009464875,0.0,0.0,0
2305,Posyandu Tulip 1,public medical center,Healthcare,Indonesia.Batam.Kesehatan.202408050759.db,places,1.1093937,103.9850985,387081.9602153125,122640.85512981925,3,1125.4624773330972,20,49,0,52.80414882586659,0.0,0.0,0
2306,Pratama Sundach,medical supply store,Healthcare,Indonesia.Batam.Kesehatan.202408050759.db,places,1.1327255,104.0119355,390069.0196090501,125219.105081505,0,1540.148818598607,55,108,1,98.48794129436892,0.0,0.0,0
2307,Massage Murah Batam,public medical center,Healthcare,Indonesia.Batam.Kesehatan.202408050759.db,places,1.1208479,104.0871312,398435.541417029,123903.35659768629,-1,0.0,0,14,0,577.4861141887081,0.0,0.0,0
2309,Terapi Untuk Semua,physical therapy clinic,Healthcare,Indonesia.Batam.Kesehatan.202408050759.db,places,1.0338121,104.0039922,389181.57351841143,114284.80363800966,-1,0.0,1,7,0,255.50991110626003,5.0,1.0986122886681098,0
2310,Puskesmas Pembantu Tj  Gundap,public medical center,Healthcare,Indonesia.Batam.Kesehatan.202408050759.db,places,0.9921782,104.0098552,389832.56543397467,109682.09683298084,-1,0.0,0,0,0,2315.9798699126795,0.0,0.0,0
2312,Puskesmas Pembantu,public medical center,Healthcare,Indonesia.Batam.Kesehatan.202408050759.db,places,1.160073,104.019318,390891.5048926026,128242.00410263057,-1,0.0,4,31,0,80.28199150257339,0.0,0.0,0
2314,Urut tradisional jawa timur WAWIE AMINUDDIN,public medical center,Healthcare,Indonesia.Batam.Kesehatan.202408050759.db,places,1.147923,104.0269023,391734.939693087,126898.57238558086,0,918.6197207846204,57,115,1,73.54956262004549,0.0,0.0,0
2323,Gedung Temoyong,community center,Healthcare,Indonesia.Batam.Kesehatan.202408050759.db,places,1.1556054,104.0013212,388888.8448855006,127748.82293420164,2,221.69419309672458,9,25,0,220.45277893398935,0.0,0.0,0
2324,Apotek Rafa Farma Batam,pharmacy,Healthcare,Indonesia.Batam.Kesehatan.202408050759.db,places,1.1268267,104.0993783,399798.4534484912,124563.85643645286,12,210.96825731685678,10,19,3,106.23134310060757,4.9,2.5649493574615367,0
2325,Posyandu Lansia Ngenang Puskesmas Kabil,public health department,Healthcare,Indonesia.Batam.Kesehatan.202408050759.db,places,1.0148446,104.1611302,406665.9832444376,112183.04029002608,-1,0.0,0,0,0,4046.608040381,0.0,0.0,0
2326,Herbal Solmed,medical supply store,Healthcare,Indonesia.Batam.Kesehatan.202408050759.db,places,1.0467361,103.9524083,383442.0608609668,115715.38606693897,4,2396.8293557429793,6,17,0,103.74635216123056,0.0,0.0,0
2327,PUSTU SETONGGENG,public medical center,Healthcare,Indonesia.Batam.Kesehatan.202408050759.db,places,0.8217598,103.8566928,372783.0346014641,90847.41679100448,-1,0.0,0,0,0,21924.5201730854,3.0,0.6931471805599453,0
2328,Agen Tahitian Noni Batam,medical supply store,Healthcare,Indonesia.Batam.Kesehatan.202408050759.db,places,1.158552,104.007909,389621.979165619,128074.3043664658,-1,0.0,5,21,0,131.33384123343086,0.0,0.0,0
2329,Puskesmas Pembantu Tiban Indah,public medical center,Healthcare,Indonesia.Batam.Kesehatan.202408050759.db,places,1.117653,103.977812,386271.4938803395,123554.18466208574,3,660.9673003468575,24,61,0,56.767637954686066,0.0,0.0,0
2330,Beli  Jual  Supplier Jamu Tradisional Batam,health food store,Healthcare,Indonesia.Batam.Kesehatan.202408050759.db,places,1.0284424,103.9790749,386408.72772380017,113692.07430725136,-1,0.0,1,3,0,373.01946378348686,4.9,3.6888794541139363,0
2331,Berkahusaha  CV,medical supply store,Healthcare,Indonesia.Batam.Kesehatan.202408050759.db,places,1.1367846,104.0114791,390018.3893071842,125667.84385670762,0,1397.0082366673832,51,121,1,159.26187623289934,0.0,0.0,0
2332,Pengembangan Dan Pemberdayaan Sumber Daya Manusia,public health department,Healthcare,Indonesia.Batam.Kesehatan.202408050759.db,places,1.0917801,104.0339454,392516.5716591614,120691.91810215196,-1,0.0,4,15,0,133.93660223995127,0.0,0.0,0
2333,Medical Equipment ESI,medical equipment supplier,Healthcare,Indonesia.Batam.Kesehatan.202408050759.db,places,1.101454,104.0719664,396747.50708395604,121759.98723730393,-1,0.0,3,7,0,349.9604013828339,0.0,0.0,0
2334,DRTV Innovation Store,medical supply store,Healthcare,Indonesia.Batam.Kesehatan.202408050759.db,places,1.129502,104.056029,394975.1554902858,124861.12601856164,0,3809.697107180996,11,21,1,22.897140539135908,0.0,0.0,0
2335,Massage kesehatan pria   wanita dan baby,health spa,Healthcare,Indonesia.Batam.Kesehatan.202408050759.db,places,1.155305,104.0272545,391774.40708515624,127714.61346636439,0,1705.598097451815,49,106,0,135.24865120072224,0.0,0.0,0
2336,Apotek Sentosa,pharmacy,Healthcare,Indonesia.Batam.Kesehatan.202408050759.db,places,1.1309277,104.0082759,389661.7477092735,125020.50252844434,0,1990.5689100874404,57,96,3,122.12767327615236,4.1,3.1780538303479458,0
2337,Praktik Dokter Adi,medical clinic,Healthcare,Indonesia.Batam.Kesehatan.202408050759.db,places,1.1143887,104.0907691,398840.1021156294,123189.20184118471,11,487.88446420694083,10,27,0,57.756177555877734,0.0,0.0,0
2341,Posyandu Sri Purnama IV Sungai Raya,medical office,Healthcare,Indonesia.Batam.Kesehatan.202408050759.db,places,0.8346883,104.1775641,408489.9592902368,92267.76995576426,-1,0.0,0,0,0,3038.6868649038215,5.0,1.0986122886681098,0
2360,Lapangan futsal kampung kebun teluk bakau,gym,Healthcare,Indonesia.Batam.Kesehatan.202408050759.db,places,1.1182615,104.1327606,403512.5180151177,123615.90474261733,-1,0.0,2,5,0,287.19872423651566,5.0,0.6931471805599453,0
2372,Akkes Kartini Batam (Akademi Kesehatan Kartini Batam),school,Healthcare,Indonesia.Batam.Kesehatan.202408050759.db,places,1.1471799,104.0177551,390717.11100469576,126816.77300091543,0,992.1532150947195,51,134,1,0.0,5.0,3.4011973816621555,0
2391,Masjid Al ikhlas teluk bakau batu besar Nongsa batam,mosque,Healthcare,Indonesia.Batam.Kesehatan.202408050759.db,places,1.1166865,104.1348134,403740.8750264619,123441.73189004548,-1,0.0,3,5,0,168.2256189466605,4.3,2.4849066497880004,0
2402,Puskesmas Pembantu,public medical center,Healthcare,Indonesia.Batam.Kesehatan.202408050759.db,places,1.1047238,103.98203,386740.3452887246,122124.724253856,3,1109.636542011252,8,37,0,276.0241243018057,4.5,1.0986122886681098,0
2411,Embung Fatimah,general hospital,Healthcare,Indonesia.Batam.Kesehatan.202408050759.db,places,1.1151937,104.1345196,403708.136308933,123276.72269259107,-1,0.0,4,5,0,168.2256189466605,5.0,0.6931471805599453,0
2414,Klinik Husadatama Medical,medical clinic,Healthcare,Indonesia.Batam.Kesehatan.202408050759.db,places,1.142849,104.0150029,390410.71114027064,126338.11060265996,0,988.2536667777143,35,125,2,1.8641426007341715,3.2,4.852030263919617,0
2422,Labatu baby  kids and mom spa,spa and health club,Healthcare,Indonesia.Batam.Kesehatan.202408050759.db,places,1.1011245,104.0371199,392870.1328943035,121724.7922991958,14,266.19856834345313,21,31,0,0.0,4.6,3.912023005428146,0
2425,BP Batam Hospital (Rumah Sakit BP Batam),government hospital,Healthcare,Indonesia.Batam.Kesehatan.202408050759.db,places,1.1298738,103.9315451,381123.75133047474,124907.02404731805,-1,0.0,2,2,1,0.0,4.0,6.008813185442595,0
2428,AGEN ERTO'S BATAM,health and beauty shop,Healthcare,Indonesia.Batam.Kesehatan.202408050759.db,places,1.1009179,104.0346969,392600.51732498955,121702.04063446893,14,40.20221202558057,22,42,0,86.07614198884151,4.5,2.6390573296152584,0
2431,Dennis Cu Autism Centre,mental health clinic,Healthcare,Indonesia.Batam.Kesehatan.202408050759.db,places,1.1089297,104.0439086,393625.7909166466,122587.38236958995,-1,0.0,3,10,0,82.89449085336166,5.0,1.6094379124341003,0
2432,Jual Minoxidil Batam Original,health and beauty shop,Healthcare,Indonesia.Batam.Kesehatan.202408050759.db,places,1.1101985,104.0316138,392257.7938530181,122728.08826170406,13,543.8588077121436,7,28,0,265.9077897774645,5.0,0.6931471805599453,0
2433,Antar Mitra Sembada  PT,pharmacy,Healthcare,Indonesia.Batam.Kesehatan.202408050759.db,places,1.109089,104.038311,393002.95203789824,122605.19412127699,-1,0.0,2,23,1,104.33128642683732,3.0,0.6931471805599453,0
2440,APOTEK TRIDI FARMA,fertility physician,Healthcare,Indonesia.Batam.Kesehatan.202408050759.db,places,1.1023373,104.0354007,392678.8802491282,121858.92459050451,14,207.0509930338389,22,42,0,6.827545659387291,4.5,1.0986122886681098,0
2441,Cv  Guna Alkes Medika,medical equipment supplier,Healthcare,Indonesia.Batam.Kesehatan.202408050759.db,places,1.1470231,104.0098648,389839.15614896896,126799.74178986016,0,1690.271500038452,40,105,0,159.62146767013616,5.0,0.6931471805599453,0
2445,Terapi Prana- GMCKS Pranic Healing Batam Centre,alternative medicine practitioner,Healthcare,Indonesia.Batam.Kesehatan.202408050759.db,places,1.114517,104.0400888,393200.96291183017,123205.17397877452,0,3397.6991677888013,4,24,0,171.48588784307992,5.0,0.6931471805599453,0
2447,Akupresur Ny  Yuli Susianti - Batam,cancer treatment center,Healthcare,Indonesia.Batam.Kesehatan.202408050759.db,places,1.115844,104.041934,393406.3255640249,123351.80169010466,0,3395.1771551032093,9,23,0,151.64799835782676,5.0,1.0986122886681098,0
2453,BPJS Ketenagakerjaan Batam Nagoya,social security office,Healthcare,Indonesia.Batam.Kesehatan.202408050759.db,places,1.1507297,104.0080726,389639.8810952526,127209.5649353986,0,2067.97291911939,10,73,0,55.24515110448625,3.8,5.556828061699537,0
2454,Japan Medical Supply Batam  PT,medical supply store,Healthcare,Indonesia.Batam.Kesehatan.202408050759.db,places,1.0598261,104.0319895,392297.8164147208,117159.59133040904,-1,0.0,2,2,0,244.45150829098822,5.0,0.6931471805599453,0
2456,dr Harendy,general practitioner,Healthcare,Indonesia.Batam.Kesehatan.202408050759.db,places,1.1100011,104.0385519,393029.7897516264,122706.01452818613,-1,0.0,2,18,0,104.33128642683732,3.0,1.6094379124341003,0
2457,Key Beauty Batam,beauty salon,Healthcare,Indonesia.Batam.Kesehatan.202408050759.db,places,1.1071709,104.0452976,393780.28204596194,122392.90436135592,-1,0.0,2,10,0,166.61163729228429,5.0,0.6931471805599453,0
2458,Rumah Sakit Soedarsono Darmosoewito,general hospital,Healthcare,Indonesia.Batam.Kesehatan.202408050759.db,places,1.1204674,104.1407638,404403.0784351042,123859.48963254769,-1,0.0,0,4,0,619.2850624397602,4.2,4.795790545596741,0
2459,Chara Beauty Art,medical office,Healthcare,Indonesia.Batam.Kesehatan.202408050759.db,places,1.1020331,104.0342487,392550.68585699244,121825.33796536189,14,172.9788492599893,22,47,0,62.956896584517146,5.0,0.6931471805599453,0
2460,Spa batam refleksi pijat traditional thai massage couple harga promo murah,spa,Healthcare,Indonesia.Batam.Kesehatan.202408050759.db,places,1.1022252,104.0362523,392773.6340739267,121846.50168280076,14,244.9049520305278,21,39,0,85.87707195843613,4.2,1.9459101490553132,0
2466,RSKI Galang,hospital,Healthcare,Indonesia.Batam.Kesehatan.202408050759.db,places,0.7470488,104.2039423,411423.31979714974,82579.4084771049,-1,0.0,0,0,0,2724.0120962577644,3.8,2.3978952727983707,0
2467,Galang Baru (Galang),indonesia,Healthcare,Indonesia.Batam.Kesehatan.202408050759.db,places,0.6610442,104.2570364,417329.8865730928,73071.4626138173,-1,0.0,1,1,0,83.54867616838509,0.0,0.0,0
2470,Pantai Elyora,beach,Healthcare,Indonesia.Batam.Kesehatan.202408050759.db,places,0.6232613,104.285354,420480.39089315693,68894.52223022762,-1,0.0,0,0,0,3802.140951964369,4.5,6.873163834212518,0
2478,Klinik Advent Batam,medical clinic,Healthcare,Indonesia.Batam.Kesehatan.202408050759.db,places,1.115508,103.977806,386270.7438025449,123317.05907974817,3,454.81381451449755,34,65,1,79.68527447739774,5.0,3.871201010907891,0
2480,Rumah Sakit St  Elisabeth Sei Lekop,medical center,Healthcare,Indonesia.Batam.Kesehatan.202408050759.db,places,1.0236441,103.946014,382729.68441952835,113162.8217431085,-1,0.0,1,2,0,273.1280302690396,4.4,4.330733340286331,0
2488,Pulau Air Raja,recreation center,Healthcare,Indonesia.Batam.Kesehatan.202408050759.db,places,0.9696055,104.1539761,405868.66969904286,107182.4042333967,-1,0.0,0,1,0,806.1724082636362,4.7,4.2626798770413155,0
2489,Naraya Medical Centre Batam,medical clinic,Healthcare,Indonesia.Batam.Kesehatan.202408050759.db,places,1.1274538,104.0351287,392649.52456999733,124635.46889789912,0,1922.3417104409002,18,69,1,105.5685165169056,5.0,1.3862943611198906,0
2494,PT ANUGRAH ARGON MEDIKA (AAM ),medical group,Healthcare,Indonesia.Batam.Kesehatan.202408050759.db,places,1.1052042,104.0677896,396282.88740948157,122174.69880014387,-1,0.0,2,14,0,282.2714005236176,5.0,1.6094379124341003,0
2496,Air Raja (Galang),indonesia,Healthcare,Indonesia.Batam.Kesehatan.202408050759.db,places,0.9684532,104.1611302,406664.6837238315,107054.82827882297,-1,0.0,0,1,0,806.1724082636362,0.0,0.0,0
2509,Klinik Pratama Yonif 10 Marinir,medical clinic,Healthcare,Indonesia.Batam.Kesehatan.202408050759.db,places,0.9526335,104.0683693,396342.4651723285,105308.73424482738,-1,0.0,0,0,0,4770.553401565072,5.0,1.3862943611198906,0
2512,Serra Clinic | Klinik Gigi Batam,medical clinic,Healthcare,Indonesia.Batam.Kesehatan.202408050759.db,places,1.105881,104.0892259,398668.10340013204,122248.77533739385,11,468.9747514584058,17,28,0,66.02757524869467,4.9,3.8066624897703196,0
2514,Puskesmas Belakang Padang,public medical center,Healthcare,Indonesia.Batam.Kesehatan.202408050759.db,places,1.1560745,103.8890621,376397.6303677019,127805.32095305978,-1,0.0,0,0,0,4650.7801620942455,4.2,2.9444389791664403,0
2516,Klinik Casa Medical Centre,medical clinic,Healthcare,Indonesia.Batam.Kesehatan.202408050759.db,places,1.073769,104.025296,391553.5045668881,118701.16402407172,7,265.282595799029,12,19,0,64.79288184228768,4.2,4.465908118654584,0
2517,TEMPAT RUQYAH CRS BATAM 1,mental health clinic,Healthcare,Indonesia.Batam.Kesehatan.202408050759.db,places,1.036575,104.0778644,397401.6186925077,114587.7451387865,-1,0.0,1,2,0,428.5787495706906,5.0,4.51085950651685,0
2519,Pemakaman Air Raja  Tanjung Sengkuang,cemetery,Healthcare,Indonesia.Batam.Kesehatan.202408050759.db,places,1.1750407,104.0206267,391037.69857721205,129896.58428613447,-1,0.0,1,13,0,367.7125929712981,5.0,0.6931471805599453,0
2530,Puskesmas Pembantu Tanki Seribu,public medical center,Healthcare,Indonesia.Batam.Kesehatan.202408050759.db,places,1.155384,104.013931,390291.9196397668,127723.85767597612,0,1976.412615815948,5,63,0,122.32023055925133,4.3,1.3862943611198906,0
2536,Taman Raya Polyclinic (Puskesmas Pembantu Taman Raya),public medical center,Healthcare,Indonesia.Batam.Kesehatan.202408050759.db,places,1.1194013,104.0949194,399302.06868879485,123743.1741999676,11,1176.7775055668073,7,23,1,0.0,3.2,1.791759469228055,0
2538,Klinik Tanjung Piayu,medical clinic,Healthcare,Indonesia.Batam.Kesehatan.202408050759.db,places,1.0281423,104.0617157,395604.4514731822,113656.07743069596,6,680.4819567105856,20,34,3,21.994413530216804,4.5,4.276666119016055,0
2540,Poliklinik Desa Tj  Piayu,medical clinic,Healthcare,Indonesia.Batam.Kesehatan.202408050759.db,places,0.9849271,104.0968083,399507.9391070786,108877.76135674486,-1,0.0,0,0,0,3343.066001050332,4.5,1.0986122886681098,0
2543,toko kecantikan dan kesehatan,herb shop,Healthcare,Indonesia.Batam.Kesehatan.202408050759.db,places,1.029833,104.0545356,394805.56066538,113843.21247212742,6,141.33460214557067,18,47,0,157.61459549191792,4.5,1.0986122886681098,0
2544,klinik alam sehat piayu,doctor,Healthcare,Indonesia.Batam.Kesehatan.202408050759.db,places,1.0495738,104.0435636,393585.3395495588,116025.84133631497,-1,0.0,0,0,0,1376.7404892186619,2.8,2.772588722239781,0
2546,Clinical Partner Hermine (Klinik Mitra Hermine),medical clinic,Healthcare,Indonesia.Batam.Kesehatan.202408050759.db,places,1.0279588,104.0617921,395612.946707351,113635.78986743778,6,694.0522891442475,20,34,3,0.0,3.0,4.290459441148391,0
2548,Klinik Kimia Farma Lorenzo,medical clinic,Healthcare,Indonesia.Batam.Kesehatan.202408050759.db,places,1.0250757,104.0641113,395870.9157934837,113317.00116435968,6,1056.695350187883,10,24,3,168.6838684675729,4.1,4.394449154672439,0
2549,Posyandu Dahlia FasUm Blok C,pharmacy,Healthcare,Indonesia.Batam.Kesehatan.202408050759.db,places,1.0386144,104.0745887,397037.1928299695,114813.29676324727,-1,0.0,2,2,0,402.6579702975847,3.5,1.0986122886681098,0
2550,PMB  Bidan Melda Gurky,midwife,Healthcare,Indonesia.Batam.Kesehatan.202408050759.db,places,1.020942,104.0705695,396589.4009488485,112859.83187292048,-1,0.0,1,7,0,441.2967879144111,5.0,2.1972245773362196,0
2554,Baitussyifa Rumah Ruqyah & Kesehatan,alternative medicine practitioner,Healthcare,Indonesia.Batam.Kesehatan.202408050759.db,places,1.0256997,104.0658182,396060.8664080831,113385.92590327398,6,1199.2961197524683,5,25,0,143.51228556840425,5.0,1.0986122886681098,0
2560,Stokist Sari Uncariae Batam,herbal medicine store,Healthcare,Indonesia.Batam.Kesehatan.202408050759.db,places,1.0368244,104.0714371,396686.4516290334,114615.52403759967,-1,0.0,1,3,0,402.6579702975847,5.0,0.6931471805599453,0
2561,Kangen Water Piayu,medical office,Healthcare,Indonesia.Batam.Kesehatan.202408050759.db,places,1.0340024,104.0482705,394108.56551999215,114304.32938052819,6,963.4140701536434,11,28,1,72.35564145910547,5.0,1.3862943611198906,0
2562,Apotek Azzam Farma Piayu,pharmacy,Healthcare,Indonesia.Batam.Kesehatan.202408050759.db,places,1.0376389,104.0573039,395113.85195384576,114706.0280520378,-1,0.0,2,20,0,238.62488873960157,5.0,1.6094379124341003,0
2563,POSYANDU ANGGREK 2,public medical center,Healthcare,Indonesia.Batam.Kesehatan.202408050759.db,places,1.0406835,104.0529872,394633.6247529642,115042.73865031892,-1,0.0,2,15,0,188.16398815663277,5.0,0.6931471805599453,0
2566,Distributor british Propolis Batam,health and beauty shop,Healthcare,Indonesia.Batam.Kesehatan.202408050759.db,places,1.0143937,104.0718592,396732.7003232971,112135.9086706566,-1,0.0,1,5,0,97.70576830784339,5.0,2.3978952727983707,0
2572,Kantor Lurah Batu Merah,government office,Healthcare,Indonesia.Batam.Kesehatan.202408050759.db,places,1.1851879,104.0131967,390211.37382879626,131018.61781358586,1,152.730735848346,10,14,0,5.4413314009464875,4.1,2.3978952727983707,0
2574,Klinik McDermott,medical office,Healthcare,Indonesia.Batam.Kesehatan.202408050759.db,places,1.1802202,104.0057885,389386.88121829403,130469.74697172163,-1,0.0,2,9,0,26.46486529515585,4.4,2.3978952727983707,0
2576,Batu Merah  Batu Ampar,bakery,Healthcare,Indonesia.Batam.Kesehatan.202408050759.db,places,1.1868203,104.0117156,390046.63931476604,131199.13359692675,1,394.6094830600288,6,12,0,168.35476568126398,4.0,1.0986122886681098,0
2577,Midwives Yanti  Amd keb (Bidan Yanti  Amd keb),midwife,Healthcare,Indonesia.Batam.Kesehatan.202408050759.db,places,1.186611,104.0102169,389879.87379543605,131176.0557137874,1,518.3945920403545,6,13,0,90.4261376585305,5.0,1.791759469228055,0
2578,PADEPOKAN CAKMU ALKHER BATAM,hospital,Healthcare,Indonesia.Batam.Kesehatan.202408050759.db,places,1.18425,104.013135,390204.47167130216,130914.9382147284,1,134.0900327686306,10,15,0,44.55446905855618,5.0,0.6931471805599453,0
2579,PT  McDermott Indonesia,corporate office,Healthcare,Indonesia.Batam.Kesehatan.202408050759.db,places,1.180128,104.005569,389362.4541676447,130459.56324491525,-1,0.0,2,5,0,26.46486529515585,4.6,6.385194398997726,0
2583,Balai Pengobatan,medical office,Healthcare,Indonesia.Batam.Kesehatan.202408050759.db,places,1.0644428,104.1183627,401908.7638782555,117667.0683341259,-1,0.0,3,12,0,290.23348146260616,4.5,1.0986122886681098,0
2584,Alam Sehat Kabil,walk-in clinic,Healthcare,Indonesia.Batam.Kesehatan.202408050759.db,places,1.108155,104.093353,399127.396289655,122500.01268687971,11,448.5653892507073,5,27,0,171.95048091528906,1.0,1.0986122886681098,0
2585,Podyandu RW 19 Kabil,public health department,Healthcare,Indonesia.Batam.Kesehatan.202408050759.db,places,1.0696416,104.1162511,401673.9729790003,118241.82996190364,-1,0.0,3,14,1,360.64443267367494,4.0,0.6931471805599453,0
2587,Posyandu Rw 20 Kabil,public health department,Healthcare,Indonesia.Batam.Kesehatan.202408050759.db,places,1.0636383,104.1149459,401528.5537877908,117578.24482607716,-1,0.0,6,9,0,285.3478118001455,5.0,0.6931471805599453,0
2588,Puskesmas Tanjung Piayu Batam,public medical center,Healthcare,Indonesia.Batam.Kesehatan.202408050759.db,places,1.0273714,104.0644054,395903.7151745193,113570.77028576822,6,991.6152649735811,16,26,0,24.280596972532443,2.6,2.70805020110221,0
2593,Bidan Rik Yusman,hospital,Healthcare,Indonesia.Batam.Kesehatan.202408050759.db,places,1.0612805,104.1183124,401903.06724904804,117317.49792266378,-1,0.0,5,8,1,87.54760903390243,5.0,0.6931471805599453,0
2600,Posyandu RW 17,public health department,Healthcare,Indonesia.Batam.Kesehatan.202408050759.db,places,1.0718035,104.1191476,401996.3322250577,118480.72146408893,-1,0.0,5,9,1,168.3641610736263,5.0,1.0986122886681098,0
2603,Puskesmas Pembantu Telaga Punggur,public medical center,Healthcare,Indonesia.Batam.Kesehatan.202408050759.db,places,1.0361355,104.1315464,403374.8307961146,114537.47274698327,-1,0.0,0,0,0,3145.572748465902,3.0,0.6931471805599453,0
2604,Distributor resmi k-link batam,herbalist,Healthcare,Indonesia.Batam.Kesehatan.202408050759.db,places,1.1160197,104.0404714,393243.58887296077,123371.27767279431,0,3283.637998940184,7,24,0,163.89796984781054,5.0,3.5263605246161616,0
2606,Klinik Alam Sehat Kabil,medical clinic,Healthcare,Indonesia.Batam.Kesehatan.202408050759.db,places,1.0706816,104.1240838,402545.54172279686,118356.54527274263,-1,0.0,2,9,0,391.923085862214,1.6,3.8918202981106265,0
2607,LABKESMAS BATAM (ex BTKLPP BATAM),government office,Healthcare,Indonesia.Batam.Kesehatan.202408050759.db,places,1.0232416,103.9354891,381558.496090207,113118.71238742594,-1,0.0,0,0,0,1082.2318309850116,4.6,2.70805020110221,0
2613,Apotek Kimia Farma Simpang Kara,pharmacy,Healthcare,Indonesia.Batam.Kesehatan.202408050759.db,places,1.1103961,104.0409899,393301.0800297196,122749.59213373816,-1,0.0,5,12,1,274.76794335140397,4.3,4.343805421853684,0
2616,Pos Yandu Nusa Indah 9,hospital,Healthcare,Indonesia.Batam.Kesehatan.202408050759.db,places,1.060847,104.115257,401563.0813194388,117269.67430951157,-1,0.0,5,7,1,66.50489790432457,1.0,0.6931471805599453,0
2619,MEDENS MEDICAL CENTRE,medical center,Healthcare,Indonesia.Batam.Kesehatan.202408050759.db,places,1.1124011,104.0325742,392364.7374835855,122971.54259529745,-1,0.0,1,24,0,265.9077897774645,3.9,3.7376696182833684,0
2620,Puskesmas Pembantu Sei  Binti,public medical center,Healthcare,Indonesia.Batam.Kesehatan.202408050759.db,places,1.0343401,103.9379962,381837.8860612413,114345.55365333351,-1,0.0,0,1,0,776.1711101977713,5.0,1.0986122886681098,0
2621,Puskesmas Sei Langkai,public medical center,Healthcare,Indonesia.Batam.Kesehatan.202408050759.db,places,1.037154,103.964269,384761.51223940746,114655.66009406035,-1,0.0,0,7,0,623.8242788709263,4.4,5.147494476813453,0
2625,Puskesmas Sei Lekop,public medical center,Healthcare,Indonesia.Batam.Kesehatan.202408050759.db,places,1.0363161,103.954056,383625.02673041227,114563.40486636336,-1,0.0,4,10,0,98.46403711488863,3.8,4.983606621708336,0
2629,Klinik Hanika dan Apotek Hanika Farma Sagulung (Praktik Dokter & Bidan  Mom & Baby Care),medical clinic,Healthcare,Indonesia.Batam.Kesehatan.202408050759.db,places,1.0355848,103.9569683,383949.06771557545,114482.45364233012,-1,0.0,6,11,0,90.83610160711844,5.0,5.8916442118257715,0
2633,Apotek Dapur 12,pharmacy,Healthcare,Indonesia.Batam.Kesehatan.202408050759.db,places,1.0334165,103.9600688,384293.9985483791,114242.63748013966,-1,0.0,4,10,0,174.91513728696293,5.0,0.6931471805599453,0
2635,Praktik dr  Andi Eka Putra,hospital,Healthcare,Indonesia.Batam.Kesehatan.202408050759.db,places,1.0348089,103.9588423,384157.56970067485,114396.6102955479,-1,0.0,4,11,0,205.71936800080718,5.0,2.5649493574615367,0
2639,puskesmas,hospital,Healthcare,Indonesia.Batam.Kesehatan.202408050759.db,places,1.0323626,103.944689,382582.5618693769,114126.69403375228,-1,0.0,0,3,0,776.1711101977713,2.0,1.0986122886681098,0
2640,Rumah sehat Bekam & Ruqiah Pak Didik,health consultant,Healthcare,Indonesia.Batam.Kesehatan.202408050759.db,places,1.0348515,103.9566,383908.05828689144,114401.40165830635,-1,0.0,6,11,1,90.83610160711844,5.0,0.6931471805599453,0
2642,Pharmed Batam,medical supply store,Healthcare,Indonesia.Batam.Kesehatan.202408050759.db,places,1.049499,103.967941,385170.56199502817,116020.2473196883,4,659.7685323749777,31,72,0,6.621700689971457,4.8,1.9459101490553132,0
2643,Sei Temiang Cemetery (Pemakaman Sei Temiang),cemetery,Healthcare,Indonesia.Batam.Kesehatan.202408050759.db,places,1.0667769,103.9664249,385002.4949256761,117930.34930259845,-1,0.0,1,1,1,153.39175884692943,4.4,3.4339872044851463,0
2645,Puskesmas Pembantu Kavling Mangsang,medical clinic,Healthcare,Indonesia.Batam.Kesehatan.202408050759.db,places,1.0297794,104.0510688,394419.79972150316,113837.40185412159,6,526.3751792342852,17,35,0,148.24251644535107,5.0,0.6931471805599453,0
2647,TPU Muslim Sei Temiang,cemetery,Healthcare,Indonesia.Batam.Kesehatan.202408050759.db,places,1.0666392,103.9677966,385155.1243591302,117915.07554321755,-1,0.0,1,2,1,153.39175884692943,4.4,2.1972245773362196,0
2650,Posyandu Edelweis,public health department,Healthcare,Indonesia.Batam.Kesehatan.202408050759.db,places,1.0402632,103.9591327,384190.0824488623,114999.56580520495,-1,0.0,0,19,0,570.5200177508506,4.0,1.0986122886681098,0
2651,Klinik Medilab Occupational Health Clinic,medical clinic,Healthcare,Indonesia.Batam.Kesehatan.202408050759.db,places,1.0931048,104.0346693,392597.1676327032,120838.33282703448,-1,0.0,4,23,0,9.693081192952997,4.7,6.415096959171596,0
2652,Puskesmas Sei Pancur,hospital,Healthcare,Indonesia.Batam.Kesehatan.202408050759.db,places,1.0275763,104.0643268,395894.9758194,113593.42356503285,6,977.4915721151202,16,25,0,24.280596972532443,3.0,3.871201010907891,0
2655,Kelurahan Sei Pelungut,city clerk's office,Healthcare,Indonesia.Batam.Kesehatan.202408050759.db,places,1.028628,103.9587596,384148.1436099116,113713.32241413833,-1,0.0,3,8,0,52.568842775602185,2.7,2.3978952727983707,0
2657,Puskesmas Batu Aji,public medical center,Healthcare,Indonesia.Batam.Kesehatan.202408050759.db,places,1.0547393,103.9781789,386309.96792572463,116599.1785291033,4,805.9819092835559,19,55,0,202.13869206363623,3.9,4.770684624465665,0
2661,Klinik Cahaya Kasih,medical center,Healthcare,Indonesia.Batam.Kesehatan.202408050759.db,places,1.13165,104.033051,392418.494333124,125099.42003258296,0,1430.2573680902942,30,78,3,96.7843773632197,4.8,3.4657359027997265,0
2664,Ajwah Medical,medical center,Healthcare,Indonesia.Batam.Kesehatan.202408050759.db,places,1.1309135,104.0325807,392366.1372130867,125018.02010824034,0,1449.3138870340522,30,74,3,96.7843773632197,4.5,3.258096538021482,0
2665,Puskesmas galang,public medical center,Healthcare,Indonesia.Batam.Kesehatan.202408050759.db,places,0.8457238,104.2593493,417590.7291598,93485.82100453586,-1,0.0,0,0,0,6272.315344224793,4.9,3.8066624897703196,0
2666,Klinik Budi Rosari Sei Panas,medical clinic,Healthcare,Indonesia.Batam.Kesehatan.202408050759.db,places,1.1385352,104.0279478,391850.9200158209,125860.74447089648,0,530.7553188802509,23,91,1,20.451354757527845,3.0,3.367295829986474,0
2667,Puskesmas Rempang Cate,public medical center,Healthcare,Indonesia.Batam.Kesehatan.202408050759.db,places,0.912162,104.120804,402175.9493849302,100833.3425626033,-1,0.0,0,0,0,3911.2945256088624,4.8,3.9318256327243257,0
2668,Bidan suherlina,medical clinic,Healthcare,Indonesia.Batam.Kesehatan.202408050759.db,places,1.1368859,104.0330874,392422.7379151695,125678.22813710105,0,1130.169262009982,15,97,0,85.84422950854002,4.6,2.3978952727983707,0
2669,Klinik Hadi Rajo,alternative medicine practitioner,Healthcare,Indonesia.Batam.Kesehatan.202408050759.db,places,-2.44565,117.8888,1945181.7504626135,-277346.30088331114,-1,0.0,3,3,0,0.0,4.6,3.1780538303479458,0
2670,Propolis Glucogen Fucosan Biocell Moment Batam,vitamin & supplements store,Healthcare,Indonesia.Batam.Kesehatan.202408050759.db,places,-2.021847,104.6961085,466205.2366096538,-223478.93530783796,-1,0.0,0,0,0,295927.35626933933,5.0,1.0986122886681098,0
2671,Klinik Utama Gatsu Medika,medical clinic,Healthcare,Indonesia.Batam.Kesehatan.202408050759.db,places,1.1281281,104.0344071,392569.25726481556,124710.03686399256,0,1813.21459409952,22,72,1,3.9167936726916137,5.0,1.6094379124341003,0
2672,Yayasan Sosialisasi Kanker Indonesia Batam Kanwil KEPRI,health consultant,Healthcare,Indonesia.Batam.Kesehatan.202408050759.db,places,-2.44565,117.8888,1945181.7504626135,-277346.30088331114,-1,0.0,3,3,1,0.0,5.0,0.6931471805599453,0
2675,Klinik Pratama Fitri Medica,medical clinic,Healthcare,Indonesia.Batam.Kesehatan.202408050759.db,places,1.1301392,104.0293325,392004.68319993187,124932.54466179296,0,1299.4905572338025,24,64,0,78.56988284839682,5.0,2.70805020110221,0
2679,Apotek Gatsu Medika,pharmacy,Healthcare,Indonesia.Batam.Kesehatan.202408050759.db,places,1.1281589,104.0343897,392567.32230654074,124713.44233153008,0,1809.387339262941,22,72,4,3.9167936726916137,5.0,1.0986122886681098,0
2682,Apotek Naomi Farma,pharmacy,Healthcare,Indonesia.Batam.Kesehatan.202408050759.db,places,1.1422301,104.0277135,391824.98759226524,126269.2115123407,0,510.5412401831703,25,111,2,31.031179181254142,3.8,1.791759469228055,0
2683,Laboratorium Klinik Gatot Subroto Batam,medical laboratory,Healthcare,Indonesia.Batam.Kesehatan.202408050759.db,places,1.1281157,104.0344448,392573.45166758756,124708.66469831509,0,1817.0371171286126,22,73,0,4.413145506349253,4.1,3.258096538021482,0
2686,Apotik Medika Farma,pharmacy,Healthcare,Indonesia.Batam.Kesehatan.202408050759.db,places,1.1278487,104.033711,392491.7923487916,124679.1759417537,0,1786.2134351561222,17,70,4,32.38507576341159,5.0,1.0986122886681098,0
2687,Apotek Mitra,pharmacy,Healthcare,Indonesia.Batam.Kesehatan.202408050759.db,places,1.1378501,104.0289151,391958.5252453924,125784.97282604042,0,659.6276306205683,23,78,4,33.432397510898205,4.7,2.0794415416798357,0
2690,Klinik Umum Casa Medical Bengkong,medical clinic,Healthcare,Indonesia.Batam.Kesehatan.202408050759.db,places,1.1383368,104.027238,391771.9336951811,125838.83867944272,0,468.48129909009253,22,92,1,77.61600351962124,4.1,5.41610040220442,0
2691,Apotek Yanda Farma Sei Panas,pharmacy,Healthcare,Indonesia.Batam.Kesehatan.202408050759.db,places,1.1389491,104.0268323,391726.8145935474,125906.54154703309,0,398.5599211157923,22,94,5,53.92786493510826,5.0,1.6094379124341003,0
2693,Alfamart sei pelunggut,convenience store,Healthcare,Indonesia.Batam.Kesehatan.202408050759.db,places,1.0325765,103.9587367,384145.7380957814,114149.8250701524,-1,0.0,6,12,0,174.91513728696293,3.5,1.0986122886681098,0
2696,Workout,wellness program,Healthcare,Indonesia.Batam.Kesehatan.202408050759.db,places,1.01312,104.010444,389898.7839360147,111997.12984955497,-1,0.0,0,0,0,1180.9222083890459,2.9,2.0794415416798357,0
2697,IIS SALON,beauty salon,Healthcare,Indonesia.Batam.Kesehatan.202408050759.db,places,1.028673,103.9592299,384200.4781607273,113718.28003672235,-1,0.0,3,7,0,52.568842775602185,5.0,0.6931471805599453,0
2698,Balai Pengobatan Nuruddinyah,walk-in clinic,Healthcare,Indonesia.Batam.Kesehatan.202408050759.db,places,1.13696,104.024368,391452.5392617152,125686.74599415506,0,385.09952839383334,11,71,0,77.17314635886808,4.0,1.0986122886681098,0
2699,Narra Farma,pharmacy,Healthcare,Indonesia.Batam.Kesehatan.202408050759.db,places,1.1345597,104.0334593,392464.0329162966,125421.0614687757,0,1276.5192032768389,19,84,2,15.250294741837111,5.0,1.791759469228055,0
2700,Pondok Terapi Abu Fadhel,physical therapist,Healthcare,Indonesia.Batam.Kesehatan.202408050759.db,places,0.837166,104.053115,394641.7521034941,92544.78357119006,5,0.0,12,12,0,0.0,5.0,0.6931471805599453,0
2702,Bidan Fitri Andriani Amd Keb,maternity hospital,Healthcare,Indonesia.Batam.Kesehatan.202408050759.db,places,1.1333036,104.0322095,392324.9221998554,125282.25069069337,0,1240.2384661175286,30,76,0,91.78115951135945,4.1,2.833213344056216,0
2703,Depot Kangen Water & Machines and Fitness,health consultant,Healthcare,Indonesia.Batam.Kesehatan.202408050759.db,places,-8.4554714,115.071577,1614152.00454947,-949162.805555826,-1,0.0,0,0,0,748944.6632627244,5.0,1.0986122886681098,0
2704,Apotek Mikha Farma Batam,pharmacy,Healthcare,Indonesia.Batam.Kesehatan.202408050759.db,places,0.837166,104.053115,394641.7521034941,92544.78357119006,5,0.0,12,12,0,0.0,5.0,1.0986122886681098,0
2705,Apotek Kimia Farma 218 Sei Panas Batam,pharmacy,Healthcare,Indonesia.Batam.Kesehatan.202408050759.db,places,1.142976,104.0277615,391830.3564134926,126351.66633753842,0,554.0094421389858,35,116,2,51.632375343749125,4.3,3.6375861597263857,0
2709,House SPA Batam,massage therapist,Healthcare,Indonesia.Batam.Kesehatan.202408050759.db,places,1.8590169,102.9865955,276029.30531581235,205605.6473802819,-1,0.0,0,0,0,109609.42711228575,5.0,2.9444389791664403,0
2710,Dokter Praktek Spesialis Kandungan Dan Kebidanan,doctor,Healthcare,Indonesia.Batam.Kesehatan.202408050759.db,places,1.1386997,104.0278637,391841.5684035669,125878.9325235594,0,515.4228112445561,23,93,0,4.437284681957514,3.7,1.9459101490553132,0
2711,Dr  Meman W SPOG,women's health clinic,Healthcare,Indonesia.Batam.Kesehatan.202408050759.db,places,1.1387139,104.0278264,391837.41859003523,125880.50368332249,0,510.9855379936476,23,94,0,4.437284681957514,4.7,3.6888794541139363,0
2712,Base King Mehmed Aidil,support group,Healthcare,Indonesia.Batam.Kesehatan.202408050759.db,places,1.0568264,104.0197195,390932.40130092023,116828.41378879081,-1,0.0,0,6,0,542.1799061888505,5.0,0.6931471805599453,0
2713,ZUNA DENTAL CARE,dental clinic,Healthcare,Indonesia.Batam.Kesehatan.202408050759.db,places,1.1425107,104.0277212,391825.8548598504,126300.23056984274,0,524.7676407349853,33,113,1,31.031179181254142,5.0,1.0986122886681098,0
2714,Mandiri Inhealth Batam,insurance agency,Healthcare,Indonesia.Batam.Kesehatan.202408050759.db,places,1.1308444,104.0292445,391994.9175433769,125010.50528289657,0,1227.351802847938,27,66,0,78.56988284839682,4.5,1.0986122886681098,0
2717,Samar-samar,alternative medicine practitioner,Healthcare,Indonesia.Batam.Kesehatan.202408050759.db,places,1.137548,104.0289291,391960.0717754172,125751.5762177065,0,675.628045627204,22,77,0,33.432397510898205,5.0,0.6931471805599453,0
2718,TPU Sei Panas,cemetery,Healthcare,Indonesia.Batam.Kesehatan.202408050759.db,places,1.1335704,104.02661,391701.87909931655,125311.95327816757,0,823.1455345991309,20,62,0,180.92100003261362,4.6,4.3694478524670215,0
2719,Pelunggut River (Sungai Pelunggut),riau islands,Healthcare,Indonesia.Batam.Kesehatan.202408050759.db,places,1.0226772,103.9666115,385021.65528736694,113055.18644816313,-1,0.0,0,1,0,832.9213117846937,0.0,0.0,0
2722,Baba Parfume Batam,cosmetics store,Healthcare,Indonesia.Batam.Kesehatan.202408050759.db,places,1.0405246,103.9489388,383055.7617733259,115028.83933957732,-1,0.0,0,5,0,580.6414127270008,5.0,1.791759469228055,0
2725,Perum Pondok Pratiwi 3 (DrWSkincare Stokis Batam Original),housing authority,Healthcare,Indonesia.Batam.Kesehatan.202408050759.db,places,0.837166,104.053115,394641.7521034941,92544.78357119006,5,0.0,12,12,0,0.0,5.0,1.3862943611198906,0
2733,Dr Kalimah,general practitioner,Healthcare,Indonesia.Batam.Kesehatan.202408050759.db,places,1.1346098,104.033587,392478.2438452782,125426.59509210882,0,1286.103514092838,17,84,0,15.250294741837111,5.0,2.1972245773362196,0
2737,Bidan Jus Marlius Am d Keb,midwife,Healthcare,Indonesia.Batam.Kesehatan.202408050759.db,places,1.152386,104.0271113,391758.36307143164,127391.93360981984,0,1390.151183699006,51,117,3,14.565883099242612,5.0,0.6931471805599453,0
2741,Bidan Noviar,medical clinic,Healthcare,Indonesia.Batam.Kesehatan.202408050759.db,places,1.1804077,104.0206494,391040.4328243085,130489.88785497056,-1,0.0,6,16,0,221.26319900094765,1.0,0.6931471805599453,0
2743,Apotek Padma Kusuma,pharmacy,Healthcare,Indonesia.Batam.Kesehatan.202408050759.db,places,1.131785,104.0300452,392084.04577979574,125114.45545767042,0,1191.7273019752915,29,68,5,15.433243615106546,5.0,0.6931471805599453,0
2745,Tempat Alamat Harga Manfaat Jual Kacamata Terapi K Ion Nano Minus Plus Rabun Katarak Glukoma Murah,optometrist,Healthcare,Indonesia.Batam.Kesehatan.202408050759.db,places,-2.44565,117.8888,1945181.7504626135,-277346.30088331114,-1,0.0,3,3,0,0.0,5.0,3.1354942159291497,0
2748,Praktik dr Erlina P Sitorus SpDV  (Dokter Spesialis Kulit & Kelamin),dermatologist,Healthcare,Indonesia.Batam.Kesehatan.202408050759.db,places,1.1348831,104.028734,391938.26410709,125456.98826190339,0,836.3247770899209,31,69,0,33.21331374428326,4.3,3.784189633918261,0
2752,Zio Clinic,medical clinic,Healthcare,Indonesia.Batam.Kesehatan.202408050759.db,places,1.1605435,104.0180772,390753.46071232756,128294.0642640456,-1,0.0,4,29,0,147.534592941358,4.8,4.04305126783455,0
2753,Anugrah Pharmindo Lestari  PT,pharmacy,Healthcare,Indonesia.Batam.Kesehatan.202408050759.db,places,1.1347795,104.028419,391903.2104093279,125445.5474187049,0,820.9766991685161,31,70,7,36.87349481527053,5.0,0.6931471805599453,0
2756,Akupuntur Medis Dokter Zainah,acupuncture clinic,Healthcare,Indonesia.Batam.Kesehatan.202408050759.db,places,1.1297166,104.0306619,392152.5892894124,124885.77835892861,0,1417.4585206639472,32,65,0,128.09249276479872,5.0,2.1972245773362196,0
2757,Apotek Tri Berkat,pharmacy,Healthcare,Indonesia.Batam.Kesehatan.202408050759.db,places,1.1280639,104.0341334,392538.80046397273,124702.94990027328,0,1798.374467173875,20,72,4,21.219915923509706,4.7,1.9459101490553132,0
2759,Fitness One,gym,Healthcare,Indonesia.Batam.Kesehatan.202408050759.db,places,1.1394188,104.0269632,391741.39727384294,125958.4603302609,0,395.6153333548723,22,95,2,53.92786493510826,4.3,4.248495242049359,0
2760,RH Radiantz Batam,health and beauty shop,Healthcare,Indonesia.Batam.Kesehatan.202408050759.db,places,1.1254697,104.0250095,391523.49182583776,124416.50852352277,0,1652.0326627016543,4,30,0,219.6801975394027,5.0,1.791759469228055,0
2762,Budhe Urut Sujiyem,physical therapist,Healthcare,Indonesia.Batam.Kesehatan.202408050759.db,places,1.1831691,104.0222018,391213.2724608041,130795.0907604212,-1,0.0,5,12,0,58.74003922642067,5.0,0.6931471805599453,0
2766,Dr  H  Iman T  Rachman Sp A,pediatrician,Healthcare,Indonesia.Batam.Kesehatan.202408050759.db,places,1.1316496,104.0300114,392080.2798673887,125099.488730833,0,1201.3766679116832,28,67,0,1.2492241113254643,4.6,3.8918202981106265,0
2768,dr  Herni  K   SpS,neurologist,Healthcare,Indonesia.Batam.Kesehatan.202408050759.db,places,1.128074,104.0343274,392560.3871061895,124704.05925363972,0,1811.7772185904464,22,72,0,1.3551411066408319,5.0,1.0986122886681098,0
2774,Lapangan Volly Kampung Melayu Sei Panas,gym,Healthcare,Indonesia.Batam.Kesehatan.202408050759.db,places,1.1400032,104.0253612,391563.165756118,126023.12400075476,0,207.406556593525,19,96,2,189.5992199147155,4.7,2.0794415416798357,0
2775,Excelsior Gym,gym,Healthcare,Indonesia.Batam.Kesehatan.202408050759.db,places,1.1420879,104.028699,391934.63797691447,126253.45472597177,0,607.0464933480375,30,101,2,79.71860620672842,4.6,3.367295829986474,0
2776,Rumah Sehat RB,medical office,Healthcare,Indonesia.Batam.Kesehatan.202408050759.db,places,1.1246175,104.0479706,394078.33043990773,124321.45740080233,0,3227.6615447019394,8,39,0,55.483804545638755,5.0,0.6931471805599453,0
2777,CENTURY,pharmacy,Healthcare,Indonesia.Batam.Kesehatan.202408050759.db,places,1.129108,104.055672,394935.41842101514,124817.58396402934,0,3786.069073945416,12,22,2,7.804152268921016,4.9,4.605170185988092,0
2778,Jembatan 2 (Farmasi),pharmacy,Healthcare,Indonesia.Batam.Kesehatan.202408050759.db,places,1.137461,104.024851,391506.301101522,125742.11167937177,0,350.6171840063103,14,78,3,77.17314635886808,5.0,0.6931471805599453,0
2781,Apotek Gading Batam Centre & Gading Dermatology,pharmaceutical products wholesaler,Healthcare,Indonesia.Batam.Kesehatan.202408050759.db,places,1.1316999,104.0399303,393183.9505796849,125104.6820355953,0,2059.9209218828914,20,57,0,8.460635449677715,5.0,5.529429087511423,0
2784,Ar-Rajab Bekam Holistik Batam Center,alternative medicine practitioner,Healthcare,Indonesia.Batam.Kesehatan.202408050759.db,places,1.1146768,104.0522158,394550.33459407056,123222.40219632893,-1,0.0,2,11,0,56.92124808811889,5.0,4.189654742026425,0
2785,D`Griya Beauty Batam,beauty salon,Healthcare,Indonesia.Batam.Kesehatan.202408050759.db,places,1.1305296,104.0315679,392253.42940376,124975.61893802763,0,1405.8474924244183,35,76,0,120.41972229926203,4.4,2.302585092994046,0
2786,Mitra Raya Medika,medical clinic,Healthcare,Indonesia.Batam.Kesehatan.202408050759.db,places,1.1197869,104.042259,393442.6303484204,123787.66175665478,0,3083.1923615858186,13,33,0,34.43966919350397,5.0,1.0986122886681098,0
2789,HWI - Distribution Centre Batam,beauty product supplier,Healthcare,Indonesia.Batam.Kesehatan.202408050759.db,places,1.1339753,104.0337903,392500.8414581923,125356.44591419322,0,1341.263041215844,19,82,0,73.6991130994876,5.0,1.791759469228055,0
2790,Prodia Batam,medical laboratory,Healthcare,Indonesia.Batam.Kesehatan.202408050759.db,places,1.1310434,104.0392706,393110.52230664983,125032.13281697234,0,2030.9128475291864,19,60,0,0.9325895436177345,4.5,4.983606621708336,0
2793,Barbetro Barbershop Sei Panas,barber shop,Healthcare,Indonesia.Batam.Kesehatan.202408050759.db,places,1.1417473,104.0280675,391864.3588111191,126215.82634531765,0,528.6157950837367,26,105,0,66.33301540046091,4.9,6.480044561926653,0
2795,Elite Health Club,gym,Healthcare,Indonesia.Batam.Kesehatan.202408050759.db,places,1.1332484,104.0401382,393207.1401121099,125275.85499141962,0,2007.6301298340898,17,55,0,43.552771023069866,4.0,2.8903717578961645,0
2796,Optik Mitra,optician,Healthcare,Indonesia.Batam.Kesehatan.202408050759.db,places,1.1438117,104.0281077,391868.90904234024,126444.03699822605,0,638.0428362955385,34,117,1,23.274838247081135,5.0,0.6931471805599453,0
2797,Dinas Kesehatan Kota Batam,government office,Healthcare,Indonesia.Batam.Kesehatan.202408050759.db,places,1.1097571,103.9528113,383489.3011887801,122682.28051188744,-1,0.0,2,11,1,40.147690209229836,3.4,3.091042453358316,0
2803,KOORA Aesthetic Clinic Batam,skin care clinic,Healthcare,Indonesia.Batam.Kesehatan.202408050759.db,places,1.1254905,104.0272761,391775.6967389165,124418.72368322301,0,1693.6496256804026,4,39,1,29.72883410796563,4.8,4.605170185988092,0
2805,Praktek Umum Dokter Amat,doctor,Healthcare,Indonesia.Batam.Kesehatan.202408050759.db,places,1.128193,104.038445,393018.5542132697,124717.06252873054,0,2134.972372685735,26,65,0,47.085707672892504,5.0,0.6931471805599453,0
2806,Balai Optical,optician,Healthcare,Indonesia.Batam.Kesehatan.202408050759.db,places,1.1372602,104.0282584,391885.4327667298,125719.78606306575,0,626.8799378724866,25,78,0,81.12703341008437,5.0,1.0986122886681098,0
2808,RSIA Griya Medika,medical center,Healthcare,Indonesia.Batam.Kesehatan.202408050759.db,places,1.1286435,104.0310962,392200.8740922715,124767.13492457356,0,1543.0261892595174,24,60,3,128.09249276479872,4.7,7.05444965813294,0
2809,Gedung PMI Kota Batam,blood bank,Healthcare,Indonesia.Batam.Kesehatan.202408050759.db,places,1.1192754,104.0514795,394468.57102370786,123730.78405786588,-1,0.0,2,22,0,296.29517941388144,4.5,4.6913478822291435,0
2811,Skinderma Aesthetic Clinic,skin care clinic,Healthcare,Indonesia.Batam.Kesehatan.202408050759.db,places,1.1243397,104.0475553,394032.1103509972,124290.76284187147,0,3205.661009370934,8,37,0,55.483804545638755,5.0,3.2188758248682006,0
2812,Casa Medical Sekupang General and Dentist Clinic (Klinik Umum Dan Gigi Casa Medical Sekupang),medical clinic,Healthcare,Indonesia.Batam.Kesehatan.202408050759.db,places,1.1086368,103.963812,384713.3357552151,122558.00178821103,3,1345.6752684732458,26,50,5,0.0,3.9,4.787491742782046,0
2814,Apotek Jaya Farma,pharmacy,Healthcare,Indonesia.Batam.Kesehatan.202408050759.db,places,1.1303923,104.0386357,393039.8536742946,124960.17962276602,0,2008.7824600559813,17,63,0,75.73315247464348,4.0,2.302585092994046,0
2817,Ruby Dental Care,dentist,Healthcare,Indonesia.Batam.Kesehatan.202408050759.db,places,1.1378644,104.0297901,392055.8863526392,125786.52088338284,0,748.6347022561033,19,84,0,97.37341364999766,5.0,4.543294782270004,0
2818,Eudora Aesthetic Clinic - Batam Centre,health and beauty shop,Healthcare,Indonesia.Batam.Kesehatan.202408050759.db,places,1.1292062,104.0372111,392881.2960790462,124829.11331548529,0,1957.787189603263,26,66,0,129.99545150253965,4.6,5.017279836814924,0
2819,Apotek Kimia Farma 269 Batam Center (Apotek Kimia Farma Batam Centre),pharmacy,Healthcare,Indonesia.Batam.Kesehatan.202408050759.db,places,1.131914,104.049333,394230.1870139205,125128.0053034685,0,3018.649696902792,7,32,1,49.865220061887314,4.1,5.53338948872752,0
2821,Panas River (Sungai Panas),riau islands,Healthcare,Indonesia.Batam.Kesehatan.202408050759.db,places,1.1317206,104.0275509,391806.5039301447,125107.42919574496,0,1052.707889734213,20,66,0,0.0,0.0,0.0,0
2822,Erha Clinic Batam,skin care clinic,Healthcare,Indonesia.Batam.Kesehatan.202408050759.db,places,1.1264405,104.0328113,392391.63149856805,124523.53786547652,0,1851.4429484225695,15,63,0,185.0821620382847,4.7,5.683579767338681,0
2823,Apotek Pionsakti,pharmacy,Healthcare,Indonesia.Batam.Kesehatan.202408050759.db,places,1.114703,104.0527267,394607.1830378899,123225.2802024495,-1,0.0,2,11,0,56.92124808811889,5.0,2.4849066497880004,0
2824,Urut Tradisional Bude Astuti,massage therapist,Healthcare,Indonesia.Batam.Kesehatan.202408050759.db,places,1.1335211,104.0314018,392235.0580092473,125306.32456645547,0,1155.7690831743957,32,78,2,52.76146536141228,5.0,1.6094379124341003,0
2826,Klinik Medika,medical clinic,Healthcare,Indonesia.Batam.Kesehatan.202408050759.db,places,1.1096676,103.9575463,384016.17460897967,122672.20028408885,-1,0.0,4,37,0,252.17771066317604,2.8,3.367295829986474,0
2827,Lablink,occupational health service,Healthcare,Indonesia.Batam.Kesehatan.202408050759.db,places,1.1213117,104.049748,394275.98133533396,123955.95076338858,0,3596.7368110534953,8,33,0,269.9710982980762,5.0,0.6931471805599453,0
2828,Natural Wellness,cafe,Healthcare,Indonesia.Batam.Kesehatan.202408050759.db,places,1.1219196,104.0415188,393360.34581826045,124023.45019470465,0,2855.4889680547394,15,40,0,47.8558206348272,4.6,3.58351893845611,0
2829,Apotek Mikha Farma Batam,pharmacy,Healthcare,Indonesia.Batam.Kesehatan.202408050759.db,places,1.1195404,104.0436443,393596.763055606,123760.36185532466,0,3208.884166510514,12,31,1,138.13707089139712,5.0,1.791759469228055,0
2830,Rumah Sunat Premium,health consultant,Healthcare,Indonesia.Batam.Kesehatan.202408050759.db,places,1.1195731,104.0352341,392660.96470943955,123764.28327760928,-1,0.0,1,34,0,190.65438896777374,5.0,4.465908118654584,0
2831,PT  Antarmitra Sembada,pharmacy,Healthcare,Indonesia.Batam.Kesehatan.202408050759.db,places,1.1300309,104.0455114,393804.89346895675,124919.97597138694,-1,0.0,4,43,1,29.13719114077743,5.0,1.9459101490553132,0
2832,Batam Medical Centre,medical clinic,Healthcare,Indonesia.Batam.Kesehatan.202408050759.db,places,1.1388776,104.0153765,390452.1311965587,125899.0703670411,0,921.2215964572764,20,142,1,137.21059218549934,4.3,4.584967478670572,0
2833,Merah Delima,midwife,Healthcare,Indonesia.Batam.Kesehatan.202408050759.db,places,1.108741,103.9632,384645.2409648387,122569.54479762903,3,1407.7595920861982,23,48,0,39.65059546105446,2.4,3.8918202981106265,0
2836,Nayaka clinic Husada 02 (Klinik Nayaka Husada 02),medical clinic,Healthcare,Indonesia.Batam.Kesehatan.202408050759.db,places,1.1083943,103.9636901,384699.7622462447,122531.19848718954,3,1366.664212852854,26,50,5,29.109304785147977,4.5,2.995732273553991,0
2837,Natasha Skin Clinic Centre,skin care clinic,Healthcare,Indonesia.Batam.Kesehatan.202408050759.db,places,1.1290439,104.0560382,394976.162717578,124810.48476085158,0,3826.891919663127,11,22,0,29.985165198785083,4.8,5.683579767338681,0
2841,BISA Fitness,gym,Healthcare,Indonesia.Batam.Kesehatan.202408050759.db,places,1.1283651,104.0406533,393264.2763981532,124736.00639910593,0,2320.230146117333,18,62,0,105.61805506550263,4.9,3.4657359027997265,0
2843,Dr  Hendro,general practitioner,Healthcare,Indonesia.Batam.Kesehatan.202408050759.db,places,1.1316386,104.0281007,391867.6768718641,125098.34388083487,0,1088.1490986585118,24,67,0,61.84393054797183,5.0,1.0986122886681098,0
2844,Dr's Clinique,skin care clinic,Healthcare,Indonesia.Batam.Kesehatan.202408050759.db,places,1.1252707,104.0418317,393395.2835157985,124393.8895681716,0,2631.1609073893765,13,56,3,0.0,4.9,7.368970402194793,0
2845,Puskesmas Pembantu,public medical center,Healthcare,Indonesia.Batam.Kesehatan.202408050759.db,places,1.132483,104.0323349,392338.84507678787,125191.53170293903,0,1309.459533464047,30,79,0,91.78115951135945,3.0,1.0986122886681098,0
2849,Dr Amat,general practitioner,Healthcare,Indonesia.Batam.Kesehatan.202408050759.db,places,1.1278465,104.0386911,393045.9249335753,124678.74924726045,0,2180.388643281232,24,68,0,14.908849701392889,4.3,3.367295829986474,0
2850,Pusat Latihan YOGA Ananda Marga Yoga,yoga studio,Healthcare,Indonesia.Batam.Kesehatan.202408050759.db,places,1.1334737,104.0285737,391920.37533524365,125301.19006539414,0,944.0951406141155,26,70,0,12.554827757002505,4.9,2.0794415416798357,0
2851,Bidan Nismah,health consultant,Healthcare,Indonesia.Batam.Kesehatan.202408050759.db,places,1.0982129,103.9635996,384689.30001008336,121405.66197435728,-1,0.0,3,15,0,234.07458452132113,5.0,0.6931471805599453,0
2853,Advance,medical supply store,Healthcare,Indonesia.Batam.Kesehatan.202408050759.db,places,1.129373,104.05619,394993.06511624076,124846.859822747,0,3831.195160119175,11,21,1,18.99235666170935,5.0,0.6931471805599453,0
2856,PIJAT ANDY BATAM,massage therapist,Healthcare,Indonesia.Batam.Kesehatan.202408050759.db,places,1.1348877,104.034894,392623.68292802526,125457.26735305575,0,1401.001572965498,15,87,2,148.63819960526695,5.0,3.58351893845611,0
2857,GUARDIAN - Batam Mega Mall,health and beauty shop,Healthcare,Indonesia.Batam.Kesehatan.202408050759.db,places,1.129233,104.055845,394954.67239396344,124831.39590914478,0,3799.771876207258,12,21,0,14.67190870463691,3.2,3.044522437723423,0
2858,Reverse Aging & Homeostasis Club Batam,medical clinic,Healthcare,Indonesia.Batam.Kesehatan.202408050759.db,places,1.108715,103.9635554,384684.7862367861,122566.65668630456,3,1370.547456401354,25,50,5,16.474997736358844,5.0,1.6094379124341003,0
2862,Tamara Klinik,medical clinic,Healthcare,Indonesia.Batam.Kesehatan.202408050759.db,places,1.103764,104.0750549,397091.2412606582,122015.23923547119,-1,0.0,5,13,1,133.53881441052442,3.1,3.5263605246161616,0
2864,Lviors Beauty Clinic Batam,skin care clinic,Healthcare,Indonesia.Batam.Kesehatan.202408050759.db,places,1.1247965,104.0414985,393358.19136381074,124341.48081789732,0,2636.42806216966,13,58,3,64.20673519495931,5.0,3.1780538303479458,0
2865,Klinik  BIDAN  Sri Indarayani,doctor,Healthcare,Indonesia.Batam.Kesehatan.202408050759.db,places,1.1066927,103.9644112,384779.93517669436,122343.06087891386,3,1363.5272730675981,27,50,0,147.32461053842962,5.0,0.6931471805599453,0
2867,Rumah Sunat Tiban Batam,medical office,Healthcare,Indonesia.Batam.Kesehatan.202408050759.db,places,1.1140472,103.9591027,384189.5301866452,123156.29889335693,3,1822.225826009015,8,33,1,152.6108017753737,5.0,0.6931471805599453,0
2868,Pusat Alat Bantu Dengar Magha Hearing Care,hearing aid store,Healthcare,Indonesia.Batam.Kesehatan.202408050759.db,places,1.1201333,104.0575035,395138.8866562016,123825.4049680523,-1,0.0,4,13,0,34.45332975487179,4.9,3.713572066704308,0
2869,IIDENTIC - DOKTER GIGI BATAM,dental clinic,Healthcare,Indonesia.Batam.Kesehatan.202408050759.db,places,1.1249503,104.0466421,393930.5213985732,124358.29531169352,0,3083.6737401833084,7,39,0,44.92307548701235,5.0,1.791759469228055,0
2870,Public Health Care Centre Of Sekupang (Puskesmas Sekupang),community health centre,Healthcare,Indonesia.Batam.Kesehatan.202408050759.db,places,1.1094698,103.9525906,383464.73200814147,122650.52846641188,-1,0.0,2,10,0,40.147690209229836,3.8,4.418840607796598,0
2876,Alam Sehat Tiban,medical clinic,Healthcare,Indonesia.Batam.Kesehatan.202408050759.db,places,1.110172,103.9629889,384621.8067642503,122727.74818109175,3,1396.4347388207677,23,45,5,134.47842472208026,2.2,3.9512437185814275,0
2877,TRIDI MEDICAL CENTRE (KLINIK TRIDI MEDICAL CENTRE),doctor,Healthcare,Indonesia.Batam.Kesehatan.202408050759.db,places,1.1023825,104.0354965,392689.5415687892,121863.91782668668,14,215.42282845911433,21,42,2,5.045962357889486,4.6,5.313205979041787,0
2878,PT  Poetra Jaya Sukses Mandiri,alternative medicine practitioner,Healthcare,Indonesia.Batam.Kesehatan.202408050759.db,places,1.1239915,104.0452944,393780.5292681905,124252.35291873704,0,3021.9241148685887,14,41,0,183.63395601598742,4.8,1.9459101490553132,0
2884,Dewi Medical Centre,medical clinic,Healthcare,Indonesia.Batam.Kesehatan.202408050759.db,places,1.1058865,103.9751351,385973.17891559936,122253.52242591034,3,698.4576782900821,6,40,0,109.36594763039243,3.5,2.1972245773362196,0
2888,Eska Wellness Spa Massage and Salon (Eska Wellness Mega Mall),wellness center,Healthcare,Indonesia.Batam.Kesehatan.202408050759.db,places,1.1296938,104.0566811,395047.7206703116,124882.30509623341,0,3872.144788842786,11,20,1,0.0,4.9,7.31986492980897,0
2892,Klinik Puri Sehat,medical clinic,Healthcare,Indonesia.Batam.Kesehatan.202408050759.db,places,1.1077341,104.0631849,395770.61402285285,122454.52861948393,-1,0.0,3,14,0,25.901742354743657,4.0,4.836281906951478,0
2895,dr Todz's Beauty Clinic & Baby Spa,doctor,Healthcare,Indonesia.Batam.Kesehatan.202408050759.db,places,1.122109,104.0571799,395102.9503361301,124043.82134674162,-1,0.0,4,24,0,67.9648318082461,3.0,1.9459101490553132,0
2896,PT Sunthi Sepuri Batam,pharmaceutical company,Healthcare,Indonesia.Batam.Kesehatan.202408050759.db,places,1.1346515,104.0414078,393348.4586323238,125430.91536643176,0,2086.534007824421,13,38,2,14.164455595518362,5.0,1.0986122886681098,0
2897,Puskesmas Pembantu Taman Baloi,public medical center,Healthcare,Indonesia.Batam.Kesehatan.202408050759.db,places,1.1183348,104.0433178,393560.3901166525,123627.09948379264,0,3281.195331357543,13,30,0,138.13707089139712,2.3,1.3862943611198906,0
2898,Nadienne Skin & Spa (GADING DERMATOLOGY),skin care clinic,Healthcare,Indonesia.Batam.Kesehatan.202408050759.db,places,1.1317429,104.040018,393193.7104542461,125109.43228770643,0,2066.381587556002,21,56,2,4.302136714700143,4.7,3.871201010907891,0
2900,Apotik Plus,pharmacy,Healthcare,Indonesia.Batam.Kesehatan.202408050759.db,places,1.1290959,104.0556029,394927.7293190132,124816.24885989855,0,3779.2461437631305,12,22,2,7.804152268921016,5.0,0.6931471805599453,0
2901,Starsfits Supplement Store,vitamin & supplements store,Healthcare,Indonesia.Batam.Kesehatan.202408050759.db,places,1.1150551,104.0537509,394721.15759092954,123264.16668174951,-1,0.0,2,12,0,120.4257323537514,5.0,3.258096538021482,0
2902,J&J Dental Care Mahkota Raya (J & J Dental Care),dental clinic,Healthcare,Indonesia.Batam.Kesehatan.202408050759.db,places,1.1310517,104.0392721,393110.6895141144,125033.05029444926,0,2030.592730050966,19,60,0,0.9325895436177345,4.7,3.6635616461296463,0
2905,Klinik Baloi BP Batam,medical clinic,Healthcare,Indonesia.Batam.Kesehatan.202408050759.db,places,1.1320886,104.0164535,390571.71326885256,125148.52677835265,0,1204.7531846709787,9,92,0,195.78248387572052,4.6,4.04305126783455,0
2908,klinik harapan kita puri lagenda (Harapan KitaPuri Legenda),hospital,Healthcare,Indonesia.Batam.Kesehatan.202408050759.db,places,1.1078509,104.0629831,395748.1639666599,122467.44741331098,-1,0.0,3,14,0,25.901742354743657,2.2,4.060443010546419,0
2909,Aeskulap Health Centre,medical clinic,Healthcare,Indonesia.Batam.Kesehatan.202408050759.db,places,1.1070366,104.0293003,392000.25556747423,122378.63594115857,13,109.81114896858512,19,40,0,0.8445228887440543,4.0,3.6375861597263857,0
2910,Klinik dan Apotek Fels Medika,hospital,Healthcare,Indonesia.Batam.Kesehatan.202408050759.db,places,1.1021523,104.0612116,395550.85133366485,121837.55586595806,-1,0.0,4,15,0,118.85142163382528,5.0,1.6094379124341003,0
2912,CV  Multilab Batam Raya,medical supply store,Healthcare,Indonesia.Batam.Kesehatan.202408050759.db,places,1.1092957,103.9719562,385619.5860096859,122630.5262193301,3,497.8635475494016,17,58,0,61.62771949365716,5.0,1.3862943611198906,0
2915,Apotek Lovely Farma,pharmacy,Healthcare,Indonesia.Batam.Kesehatan.202408050759.db,places,1.1198283,104.0575672,395145.9636494864,123791.68630708772,-1,0.0,5,12,0,34.45332975487179,4.3,1.9459101490553132,0
2916,Klinik Diagnostik Aeskulap,medical clinic,Healthcare,Indonesia.Batam.Kesehatan.202408050759.db,places,1.1011283,104.0587543,395277.3928422732,121724.44360654708,-1,0.0,6,13,0,1.59241025020657,3.5,1.6094379124341003,0
2920,RUKO MITRA RAYA BLOK C NO 6,pharmacy,Healthcare,Indonesia.Batam.Kesehatan.202408050759.db,places,1.1200584,104.0421072,393425.7494473027,123817.68051731562,0,3049.6675477536505,13,34,1,21.513834455630402,5.0,1.3862943611198906,0
2922,Klinik Navara Obat Asli Bisa Cod Batam,urology clinic,Healthcare,Indonesia.Batam.Kesehatan.202408050759.db,places,1.1315328,104.0495726,394256.8332101834,125085.85651467761,0,3057.177153131455,7,31,0,49.865220061887314,5.0,0.6931471805599453,0
2925,Rumah Bekam Batam Hj  Hasanah,physical therapy clinic,Healthcare,Indonesia.Batam.Kesehatan.202408050759.db,places,1.1075747,103.9584478,384116.4056038436,122440.79729053885,3,1951.7881856744355,6,41,0,210.88402334228874,4.0,1.791759469228055,0
2927,Pengobatan Sinshe Bokki,chinese medicine clinic,Healthcare,Indonesia.Batam.Kesehatan.202408050759.db,places,1.120524,104.0423274,393450.2678092606,123869.14272985865,0,3028.900331735824,12,35,0,24.1704415502718,4.8,2.3978952727983707,0
2928,BIDAN LISMAYENIS,midwife,Healthcare,Indonesia.Batam.Kesehatan.202408050759.db,places,1.1073841,104.0559333,394963.7206315162,122416.09373605123,-1,0.0,1,17,0,436.0438914782823,5.0,1.0986122886681098,0
2930,Sungai Panas Public Medical Center (UPT  Puskesmas Sei Panas),public medical center,Healthcare,Indonesia.Batam.Kesehatan.202408050759.db,places,1.1454951,104.0279513,391851.56963964977,126630.1368568814,0,753.103014003634,39,116,1,32.07013500499706,3.9,5.198497031265826,0
2934,Klinik Annisa Dr Agus Permadi Sps,doctor,Healthcare,Indonesia.Batam.Kesehatan.202408050759.db,places,1.1300778,104.0529207,394629.3196523248,124924.8907332474,0,3461.7076380070257,15,27,0,0.011054567547039866,3.7,1.3862943611198906,0
2936,E-Cosway (PT  Berjaya Cosway Indonesia),medical supply store,Healthcare,Indonesia.Batam.Kesehatan.202408050759.db,places,1.1157697,104.0462224,393883.4913727044,123343.4330836758,0,3708.642025596147,2,30,0,429.9547048440944,1.0,0.6931471805599453,0
2940,PT  MILLENNIUM PHARMACON INTERNATIONAL  TBK Cabang Batam,pharmaceutical company,Healthcare,Indonesia.Batam.Kesehatan.202408050759.db,places,1.1350911,104.0418406,393396.63193036837,125479.49544910832,0,2118.6823381679555,10,36,2,68.41557627730049,2.3,1.3862943611198906,0
2942,Azarine Beauty House Salon,beauty salon,Healthcare,Indonesia.Batam.Kesehatan.202408050759.db,places,1.1247805,104.0470089,393971.3287923428,124339.51129388734,0,3128.0774166887404,8,39,0,16.218393510322255,4.9,2.70805020110221,0
2944,Naavagreen Natural Skincare Tiban Batam,skin care clinic,Healthcare,Indonesia.Batam.Kesehatan.202408050759.db,places,1.1126486,103.9764693,386121.89691381785,123001.00922765826,3,131.392965949771,23,70,0,98.17813500307474,4.8,4.0943445622221,0
2946,Dynamix Yoga Batam,yoga studio,Healthcare,Indonesia.Batam.Kesehatan.202408050759.db,places,1.1284188,104.051578,394479.8592312415,124741.54414093791,0,3387.950449519567,10,31,0,236.5468037870921,5.0,3.58351893845611,0
2950,Twins Arthur Fitness Centre & A La Carte Your Diet,gym,Healthcare,Indonesia.Batam.Kesehatan.202408050759.db,places,1.1222487,104.0519886,394525.3245587817,124059.45125052251,0,3745.4485307934497,4,33,0,269.9710982980762,5.0,2.1972245773362196,0
2952,Klinik Husada Citra Medika (Klinik Utama Husada Citra Medika Batam),dialysis center,Healthcare,Indonesia.Batam.Kesehatan.202408050759.db,places,1.1246688,104.0471034,393981.8396953231,124327.15988884197,0,3143.652968480438,8,39,0,16.218393510322255,4.6,4.356708826689592,0
2954,PT Rajawali Nusindo Cabang Batam member of ID FOOD,pharmaceutical company,Healthcare,Indonesia.Batam.Kesehatan.202408050759.db,places,1.1345466,104.0413347,393340.32102926995,125419.32178118578,0,2082.3166611154684,13,38,2,14.164455595518362,5.0,2.302585092994046,0
2955,Akyla Beauty,beauty supply store,Healthcare,Indonesia.Batam.Kesehatan.202408050759.db,places,1.1301167,104.045759,393832.44678752153,124929.45175861767,-1,0.0,4,43,0,29.13719114077743,4.5,2.1972245773362196,0
2956,PT  Prima Mulia Mandiri,medical supply store,Healthcare,Indonesia.Batam.Kesehatan.202408050759.db,places,1.1085911,104.0658367,396065.7076315044,122549.17274728132,-1,0.0,4,9,0,241.27730527667094,5.0,1.0986122886681098,0
2958,TUI NA HEALTHCARE BATAM,health spa,Healthcare,Indonesia.Batam.Kesehatan.202408050759.db,places,1.1339403,104.010261,389882.7438232959,125353.46124278387,0,1636.8837911774758,70,111,1,6.878713682994909,4.9,6.855408798609928,0
2959,Davina Skin Clinic,skin care clinic,Healthcare,Indonesia.Batam.Kesehatan.202408050759.db,places,1.1277815,104.0388085,393058.98557671806,124671.55943501554,0,2195.0501313022246,24,68,5,14.908849701392889,5.0,0.6931471805599453,0
2960,Bidan Rinda S S Keb,midwife,Healthcare,Indonesia.Batam.Kesehatan.202408050759.db,places,1.1364521,104.0037364,389156.84641433525,125631.3829572035,0,2243.6675584447453,13,80,0,101.36660297679089,5.0,0.6931471805599453,0
2961,ALKES BATAM - PT  SINERGI BATAM MEDIKA,medical equipment supplier,Healthcare,Indonesia.Batam.Kesehatan.202408050759.db,places,1.1059508,104.0291216,391980.3322664943,122258.61114207596,13,58.98109204170853,18,40,0,5.728992512900442,5.0,1.3862943611198906,0
2964,Apotek Aken51 Farma,pharmacy,Healthcare,Indonesia.Batam.Kesehatan.202408050759.db,places,1.1086839,103.9637002,384700.8973031877,122563.21298338231,3,1356.0738927794328,26,50,6,13.485979532495843,5.0,2.0794415416798357,0
2966,Gathering Club,health consultant,Healthcare,Indonesia.Batam.Kesehatan.202408050759.db,places,1.120906,104.0438391,393618.48760225985,123911.316342767,0,3118.178117879873,12,36,0,152.50971512101205,5.0,0.6931471805599453,0
2969,Power Fitness Batam,gym,Healthcare,Indonesia.Batam.Kesehatan.202408050759.db,places,1.1199542,104.0419439,393407.5753744791,123806.1675615706,0,3045.891733323203,13,34,0,21.513834455630402,4.5,3.8501476017100584,0
2971,Klinik Mahkota Batam Centre,public medical center,Healthcare,Indonesia.Batam.Kesehatan.202408050759.db,places,1.1318878,104.0400981,393202.6284112858,125125.44746580473,0,2067.010478815508,21,55,0,18.330736135862903,5.0,4.04305126783455,0
2972,(RSIA Frisdhy Angel),maternity hospital,Healthcare,Indonesia.Batam.Kesehatan.202408050759.db,places,1.1371669,104.0159503,390515.9132049442,125709.93600751256,0,913.123274230481,11,125,0,96.78748593589592,3.9,4.060443010546419,0
2974,TOKO ALKES BATAM,medical supply store,Healthcare,Indonesia.Batam.Kesehatan.202408050759.db,places,1.0940282,104.0347365,392604.67785032524,120940.40881415216,14,722.8878037215425,5,27,0,102.3518955114179,3.5,1.0986122886681098,0
2975,Optik Seis - Mega Mall Batam Centre,optician,Healthcare,Indonesia.Batam.Kesehatan.202408050759.db,places,1.1294862,104.0563184,395007.3560770364,124859.36894146507,0,3840.8231904003874,11,21,0,18.99235666170935,4.7,3.970291913552122,0
2976,Bekam Sehat Batam (BSB Center),alternative medicine practitioner,Healthcare,Indonesia.Batam.Kesehatan.202408050759.db,places,1.121067,104.0343779,392565.74997752224,123929.45970104371,-1,0.0,1,37,0,190.65438896777374,5.0,3.6888794541139363,0
2977,Calmic Indonesia (Batam Branch),public health department,Healthcare,Indonesia.Batam.Kesehatan.202408050759.db,places,1.135911,104.0417176,393382.97589609073,125570.13667802738,0,2082.3714792059673,10,37,0,91.66416776554479,5.0,3.713572066704308,0
2981,{TUKANG GIGI}AZKA DENTAL CARE,dental clinic,Healthcare,Indonesia.Batam.Kesehatan.202408050759.db,places,1.1229557,104.04103,393305.9948703537,124138.00477586895,0,2735.998276874796,15,57,0,79.08590392557286,5.0,1.9459101490553132,0
2984,Batam Alkesindo,medical supply store,Healthcare,Indonesia.Batam.Kesehatan.202408050759.db,places,1.1138673,104.0910331,398869.45912540844,123131.55489455158,11,440.05266237024017,10,28,1,42.9124586658075,5.0,0.6931471805599453,0
2986,GYMNATIC INDONESIA One Batam Mall,fitness center,Healthcare,Indonesia.Batam.Kesehatan.202408050759.db,places,1.129737,104.0452457,393775.3186184802,124887.4962417347,-1,0.0,2,46,0,43.927265098056736,4.5,2.1972245773362196,0
2988,The Ministry of Health of the Republic of Indonesia (Kementerian Kesehatan Republik Indonesia),public health department,Healthcare,Indonesia.Batam.Kesehatan.202408050759.db,places,1.1630741,104.001471,388905.8042160097,128574.46234539042,-1,0.0,2,6,1,0.0,3.5,1.0986122886681098,0
2991,pijit tradisionanl pijit totok bekam tiban,medical office,Healthcare,Indonesia.Batam.Kesehatan.202408050759.db,places,1.0993483,103.9695759,385354.34333787387,121530.94876149684,-1,0.0,3,22,0,0.0,5.0,0.6931471805599453,0
2997,Pemasangan Behel Batam (Nongsa),orthodontist,Healthcare,Indonesia.Batam.Kesehatan.202408050759.db,places,1.1533649,104.1015171,400037.34754786437,127497.42592571104,15,257.8205378448928,6,12,0,1.1081821714909692,3.3,1.3862943611198906,0
2998,Puskesmas Tanjung Buntung,public medical center,Healthcare,Indonesia.Batam.Kesehatan.202408050759.db,places,1.1676265,104.0294748,392021.9244537697,129076.62712958343,-1,0.0,1,6,0,322.76797596841675,4.2,4.962844630259907,0
3001,The Spa Batam,health spa,Healthcare,Indonesia.Batam.Kesehatan.202408050759.db,places,1.1330453,104.0404736,393244.452313327,125253.3907196949,0,2050.762900485137,16,53,0,43.552771023069866,4.7,4.406719247264253,0
3002,PENGOBATAN ALTERNATIF ALAT VITAL KOTA BATAM TERPERCAYA H ASEP ZAENAL,alternative medicine practitioner,Healthcare,Indonesia.Batam.Kesehatan.202408050759.db,places,1.1092138,103.9730854,385745.23148860066,122621.42868482007,3,417.049959935707,15,52,0,93.84157359972387,5.0,1.6094379124341003,0
3004,Yamet Batam Kota Anggrek Sari,medical office,Healthcare,Indonesia.Batam.Kesehatan.202408050759.db,places,1.1171957,104.0417015,393380.5040726773,123501.23517360324,0,3261.135945095716,11,26,0,151.64799835782676,5.0,2.302585092994046,0
3009,Bekam Batam (Thibbia Sehat Center),oriental medicine clinic,Healthcare,Indonesia.Batam.Kesehatan.202408050759.db,places,1.108411,104.0444466,393685.63558408787,122530.0228682612,-1,0.0,3,9,0,82.89449085336166,5.0,1.9459101490553132,0
3012,Ionizer Alkali Water Batam,health and beauty shop,Healthcare,Indonesia.Batam.Kesehatan.202408050759.db,places,1.1207497,103.9810943,386636.8398742962,123896.39191512534,3,1139.3878782475035,14,57,2,90.67367666597808,5.0,0.6931471805599453,0
3014,Puskesmas Botania,public medical center,Healthcare,Indonesia.Batam.Kesehatan.202408050759.db,places,1.1304969,104.097294,399566.66462858906,124969.64782465078,12,469.6005707944413,7,17,0,212.91664348849335,3.4,4.2626798770413155,0
3017,POSYANDU BAKAU SERIP,public medical center,Healthcare,Indonesia.Batam.Kesehatan.202408050759.db,places,1.1527976,104.0997256,399837.9940359817,127434.77717552143,15,299.1005490025192,6,11,1,186.83490217360756,5.0,0.6931471805599453,0
3018,Puskesmas Sambau,public medical center,Healthcare,Indonesia.Batam.Kesehatan.202408050759.db,places,1.1545632,104.1005615,399931.0633101129,127629.92461977518,15,95.54249188291186,9,12,1,45.39144729050188,3.9,3.258096538021482,0
3020,PT  Otto Jaya Sukses,medical supply store,Healthcare,Indonesia.Batam.Kesehatan.202408050759.db,places,1.1123217,104.0904052,398799.54114405403,122960.71890455984,11,256.29938915323964,9,30,1,29.389792154126898,4.7,2.9444389791664403,0
3022,Klinik Batam Sehat,medical clinic,Healthcare,Indonesia.Batam.Kesehatan.202408050759.db,places,1.1526859,104.130456,403257.2371541178,127421.36695460483,9,83.11249441003545,19,28,0,76.88205564036785,4.4,4.59511985013459,0
3026,Posyandu Kenanga VI,child health care centre,Healthcare,Indonesia.Batam.Kesehatan.202408050759.db,places,1.1165836,103.9747069,385925.9425584128,123436.0847679263,3,490.2847418808953,19,54,0,298.9497512004391,5.0,1.0986122886681098,0
3028,BPJS Kesehatan Batam,health insurance agency,Healthcare,Indonesia.Batam.Kesehatan.202408050759.db,places,1.1254465,104.0506528,394376.8061820504,124413.00261598444,0,3438.041128195717,9,36,0,205.48711304123984,4.9,9.50039462857302,0
3030,Puskesmas Pembantu Rempang Cate,hospital,Healthcare,Indonesia.Batam.Kesehatan.202408050759.db,places,0.9082607,104.1557399,406063.292532241,100401.15264935474,-1,0.0,0,0,0,3026.543803954313,5.0,0.6931471805599453,0
3031,Kantor Kesehatan Pelabuhan Kelas I Batam,government office,Healthcare,Indonesia.Batam.Kesehatan.202408050759.db,places,1.1611071,104.0042293,389212.6412352348,128356.9073828984,-1,0.0,3,15,0,376.1371001002968,3.7,2.5649493574615367,0
3032,Kampung Jabi Polyclinic (Puskesmas Kampung Jabi),hospital,Healthcare,Indonesia.Batam.Kesehatan.202408050759.db,places,1.136062,104.1408267,404410.58613855904,125583.36111641066,-1,0.0,1,3,0,497.1280495918268,3.7,4.219507705176107,0
3033,PT  Basuca Mitra Perdana,medical equipment supplier,Healthcare,Indonesia.Batam.Kesehatan.202408050759.db,places,1.1003929,104.0590051,395305.273619472,121643.1396704619,-1,0.0,6,12,1,85.9515430934819,2.3,1.3862943611198906,0
3034,Batam Health Office (Dinas Kesehatan Batam),government office,Healthcare,Indonesia.Batam.Kesehatan.202408050759.db,places,1.1099779,103.9541336,383636.44597953587,122706.63767234307,-1,0.0,3,19,1,149.14711097442606,4.5,1.0986122886681098,0
3035,Kantor Kelurahan Sambau,municipal administration office,Healthcare,Indonesia.Batam.Kesehatan.202408050759.db,places,1.154176,104.1006973,399946.1597394092,127587.11712849587,15,140.5276388677321,9,12,0,45.39144729050188,5.0,1.0986122886681098,0
3038,Kelurahan Karas  Kecamatan Galang Kota Batam,government office,Healthcare,Indonesia.Batam.Kesehatan.202408050759.db,places,0.7560285,104.3220278,424563.4204734271,83569.80290985263,-1,0.0,0,0,0,10458.106388811493,3.5,1.0986122886681098,0
3040,Puskesmas Galang Batam,public medical center,Healthcare,Indonesia.Batam.Kesehatan.202408050759.db,places,0.8317529,104.204716,411511.2049975882,91942.66652799094,-1,0.0,0,0,0,3038.6868649038215,4.6,2.302585092994046,0
3042,Puskesmas Kabil,public medical center,Healthcare,Indonesia.Batam.Kesehatan.202408050759.db,places,1.0777412,104.1190967,401990.8579447915,119137.09770979277,-1,0.0,2,9,0,133.70521779534457,3.6,3.2188758248682006,0
3044,Apotek Kimia Farma 488 Tiban Impian (Apotek Kimia Farma Tiban Impian),pharmacy,Healthcare,Indonesia.Batam.Kesehatan.202408050759.db,places,1.1083099,103.965574,384909.38535880693,122521.79490229588,3,1172.3903370021899,27,51,7,0.0,4.4,4.477336814478207,0
3045,Puskesmas Tiban Baru,public medical center,Healthcare,Indonesia.Batam.Kesehatan.202408050759.db,places,1.1026388,103.9688999,385279.24876983964,121894.73444772902,3,1279.23485717223,6,44,0,93.54277260710246,4.3,4.969813299576001,0
3049,Klinik Kesehatan KOPKAR PLN Batam,public health department,Healthcare,Indonesia.Batam.Kesehatan.202408050759.db,places,1.1175793,104.0233516,391338.7264575659,123544.31313677749,-1,0.0,2,12,0,410.34134961518885,3.7,2.0794415416798357,0
3050,Puskesmas Tanjung Sengkuang,public medical center,Healthcare,Indonesia.Batam.Kesehatan.202408050759.db,places,1.1831229,104.0145767,390364.84237498866,130790.28366146346,1,144.7106142649526,8,17,1,90.51658116526262,3.5,4.718498871295094,0
3051,Klinik Ashadique Batam,public medical center,Healthcare,Indonesia.Batam.Kesehatan.202408050759.db,places,1.1329616,104.0089904,389741.3270913847,125245.31714877894,0,1811.503014657059,67,103,0,164.59000549295777,5.0,0.6931471805599453,0
3052,UPT Puskesmas Baloi Permai,public medical center,Healthcare,Indonesia.Batam.Kesehatan.202408050759.db,places,1.1044314,104.0533349,394674.49371954845,122089.77783283913,-1,0.0,2,11,0,436.0438914782823,4.0,5.429345628954441,0
3053,Klinik Utama Griya Medika,public health department,Healthcare,Indonesia.Batam.Kesehatan.202408050759.db,places,1.1461437,104.0365082,392803.7100917653,126701.51559887327,0,1580.4819774859513,12,45,0,115.02269274776488,5.0,1.791759469228055,0
3054,Klinik Nov Fisiotherapi Center,medical clinic,Healthcare,Indonesia.Batam.Kesehatan.202408050759.db,places,1.1057069,104.075035,397089.09386259626,122230.01770689849,-1,0.0,6,14,2,140.65077449309447,5.0,2.4849066497880004,0
3055,Alkes batam - PT  Utama Global Alkes,medical equipment supplier,Healthcare,Indonesia.Batam.Kesehatan.202408050759.db,places,1.1021349,104.0622796,395669.6865776006,121835.59494191289,-1,0.0,4,13,1,118.85142163382528,5.0,2.4849066497880004,0
3057,Obat & Jamu Toko,pharmacy,Healthcare,Indonesia.Batam.Kesehatan.202408050759.db,places,1.1080215,103.9643104,384768.77021783794,122489.9618134379,3,1315.0710226060608,26,51,6,30.767439568669925,5.0,0.6931471805599453,0
3058,UPTD Pukesmas Mentarau,hospital,Healthcare,Indonesia.Batam.Kesehatan.202408050759.db,places,1.1325521,103.9787582,386377.3557014451,125201.21580962854,-1,0.0,5,10,0,86.031779097069,4.6,4.454347296253507,0
3060,Milagros Tiban,health and beauty shop,Healthcare,Indonesia.Batam.Kesehatan.202408050759.db,places,1.1115804,103.9688432,385273.2833749184,122883.21683433988,3,730.118597056603,9,55,0,428.69343564011484,5.0,0.6931471805599453,0
3061,Puskesmas Pembantu,public medical center,Healthcare,Indonesia.Batam.Kesehatan.202408050759.db,places,1.1530249,104.1288444,403077.9331248214,127458.89594992975,9,101.56112424727401,16,27,0,67.29715060390016,4.5,1.0986122886681098,0
3062,Panacea Health Care,medical clinic,Healthcare,Indonesia.Batam.Kesehatan.202408050759.db,places,1.109136,103.9621751,384531.21297278843,122613.25149253158,3,1507.4227551578986,23,46,5,0.0,4.4,4.174387269895637,0
