id,name,category,source_category,source_file,source_table,latitude,longitude,x_utm,y_utm,rating,review_count_log,cluster_id,population_density,nearby_review_count_log_sum_500m,nearby_review_count_log_mean_500m,nearby_avg_rating_500m,same_category_density_250m,same_category_density_500m,same_category_density_1000m,nearest_same_category_distance_m,competitor_saturation_index,business_density_250m,business_density_500m,business_density_1000m,nearest_business_distance_m,poi_diversity_index,nearest_road_distance_m,road_density_500m,intersection_density_500m,road_access_score,is_valid_land,distance_to_water_body_m,distance_to_forest_or_green_area_m,commercial_land_ratio_500m,residential_land_ratio_500m,cluster_centroid_distance_m,nearest_cluster_size,is_noise_area
60,Salsa Perfume Premium Seraya,perfume store,Retail,Indonesia.Batam.Cosmetics.202410290644.db,places,1.1478714,104.015145,390426.71332203154,126893.31601809432,4.9,5.337538079701318,0,8196.7314918906,88.10686875224906,4.405343437612453,4.515,0.0,0.0,1.0,901.8768713191754,0.0,4,19,36,45.83848538394012,2.649158683258018,41.86703029804396,240.0,98,0.7510511846666426,1,1985.1210830598477,140.37800441449733,0.0,0.0,975.3555802939525,84.0,0
68,Agen Resmi Minyak Kutus Kutus Batu Ampar,health and beauty shop,Retail,Indonesia.Batam.Cosmetics.202410290644.db,places,1.1565368,104.017022,390635.89627545985,127851.1769216684,5.0,0.6931471805599453,-1,5742.079344227783,0.6931471805599453,0.6931471805599453,5.0,0.0,0.0,0.0,1184.2574650693375,0.0,0,0,7,616.5025313913175,-1.000088900581841e-12,22.05792907847655,235.0,92,0.7513774377784509,1,1428.3348048798257,193.5459800218551,0.0,0.0,1000.0,0.0,1
108,Skincare herbal SR12,cosmetics store,Retail,Indonesia.Batam.Cosmetics.202410290644.db,places,1.0784004,104.117568,401820.78265806736,119210.01730511207,5.0,0.6931471805599453,-1,878.9373752180311,1.3862943611198906,0.6931471805599453,5.0,0.0,0.0,2.0,571.3717056299911,0.0,1,1,4,216.57372194566176,0.6931471805579453,15.841787790375694,582.0,192,0.8298686499089842,1,1011.0304101082708,275.03565954646916,0.0,0.0,1000.0,0.0,1
112,Uchi parfum batu besar,perfume store,Retail,Indonesia.Batam.Cosmetics.202410290644.db,places,1.1525184,104.1287559,403068.0689963242,127402.90875579508,4.0,1.0986122886681098,-1,878.9373752180311,5.834810737062606,2.917405368531303,4.1,0.0,0.0,0.0,9685.456882151573,0.0,0,1,1,462.0335673415595,0.6931471805579453,29.070728514902054,295.0,125,0.7643571189223372,1,150.09402698632383,375.07357041323047,0.0,0.0,1000.0,0.0,1
120,Tanison Mart  Batu Besar - Nongsa,grocery store,Retail,Indonesia.Batam.Cosmetics.202410290644.db,places,1.1506216,104.1324562,403479.72086688085,127193.10466904369,4.2,4.736198448394496,-1,878.9373752180311,5.834810737062606,2.917405368531303,4.1,0.0,0.0,0.0,2628.7062802333458,0.0,0,1,1,462.0335673415595,0.6931471805579453,48.51736943219188,253.0,107,0.7534876949243855,1,355.03543032601385,748.6035255906428,0.0,0.0,1000.0,0.0,1
240,Golden Viera Batam,health and beauty shop,Retail,Indonesia.Batam.Cosmetics.202410290644.db,places,1.1630796,104.0345107,392582.0866239348,128573.79126299123,5.0,0.6931471805599453,-1,9626.992191604691,2.6390573296152584,1.3195286648076292,4.75,0.0,0.0,2.0,547.4328877725404,0.0,0,1,14,408.22962728127925,0.6931471805579453,38.43329638156321,738.0,256,0.8632966522049086,1,488.87811864870235,643.6518775249261,0.0,0.0,1000.0,0.0,1
244,Salon kecantikan n spa,skin care products vending machine,Retail,Indonesia.Batam.Cosmetics.202410290644.db,places,1.1580535,104.0266099,391702.78753272165,128018.47520903347,4.0,0.6931471805599453,-1,9626.992191604691,12.054877593528548,3.013719398382137,4.6,0.0,0.0,0.0,6888.960886722535,0.0,0,3,11,416.80026705515695,1.3862943611158907,37.979577908696236,534.0,203,0.8174528181521343,1,1036.4093207365704,855.1781135299655,0.0,0.0,1000.0,0.0,1
248,Klinik Skintastic,skin care clinic,Retail,Indonesia.Batam.Cosmetics.202410290644.db,places,1.1631801,104.0392682,393111.4479296787,128584.72051487443,4.9,2.6390573296152584,-1,9626.992191604691,19.301614520737324,2.1446238356374803,4.688888888888889,0.0,0.0,0.0,3488.6949697485556,0.0,3,8,15,23.711410674240142,1.2730283365856256,86.59811532554261,355.0,136,0.7736374372808543,1,418.48839328696334,373.0868586327402,0.0,0.0,1000.0,0.0,1
254,Momo_beauty_house,beauty salon,Retail,Indonesia.Batam.Cosmetics.202410290644.db,places,1.1514023,104.0255144,391580.64078913094,127283.24967568435,5.0,1.0986122886681098,-1,9626.992191604691,10.92240707229499,1.8204011787158316,4.333333333333333,0.0,1.0,1.0,456.47229921961895,1.2732395447351628,2,5,14,105.01258761978849,1.3296613488507583,72.15939996835748,355.0,135,0.7746948357282615,1,1017.9995685063021,340.32257258288314,0.0,0.0,1000.0,0.0,1
259,Justmine beauty  Distributor resmi,health and beauty shop,Retail,Indonesia.Batam.Cosmetics.202410290644.db,places,1.1605948,104.0405134,393249.9016631327,128298.87856245427,5.0,1.0986122886681098,-1,9626.992191604691,12.499219757413012,1.7856028224875733,4.685714285714285,0.0,1.0,2.0,296.0577080382223,1.2732395447351628,4,6,15,12.459559547800689,0.9556998911095345,38.494932181914535,172.0,67,0.7360057815745777,1,101.26539118169111,220.6914648901951,0.0,0.0,1000.0,0.0,1
283,Femilia Damayanti,beauty supply store,Retail,Indonesia.Batam.Cosmetics.202410290644.db,places,1.146691,104.0285764,391921.168710593,126762.31579871877,4.8,1.791759469228055,-1,9626.992191604691,8.856518497019856,1.7713036994039713,4.8,0.0,1.0,2.0,313.9877326738067,1.2732395447351628,1,4,12,31.261208005305985,1.3321790402061222,19.854758842932707,572.0,206,0.8273258902126515,1,486.77043468947994,628.4872784936094,0.0,0.0,1000.0,0.0,1
285,DIVA PARFUME,perfume store,Retail,Indonesia.Batam.Cosmetics.202410290644.db,places,1.1480531,104.0353954,392679.9614380607,126912.63428522632,4.9,2.3978952727983707,-1,9626.992191604691,10.363440845928363,2.0726881691856724,4.8,0.0,0.0,0.0,1003.6051517445563,0.0,0,4,13,283.1696934142146,0.9502705392302345,4.343685694810375,752.0,247,0.8689415813526791,1,354.0635017868248,649.8323081821853,0.0,0.0,1000.0,0.0,1
305,Brokoji Pomade Homestore,beauty supply store,Retail,Indonesia.Batam.Cosmetics.202410290644.db,places,1.1501294,104.0316144,392259.3322907139,127142.30392701832,4.5,3.58351893845611,-1,9626.992191604691,9.85261522216237,1.6421025370270617,4.233333333333333,0.0,1.0,2.0,484.7551910491999,1.2732395447351628,1,5,17,203.49465571513082,1.0114042647043517,27.772491100098808,704.0,221,0.8564312039575056,1,478.3542320199403,949.4947689424504,0.0,0.0,1000.0,0.0,1
307,Habibsbeauty Cabang Bengkong,beauty salon,Retail,Indonesia.Batam.Cosmetics.202410290644.db,places,1.1652131,104.0396307,393151.85909298505,128809.44705830293,5.0,3.912023005428146,-1,9626.992191604691,14.331801221161323,2.8663602442322644,4.7,1.0,1.0,1.0,64.16231495030605,1.2732395447351628,3,4,11,64.16231495030605,1.3321790402061222,32.705755063432,410.0,153,0.7899529819731581,1,613.6608017660009,440.984898283644,0.0,0.0,1000.0,0.0,1
309,Mamsky Studio Beauty,beauty salon,Retail,Indonesia.Batam.Cosmetics.202410290644.db,places,1.1649377,104.0391231,393095.36915625643,128779.02190903165,4.4,2.8903717578961645,-1,9626.992191604691,14.331801221161323,2.8663602442322644,4.7,1.0,1.0,1.0,64.16231495030605,1.2732395447351628,3,4,11,64.16231495030605,1.3321790402061222,57.81540535702603,432.0,161,0.7930616392678542,1,603.5876503556932,466.1079432554492,0.0,0.0,1000.0,0.0,1
310,Cha-Cha,convenience store,Retail,Indonesia.Batam.Cosmetics.202410290644.db,places,1.146077,104.0245062,391468.2585764207,126694.59418244651,4.5,1.0986122886681098,-1,9626.992191604691,7.62657020629066,1.525314041258132,4.86,0.0,0.0,2.0,722.8505588501653,0.0,0,4,12,446.0959881203884,1.3321790402061222,10.116377673549678,284.0,121,0.7632714502884435,1,931.4420756386342,251.43835188466812,0.0,0.0,1000.0,0.0,1
315,Bukit indah sukajadi,housing society,Retail,Indonesia.Batam.Cosmetics.202410290644.db,places,1.1127053,104.0206955,391043.0023190168,123005.60687273671,4.4,2.995732273553991,-1,5272.0895266801635,2.995732273553991,2.995732273553991,4.4,0.0,0.0,0.0,1000.0,0.0,0,0,0,1093.9914437866125,-1.000088900581841e-12,404.66365657851605,22.0,13,0.6754568109225539,1,490.5556728767417,15.59454836701116,0.0,0.0,1000.0,0.0,1
317,NA Makeup Artist,beauty salon,Retail,Indonesia.Batam.Cosmetics.202410290644.db,places,1.1547766,104.037159,392876.44576621085,127655.82549231367,1.0,0.6931471805599453,-1,9626.992191604691,6.396929655216146,1.2793859310432292,4.2,1.0,2.0,2.0,90.0389922162865,2.5464790894703255,2,4,19,0.0,0.9502705392302345,51.289872487069665,580.0,195,0.8268228855554902,1,42.064836113458824,307.429107105912,0.0,0.0,1000.0,0.0,1
331,Sr12 herbal skincare batu aji,health and beauty shop,Retail,Indonesia.Batam.Cosmetics.202410290644.db,places,1.0477692,103.9719525,385616.8768978312,115828.87383313496,5.0,1.0986122886681098,-1,3606.2392180267007,5.105945473900581,2.5529727369502906,4.7,0.0,0.0,0.0,1363.3356452079538,0.0,1,1,9,107.3105539567742,0.6931471805579453,21.985682610185343,1044.0,340,0.9333167616276291,1,1718.0954244211425,1266.6396031938161,0.0,0.0,1000.0,0.0,1
353,MONI COSMETIC CABANG DAPUR 12,beauty salon,Retail,Indonesia.Batam.Cosmetics.202410290644.db,places,1.0372766,103.9565719,383905.0197357048,114669.49470716363,4.7,3.091042453358316,-1,4388.732137296748,9.1958356857733,1.83916713715466,4.88,0.0,1.0,5.0,488.7684805894807,1.2732395447351628,2,4,13,87.1713105191095,1.3321790402061222,37.052064597489355,896.0,299,0.8989300386010444,1,1473.1873105856062,1269.1443730093408,0.0,0.0,1000.0,0.0,1
356,Cahaya Beauty Centre,beauty salon,Retail,Indonesia.Batam.Cosmetics.202410290644.db,places,1.0425736,103.9567814,383928.52546114224,115255.06426381944,5.0,2.833213344056216,-1,4388.732137296748,9.613135251528469,1.6021892085880782,4.8,0.0,2.0,4.0,313.506504851495,2.5464790894703255,1,5,14,105.05136383512638,1.2424533248900003,75.03602553810593,734.0,250,0.8597165540210413,1,1724.9239602078321,1232.814767119254,0.0,0.0,1000.0,0.0,1
365,IIS SALON,beauty salon,Retail,Indonesia.Batam.Cosmetics.202410290644.db,places,1.028673,103.9592299,384200.4781607273,113718.28003672235,5.0,0.6931471805599453,-1,4388.732137296748,0.6931471805599453,0.6931471805599453,5.0,0.0,0.0,1.0,996.0446928624584,0.0,0,0,3,764.7606146661045,-1.000088900581841e-12,28.096422963863567,974.0,292,0.9171271214556301,1,703.1528179332789,663.943744292961,0.0,0.0,1000.0,0.0,1
375,Arta Salon,beauty salon,Retail,Indonesia.Batam.Cosmetics.202410290644.db,places,1.0400267,103.9600112,384287.8290991302,114973.38879873439,5.0,0.6931471805599453,-1,4388.732137296748,7.310550158534423,1.8276375396336058,4.925,0.0,2.0,3.0,456.552485375168,2.5464790894703255,0,3,11,456.552485375168,0.5623351446168083,9.694194242197263,600.0,197,0.8343668360478714,1,1653.9190262450538,1152.8921109376045,0.0,0.0,1000.0,0.0,1
379,KEDAS BEAUTY,cosmetic products manufacturer,Retail,Indonesia.Batam.Cosmetics.202410290644.db,places,1.0438106,103.9486885,383028.0307436382,115392.11307983781,5.0,0.6931471805599453,-1,4388.732137296748,6.915723448631314,1.1526205747718856,5.0,0.0,0.0,0.0,1000.0,0.0,0,5,14,280.3070151864349,1.5607104090364068,36.129532636224326,921.0,317,0.9046197878012159,1,1728.7951813113912,1111.3574861155355,0.0,0.0,1000.0,0.0,1
387,SALSA PARFUME DAPUR 12,perfume store,Retail,Indonesia.Batam.Cosmetics.202410290644.db,places,1.0353276,103.957352,383991.7547552953,114454.00643815793,4.7,2.6390573296152584,-1,4388.732137296748,8.502688505213355,2.1256721263033387,4.85,0.0,0.0,0.0,7532.046414985009,0.0,2,3,8,191.26887126916816,1.3862943611158907,53.75295228805616,924.0,289,0.9040038248070812,1,1275.662824218983,1105.3892234759405,0.0,0.0,1000.0,0.0,1
396,Nelly Salon MUA Batu Aji BATAM,beauty salon,Retail,Indonesia.Batam.Cosmetics.202410290644.db,places,1.0521926,103.9787289,386371.0763696876,116317.62562390645,4.5,3.295836866004329,-1,3606.2392180267007,12.868317221350303,2.144719536891717,4.75,0.0,0.0,2.0,837.2484185402934,0.0,1,5,11,66.16265264391065,1.2424533248900003,28.426231534557253,1023.0,339,0.92812245865658,1,2134.817800524244,1204.9950593454312,0.0,0.0,1000.0,0.0,1
409,Agen NASA Batam Tembesi,beauty products vending machine,Retail,Indonesia.Batam.Cosmetics.202410290644.db,places,1.0309887,103.9942668,388099.2901313704,113973.02482392814,5.0,1.6094379124341003,-1,4388.732137296748,2.70805020110221,1.354025100551105,5.0,0.0,0.0,0.0,1000.0,0.0,0,1,5,328.1410995449715,0.6931471805579453,5.1740224848160885,270.0,94,0.7604849707391996,1,465.51632650718204,42.21938207737936,0.0,0.0,1000.0,0.0,1
419,ADELIA FITRI Pelaminan,beauty salon,Retail,Indonesia.Batam.Cosmetics.202410290644.db,places,1.0565327,103.9725627,385685.09562948195,116797.64160115627,5.0,1.0986122886681098,-1,3606.2392180267007,1.791759469228055,0.8958797346140275,5.0,0.0,0.0,1.0,837.2484185402934,0.0,1,1,8,248.35127168041967,0.6931471805579453,13.098781229049731,902.0,305,0.9020335480203749,1,1354.8985104090416,896.6157268852285,0.0,0.0,1000.0,0.0,1
421,Nicky Foster Beauty Studio,beauty salon,Retail,Indonesia.Batam.Cosmetics.202410290644.db,places,1.0453826,103.9571686,383971.71421315236,115565.58167119624,4.0,1.6094379124341003,-1,4388.732137296748,10.865898220023837,1.8109830366706394,4.683333333333334,0.0,1.0,4.0,313.506504851495,1.2732395447351628,1,5,12,51.952561801931665,1.5607104090364068,61.478649620816796,522.0,179,0.8130332469295408,1,1412.0669971277414,928.9668373972627,0.0,0.0,1000.0,0.0,1
479,Luana perfume,beauty product supplier,Retail,Indonesia.Batam.Cosmetics.202410290644.db,places,1.0488071,104.0440089,393634.86307779484,115941.07064678638,5.0,3.332204510175204,-1,972.3912270082593,3.332204510175204,3.332204510175204,5.0,0.0,0.0,0.0,7500.247902550791,0.0,0,0,0,1349.1692794667374,-1.000088900581841e-12,48.44383196596952,45.0,19,0.7067164686402698,1,1188.4878668882475,185.9840915327916,0.0,0.0,1000.0,0.0,1
480,Apotek Faras Farma,pharmacy,Retail,Indonesia.Batam.Cosmetics.202410290644.db,places,1.0280824,104.0605446,395474.1386542973,113649.49408267984,4.8,1.791759469228055,-1,972.3912270082593,8.273336598504486,4.136668299252243,4.5,0.0,0.0,0.0,6390.085292227534,0.0,0,1,3,307.81218801347836,0.6931471805579453,28.091276013053758,550.0,195,0.8217751745470514,1,230.4033411229071,677.6039340835725,0.0,0.0,1000.0,0.0,1
481,Stokist Sari Uncariae Batam,herbal medicine store,Retail,Indonesia.Batam.Cosmetics.202410290644.db,places,1.0368244,104.0714371,396686.4516290334,114615.52403759967,5.0,0.6931471805599453,-1,972.3912270082593,3.6375861597263857,1.8187930798631928,4.6,0.0,0.0,0.0,12517.96923365604,0.0,1,1,1,148.05399708843086,0.6931471805579453,33.38544576555283,542.0,180,0.8195883632283993,1,206.50238607230833,403.0513711853585,0.0,0.0,1000.0,0.0,1
483,Grosmart Piayu,supermarket,Retail,Indonesia.Batam.Cosmetics.202410290644.db,places,1.0260498,104.0624353,395684.4550686654,113424.73788379539,4.2,6.481577129276431,-1,972.3912270082593,8.273336598504486,4.136668299252243,4.5,0.0,0.0,0.0,10607.267852636867,0.0,0,1,3,307.81218801347836,0.6931471805579453,61.53777750352664,448.0,162,0.7963872376241026,1,384.45872754635866,630.339394736565,0.0,0.0,1000.0,0.0,1
485,Apotek Watsons Mega Mall Batam,health and beauty shop,Retail,Indonesia.Batam.Cosmetics.202410290644.db,places,1.1270056,104.0569646,395079.16900554096,124585.12633995789,4.0,0.6931471805599453,-1,5272.0895266801635,30.180064192912685,4.311437741844669,4.385714285714286,0.0,1.0,1.0,275.94946457961805,1.2732395447351628,1,6,10,247.78360161158201,1.7478680974607577,74.69651504300492,82.0,47,0.7131147309247015,1,782.5632709038995,758.1454902753396,0.0,0.0,1000.0,0.0,1
599,Baloi Centre blok D 110  jl  Nusa indah,beauty salon,Retail,Indonesia.Batam.Cosmetics.202410290644.db,places,1.1321709,104.0029006,389063.6837547927,125158.1398598762,1.0,0.6931471805599453,-1,8196.7314918906,0.6931471805599453,0.6931471805599453,1.0,0.0,0.0,6.0,612.196735595947,0.0,0,0,31,509.0088834480955,-1.000088900581841e-12,25.817555086925683,474.0,183,0.8048502329394528,1,645.5270318275212,1146.473318179403,0.0,0.0,1000.0,0.0,1
607,Pertokoan Greenland Batam Centre,restaurant,Retail,Indonesia.Batam.Cosmetics.202410290644.db,places,1.1240174,104.0483088,394115.94003241987,124255.10658662498,4.4,2.0794415416798357,-1,5272.0895266801635,26.584149335680884,2.9537943706312095,4.8,0.0,0.0,0.0,1000.0,0.0,8,8,20,18.29299969102716,1.831020481106516,40.94790137366495,362.0,136,0.7785547776038502,1,658.3179361433953,764.1033354608272,0.0,0.0,1000.0,0.0,1
619,Skinderma Aesthetic Clinic,skin care clinic,Retail,Indonesia.Batam.Cosmetics.202410290644.db,places,1.1243397,104.0475553,394032.1103509972,124290.76284187147,5.0,4.51085950651685,-1,5272.0895266801635,26.584149335680884,2.9537943706312095,4.8,0.0,0.0,2.0,645.1228872908968,0.0,8,8,20,58.707533836984624,1.831020481106516,32.555548967612495,393.0,145,0.786140893643684,1,719.8360749324883,825.4265667545069,0.0,0.0,1000.0,0.0,1
621,SHI SUPPLY,beauty product supplier,Retail,Indonesia.Batam.Cosmetics.202410290644.db,places,1.1247099,104.0484162,394127.91528808215,124331.65566625944,5.0,3.295836866004329,-1,5272.0895266801635,26.584149335680884,2.9537943706312095,4.8,0.0,0.0,1.0,734.8444529881011,0.0,8,8,23,34.699318787724884,1.831020481106516,83.6151885968442,382.0,141,0.7799278516258743,1,728.923273669005,834.604746912595,0.0,0.0,1000.0,0.0,1
625,Noona Hair Salon,beauty salon,Retail,Indonesia.Batam.Cosmetics.202410290644.db,places,1.125009,104.0485108,394138.4521255406,124364.71648567921,4.9,2.4849066497880004,-1,5272.0895266801635,26.584149335680884,2.9537943706312095,4.8,2.0,2.0,3.0,57.80367529870457,2.5464790894703255,8,8,23,34.699318787724884,1.831020481106516,116.77453316637413,371.0,135,0.775025711841125,1,758.587431821443,864.1763231681936,0.0,0.0,1000.0,0.0,1
627,Azarine Beauty House Salon,beauty salon,Retail,Indonesia.Batam.Cosmetics.202410290644.db,places,1.1247805,104.0470089,393971.3287923428,124339.51129388734,4.9,2.8903717578961645,-1,5272.0895266801635,26.584149335680884,2.9537943706312095,4.8,2.0,2.0,3.0,169.0133432377548,2.5464790894703255,8,8,20,77.91539928922579,1.831020481106516,22.458148285891255,410.0,152,0.7907034506421603,1,788.8273990186747,893.9922948620462,0.0,0.0,1000.0,0.0,1
629,Amourebeauty,beauty salon,Retail,Indonesia.Batam.Cosmetics.202410290644.db,places,1.1246946,104.0489259,394184.62859572656,124329.94583024677,5.0,3.9512437185814275,-1,5272.0895266801635,26.584149335680884,2.9537943706312095,4.8,2.0,2.0,3.0,57.80367529870457,2.5464790894703255,8,8,24,56.7390765095829,1.831020481106516,125.80815341734399,355.0,128,0.7707659468209768,1,715.3641732575686,820.5737632169574,0.0,0.0,1000.0,0.0,1
631,Serra Dental l Klinik Gigi Batam,dental clinic,Retail,Indonesia.Batam.Cosmetics.202410290644.db,places,1.1242652,104.0480777,394090.23466407694,124282.50822145454,5.0,3.970291913552122,-1,5272.0895266801635,26.584149335680884,2.9537943706312095,4.8,0.0,0.0,0.0,1000.0,0.0,8,8,20,29.470705951649006,1.831020481106516,21.696250054108273,374.0,140,0.7826632951338207,1,692.1185168778943,797.9373020645817,0.0,0.0,1000.0,0.0,1
633,Indomaret Royal Sincom 8,convenience store,Retail,Indonesia.Batam.Cosmetics.202410290644.db,places,1.1148093,104.0520937,394536.75331970595,123237.05387222642,4.3,4.990432586778736,-1,5272.0895266801635,6.376726947898627,3.1883634739493134,4.65,0.0,0.0,0.0,1608.28549147753,0.0,1,1,8,152.15716876269443,0.6931471805579453,78.24820057256288,115.0,48,0.720275917724379,1,310.1398184741948,113.92195490930935,0.0,0.0,1000.0,0.0,1
635,Dyne Beauty House,cafe,Retail,Indonesia.Batam.Cosmetics.202410290644.db,places,1.1254901,104.0489975,394192.6241253164,124417.88241192047,5.0,1.0986122886681098,-1,5272.0895266801635,26.584149335680884,2.9537943706312095,4.8,0.0,0.0,0.0,1000.0,0.0,8,8,25,75.90270925863335,1.831020481106516,96.7732600974027,297.0,114,0.7598487970012217,1,800.9459261459083,905.827874149722,0.0,0.0,1000.0,0.0,1
637,Butterfly Massage,massage spa,Retail,Indonesia.Batam.Cosmetics.202410290644.db,places,1.1241816,104.0483292,394118.2158380375,124273.25746942684,4.0,2.302585092994046,-1,5272.0895266801635,26.584149335680884,2.9537943706312095,4.8,0.0,0.0,0.0,4321.2140395658225,0.0,8,8,20,18.29299969102716,1.831020481106516,42.4684425426734,364.0,137,0.7788931980817884,1,675.1054149861855,780.8581191611532,0.0,0.0,1000.0,0.0,1
653,iLucent Aesthetic,beautician,Retail,Indonesia.Batam.Cosmetics.202410290644.db,places,1.1293253,104.0461646,393877.5487679144,124841.95092099375,5.0,3.5553480614894135,-1,5272.0895266801635,21.379753130636743,4.275950626127349,4.72,0.0,0.0,0.0,1653.0125888294372,0.0,3,4,19,67.09910246059619,1.3321790402061222,103.04450309142871,114.0,54,0.7182351087972966,1,1287.649617529775,857.2040856468099,0.0,0.0,1000.0,0.0,1
657,Derma Express Batam,skin care clinic,Retail,Indonesia.Batam.Cosmetics.202410290644.db,places,1.1157531,104.0592828,395336.71238565346,123341.13014586906,5.0,7.122059881629142,-1,5272.0895266801635,10.859729499912511,5.429864749956256,4.9,0.0,0.0,1.0,732.808864594973,0.0,1,1,8,137.65930850770772,0.6931471805579453,56.96222737157645,252.0,117,0.7526443604043737,1,483.59220599195135,347.7943261814241,0.0,0.0,1000.0,0.0,1
664,Puri Ayu,beauty salon,Retail,Indonesia.Batam.Cosmetics.202410290644.db,places,1.110156,103.9631111,384635.40364924975,122725.97463380345,4.0,1.6094379124341003,-1,2626.697343844494,9.962228047558728,1.9924456095117455,4.66,1.0,1.0,1.0,175.60148267788205,1.2732395447351628,2,4,10,175.60148267788205,1.3321790402061222,39.46009990581209,753.0,267,0.8665947690764266,1,1000.0796547567917,382.8262477458904,0.0,0.0,1000.0,0.0,1
748,Toko Kosmetik Qya,grocery store,Retail,Indonesia.Batam.Cosmetics.202410290644.db,places,1.032897,104.0025443,389020.428259381,114183.69241411054,4.0,2.0794415416798357,-1,4388.732137296748,8.283999304248526,2.7613331014161755,4.5,0.0,0.0,0.0,9324.70709242103,0.0,1,2,6,106.2845007971907,1.0986122886651097,10.602688061861638,477.0,165,0.8066391344009625,1,21.839551370158873,856.73714653776,0.0,0.0,1000.0,0.0,1
766,Apotek R24 Seraya,pharmacy,Retail,Indonesia.Batam.Cosmetics.202410290644.db,places,1.1482321,104.0149418,390404.1171329012,126933.19808146973,4.8,5.424950017481403,0,8196.7314918906,88.10686875224906,4.405343437612453,4.515,0.0,0.0,1.0,756.290540012562,0.0,3,19,36,34.604676966104265,2.649158683258018,50.16810563349079,239.0,94,0.7502183798577863,1,2012.371853037397,175.60212706622212,0.0,0.0,993.1389567014962,84.0,0
785,Rizky Olshop,cosmetics store,Retail,Indonesia.Batam.Cosmetics.202410290644.db,places,1.1533858,104.0954646,399363.9082524812,127499.94960608076,5.0,0.6931471805599453,-1,878.9373752180311,0.6931471805599453,0.6931471805599453,5.0,0.0,0.0,0.0,2159.5373555966776,0.0,0,0,0,2159.5373555966776,-1.000088900581841e-12,10.951682736096497,447.0,154,0.7998669495938248,1,455.09841324535313,81.12474899606228,0.0,0.0,1000.0,0.0,1
826,Amway,shop,Retail,Indonesia.Batam.Cosmetics.202410290644.db,places,1.14608,104.01396,390294.79093047045,126695.32763246413,4.0,1.0986122886681098,0,8196.7314918906,91.97806976315694,4.18082135287077,4.55,0.0,0.0,0.0,11003.77923604961,0.0,14,21,43,96.5261288106586,2.626164786451235,211.67892216511223,294.0,127,0.7507591842720426,1,1903.7620215209547,42.70613381625627,0.0,0.0,738.7343571965675,84.0,0
828,Alfamart (Seraya Alfamart),convenience store,Retail,Indonesia.Batam.Cosmetics.202410290644.db,places,1.1473903,104.0162472,390549.3360518709,126840.08970189764,4.5,1.6094379124341003,0,8196.7314918906,61.27699291089188,3.8298120569307423,4.475,0.0,0.0,1.0,930.3695783425933,0.0,3,15,33,133.6763801466942,2.3393717343778153,33.08101283287929,236.0,98,0.7507950657302549,1,1857.735052562478,141.6103705926651,0.0,0.0,1019.0561024583272,84.0,0
850,Manalu Mart,supermarket,Retail,Indonesia.Batam.Cosmetics.202410290644.db,places,1.0367842,103.9677077,385144.14054279967,114614.65426464225,4.5,2.5649493574615367,-1,4388.732137296748,2.5649493574615367,2.5649493574615367,4.5,0.0,0.0,0.0,7653.683482796254,0.0,0,0,2,867.2511885461506,-1.000088900581841e-12,30.611437016375987,787.0,236,0.8748889650235607,1,1148.1253378215883,441.6673368963231,0.0,0.0,1000.0,0.0,1
852,Mahira Beauty Batam,health and beauty shop,Retail,Indonesia.Batam.Cosmetics.202410290644.db,places,1.0308049,104.0563049,395002.46660806006,113950.59329430466,5.0,1.3862943611198906,-1,972.3912270082593,2.4849066497880004,1.2424533248940002,5.0,0.0,1.0,1.0,259.0066413714802,1.2732395447351628,0,1,3,259.0066413714802,-1.000088900581841e-12,30.974344463915667,1120.0,364,0.9497499442431272,1,518.3858720576949,790.5248597098617,0.0,0.0,1000.0,0.0,1
875,Qiqi kosmetik,beauty products wholesaler,Retail,Indonesia.Batam.Cosmetics.202410290644.db,places,1.0395593,103.947796,382928.56044955424,114922.16862000212,5.0,1.0986122886681098,-1,4388.732137296748,4.969813299576001,0.9939626599152002,5.0,0.0,0.0,0.0,1000.0,0.0,1,4,11,166.00849130076543,1.6094379124291003,22.694002256837273,1030.0,347,0.9301164630751063,1,1371.9225282686093,1339.0791832438406,0.0,0.0,1000.0,0.0,1
931,Bisnis Black Walet Batam,cosmetics store,Retail,Indonesia.Batam.Cosmetics.202410290644.db,places,1.1294929,104.1007136,399947.1198891132,124858.54341437345,5.0,1.6094379124341003,-1,5272.0895266801635,8.11969625295725,2.7065654176524165,4.7,0.0,1.0,2.0,372.9026681783276,1.2732395447351628,1,2,6,112.2483054444644,0.6365141682928128,23.79846440423657,680.0,237,0.8513249347086272,1,1175.6281006022482,595.3212007691747,0.0,0.0,1000.0,0.0,1
975,TRIDI MEDICAL CENTRE (KLINIK TRIDI MEDICAL CENTRE),doctor,Retail,Indonesia.Batam.Cosmetics.202410290644.db,places,1.1023825,104.0354965,392689.5415687892,121863.91782668668,4.6,5.3612921657094255,1,5272.0895266801635,40.102005818440624,3.3418338182033853,4.475,0.0,0.0,0.0,1000.0,0.0,7,11,12,84.77036247910745,2.1383330594990273,79.95404949678571,140.0,70,0.7257731812498378,1,623.043432715066,407.5416938938853,0.0,0.0,149.7014225643231,12.0,0
977,Matahari Department Store Kepri Batam,department store,Retail,Indonesia.Batam.Cosmetics.202410290644.db,places,1.1013652,104.0367149,392825.07699506497,121751.41532109385,4.3,4.5217885770490405,1,5272.0895266801635,40.102005818440624,3.3418338182033853,4.475,0.0,0.0,0.0,3543.27835396382,0.0,9,11,12,28.994190666663297,2.1383330594990273,93.76234610550469,155.0,75,0.728135263951506,1,449.8226078611522,547.6880308114286,0.0,0.0,76.53786651466355,12.0,0
979,Pink Nails batam,nail salon,Retail,Indonesia.Batam.Cosmetics.202410290644.db,places,1.1008724,104.0364517,392795.7730271773,121696.94762921617,3.8,1.6094379124341003,1,5272.0895266801635,40.102005818440624,3.3418338182033853,4.475,0.0,0.0,0.0,2822.8332848929012,0.0,9,11,12,61.85023841864053,2.1383330594990273,40.968654193730835,170.0,78,0.7353748470064689,1,428.67732762937976,522.027913407966,0.0,0.0,53.472389480829904,12.0,0
983,Hair Salon 12 14,beauty salon,Retail,Indonesia.Batam.Cosmetics.202410290644.db,places,1.099678,104.033692,392488.6572431934,121565.01053045022,5.0,0.6931471805599453,1,5272.0895266801635,40.102005818440624,3.3418338182033853,4.475,1.0,1.0,1.0,97.60573694759483,1.2732395447351628,2,11,12,97.60573694759483,2.1383330594990273,35.643641996824535,159.0,67,0.7332910534587372,1,631.3542312612515,228.38237434536254,0.0,0.0,309.8712066935043,12.0,0
987,Ekles Clinic Batam,skin care clinic,Retail,Indonesia.Batam.Cosmetics.202410290644.db,places,1.1416498,104.011322,390001.09334588365,126205.68330222431,4.9,5.7745515455444085,0,8196.7314918906,41.59877546998146,3.466564622498455,4.433333333333334,0.0,1.0,4.0,383.5841732330505,1.2732395447351628,4,11,70,82.6299880300107,2.2538575895913517,25.24472112670709,370.0,145,0.7815038777593971,1,1540.4659365753475,343.95639685038776,0.0,0.0,199.8247277340849,84.0,0
990,Juwis Optical,eye care center,Retail,Indonesia.Batam.Cosmetics.202410290644.db,places,1.1009254,104.0375877,392922.17805972515,121702.76575401155,5.0,0.6931471805599453,1,5272.0895266801635,40.102005818440624,3.3418338182033853,4.475,0.0,0.0,0.0,1000.0,0.0,7,11,12,52.82439471551654,2.1383330594990273,103.41856890244813,147.0,66,0.7256290039836769,1,353.91569580453694,648.4329556806022,0.0,0.0,171.8177875263943,12.0,0
991,Miniso Kepri Mall,shopping mall,Retail,Indonesia.Batam.Cosmetics.202410290644.db,places,1.1014259,104.0369684,392853.2861991082,121758.11635830191,4.1,3.1780538303479458,1,5272.0895266801635,40.102005818440624,3.3418338182033853,4.475,1.0,1.0,1.0,37.34038101453309,1.2732395447351628,8,11,12,28.994190666663297,2.1383330594990273,119.96036391669739,150.0,72,0.7250922522063413,1,438.14833473574834,574.9023122168467,0.0,0.0,105.46791117917606,12.0,0
1013,Khie’s Beauty & Nails (Khie’s Nail&makeup),nail salon,Retail,Indonesia.Batam.Cosmetics.202410290644.db,places,1.1349709,104.0071146,389532.68276709475,125467.51104917507,4.9,5.081404364984463,0,8196.7314918906,82.74351761554989,3.1824429852134575,4.523076923076923,0.0,1.0,1.0,432.01499131089815,1.2732395447351628,11,25,45,61.21612741619405,2.2450352741131776,36.88316044598882,408.0,158,0.7891972806161396,1,882.483379985676,1208.0223795261118,0.0,0.0,723.6215357580461,84.0,0
1029,Kusuma Beauty Clinic Batam,skin care clinic,Retail,Indonesia.Batam.Cosmetics.202410290644.db,places,1.146584,104.0126,390143.483690831,126751.09545263571,4.9,3.367295829986474,0,8196.7314918906,100.55742365092479,4.3720618978662955,4.534782608695652,0.0,0.0,3.0,563.6926681717727,0.0,14,22,46,22.99127573665056,2.690828621494594,163.22860917313494,293.0,127,0.7540824853508026,1,2013.1210599723258,181.36526072836136,0.0,0.0,699.3040926282006,84.0,0
1030,Cimuka Batam,beauty salon,Retail,Indonesia.Batam.Cosmetics.202410290644.db,places,1.144997,104.0145448,390359.820114149,126575.58290518014,5.0,3.367295829986474,0,8196.7314918906,101.55305324872104,4.0621221299488415,4.536,1.0,3.0,6.0,245.11896217352037,3.819718634205488,4,24,36,136.2629606394119,2.8097834779850497,170.12591644222476,289.0,117,0.7526778207984139,0,1767.499441105454,0.0,0.0,0.0,701.6486079635755,84.0,0
1031,Rina beauty salon,beauty salon,Retail,Indonesia.Batam.Cosmetics.202410290644.db,places,1.1440348,104.0053502,389336.70373285253,126469.56764459789,4.8,2.833213344056216,0,8196.7314918906,51.27523111633785,3.944248547410604,4.253846153846154,3.0,3.0,9.0,5.6222006578821455,3.819718634205488,5,12,53,5.6222006578821455,2.1383972463377243,28.12769261309435,396.0,151,0.7871398239718184,1,1889.4166954020093,886.0000206811342,0.0,0.0,583.9494810539629,84.0,0
1033,Jasmine Salon,beauty salon,Retail,Indonesia.Batam.Cosmetics.202410290644.db,places,1.150774,104.009486,389797.15099518513,127214.40752690718,4.9,4.927253685157205,0,5742.079344227783,41.04899646674356,5.131124558342945,4.574999999999999,0.0,0.0,8.0,571.2781370244171,0.0,0,7,39,271.18076229673073,2.079441541671836,6.947583539102924,517.0,208,0.8159023129459535,1,2450.9184430000482,479.4227005354843,0.0,0.0,1080.5831595378943,84.0,0
1041,Tiara mustika,beauty salon,Retail,Indonesia.Batam.Cosmetics.202410290644.db,places,1.1456221,104.0068121,389499.4297894529,126644.98286386272,4.1,3.970291913552122,0,8196.7314918906,76.29229269689976,4.487781923347045,4.370588235294117,3.0,3.0,10.0,234.83079184989603,3.819718634205488,8,16,49,73.07350366966905,2.425479708419718,22.21341294091199,468.0,189,0.8037648517422442,1,2018.3405995817063,733.2806446249605,0.0,0.0,600.3834917418425,84.0,0
1063,Batam (TokoItalyCollection),perfume store,Retail,Indonesia.Batam.Cosmetics.202410290644.db,places,1.1453852,104.0074252,389567.6401562451,126618.77059954558,4.4,4.74493212836325,0,8196.7314918906,87.94013759187952,4.628428294309448,4.4526315789473685,0.0,0.0,1.0,901.8768713191754,0.0,4,18,48,73.07350366966905,2.5796246735935737,31.101803324132092,465.0,192,0.8024392606524092,1,1979.8653383644607,661.6863578359807,0.0,0.0,544.0743305148342,84.0,0
1071,Jj Collection - Toko Perfume dan Tas Batam,fashion accessories store,Retail,Indonesia.Batam.Cosmetics.202410290644.db,places,1.14779,104.008605,389699.00814903836,126884.56891757017,4.4,5.849324779946859,0,8196.7314918906,124.9387644221608,4.8053370931600305,4.457692307692308,0.0,0.0,0.0,1000.0,0.0,3,25,47,90.21791917158329,2.811419498282341,31.989212806465854,537.0,218,0.8185661765497346,1,2226.1388752857974,635.4814025977441,0.0,0.0,759.4495699744563,84.0,0
1075,Nagoya Baru Traditional Market (Pasar Nagoya Baru),traditional market,Retail,Indonesia.Batam.Cosmetics.202410290644.db,places,1.146113,104.005493,389352.67275725934,126699.30141257803,4.2,7.13966033596492,0,8196.7314918906,78.4541779077907,4.903386119236918,4.48125,0.0,0.0,0.0,5045.681064331783,0.0,7,15,43,142.56798222349767,2.426015131946808,38.73323296388652,463.0,185,0.8014306088218537,1,2105.334769891809,887.7062596570297,0.0,0.0,730.0449559738095,84.0,0
1095,eylashme_studio,beauty salon,Retail,Indonesia.Batam.Cosmetics.202410290644.db,places,1.1377032,104.0026539,389036.44424594135,125769.73028837543,5.0,0.6931471805599453,0,8196.7314918906,6.4457198193855785,1.2891439638771156,3.7600000000000002,0.0,0.0,9.0,612.196735595947,0.0,0,4,35,251.54985336292083,1.3321790402061222,12.708280425069676,311.0,120,0.7691536000551324,1,1256.01308633302,1213.9708654454253,0.0,0.0,859.1656414120107,84.0,0
1097,NEW NISA SALON,beauty salon,Retail,Indonesia.Batam.Cosmetics.202410290644.db,places,1.1405297,104.0115135,390022.35894352023,126081.85224195139,5.0,0.6931471805599453,0,8196.7314918906,26.668487322064298,2.6668487322064296,4.22,0.0,1.0,13.0,499.0389557988651,1.2732395447351628,4,9,72,125.64377076145041,2.0253262207620675,23.032047444678717,422.0,159,0.7933600726415249,1,1418.4669397768178,423.2009421079421,0.0,0.0,214.2122925718536,84.0,0
1102,Apotek Windsor Farma,pharmacy,Retail,Indonesia.Batam.Cosmetics.202410290644.db,places,1.1416481,104.0130951,390198.38550813997,126205.42759602422,5.0,1.0986122886681098,0,8196.7314918906,51.20634714513871,3.4137564763425803,4.453333333333332,0.0,0.0,1.0,756.290540012562,0.0,5,14,65,86.51450898471845,2.3959081192819283,42.60985980248934,390.0,150,0.7847299180549594,1,1491.8068751233998,233.81685063357514,0.0,0.0,390.3996366193364,84.0,0
1107,Kneipp Home Spa,spa,Retail,Indonesia.Batam.Cosmetics.202410290644.db,places,1.1415517,104.0123235,390112.52619431185,126194.80034361203,4.4,2.1972245773362196,0,8196.7314918906,50.1077348564706,3.5791239183193286,4.485714285714285,0.0,0.0,0.0,1588.3375159286386,0.0,5,13,69,32.03892211834153,2.3046193848096714,23.11597362415287,407.0,154,0.7899806130857616,1,1523.2979985543159,279.3246173326746,0.0,0.0,304.09136566264897,84.0,0
1119,Vitka Fitness & Aerobic Windsor Central,gym and fitness centre,Retail,Indonesia.Batam.Cosmetics.202410290644.db,places,1.1416775,104.0120641,390083.66762248066,126208.717073198,4.2,3.6888794541139363,0,8196.7314918906,59.21902807484554,3.9479352049897027,4.466666666666667,0.0,0.0,0.0,1000.0,0.0,4,14,69,32.03892211834153,2.3959081192819283,43.460180976696826,390.0,151,0.7846676460129418,1,1549.8613365129465,284.55571573300296,0.0,0.0,279.2755529769357,84.0,0
1127,Legenda Malaka Blok D1 No 10,barber supply store,Retail,Indonesia.Batam.Cosmetics.202410290644.db,places,1.1018385,104.0531324,394651.8703991681,121803.15121217274,5.0,0.6931471805599453,-1,5272.0895266801635,8.107720061910534,2.0269300154776335,4.65,0.0,0.0,0.0,1000.0,0.0,1,3,14,170.1883063035593,1.3862943611158907,44.49228650233367,691.0,228,0.8522832156795128,1,1298.717021593539,1051.2047735649883,0.0,0.0,1000.0,0.0,1
1129,Alfamart Legenda Malaka,convenience store,Retail,Indonesia.Batam.Cosmetics.202410290644.db,places,1.100299,104.0531419,394652.8734132005,121632.9658615537,4.3,5.111987788356544,-1,5272.0895266801635,8.107720061910534,2.0269300154776335,4.65,0.0,0.0,1.0,979.8149698033625,0.0,1,3,13,170.1883063035593,1.3862943611158907,44.46674290007016,598.0,197,0.8313705435996643,1,1237.8777834191644,978.2811194597925,0.0,0.0,1000.0,0.0,1
1137,LUZI PERFUME BATAM,perfume store,Retail,Indonesia.Batam.Cosmetics.202410290644.db,places,1.1016888,104.0578551,395177.3587409502,121786.43595858931,4.2,2.5649493574615367,2,5272.0895266801635,21.613457655853193,2.401495295094799,4.7444444444444445,0.0,0.0,0.0,2224.8092607911176,0.0,1,8,21,153.33450474608577,1.464816384885813,14.485612338785868,645.0,209,0.8441358834997512,1,1449.3178408538033,607.4883308492919,0.0,0.0,434.52318959270593,15.0,0
1155,DULCIS PARFUM,cosmetics store,Retail,Indonesia.Batam.Cosmetics.202410290644.db,places,1.1059607,104.0583477,395232.31970082805,122258.65785430836,5.0,0.6931471805599453,2,5272.0895266801635,17.825777616995165,1.9806419574439071,4.455555555555556,0.0,4.0,6.0,336.5876040883146,5.092958178940651,0,8,21,303.70291462106997,1.303092403756719,26.921366025457473,665.0,222,0.8477229201793557,1,1343.6211593344574,957.617440087115,0.0,0.0,520.9772281715509,15.0,0
1179,Nails art studio byika,nail salon,Retail,Indonesia.Batam.Cosmetics.202410290644.db,places,1.05986,103.9340125,381395.5541493064,117166.91868005657,5.0,1.0986122886681098,-1,3606.2392180267007,1.791759469228055,0.8958797346140275,5.0,0.0,0.0,0.0,11623.798682904777,0.0,0,1,6,331.5541466348634,0.6931471805579453,26.648138843129814,478.0,162,0.8056889565635987,1,706.860797384947,842.6954522474244,0.0,0.0,1000.0,0.0,1
1223,NIUM Skin - Batam,health and beauty shop,Retail,Indonesia.Batam.Cosmetics.202410290644.db,places,1.0650744,104.0220275,391189.506443111,117740.1214164136,4.3,1.9459101490553132,-1,972.3912270082593,1.9459101490553132,1.9459101490553132,4.3,0.0,0.0,0.0,3741.5106748562157,0.0,0,0,5,771.6944062927768,-1.000088900581841e-12,146.01704182363798,64.0,32,0.7038436992307788,0,810.6376201252757,0.0,0.0,0.0,1000.0,0.0,1
1239,Calista Skincare Batam,skin care clinic,Retail,Indonesia.Batam.Cosmetics.202410290644.db,places,1.1382047,104.0117332,390046.7167393943,125824.82200999385,4.7,3.258096538021482,0,8196.7314918906,45.372243142540746,2.8357651964087967,4.625,0.0,1.0,6.0,383.5841732330505,1.2732395447351628,0,15,64,258.18180098525636,2.1829959770231313,19.718814112045862,410.0,144,0.7909040618205581,1,1165.1639719262698,643.4182573741972,0.0,0.0,386.59514810040696,84.0,0
1269,AGEN ERTO'S BATAM,health and beauty shop,Retail,Indonesia.Batam.Cosmetics.202410290644.db,places,1.1009179,104.0346969,392600.51732498955,121702.04063446893,4.5,2.6390573296152584,1,5272.0895266801635,40.102005818440624,3.3418338182033853,4.475,0.0,0.0,0.0,1863.7399826311664,0.0,7,11,12,99.13143056082951,2.1383330594990273,52.203288773938226,172.0,77,0.7350018698955727,1,586.9466320932227,326.77221973341193,0.0,0.0,153.90133290803226,12.0,0
1276,GUARDIAN - Nagoya Hills,health and beauty shop,Retail,Indonesia.Batam.Cosmetics.202410290644.db,places,1.1466684,104.0128805,390174.69798791164,126760.4148563512,3.8,2.833213344056216,0,8196.7314918906,100.55742365092479,4.3720618978662955,4.534782608695652,1.0,2.0,2.0,55.56569944504922,2.5464790894703255,14,22,46,25.448797661945147,2.690828621494594,141.8802002175065,270.0,116,0.7504734914275327,1,2010.7671675338318,149.50143479011524,0.0,0.0,722.5806741765223,84.0,0
1289,Konad Nail & Beauty Salon,nail salon,Retail,Indonesia.Batam.Cosmetics.202410290644.db,places,1.1458082,104.0131356,390203.05005301523,126665.31255380492,4.6,5.14166355650266,0,8196.7314918906,101.69281519109619,4.0677126076438475,4.54,0.0,0.0,0.0,1372.6327777398926,0.0,15,24,46,37.95605539364362,2.7543317035412542,196.70188929883733,312.0,133,0.7559039816360609,1,1911.746692562266,110.872076147885,0.0,0.0,658.2078067900902,84.0,0
1301,Spa Central Batam - Nagoya Hill Branch,day spa,Retail,Indonesia.Batam.Cosmetics.202410290644.db,places,1.1468322,104.0113629,390005.8417010756,126778.58073217279,4.8,7.15305163493748,0,8196.7314918906,115.80707257242278,4.454118175862415,4.553846153846154,0.0,0.0,0.0,8609.64196375774,0.0,13,25,46,59.607769949716435,2.661869249099309,105.63253807517762,371.0,156,0.7758416797454017,1,2091.9330508296184,318.23344448611664,0.0,0.0,672.3910110943034,84.0,0
1311,Christopher Salon,beauty salon,Retail,Indonesia.Batam.Cosmetics.202410290644.db,places,1.1468986,104.0128824,390174.91817535285,126785.86270144522,3.8,4.663439094112067,0,8196.7314918906,100.55742365092479,4.3720618978662955,4.534782608695652,2.0,3.0,9.0,114.0704121984056,3.819718634205488,15,22,46,25.448797661945147,2.690828621494594,118.11353725224524,280.0,118,0.7544628841962916,1,2034.5773748247516,149.9434624176006,0.0,0.0,744.8574744458476,84.0,0
1325,Mega Wisata Ocarina Batam,amusement center,Retail,Indonesia.Batam.Cosmetics.202410290644.db,places,1.1527286,104.0554331,394909.6935339778,127428.74593267267,4.2,8.11522197256233,-1,9626.992191604691,14.44672382245602,7.22336191122801,4.25,0.0,0.0,0.0,1000.0,0.0,1,1,1,114.50580463411175,0.6931471805579453,92.55698661029582,115.0,46,0.7192280344628637,1,244.7164541992089,81.04371113639847,0.0,0.0,1000.0,0.0,1
1333,ocarina batam,beach,Retail,Indonesia.Batam.Cosmetics.202410290644.db,places,1.1534731,104.0547176,394830.1087398289,127511.07356980133,4.3,6.331501849893691,-1,9626.992191604691,14.44672382245602,7.22336191122801,4.25,0.0,0.0,0.0,1000.0,0.0,1,1,1,114.50580463411175,0.6931471805579453,10.096610549808224,145.0,55,0.732013527590334,1,143.97971972391747,91.194056973177,0.0,0.0,1000.0,0.0,1
1339,Orchard Park,housing complex,Retail,Indonesia.Batam.Cosmetics.202410290644.db,places,1.1164917,104.0721506,396768.52393149986,123422.32405396923,4.4,6.1675164908883415,-1,5272.0895266801635,7.2661287795564515,3.6330643897782258,4.7,0.0,0.0,0.0,1927.9751220576063,0.0,0,1,4,443.8979667060955,0.6931471805579453,68.15309994974932,160.0,59,0.7311351578555789,1,266.5257145660812,22.580613480013607,0.0,0.0,1000.0,0.0,1
1343,Lohana Studios,nail salon,Retail,Indonesia.Batam.Cosmetics.202410290644.db,places,1.122378,104.0227732,391274.5446350459,124074.81472669504,5.0,3.7612001156935624,-1,5272.0895266801635,12.170362562896095,2.434072512579219,4.96,0.0,0.0,0.0,1820.9381223988798,0.0,0,4,6,281.98430218055256,1.3321790402061222,14.079835078989838,346.0,136,0.7769242207004592,1,758.1775688029255,770.8297155386829,0.0,0.0,1000.0,0.0,1
1349,BATAM EYELASHES STUDIO,beauty salon,Retail,Indonesia.Batam.Cosmetics.202410290644.db,places,1.1440434,104.0054,389342.24529817986,126470.5164301166,4.9,5.517452896464707,0,8196.7314918906,51.27523111633785,3.944248547410604,4.253846153846154,3.0,3.0,9.0,5.6222006578821455,3.819718634205488,5,12,53,5.6222006578821455,2.1383972463377243,26.446832279761534,396.0,153,0.787262919348575,1,1888.6582690925245,880.4159201608853,0.0,0.0,579.9733147708858,84.0,0
1371,Skincare Justmine beauty,beauty supply store,Retail,Indonesia.Batam.Cosmetics.202410290644.db,places,1.1436184,104.1149967,401536.8368186324,126419.54129530718,5.0,1.6094379124341003,-1,878.9373752180311,1.6094379124341003,1.6094379124341003,5.0,0.0,0.0,0.0,5092.354186877123,0.0,0,0,1,727.5011923644356,-1.000088900581841e-12,13.157752471493106,440.0,149,0.7981311783721673,0,185.6485870497447,0.0,0.0,0.0,1000.0,0.0,1
1375,Toko isna herbal nasa,cosmetics store,Retail,Indonesia.Batam.Cosmetics.202410290644.db,places,1.10947,104.1283163,403017.7275381501,122644.20947587429,3.3,1.3862943611198906,-1,878.9373752180311,1.3862943611198906,1.3862943611198906,3.3,0.0,0.0,0.0,3636.8053167142225,0.0,0,0,0,3538.608650660227,-1.000088900581841e-12,16.87392544184071,96.0,37,0.7204977104762399,1,1115.7499649695915,1052.854857781214,0.0,0.0,1000.0,0.0,1
1377,GriyacantikBudiyeni,cosmetics store,Retail,Indonesia.Batam.Cosmetics.202410290644.db,places,1.0732988,104.116743,401728.82275585446,118646.09443593622,4.0,0.6931471805599453,-1,878.9373752180311,2.0794415416798357,0.6931471805599453,4.666666666666667,1.0,1.0,2.0,134.21259993872476,1.2732395447351628,1,2,4,134.21259993872476,0.6365141682928128,31.302138138321855,886.0,273,0.8971022505912998,1,765.0204344304298,207.38138961033164,0.0,0.0,1000.0,0.0,1
1381,TOKO KOSMETIK ORIFLAME ONLINE,cosmetics store,Retail,Indonesia.Batam.Cosmetics.202410290644.db,places,1.0728511,104.1178642,401853.5631244736,118596.5680548947,5.0,0.6931471805599453,-1,878.9373752180311,5.375278407684165,1.3438196019210413,4.525,1.0,1.0,2.0,134.21259993872476,1.2732395447351628,1,3,4,134.21259993872476,1.039720770836918,20.49171735964217,932.0,286,0.9082387637163108,1,637.3083118452399,334.49462176213666,0.0,0.0,1000.0,0.0,1
1523,Eiko Skincare Batam,beautician,Retail,Indonesia.Batam.Cosmetics.202410290644.db,places,1.1437829,104.0499576,394300.11756390193,126440.039226278,4.9,4.04305126783455,-1,5272.0895266801635,4.04305126783455,4.04305126783455,4.9,0.0,0.0,0.0,1653.0125888294372,0.0,0,0,2,644.7112644010723,-1.000088900581841e-12,51.0158000654384,113.0,52,0.7218204680974828,1,133.74796168310039,209.85188654113966,0.0,0.0,1000.0,0.0,1
1539,MIMO Beauty Studio,beauty salon,Retail,Indonesia.Batam.Cosmetics.202410290644.db,places,1.1350842,104.0107448,389936.61948736606,125479.89762038119,5.0,3.6109179126442243,0,8196.7314918906,93.2151720461185,2.912974126441203,4.53125,3.0,4.0,8.0,110.129897829065,5.092958178940651,15,31,44,35.94164215176506,2.504762543912311,45.43105757250372,375.0,136,0.7811499983711054,1,812.3323378642244,1005.0880174430877,0.0,0.0,665.3549391702167,84.0,0
1541,Blossom Beauty Studio,eyelash salon,Retail,Indonesia.Batam.Cosmetics.202410290644.db,places,1.1347599,104.0107218,389934.0480166943,125444.04808511015,5.0,2.995732273553991,0,8196.7314918906,96.95284166440186,3.029776302012558,4.612500000000001,0.0,0.0,0.0,3825.236420756604,0.0,15,31,43,35.94164215176506,2.5286631911490693,73.2496175255457,385.0,145,0.7813616219080732,1,776.4131349810447,1039.5863829058194,0.0,0.0,700.183823907751,84.0,0
1543,S'two Aesthetic Studio,beauty salon,Retail,Indonesia.Batam.Cosmetics.202410290644.db,places,1.1328571,104.0113587,390004.84402663156,125233.67495945722,4.9,2.302585092994046,0,8196.7314918906,77.96761861101722,2.9987545619622007,4.65,2.0,5.0,7.0,147.8978506407577,6.366197723675814,15,25,40,89.59866366775643,2.4083433363317455,90.64556238321543,447.0,166,0.7940306835187562,1,574.0350184113095,1132.095025905866,0.0,0.0,920.1747997320692,84.0,0
1547,Heaven Hair Salon,beauty salon,Retail,Indonesia.Batam.Cosmetics.202410290644.db,places,1.1363819,104.0097434,389825.24288467097,125623.39271402275,2.5,2.3978952727983707,0,8196.7314918906,92.11655975745039,2.8786424924203247,4.5562499999999995,1.0,5.0,11.0,181.64688141308346,6.366197723675814,5,31,50,81.77095067347727,2.4202823172508787,94.48987188459647,314.0,116,0.763839106092024,1,958.7212476694262,918.0784355638901,0.0,0.0,510.6835411306274,84.0,0
1555,Come On Salon,hair salon,Retail,Indonesia.Batam.Cosmetics.202410290644.db,places,1.1335675,104.011984,390074.44794965105,125312.18382719142,5.0,2.0794415416798357,0,8196.7314918906,70.82875161107168,2.9511979837946534,4.658333333333333,0.0,0.0,0.0,5845.969157715228,0.0,14,23,39,7.44904516000332,2.4413026377926217,57.435867472280044,391.0,144,0.783869044371108,1,665.5925459665282,1120.5567674019649,0.0,0.0,861.890044567394,84.0,0
1557,STARSBOX BARBERSHOP PENUIN CENTER,barber shop,Retail,Indonesia.Batam.Cosmetics.202410290644.db,places,1.1352752,104.0087371,389713.2299644537,125501.0886145311,5.0,5.236441962829949,0,8196.7314918906,96.77052010760791,3.024078753362747,4.5531250000000005,0.0,0.0,0.0,3837.0652872768264,0.0,16,31,47,70.35754783883205,2.43447065083596,51.90763834210516,365.0,141,0.7784268197783973,1,855.0984935780838,1079.6206295882644,0.0,0.0,640.9405279918044,84.0,0
1559,Irna’s Beauty Salon,nail salon,Retail,Indonesia.Batam.Cosmetics.202410290644.db,places,1.1335193,104.0107194,389933.73409440287,125306.90349772821,5.0,3.912023005428146,0,8196.7314918906,97.3056630390246,3.1388923560975677,4.641935483870968,0.0,1.0,1.0,432.01499131089815,1.2732395447351628,15,30,40,29.806216384956535,2.544647229662315,84.76312320765177,455.0,169,0.796260575898238,1,639.3598133217599,1168.7392926847544,0.0,0.0,835.6002937384508,84.0,0
1561,jm salon Batam,beauty salon,Retail,Indonesia.Batam.Cosmetics.202410290644.db,places,1.1339489,104.0105905,389919.40761700505,125354.39941486824,4.4,2.0794415416798357,0,8196.7314918906,101.6623718657142,3.080677935324673,4.624242424242425,3.0,5.0,8.0,23.65121172384573,6.366197723675814,15,32,42,20.75671964771417,2.5059107727987264,59.5902132760627,431.0,159,0.792706776219242,1,686.3973336457365,1128.7245987846893,0.0,0.0,786.5817320172143,84.0,0
1564,S3 Indonesia,vitamin & supplements store,Retail,Indonesia.Batam.Cosmetics.202410290644.db,places,1.1359068,104.0086592,389704.58597444755,125570.9131515841,5.0,0.6931471805599453,0,8196.7314918906,96.77052010760791,3.024078753362747,4.5531250000000005,0.0,0.0,0.0,1192.6959948963229,0.0,13,31,50,61.21642546791644,2.43447065083596,80.82128265406978,326.0,119,0.7675387561404579,1,925.0989768840927,1024.6946801889583,0.0,0.0,573.6954971470973,84.0,0
1565,Eska Wellness Spa Grand Batam Penuin (Eska Wellness Grand Batam Mall),wellness center,Retail,Indonesia.Batam.Cosmetics.202410290644.db,places,1.1350007,104.0077447,389602.795170491,125470.78129396887,4.8,7.273092595999522,0,8196.7314918906,93.51242356958643,3.016529792567304,4.548387096774194,0.0,0.0,0.0,1285.3316655403214,0.0,12,30,45,27.355020979469572,2.4420147049900076,66.6526774600972,387.0,146,0.7822945143900532,1,858.2017373561029,1164.4408900480942,0.0,0.0,696.1798189901214,84.0,0
1566,Sinar penuin,housing complex,Retail,Indonesia.Batam.Cosmetics.202410290644.db,places,1.1335295,104.0118083,390054.8963813938,125307.98971111397,5.0,0.6931471805599453,0,8196.7314918906,72.62051108029974,2.9048204432119893,4.64,0.0,0.0,0.0,3735.7998660229873,0.0,15,24,39,12.581301285272898,2.4115141953068524,66.13905763279887,407.0,146,0.7868298797200838,1,656.8442180688589,1130.7250556422232,0.0,0.0,860.2244061796288,84.0,0
1567,Pure massage & spa,massage spa,Retail,Indonesia.Batam.Cosmetics.202410290644.db,places,1.1337866,104.0106843,389929.8386123492,125336.45406040909,4.7,6.236369590203704,0,8196.7314918906,98.40427532769272,3.0751336039903974,4.621875,0.0,0.0,0.0,1406.8019216836738,0.0,15,31,41,20.75671964771417,2.514474857563988,70.85449574651805,439.0,166,0.793680953225292,1,668.7376288965771,1142.0794893812904,0.0,0.0,805.7963077629914,84.0,0
1569,In Style Eco Salon by Martius,beauty salon,Retail,Indonesia.Batam.Cosmetics.202410290644.db,places,1.134088,104.010752,389937.38297743455,125369.77036908182,4.5,3.970291913552122,0,8196.7314918906,101.6623718657142,3.080677935324673,4.624242424242425,3.0,5.0,8.0,23.65121172384573,6.366197723675814,15,32,42,23.65121172384573,2.5059107727987264,80.0876118581959,430.0,157,0.7909807913077178,1,702.3256894348574,1108.1549267305422,0.0,0.0,773.9983313110458,84.0,0
1571,21Batamnest 燕窝工厂批发 Batam Bird Nest Wholesale Factory,food producer,Retail,Indonesia.Batam.Cosmetics.202410290644.db,places,1.1339968,104.0102351,389879.8640653411,125359.7081376969,4.7,2.8903717578961645,0,8196.7314918906,103.2718097781483,3.037406169945538,4.555882352941177,0.0,0.0,0.0,1000.0,0.0,16,33,43,21.253086186848847,2.476247132966033,22.571797429171923,424.0,161,0.7938435534985433,1,692.098682463442,1137.5218006313235,0.0,0.0,777.0040950131671,84.0,0
1578,Cendana Batam Centre,auto market,Retail,Indonesia.Batam.Cosmetics.202410290644.db,places,1.1009126,104.0881259,398545.53967327013,121699.58341389964,4.8,3.4657359027997265,-1,5272.0895266801635,12.209267536426692,3.052316884106673,4.475,0.0,0.0,0.0,1000.0,0.0,3,3,4,0.2876311159840139,1.039720770836918,35.87320585034469,230.0,86,0.749241258173523,1,275.5071978640671,182.5400395683294,0.0,0.0,1000.0,0.0,1
1586,Perum cendana,housing complex,Retail,Indonesia.Batam.Cosmetics.202410290644.db,places,1.1009152,104.088126,398545.5508880399,121699.8708262999,4.6,2.9444389791664403,-1,5272.0895266801635,12.209267536426692,3.052316884106673,4.475,1.0,1.0,1.0,74.85729170347648,1.2732395447351628,3,3,4,0.2876311159840139,1.039720770836918,36.15417212043045,230.0,87,0.7492206820148821,1,275.2646402113128,182.82355035190156,0.0,0.0,1000.0,0.0,1
1590,Indomaret Cendana 1,convenience store,Retail,Indonesia.Batam.Cosmetics.202410290644.db,places,1.1014481,104.0878773,398517.8963768946,121758.78847939595,4.0,4.189654742026425,-1,5272.0895266801635,12.209267536426692,3.052316884106673,4.475,0.0,0.0,0.0,1048.384390502144,0.0,3,3,4,34.543803577319984,1.039720770836918,93.33335451817295,321.0,116,0.7654980148631122,1,248.87365836978682,234.7422430107221,0.0,0.0,1000.0,0.0,1
1592,Perumahan Cendana Tahap V,housing complex,Retail,Indonesia.Batam.Cosmetics.202410290644.db,places,1.1013263,104.0875914,398486.0805257841,121745.33388970682,4.5,1.6094379124341003,-1,5272.0895266801635,12.209267536426692,3.052316884106673,4.475,1.0,1.0,1.0,74.85729170347648,1.2732395447351628,3,3,4,34.543803577319984,1.039720770836918,89.80489576881403,287.0,107,0.7581102395275402,1,281.55781637062495,214.2701822419568,0.0,0.0,1000.0,0.0,1
1610,Lashtastic Batam,beauty salon,Retail,Indonesia.Batam.Cosmetics.202410290644.db,places,1.1234393,104.0551434,394876.3986367696,124190.95325592064,4.5,2.1972245773362196,-1,5272.0895266801635,2.890371757896165,1.4451858789480825,4.25,0.0,0.0,3.0,705.59529859723,0.0,0,1,17,443.26994329764653,0.6931471805579453,82.4008794973188,139.0,62,0.7253691036355236,1,741.8210217555369,694.7371695173357,0.0,0.0,1000.0,0.0,1
1616,Yusi Fadila Salon Spa,beauty salon,Retail,Indonesia.Batam.Cosmetics.202410290644.db,places,1.1141577,104.0656356,396043.52606305113,123164.54099907058,4.9,3.912023005428146,-1,5272.0895266801635,10.795485591841238,5.397742795920619,4.95,0.0,0.0,0.0,1438.7988121038827,0.0,1,1,7,32.861429404621155,0.6931471805579453,58.72581720427275,85.0,40,0.7149589845632647,1,376.82053234305965,190.52385773142936,0.0,0.0,1000.0,0.0,1
1618,Lashfully,eyelash salon,Retail,Indonesia.Batam.Cosmetics.202410290644.db,places,1.1306175,104.0448527,393731.6218999635,124984.84630397813,4.9,4.941642422609304,-1,5272.0895266801635,21.379753130636743,4.275950626127349,4.72,0.0,0.0,0.0,3825.236420756604,0.0,3,4,20,115.04005218526572,1.3321790402061222,132.21567570396118,139.0,68,0.721720989044734,1,1188.5080322373242,668.3124449404833,0.0,0.0,1000.0,0.0,1
1620,Skinderma Batu Aji,beauty salon,Retail,Indonesia.Batam.Cosmetics.202410290644.db,places,1.0384844,103.9935074,388015.0512985071,114801.68293200355,5.0,4.382026634673881,-1,4388.732137296748,8.42507790250843,4.212538951254215,4.75,0.0,0.0,0.0,1224.3250109893665,0.0,1,1,4,159.9132816413741,0.6931471805579453,39.992112184796305,475.0,180,0.8040370672965365,1,1083.6250730593015,358.4224747901238,0.0,0.0,1000.0,0.0,1
1622,machiko salon bidan Islah,beauty salon,Retail,Indonesia.Batam.Cosmetics.202410290644.db,places,1.0470715,103.972623,385691.4611595256,115751.7198125138,4.4,4.007333185232471,-1,3606.2392180267007,5.105945473900581,2.5529727369502906,4.7,0.0,0.0,1.0,884.3790031720202,0.0,1,1,7,107.3105539567742,0.6931471805579453,21.021378501693395,1071.0,352,0.9394593450630631,1,1825.1645772472123,1179.6037039199427,0.0,0.0,1000.0,0.0,1
1626,Apotek Kimia Farma Simpang Kara,pharmacy,Retail,Indonesia.Batam.Cosmetics.202410290644.db,places,1.1103961,104.0409899,393301.0800297196,122749.59213373816,4.3,4.356708826689592,-1,5272.0895266801635,14.765416320470877,4.921805440156959,4.333333333333333,0.0,0.0,0.0,1075.3396016206302,0.0,1,2,12,116.09505128554089,1.0986122886651097,61.596006170730455,308.0,126,0.7648987154607675,1,1169.7678477552001,1121.1378208053352,0.0,0.0,1000.0,0.0,1
1628,Indomaret Puri Legenda,convenience store,Retail,Indonesia.Batam.Cosmetics.202410290644.db,places,1.1068651,104.0646233,395930.63339571806,122358.41421485039,4.3,5.634789603169249,2,5272.0895266801635,9.035986984831405,3.0119956616104684,4.666666666666667,0.0,0.0,1.0,522.6274622964941,0.0,1,2,18,209.15256529919094,0.6365141682928128,32.00091587805432,198.0,75,0.7423284379329838,1,1125.0000182563285,761.0818644436516,0.0,0.0,574.3015282715912,15.0,0
1630,Pasar Kaget Putri hijau (Ketroprak jakarta &tahutek mang iden),farmers' market,Retail,Indonesia.Batam.Cosmetics.202410290644.db,places,1.0318296,103.9763027,386100.37152244145,114066.62182524115,4.2,6.07993319509559,-1,4388.732137296748,8.159374736775426,2.0398436841938565,4.8,0.0,0.0,0.0,1000.0,0.0,2,3,3,24.82986354719379,1.3862943611158907,3.2523810329185516,1034.0,329,0.9324397923266383,1,867.7309741119891,253.1028317635115,0.0,0.0,1000.0,0.0,1
1632,Indomaret Ruko KDA,convenience store,Retail,Indonesia.Batam.Cosmetics.202410290644.db,places,1.1035793,104.0786962,397496.3986803484,121994.69584723207,4.4,4.787491742782046,-1,5272.0895266801635,24.378733274715103,3.4826761821021575,4.4714285714285715,0.0,0.0,0.0,1048.384390502144,0.0,0,6,10,308.4738126368353,1.7478680974607577,35.82087314838166,422.0,174,0.792423501477905,1,363.1610605116986,361.676092027679,0.0,0.0,1000.0,0.0,1
1634,Lotte Grosir Batam,hypermarket,Retail,Indonesia.Batam.Cosmetics.202410290644.db,places,1.1313524,104.0489898,394191.9792063019,125065.93530390051,4.2,7.02197642307216,-1,5272.0895266801635,21.379753130636743,4.275950626127349,4.72,0.0,0.0,0.0,1000.0,0.0,0,4,20,384.5664029618845,1.3321790402061222,68.21401331459431,153.0,68,0.7295564840598042,1,1040.5425111666705,862.7084035557768,0.0,0.0,1000.0,0.0,1
1636,Ramayana Marina (Ramayana Jodoh),department store,Retail,Indonesia.Batam.Cosmetics.202410290644.db,places,1.1473855,104.0057013,389375.89909815334,126839.9647220939,4.2,6.985641817639208,0,8196.7314918906,75.6815891855509,5.045439279036727,4.506666666666666,0.0,0.0,0.0,6147.370427342214,0.0,5,14,42,142.09647171323098,2.338371704791572,50.71725269333553,501.0,206,0.8090987035968088,1,2231.2039905180213,905.1545560596363,0.0,0.0,831.1910274770122,84.0,0
1638,Hypermart Batam Nagoya (Hypermart Nagoya),supermarket,Retail,Indonesia.Batam.Cosmetics.202410290644.db,places,1.146366,104.012011,390077.93766197155,126727.01881108661,4.5,9.184919994629272,0,8196.7314918906,107.05117749077647,4.460465728782353,4.5249999999999995,0.0,0.0,1.0,573.6066269628041,0.0,14,23,46,24.640688844696065,2.751915969013121,154.82933347917822,323.0,149,0.7614442208513964,1,2015.6227778506327,245.75365843887909,0.0,0.0,648.8982587405463,84.0,0
1639,Indomaret | Tanjung Riau,convenience store,Retail,Indonesia.Batam.Cosmetics.202410290644.db,places,1.0601305,103.9472476,382868.3025580706,117196.31850338513,4.3,4.890349128221754,-1,2626.697343844494,4.890349128221754,4.890349128221754,4.3,0.0,0.0,0.0,4575.179246143176,0.0,0,0,5,717.9239881873006,-1.000088900581841e-12,41.50031098663208,776.0,269,0.871617770960238,1,76.63777490453282,223.26095068577635,0.0,0.0,1000.0,0.0,1
1640,Apotek Kimia Farma Tembesi Barelang,pharmacy,Retail,Indonesia.Batam.Cosmetics.202410290644.db,places,1.0321068,104.0030884,389080.94502874545,114096.31898716965,4.6,4.007333185232471,-1,4388.732137296748,8.283999304248526,2.7613331014161755,4.5,0.0,0.0,0.0,2987.2183670313207,0.0,1,2,6,106.2845007971907,1.0986122886651097,52.87044639824829,475.0,173,0.8030939411065934,1,127.89936732434724,874.0602430427755,0.0,0.0,1000.0,0.0,1
1642,Pasar Mitra Raya,traditional market,Retail,Indonesia.Batam.Cosmetics.202410290644.db,places,1.1204749,104.0430097,393526.18518247345,123863.69011348576,4.2,7.273092595999522,-1,5272.0895266801635,13.359867322911828,2.671973464582366,4.84,0.0,0.0,0.0,5045.681064331783,0.0,2,4,19,32.148222436985364,1.3321790402061222,58.74958513191155,540.0,209,0.8172810820344012,1,808.4818466115432,806.8450272071098,0.0,0.0,1000.0,0.0,1
1644,Alfamart,supermarket,Retail,Indonesia.Batam.Cosmetics.202410290644.db,places,1.1468984,104.0068831,389507.3788646407,126786.0715102971,5.0,0.6931471805599453,0,8196.7314918906,82.8346408204884,5.177165051280525,4.525,0.0,0.0,1.0,573.6066269628041,0.0,6,15,46,141.31239842641943,2.426015131946808,15.749444694401467,511.0,201,0.8139083960303779,1,2155.231057288221,763.106824060868,0.0,0.0,720.844529836062,84.0,0
1646,Indomaret Seruni Indah,convenience store,Retail,Indonesia.Batam.Cosmetics.202410290644.db,places,1.1296424,104.0388422,393062.8033370999,124877.27347830377,4.4,4.852030263919617,-1,5272.0895266801635,16.286583292203446,5.428861097401149,4.633333333333334,0.0,0.0,0.0,1729.5966860632204,0.0,2,2,14,87.40277961695028,1.0986122886651097,12.852259660597408,404.0,157,0.7900575986725824,1,1582.01810988717,807.4990274081031,0.0,0.0,1000.0,0.0,1
1648,Alfamart,convenience store,Retail,Indonesia.Batam.Cosmetics.202410290644.db,places,1.1034543,104.0613708,395568.6108287731,121981.48036737969,4.2,5.605802066295998,2,5272.0895266801635,29.540782016162986,2.461731834680249,4.825,0.0,0.0,2.0,522.6274622964941,0.0,5,11,22,152.2469225580935,1.7917594692210552,25.379336424582025,661.0,229,0.846936298263219,1,1512.4370491969166,580.4495519839693,0.0,0.0,97.39326883526022,15.0,0
1656,Supermarket Galaxy Star,grocery store,Retail,Indonesia.Batam.Cosmetics.202410290644.db,places,1.137417,104.1128079,401293.08577027754,125734.09004881507,4.4,6.257667587882639,-1,878.9373752180311,6.257667587882639,6.257667587882639,4.4,0.0,0.0,0.0,2628.7062802333458,0.0,0,0,1,727.5011923644356,-1.000088900581841e-12,26.49587665180145,320.0,122,0.7701678733820208,0,751.949556040928,0.0,0.0,0.0,1000.0,0.0,1
1664,Diora,novelty store,Retail,Indonesia.Batam.Cosmetics.202410290644.db,places,1.135495,104.0074628,389571.4468950629,125525.43552140896,4.9,3.6635616461296463,0,8196.7314918906,82.74351761554989,3.1824429852134575,4.523076923076923,0.0,0.0,0.0,1000.0,0.0,12,25,49,17.029543711692824,2.2450352741131776,92.74546496354951,381.0,142,0.7790343214781391,1,920.4672592580075,1138.4418433912565,0.0,0.0,655.3036497612808,84.0,0
1668,Ace Hardware Nagoya Hill,home improvement store,Retail,Indonesia.Batam.Cosmetics.202410290644.db,places,1.1454715,104.0132024,390210.47003470163,126628.08882464167,4.4,6.905753276311464,0,8196.7314918906,111.15624619075454,4.116898007064983,4.559259259259259,0.0,0.0,0.0,1000.0,0.0,14,26,45,37.95605539364362,2.814359184731863,179.23743602677567,318.0,135,0.7585322909631627,1,1874.2912563538703,80.37973592714522,0.0,0.0,633.155234146635,84.0,0
1670,Gold Hill Collection,luggage store,Retail,Indonesia.Batam.Cosmetics.202410290644.db,places,1.1478188,104.0077947,389608.8475337174,126887.7839423907,4.3,6.493753839851686,0,8196.7314918906,117.31678588725451,5.332581176693387,4.577272727272727,0.0,0.0,0.0,1000.0,0.0,4,21,46,90.21791917158329,2.662247729555389,35.323070207037425,530.0,213,0.8167478134286831,1,2239.532220144463,716.1140680005232,0.0,0.0,781.3896597320215,84.0,0
1680,TBS Group (ITSHOP),computer store,Retail,Indonesia.Batam.Cosmetics.202410290644.db,places,1.1461733,104.0118997,390065.5460185786,126705.72067218288,4.2,9.111293218374948,0,8196.7314918906,110.22923132112442,4.409169252844976,4.412,0.0,0.0,0.0,1000.0,0.0,14,24,46,24.640688844696065,2.733401777790672,133.3364529682879,320.0,145,0.7623435582180742,1,2001.0314205589016,244.3318610013668,0.0,0.0,624.4096523763237,84.0,0
1684,Queen'zii,shop,Retail,Indonesia.Batam.Cosmetics.202410290644.db,places,1.0468826,104.0057704,389379.8959703176,115729.64823319281,5.0,1.0986122886681098,-1,3606.2392180267007,1.0986122886681098,1.0986122886681098,5.0,0.0,0.0,0.0,3357.9589789923916,0.0,0,0,2,808.6788656444322,-1.000088900581841e-12,150.12200052058677,58.0,28,0.7021937531771686,1,954.8019108168747,386.62795662018357,0.0,0.0,1000.0,0.0,1
1688,GUARDIAN - Batam Mega Mall,health and beauty shop,Retail,Indonesia.Batam.Cosmetics.202410290644.db,places,1.129233,104.055845,394954.67239396344,124831.39590914478,3.0,3.091042453358316,-1,5272.0895266801635,27.982839615576466,4.663806602596078,4.366666666666667,0.0,1.0,1.0,275.94946457961805,1.2732395447351628,4,5,11,12.81379861755903,1.5607104090364068,138.99397884746483,75.0,45,0.7068317862141438,1,1052.266242369822,691.9828033506008,0.0,0.0,1000.0,0.0,1
1694,Butik Wangi Parfum (Perumahan Golden Land),perfume store,Retail,Indonesia.Batam.Cosmetics.202410290644.db,places,1.110801,104.0400272,393193.9750321732,122794.38700435495,4.4,4.844187086458591,-1,5272.0895266801635,9.200895913148184,4.600447956574092,4.35,0.0,0.0,0.0,2224.8092607911176,0.0,1,1,11,116.09505128554089,0.6931471805579453,46.79511590547427,386.0,146,0.7835238666493353,1,1235.389364362901,1186.3930628843025,0.0,0.0,1000.0,0.0,1
1698,Perumahan Bunga Raya (Byst0re),shopping mall,Retail,Indonesia.Batam.Cosmetics.202410290644.db,places,1.1295284,104.0997054,399834.94142413174,124862.50246344645,4.5,3.871201010907891,-1,5272.0895266801635,8.11969625295725,2.7065654176524165,4.7,0.0,0.0,0.0,4876.162839306797,0.0,1,2,6,112.2483054444644,0.6365141682928128,11.202568413546338,815.0,280,0.8826071970335578,1,1099.6400942443245,638.3833687773814,0.0,0.0,1000.0,0.0,1
1702,Mase Beauty House,beauty salon,Retail,Indonesia.Batam.Cosmetics.202410290644.db,places,1.1247242,104.0237677,391385.289331789,124334.14223934947,5.0,2.3978952727983707,-1,5272.0895266801635,16.775532748884185,2.7959221248140307,4.933333333333334,1.0,1.0,1.0,41.700090807377606,1.2732395447351628,3,5,5,41.700090807377606,1.5607104090364068,8.94449867078146,310.0,118,0.7692043476149796,1,538.6602599703085,769.4492017267137,0.0,0.0,1000.0,0.0,1
1704,Woo Salon,beauty salon,Retail,Indonesia.Batam.Cosmetics.202410290644.db,places,1.124663,104.0241375,391426.4346820844,124327.36302682798,5.0,1.3862943611198906,-1,5272.0895266801635,16.775532748884185,2.7959221248140307,4.933333333333334,1.0,1.0,1.0,41.700090807377606,1.2732395447351628,3,5,5,25.796007169485705,1.5607104090364068,49.72336239440768,313.0,121,0.7668926291464251,1,559.8667512201806,756.3947952719452,0.0,0.0,1000.0,0.0,1
1706,Kalluna Bengkong,health and beauty shop,Retail,Indonesia.Batam.Cosmetics.202410290644.db,places,1.1630411,104.0394305,393129.50148313964,128569.34845568913,4.2,1.9459101490553132,-1,9626.992191604691,19.301614520737324,2.1446238356374803,4.688888888888889,0.0,1.0,2.0,296.0577080382223,1.2732395447351628,3,8,15,23.711410674240142,1.2730283365856256,89.46453315118578,334.0,128,0.7687048806342625,1,397.2888218251145,352.57068848921654,0.0,0.0,1000.0,0.0,1
1710,Naavagreen Natural Skin Care Batam,skin care clinic,Retail,Indonesia.Batam.Cosmetics.202410290644.db,places,1.1072368,104.0790119,397531.65167118376,122399.00266982157,4.2,5.41610040220442,-1,5272.0895266801635,31.876494975337675,3.5418327750375194,4.533333333333334,0.0,0.0,0.0,1662.8731916512368,0.0,2,8,10,215.8035895820332,1.831020481106516,37.906030336998455,384.0,151,0.783725070868948,1,654.4865654225879,538.0096071216569,0.0,0.0,1000.0,0.0,1
1736,Perumahan Permata Laguna B3 No 7,gated community,Retail,Indonesia.Batam.Cosmetics.202410290644.db,places,1.0567903,103.9416957,382250.3886578152,116827.2720036983,5.0,0.6931471805599453,-1,3606.2392180267007,8.433811582477185,1.686762316495437,4.14,0.0,0.0,0.0,1000.0,0.0,3,4,7,47.482829393670265,1.6094379124291003,12.885664719257006,638.0,214,0.842678840457322,1,265.32666000000364,724.2024232879446,0.0,0.0,1000.0,0.0,1
1738,Spo 1425 Herlina ORIFLAME,cosmetics store,Retail,Indonesia.Batam.Cosmetics.202410290644.db,places,1.0434435,103.9433513,382434.1171778639,115351.72946534799,5.0,0.6931471805599453,-1,4388.732137296748,3.737669618283368,1.2458898727611227,4.666666666666667,1.0,1.0,4.0,203.92852552341583,1.2732395447351628,1,2,10,203.92852552341583,0.6365141682928128,12.350609382723885,1072.0,364,0.9403192238617475,1,1688.5889586772576,1465.1748118172018,0.0,0.0,1000.0,0.0,1
1750,BENING’S BATAM RAINY,health and beauty shop,Retail,Indonesia.Batam.Cosmetics.202410290644.db,places,1.0476735,103.9524527,383447.03611216275,115819.01305407214,5.0,0.6931471805599453,-1,4388.732137296748,0.6931471805599453,0.6931471805599453,5.0,0.0,0.0,1.0,941.5909358719923,0.0,0,0,11,525.5466519753761,-1.000088900581841e-12,35.307828059352914,389.0,134,0.7850397842380491,1,1392.158849728779,607.1256901663304,0.0,0.0,1000.0,0.0,1
1761,Perumahan Permata Laguna Batam,apartment complex,Retail,Indonesia.Batam.Cosmetics.202410290644.db,places,1.0570325,103.941115,382185.7802373525,116854.06909400872,4.2,3.828641396489095,-1,3606.2392180267007,8.433811582477185,1.686762316495437,4.14,0.0,0.0,0.0,10069.466470567175,0.0,3,4,8,26.054188792274513,1.6094379124291003,16.30686669042985,610.0,202,0.836131442102243,1,250.52704834961594,707.6924124286292,0.0,0.0,1000.0,0.0,1
1766,Citra white beauty,beauty salon,Retail,Indonesia.Batam.Cosmetics.202410290644.db,places,1.0410617,103.9828067,386824.43056806683,115086.97928455654,5.0,2.0794415416798357,-1,4388.732137296748,7.937374696163294,1.9843436740408236,5.0,0.0,0.0,0.0,1224.3250109893665,0.0,3,3,5,19.10072857085806,0.5623351446168083,90.0272854617549,381.0,133,0.779233383424709,1,1569.34424336909,428.18048107884346,0.0,0.0,1000.0,0.0,1
1782,Perum Permata laguna Blok C5 nomor 40,housing authority,Retail,Indonesia.Batam.Cosmetics.202410290644.db,places,1.0549052,103.9401581,382079.2207351872,116618.93357138806,4.5,1.6094379124341003,-1,3606.2392180267007,8.433811582477185,1.686762316495437,4.14,0.0,0.0,0.0,1000.0,0.0,0,4,8,258.15429785267895,1.6094379124291003,25.77611736857716,480.0,166,0.8062025929081874,1,507.9031698472929,960.8778587912723,0.0,0.0,1000.0,0.0,1
1785,INDOMARET PERMATA LAGUNA,shopping mall,Retail,Indonesia.Batam.Cosmetics.202410290644.db,places,1.0570407,103.941349,382211.8189588647,116854.96672178857,3.0,1.6094379124341003,-1,3606.2392180267007,8.433811582477185,1.686762316495437,4.14,0.0,0.0,0.0,9301.976841626618,0.0,3,4,7,26.054188792274513,1.6094379124291003,13.929664678429223,638.0,208,0.8426023846294581,1,242.84724394728954,702.0296859633919,0.0,0.0,1000.0,0.0,1
1787,Perumahan permata laguna,housing development,Retail,Indonesia.Batam.Cosmetics.202410290644.db,places,1.0562859,103.9420479,382289.56081447913,116771.49754458072,4.0,0.6931471805599453,-1,3606.2392180267007,8.433811582477185,1.686762316495437,4.14,0.0,0.0,0.0,14796.120842883389,0.0,3,4,7,68.15605730647601,1.6094379124291003,41.782836038289936,604.0,207,0.8329164209763169,1,321.85200810317207,776.745825638336,0.0,0.0,1000.0,0.0,1
1794,Kalamarta Jamu n wellness,wellness center,Retail,Indonesia.Batam.Cosmetics.202410290644.db,places,1.05164,103.969515,385345.7862010521,116256.87371114637,4.7,3.9318256327243257,-1,3606.2392180267007,3.9318256327243257,3.9318256327243257,4.7,0.0,0.0,0.0,9294.351014576,0.0,0,0,8,506.6301031896755,-1.000088900581841e-12,97.48618111656559,747.0,239,0.8609959875607909,1,1237.7889285189353,1347.846682602609,0.0,0.0,1000.0,0.0,1
1796,Sutan Mudo kayo,pharmacy,Retail,Indonesia.Batam.Cosmetics.202410290644.db,places,1.031612,103.9762474,386094.2102798545,114042.56852580933,5.0,0.6931471805599453,-1,4388.732137296748,8.159374736775426,2.0398436841938565,4.8,0.0,0.0,0.0,2299.866689961207,0.0,1,3,3,24.82986354719379,1.3862943611158907,25.54409168154971,1022.0,326,0.9281086404462376,1,843.1844704636429,229.05329327544897,0.0,0.0,1000.0,0.0,1
1799,Klinik dan Apotek Biocare,medical clinic,Retail,Indonesia.Batam.Cosmetics.202410290644.db,places,1.0490754,103.9335786,381346.86331957905,115974.70115557085,3.9,5.135798437050262,-1,4388.732137296748,6.522092798170153,2.1740309327233844,4.633333333333334,0.0,0.0,0.0,10517.016699415055,0.0,1,2,4,93.2424294244393,1.0986122886651097,88.12678827567292,326.0,120,0.7670037479966785,1,1441.9312209220748,1219.8509261184788,0.0,0.0,1000.0,0.0,1
1800,Apotek HK Medika,pharmacy,Retail,Indonesia.Batam.Cosmetics.202410290644.db,places,1.048237,103.9336701,381357.0134846274,115882.01283486935,5.0,0.6931471805599453,-1,4388.732137296748,6.522092798170153,2.1740309327233844,4.633333333333334,0.0,0.0,0.0,1163.9780169943201,0.0,1,2,3,93.2424294244393,1.0986122886651097,73.69070367293685,340.0,121,0.7712093795716928,1,1509.211802563649,1219.6065654526046,0.0,0.0,1000.0,0.0,1
1802,KANTOR PRODUK TIO RICH,herbal medicine store,Retail,Indonesia.Batam.Cosmetics.202410290644.db,places,1.0470483,103.959399,384219.96319792763,115749.64040370347,4.3,1.9459101490553132,-1,3606.2392180267007,7.3395376954076745,1.8348844238519186,4.525,0.0,0.0,0.0,11665.470802419228,0.0,0,3,9,262.72570838498075,1.3862943611158907,9.773793229102983,650.0,213,0.8456053845422236,1,1198.0266249038457,806.1016524106305,0.0,0.0,1000.0,0.0,1
1806,hafizah drug store pharma (toko hafizah farma),drug store,Retail,Indonesia.Batam.Cosmetics.202410290644.db,places,1.052436,103.9792721,386431.5292650571,116344.51324273601,5.0,1.9459101490553132,-1,3606.2392180267007,13.966929510018412,1.9952756442883446,4.785714285714286,0.0,0.0,0.0,1000.0,0.0,1,6,11,66.16265264391065,1.1537419426970903,32.23749938868922,965.0,320,0.9147998677037628,1,2184.292126839437,1169.6677415115355,0.0,0.0,1000.0,0.0,1
1808,Club House   Central,beauty salon,Retail,Indonesia.Batam.Cosmetics.202410290644.db,places,1.1005382,104.0338898,392510.6973399363,121660.0953032619,4.1,3.58351893845611,1,5272.0895266801635,40.102005818440624,3.3418338182033853,4.475,1.0,1.0,1.0,97.60573694759483,1.2732395447351628,2,11,12,97.60573694759483,2.1383330594990273,9.09539902877334,164.0,74,0.7363597134369991,1,647.1416465741867,238.79492453175467,0.0,0.0,250.87737892083578,12.0,0
1824,MakeupBatam  MUA BATAM YulliaRahmansyah,beauty salon,Retail,Indonesia.Batam.Cosmetics.202410290644.db,places,1.1168283,104.0374079,392902.7432800336,123460.77667349203,5.0,1.6094379124341003,-1,5272.0895266801635,5.075173815233827,1.0150347630467653,5.0,0.0,0.0,2.0,629.5129756303477,0.0,1,4,15,227.26316559998648,1.3321790402061222,31.474182368416912,626.0,218,0.8386188865631148,1,1350.3961336061961,1298.923901946085,0.0,0.0,1000.0,0.0,1
1832,Ey Beauty Batam,beauty salon,Retail,Indonesia.Batam.Cosmetics.202410290644.db,places,1.0262312,104.0045397,389242.2341989619,113446.73733523992,4.9,2.70805020110221,-1,4388.732137296748,2.70805020110221,2.70805020110221,4.9,0.0,0.0,0.0,1828.0742439402688,0.0,0,0,4,580.5343570017151,-1.000088900581841e-12,21.27106430492095,303.0,113,0.7667274165057842,1,347.29654091423686,693.8678194938499,0.0,0.0,1000.0,0.0,1
1844,Dr's Clinique,skin care clinic,Retail,Indonesia.Batam.Cosmetics.202410290644.db,places,1.1252707,104.0418317,393395.2835157985,124393.8895681716,4.9,7.370230641807081,-1,5272.0895266801635,10.666067507811409,5.333033753905704,4.9,1.0,1.0,3.0,64.20673519495931,1.2732395447351628,1,1,23,64.20673519495931,-1.000088900581841e-12,43.16143906717922,464.0,188,0.801331203105261,1,1190.4706812394647,1208.4079014524523,0.0,0.0,1000.0,0.0,1
1846,Taman Duta Mas,housing complex,Retail,Indonesia.Batam.Cosmetics.202410290644.db,places,1.1078065,104.0445653,393698.8217625845,122463.19359684255,4.3,5.564520407322694,-1,5272.0895266801635,9.921229234012285,4.960614617006143,4.3,0.0,0.0,0.0,2458.9081988105704,0.0,0,1,6,490.12509423441674,0.6931471805579453,9.005571414520032,308.0,138,0.7687500999284312,1,1110.3266795193135,1067.7271530839403,0.0,0.0,1000.0,0.0,1
1848,Areum Beauty Panbil,beauty salon,Retail,Indonesia.Batam.Cosmetics.202410290644.db,places,1.0730953,104.0248546,391504.3654645816,118626.70448126859,5.0,2.4849066497880004,-1,972.3912270082593,24.543330593766857,4.908666118753372,4.34,0.0,0.0,0.0,3098.785688636792,0.0,4,4,6,28.364024647428067,1.6094379124291003,108.32046573164887,18.0,11,0.6962595259026668,1,440.40912435107487,85.1245389879217,0.0,0.0,1000.0,0.0,1
1850,Villa Panbil,housing complex,Retail,Indonesia.Batam.Cosmetics.202410290644.db,places,1.0908078,104.0260507,391638.0861804402,120584.71712241381,4.5,5.68697535633982,-1,972.3912270082593,5.68697535633982,5.68697535633982,4.5,0.0,0.0,1.0,992.9549220274989,0.0,0,0,2,662.6187434042145,-1.000088900581841e-12,811.8365828868932,0.0,0,0.6406905640132384,1,1243.6189670038289,45.534532668822294,0.0,0.0,1000.0,0.0,1
1851,Eden's Beauty,skin care clinic,Retail,Indonesia.Batam.Cosmetics.202410290644.db,places,1.0473046,103.947744,382923.06050711416,115778.40703584217,5.0,0.6931471805599453,-1,4388.732137296748,1.3862943611198906,0.6931471805599453,5.0,0.0,0.0,0.0,7899.274446307045,0.0,0,1,8,400.3020996715063,0.6931471805579453,43.48027031962765,706.0,246,0.8557306425650691,1,1328.5114226987569,823.3223374798982,0.0,0.0,1000.0,0.0,1
1855,SR12 HERBAL SKINCARE BATAM,cosmetics store,Retail,Indonesia.Batam.Cosmetics.202410290644.db,places,1.0084888,104.0774604,397355.7728530969,111482.97441327754,5.0,0.6931471805599453,-1,972.3912270082593,0.6931471805599453,0.6931471805599453,5.0,0.0,0.0,0.0,3327.1575338596226,0.0,0,0,0,2561.981364490102,-1.000088900581841e-12,28.677454968445225,430.0,137,0.7947457398319732,1,1014.6609957532498,201.21665636957508,0.0,0.0,1000.0,0.0,1
1856,Villa Panbil Forest House Blok DD no 26,housing complex,Retail,Indonesia.Batam.Cosmetics.202410290644.db,places,1.0818292,104.0263046,391666.01809313946,119592.15514176394,5.0,1.6094379124341003,-1,972.3912270082593,3.2188758248682006,1.6094379124341003,4.9,0.0,0.0,1.0,992.9549220274989,0.0,0,1,5,359.62885285110855,0.6931471805579453,361.9146766605098,6.0,6,0.6749892697718326,0,484.0808808759724,0.0,0.0,0.0,1000.0,0.0,1
1858,Panbil Mall,shopping mall,Retail,Indonesia.Batam.Cosmetics.202410290644.db,places,1.0718645,104.0236371,391368.8486336032,118490.68696012915,4.5,8.22389538017882,-1,972.3912270082593,24.543330593766857,4.908666118753372,4.34,0.0,0.0,0.0,3565.5703296395372,0.0,4,4,5,57.59346043214891,1.6094379124291003,130.8760411169537,17.0,12,0.6943828133881443,1,482.81921245891516,136.69752248607054,0.0,0.0,1000.0,0.0,1
1860,MS Glow Febi,cosmetics store,Retail,Indonesia.Batam.Cosmetics.202410290644.db,places,1.037755,104.0704802,396580.00606730435,114718.42850029221,4.2,2.9444389791664403,-1,972.3912270082593,3.6375861597263857,1.8187930798631928,4.6,0.0,0.0,0.0,2354.1084171257035,0.0,1,1,1,148.05399708843086,0.6931471805579453,8.859173438208257,400.0,134,0.7894504763450158,1,79.77351611816846,384.5877496037621,0.0,0.0,1000.0,0.0,1
1866,Rumah Ms Anita (MJPCARE (Distributor Sabun Goldenviera  Masker Poupeepou Batam)),housing complex,Retail,Indonesia.Batam.Cosmetics.202410290644.db,places,1.1004243,104.0654114,396018.1009695572,121646.38671006821,5.0,0.6931471805599453,2,5272.0895266801635,17.27568603018335,2.46795514716905,4.928571428571429,0.0,0.0,0.0,1927.9751220576063,0.0,1,6,13,97.38162426914923,1.7478680974607577,11.41869363792744,486.0,167,0.8086033634181669,1,1337.3445612677642,204.27185284265764,0.0,0.0,483.8352707969513,15.0,0
1870,KLINIK MUTIARA PANBIL,medical clinic,Retail,Indonesia.Batam.Cosmetics.202410290644.db,places,1.0733231,104.0249719,391517.4256727157,118651.8828223119,4.5,3.2188758248682006,-1,972.3912270082593,24.543330593766857,4.908666118753372,4.34,0.0,0.0,0.0,10517.016699415055,0.0,4,4,6,13.354681967511777,1.6094379124291003,125.60438558538303,16.0,9,0.6945439879043751,1,431.1131975568114,85.86918577565082,0.0,0.0,1000.0,0.0,1
1874,MSGLOW BATAM,health and beauty shop,Retail,Indonesia.Batam.Cosmetics.202410290644.db,places,1.116905,104.0426104,393481.62653637613,123469.06648612136,5.0,2.3978952727983707,-1,5272.0895266801635,16.13245604515161,2.0165570056439512,4.9,1.0,1.0,1.0,196.4646684042056,1.2732395447351628,3,7,16,189.16023532839182,1.4941751382843083,6.578293893158858,359.0,144,0.7803971234562918,1,771.9663463530939,721.0171121220218,0.0,0.0,1000.0,0.0,1
1875,Apotek Kimia Farma No 230 Panbil (Apotek Kimia Farma Panbil),pharmacy,Retail,Indonesia.Batam.Cosmetics.202410290644.db,places,1.073376,104.024864,391505.4213122266,118657.7345621986,3.3,4.1588830833596715,-1,972.3912270082593,24.543330593766857,4.908666118753372,4.34,0.0,0.0,0.0,4468.521972137343,0.0,4,4,6,13.354681967511777,1.6094379124291003,135.48382151930596,16.0,8,0.6938204816948985,1,418.49222587679157,99.2157983594692,0.0,0.0,1000.0,0.0,1
1881,Ramayana PANBIL,department store,Retail,Indonesia.Batam.Cosmetics.202410290644.db,places,1.0719124,104.0241525,391426.1998409971,118495.96386215677,4.4,6.456769655572163,-1,972.3912270082593,24.543330593766857,4.908666118753372,4.34,0.0,0.0,0.0,3543.27835396382,0.0,4,4,5,57.59346043214891,1.6094379124291003,94.46333427148139,21.0,14,0.6979489955627457,1,503.67063472436934,88.64725487909597,0.0,0.0,1000.0,0.0,1
1887,STOKIS NASA BATAM_ITA,health and beauty shop,Retail,Indonesia.Batam.Cosmetics.202410290644.db,places,1.0285345,104.05573,394938.42184269615,113699.62973459128,5.0,1.0986122886681098,-1,972.3912270082593,2.4849066497880004,1.2424533248940002,5.0,0.0,1.0,1.0,259.0066413714802,1.2732395447351628,0,1,3,259.0066413714802,-1.000088900581841e-12,34.26572587834881,1107.0,375,0.9465853664521883,1,679.7492142517162,539.3765547719089,0.0,0.0,1000.0,0.0,1
1889,ESSENTIAL OIL PURE MADE IN GERMANY,health and beauty shop,Retail,Indonesia.Batam.Cosmetics.202410290644.db,places,1.1186414,104.068781,396393.6682287387,123660.08150801274,5.0,1.0986122886681098,-1,5272.0895266801635,7.2661287795564515,3.6330643897782258,4.7,0.0,0.0,0.0,1607.363104247429,0.0,0,1,5,443.8979667060955,0.6931471805579453,285.9186107390228,58.0,24,0.6922488847275896,0,137.04624906625025,0.0,0.0,0.0,1000.0,0.0,1
1891,Mganik Batam,vitamin & supplements store,Retail,Indonesia.Batam.Cosmetics.202410290644.db,places,1.1166824,104.0348475,392617.84277747443,123444.74140067009,5.0,0.6931471805599453,-1,5272.0895266801635,2.3025850929940455,1.1512925464970227,5.0,0.0,0.0,0.0,3606.6149662484368,0.0,0,1,12,285.3514084999908,0.6931471805579453,64.78758124490484,525.0,189,0.8134655847739175,1,1635.1074984335735,1569.2296032114984,0.0,0.0,1000.0,0.0,1
1893,Menjual Produk Tiens Original di Batam ~ Tiens Batam Official,health and beauty shop,Retail,Indonesia.Batam.Cosmetics.202410290644.db,places,1.108376,103.9838191,386939.5604208496,122528.39933842453,5.0,2.772588722239781,-1,2626.697343844494,9.045465728785949,4.5227328643929745,4.6,0.0,0.0,1.0,893.7226212512271,0.0,0,1,8,436.48858358943727,0.6931471805579453,36.278061141428005,400.0,162,0.7874424937392374,1,138.4660161026482,413.4207522208746,0.0,0.0,1000.0,0.0,1
1895,Tiens Syariah BATAM,vitamin & supplements store,Retail,Indonesia.Batam.Cosmetics.202410290644.db,places,1.11233,104.0804131,397687.7364978046,122961.98097526122,4.9,2.6390573296152584,-1,5272.0895266801635,10.136819030237827,3.3789396767459423,4.8,0.0,0.0,0.0,2023.519528186276,0.0,0,2,9,371.3102305352527,1.0986122886651097,175.51832056721994,167.0,64,0.7248466340181987,0,373.3306572153294,0.0,0.0,0.0,1000.0,0.0,1
1897,Villa panbil blok AA,apartment complex,Retail,Indonesia.Batam.Cosmetics.202410290644.db,places,1.084938,104.0272568,391772.0810580408,119935.78802621964,4.8,1.6094379124341003,-1,972.3912270082593,3.2188758248682006,1.6094379124341003,4.9,0.0,0.0,0.0,10069.466470567175,0.0,0,1,2,359.62885285110855,0.6931471805579453,458.21846304722607,2.0,2,0.6670370509621277,0,816.1346150351801,0.0,0.0,0.0,1000.0,0.0,1
1898,Winner Millenium Mansion,housing complex,Retail,Indonesia.Batam.Cosmetics.202410290644.db,places,1.1381601,104.045066,393755.6307243131,125818.64219775722,3.9,4.04305126783455,-1,5272.0895266801635,5.652489180268651,2.8262445901343254,4.2,0.0,0.0,0.0,3355.929464621218,0.0,1,1,8,191.60415555996386,0.6931471805579453,30.254365717615993,277.0,112,0.7602224609508001,1,467.63400333960914,29.335448599803545,0.0,0.0,1000.0,0.0,1
1901,Winner Millenium,housing development,Retail,Indonesia.Batam.Cosmetics.202410290644.db,places,1.1390876,104.0465207,393917.52717899025,125921.11995334746,4.5,1.6094379124341003,-1,5272.0895266801635,5.652489180268651,2.8262445901343254,4.2,0.0,0.0,0.0,14796.120842883389,0.0,1,1,5,191.60415555996386,0.6931471805579453,23.14404250618461,256.0,99,0.7560205365122554,1,277.99954707654706,108.41925140712395,0.0,0.0,1000.0,0.0,1
1902,Winner Millennium Batam,real estate developer,Retail,Indonesia.Batam.Cosmetics.202410290644.db,places,1.141365,104.00308,389083.9965336868,126174.51607210563,3.5,1.0986122886681098,0,8196.7314918906,22.788248941353867,2.8485311176692334,4.512499999999999,0.0,0.0,0.0,1000.0,0.0,1,7,36,185.88119348588424,1.3862943611148906,74.20922768456829,341.0,129,0.7713962937714713,1,1545.3794320336128,1121.6397622794539,0.0,0.0,731.7102066215169,84.0,0
1905,Ocii Salon,beauty salon,Retail,Indonesia.Batam.Cosmetics.202410290644.db,places,1.0764749,104.1179273,401860.6998639026,118997.15398343427,5.0,0.6931471805599453,-1,878.9373752180311,2.772588722239781,0.6931471805599453,4.75,0.0,0.0,0.0,5204.0902306905855,0.0,1,3,4,216.57372194566176,0.5623351446168083,10.98908721425781,796.0,255,0.8783499674523757,1,935.1998321952565,213.10493739741906,0.0,0.0,1000.0,0.0,1
1907,Komplek Pasar dan Pertokoan Punggur Centre,produce market,Retail,Indonesia.Batam.Cosmetics.202410290644.db,places,1.0629314,104.1228844,402411.84176392166,117499.84948680624,4.3,5.303304908059076,-1,878.9373752180311,9.397649470281177,4.6988247351405885,4.05,0.0,0.0,0.0,16170.794285111935,0.0,1,1,2,61.9042583979349,0.6931471805579453,20.1097590428043,331.0,122,0.7731093145921522,1,174.66631957927805,757.1165569168232,0.0,0.0,1000.0,0.0,1
1909,Pasar Lai Lai (Pasar Tradisional - Punggur),market,Retail,Indonesia.Batam.Cosmetics.202410290644.db,places,1.0628281,104.1223376,402350.99659251684,117488.44763061896,3.8,4.0943445622221,-1,878.9373752180311,9.397649470281177,4.6988247351405885,4.05,0.0,0.0,0.0,16144.759070346878,0.0,1,1,2,61.9042583979349,0.6931471805579453,27.126111937846392,417.0,152,0.7919358119654024,1,189.3664636474742,767.5890607893743,0.0,0.0,1000.0,0.0,1
1915,JUSTMINE BEAUTY SKINCARE,health and beauty shop,Retail,Indonesia.Batam.Cosmetics.202410290644.db,places,1.1332873,104.0968005,399511.8502551226,125278.12770205823,5.0,1.791759469228055,-1,5272.0895266801635,2.8903717578961645,1.4451858789480823,4.0,0.0,0.0,0.0,3512.9948243241934,0.0,1,1,4,222.9086034635979,0.6931471805579453,9.345255755571609,881.0,315,0.897585793351885,1,589.5022911275971,169.21042032446218,0.0,0.0,1000.0,0.0,1
1917,Alfamart,convenience store,Retail,Indonesia.Batam.Cosmetics.202410290644.db,places,1.070106,104.1202027,402113.6781157034,118293.04005363438,4.1,3.295836866004329,-1,878.9373752180311,3.9889840465642745,1.9944920232821373,4.55,0.0,0.0,0.0,4994.1023681758425,0.0,0,1,6,399.7362332983518,0.6931471805579453,32.15821050476987,714.0,227,0.8583588976988671,1,247.9731222066818,618.9716253907176,0.0,0.0,1000.0,0.0,1
1919,MUA BATAM,beauty salon,Retail,Indonesia.Batam.Cosmetics.202410290644.db,places,1.154893,104.0379599,392965.5649066403,127668.6628958064,5.0,1.3862943611198906,-1,9626.992191604691,6.396929655216146,1.2793859310432292,4.2,1.0,2.0,2.0,90.0389922162865,2.5464790894703255,2,4,19,90.0389922162865,0.9502705392302345,16.381969558165515,502.0,169,0.8118380859803247,1,79.0425011026744,232.03452060900284,0.0,0.0,1000.0,0.0,1
1935,Rita's cosmetics,cosmetics store,Retail,Indonesia.Batam.Cosmetics.202410290644.db,places,1.0208485,104.0022304,388985.08363636176,112851.77463693188,4.3,1.3862943611198906,-1,4388.732137296748,3.8712010109078907,1.9356005054539454,4.65,0.0,0.0,0.0,2125.020010031125,0.0,0,1,2,315.5435298426272,0.6931471805579453,15.500210403690941,519.0,165,0.8157257487931544,1,697.7410677210243,146.95491445347557,0.0,0.0,1000.0,0.0,1
1945,MSGLOW DISTRIBUTOR NOVITA,cosmetics store,Retail,Indonesia.Batam.Cosmetics.202410290644.db,places,1.0400617,104.0016293,388918.86224003497,114975.76257703446,5.0,0.6931471805599453,-1,4388.732137296748,0.6931471805599453,0.6931471805599453,5.0,0.0,0.0,1.0,927.8775075721443,0.0,0,0,7,595.217158915221,-1.000088900581841e-12,128.1637790064413,347.0,133,0.768794335536341,1,713.1799733558033,745.9102819680218,0.0,0.0,1000.0,0.0,1
1963,Baba Parfume Yolvi Billionaire,cosmetics store,Retail,Indonesia.Batam.Cosmetics.202410290644.db,places,1.051033,103.9644351,384780.5004077548,116189.95779127041,5.0,0.6931471805599453,-1,3606.2392180267007,2.772588722239781,1.3862943611198906,4.95,0.0,1.0,2.0,312.37604701975965,1.2732395447351628,0,1,6,312.37604701975965,-1.000088900581841e-12,17.842956316197768,628.0,207,0.8400669248109767,1,903.2809895142242,834.0252240408628,0.0,0.0,1000.0,0.0,1
1965,Toko MSI Batam,health and beauty shop,Retail,Indonesia.Batam.Cosmetics.202410290644.db,places,1.033476,103.9747746,385930.390994036,114248.68315654027,5.0,0.6931471805599453,-1,4388.732137296748,7.466227556215481,2.4887425187384937,4.733333333333333,0.0,0.0,0.0,1610.9915154698626,0.0,1,2,4,249.07771556565834,1.0986122886651097,22.656823754950757,1008.0,322,0.9251716595520674,1,984.4216293327512,92.25645237767108,0.0,0.0,1000.0,0.0,1
1973,Msglow Piayu Elya,cosmetics store,Retail,Indonesia.Batam.Cosmetics.202410290644.db,places,1.0378376,104.049324,394225.91817663395,114728.25919615067,5.0,1.3862943611198906,-1,972.3912270082593,1.3862943611198906,1.3862943611198906,5.0,0.0,0.0,0.0,2354.1084171257035,0.0,0,0,0,1098.9957785379866,-1.000088900581841e-12,28.295179824205466,736.0,238,0.8635893274034648,1,907.6510049338763,692.3476950207338,0.0,0.0,1000.0,0.0,1
1981,KOORA Aesthetic Clinic Batam,skin care clinic,Retail,Indonesia.Batam.Cosmetics.202410290644.db,places,1.1254905,104.0272761,391775.6967389165,124418.72368322301,4.8,4.605170185988092,-1,5272.0895266801635,13.014332633190623,2.602866526638125,4.92,0.0,0.0,1.0,903.8915912790526,0.0,0,4,9,252.21464095796844,1.3321790402061222,66.48281073836303,152.0,72,0.7294583786217258,1,660.7423393973505,580.7563002009618,0.0,0.0,1000.0,0.0,1
1989,Byutie Bar  Batam Centre,nail salon,Retail,Indonesia.Batam.Cosmetics.202410290644.db,places,1.109333,104.0789063,397519.9737469284,122630.73039530913,5.0,3.091042453358316,-1,5272.0895266801635,15.552919432442248,3.888229858110562,4.65,0.0,0.0,0.0,4815.602007511494,0.0,2,3,10,42.51749491485988,1.3862943611158907,33.26648885505984,242.0,92,0.7521308079992153,1,680.1108605238305,320.0744941724117,0.0,0.0,1000.0,0.0,1
1995,The Body Shop,beauty product supplier,Retail,Indonesia.Batam.Cosmetics.202410290644.db,places,1.1296335,104.0562822,395003.33343885484,124875.65361054736,5.0,1.0986122886681098,-1,5272.0895266801635,27.982839615576466,4.663806602596078,4.366666666666667,0.0,0.0,0.0,1030.67487700621,0.0,4,5,9,44.882831664538514,1.5607104090364068,73.79466031634905,62.0,37,0.7086830258275011,1,1059.9830826903087,627.6735006872583,0.0,0.0,1000.0,0.0,1
2001,Meina Beauty bar,beauty salon,Retail,Indonesia.Batam.Cosmetics.202410290644.db,places,1.1119506,104.0334453,392461.64853603765,122921.70973129649,5.0,6.583409222158765,-1,5272.0895266801635,8.192847134592865,4.096423567296433,5.0,1.0,1.0,2.0,126.05902211925243,1.2732395447351628,1,1,9,126.05902211925243,-1.000088900581841e-12,12.24894600707849,211.0,79,0.7466984831250577,1,1651.957191845279,1051.2507513870337,0.0,0.0,1000.0,0.0,1
2003,Beudellaw Beauty Solutions,beauty salon,Retail,Indonesia.Batam.Cosmetics.202410290644.db,places,1.1050983,104.0759279,397188.42497668724,122162.7091287693,5.0,1.791759469228055,-1,5272.0895266801635,24.378733274715103,3.4826761821021575,4.4714285714285715,1.0,1.0,2.0,70.16064057878584,1.2732395447351628,4,6,9,42.90563049252661,1.7478680974607577,35.04330519695742,353.0,137,0.7769632041635097,1,713.7516776868977,591.3659035256735,0.0,0.0,1000.0,0.0,1
2007,M3D Barbershop Marbella_Batam Center,beauty salon,Retail,Indonesia.Batam.Cosmetics.202410290644.db,places,1.1237192,104.0971967,399555.6060742699,124220.415223709,4.9,4.174387269895637,-1,5272.0895266801635,9.211339872309265,3.0704466241030883,4.833333333333333,0.0,0.0,1.0,935.9052249846453,0.0,0,2,6,291.6659842981425,1.0986122886651097,20.251903728445363,958.0,319,0.9141034025826998,1,1201.2268811215624,398.20622696586446,0.0,0.0,1000.0,0.0,1
2009,Firmax3 dan O2MAX3 stokis batam,health and beauty shop,Retail,Indonesia.Batam.Cosmetics.202410290644.db,places,1.1165894,104.0408728,393288.2730655703,123434.24118987707,5.0,0.6931471805599453,-1,5272.0895266801635,16.13245604515161,2.0165570056439512,4.9,1.0,1.0,1.0,196.4646684042056,1.2732395447351628,3,7,15,90.39221091836284,1.4941751382843083,41.645253596670045,479.0,179,0.8048155520998116,1,964.6639392890831,912.8892146492958,0.0,0.0,1000.0,0.0,1
2017,Well Asih,day spa,Retail,Indonesia.Batam.Cosmetics.202410290644.db,places,1.1039382,104.0759469,397190.49921475415,122034.46530827755,4.2,3.6888794541139363,-1,5272.0895266801635,24.378733274715103,3.4826761821021575,4.4714285714285715,0.0,0.0,0.0,8609.64196375774,0.0,4,6,8,60.414962176104304,1.7478680974607577,16.09016154445136,340.0,132,0.7754276720104423,1,656.9027849416907,464.0480411743625,0.0,0.0,1000.0,0.0,1
2023,WIDI UTAMI Makeup artist batam,make-up artist,Retail,Indonesia.Batam.Cosmetics.202410290644.db,places,1.1117127,104.0900723,398762.47919440584,122893.40873004665,5.0,1.791759469228055,-1,5272.0895266801635,6.313548046277095,3.1567740231385475,4.7,0.0,0.0,0.0,2986.069177447229,0.0,0,1,3,449.07478718317276,0.6931471805579453,17.73217173044727,354.0,144,0.7784558475551727,1,272.0718620910222,725.3214567771232,0.0,0.0,1000.0,0.0,1
2031,Apotek Victory Batam Center,pharmacy,Retail,Indonesia.Batam.Cosmetics.202410290644.db,places,1.115834,104.0511807,394435.20089737145,123350.36278416133,5.0,1.3862943611198906,-1,5272.0895266801635,6.376726947898627,3.1883634739493134,4.65,0.0,0.0,0.0,1112.374978937558,0.0,1,1,9,152.15716876269443,0.6931471805579453,39.29746744039952,119.0,45,0.7240279685852613,0,161.5087280213458,0.0,0.0,0.0,1000.0,0.0,1
2033,Roc Beauty Centre,massage spa,Retail,Indonesia.Batam.Cosmetics.202410290644.db,places,1.1463473,104.0127144,390156.20389363886,126724.92458810477,4.8,4.143134726391533,0,8196.7314918906,100.55742365092479,4.3720618978662955,4.534782608695652,0.0,0.0,0.0,1406.8019216836738,0.0,14,22,46,29.098414214007825,2.690828621494594,181.59592825037257,284.0,124,0.750713393282924,1,1984.1215850696658,173.4916747773007,0.0,0.0,682.5969837320524,84.0,0
2035,Mega salon,hair salon,Retail,Indonesia.Batam.Cosmetics.202410290644.db,places,1.108708,104.0583557,395233.30632408604,122562.35916633035,3.4,2.5649493574615367,-1,5272.0895266801635,5.966146739123692,1.491536684780923,4.175,0.0,0.0,0.0,5845.969157715228,0.0,0,3,22,303.70291462106997,0.5623351446168083,39.019518456385434,469.0,158,0.8027589684549797,1,1075.6638993933757,768.0282635948729,0.0,0.0,1000.0,0.0,1
2039,Facialaja Dr  Ferdy S Estetika Cab Penuin,health and beauty shop,Retail,Indonesia.Batam.Cosmetics.202410290644.db,places,1.1363333,104.0090101,389743.64678470144,125618.04810516823,5.0,1.0986122886681098,0,8196.7314918906,89.02551730409208,2.967517243469736,4.573333333333334,1.0,1.0,2.0,234.9240752589326,1.2732395447351628,9,29,50,61.21642546791644,2.43981054901386,67.64553653141068,307.0,114,0.7642307992934343,1,963.7872909951226,963.9380460459469,0.0,0.0,520.7706280901006,84.0,0
2041,RUKO MITRA RAYA BLOK C NO 6,pharmacy,Retail,Indonesia.Batam.Cosmetics.202410290644.db,places,1.1200584,104.0421072,393425.7494473027,123817.68051731562,5.0,1.3862943611198906,-1,5272.0895266801635,15.439308864591663,2.2056155520845233,4.885714285714286,0.0,0.0,0.0,1075.3396016206302,0.0,2,6,20,110.47271083405475,1.5498260458732018,16.67867135246577,549.0,216,0.8223860725957429,1,889.3872504249752,870.6777337617043,0.0,0.0,1000.0,0.0,1
2045,Eudora Aesthetic Clinic - BCS MAll,skin care clinic,Retail,Indonesia.Batam.Cosmetics.202410290644.db,places,1.1321944,104.0108329,389946.31324401766,125160.43539455606,3.6,2.3978952727983707,0,8196.7314918906,76.8690063223491,3.074760252893964,4.636,0.0,2.0,3.0,377.6800309506525,2.5464790894703255,14,24,35,88.76002940542922,2.335132495112475,46.36625673825922,462.0,180,0.8006467278033758,1,493.9178062556509,1052.7608676353807,0.0,0.0,982.4015981939699,84.0,0
2049,Salmah Salon & Spa Muslimah,beauty salon,Retail,Indonesia.Batam.Cosmetics.202410290644.db,places,1.1044752,104.0760478,397201.74470643967,122093.82444044347,4.5,5.293304824724492,-1,5272.0895266801635,24.378733274715103,3.4826761821021575,4.4714285714285715,1.0,1.0,2.0,70.16064057878584,1.2732395447351628,4,6,9,60.414962176104304,1.7478680974607577,24.13548433062946,356.0,140,0.7784366853256025,1,669.775815588998,521.3056991477052,0.0,0.0,1000.0,0.0,1
2053,Eska Wellness Kepri Mall,wellness center,Retail,Indonesia.Batam.Cosmetics.202410290644.db,places,1.1022157,104.0362401,392772.2762358632,121845.45193328845,4.9,5.831882477283517,1,5272.0895266801635,40.102005818440624,3.3418338182033853,4.475,0.0,0.0,0.0,3794.7495974768726,0.0,9,11,12,67.38511598120861,2.1383330594990273,40.05415692841666,143.0,70,0.7293698548737585,1,556.4911970239884,489.783815822102,0.0,0.0,119.18278789193448,12.0,0
2055,Kepri Mall,shopping mall,Retail,Indonesia.Batam.Cosmetics.202410290644.db,places,1.1011245,104.0371199,392870.1328943035,121724.7922991958,4.3,8.435332164935916,1,5272.0895266801635,40.102005818440624,3.3418338182033853,4.475,1.0,1.0,1.0,37.34038101453309,1.2732395447351628,8,11,12,37.34038101453309,2.1383330594990273,120.08297859421884,154.0,76,0.7259828229225654,1,401.27041159574657,596.1318495745054,0.0,0.0,117.95687204274837,12.0,0
2061,Dawra Beauty Care,beauty salon,Retail,Indonesia.Batam.Cosmetics.202410290644.db,places,1.1014127,104.0615608,395589.6809029989,121755.78426352031,5.0,5.659482215759621,2,5272.0895266801635,29.540782016162986,2.461731834680249,4.824999999999999,1.0,1.0,2.0,200.63640294907532,1.2732395447351628,7,11,20,37.28165381614333,1.9792045174263244,41.50111693877155,572.0,193,0.8257406504682328,1,1401.5567198806013,363.3121774118851,0.0,0.0,133.72071893411308,15.0,0
2063,ELFsalon Batam,beauty salon,Retail,Indonesia.Batam.Cosmetics.202410290644.db,places,1.1015908,104.0564805,395024.40400025697,121775.65089274806,4.3,1.6094379124341003,2,5272.0895266801635,13.66840169292606,1.9526288132751515,4.685714285714285,0.0,1.0,2.0,408.34926585470004,1.2732395447351628,2,6,19,153.33450474608577,1.5498260458732018,28.010050296670727,647.0,215,0.8435952159484987,1,1474.1258248227903,723.1006628208372,0.0,0.0,586.2556434702303,15.0,0
2065,MS GLOW Nazara Poetry Batam (Mega Legenda),cosmetics store,Retail,Indonesia.Batam.Cosmetics.202410290644.db,places,1.1026048,104.0625464,395699.3896332897,121887.53085318665,5.0,1.9459101490553132,2,5272.0895266801635,26.975832658701446,2.452348423518313,4.881818181818182,1.0,2.0,7.0,222.13723531826466,2.5464790894703255,6,10,19,110.02370064393526,1.846220219314633,23.549592343269243,616.0,211,0.8369503568960561,1,1546.9468414536695,453.8451012232016,0.0,0.0,99.83236827652844,15.0,0
2107,HDI Learning Center Batam,health and beauty shop,Retail,Indonesia.Batam.Cosmetics.202410290644.db,places,1.1011955,104.0627534,395722.37340231176,121731.73206084345,4.8,1.6094379124341003,2,5272.0895266801635,26.975832658701446,2.452348423518313,4.881818181818182,1.0,1.0,1.0,107.00443581537823,1.2732395447351628,4,10,16,60.055603874519505,1.846220219314633,30.868231007874808,570.0,199,0.82606955938665,1,1397.9226914563624,296.4851909085507,0.0,0.0,199.6434423762855,15.0,0
2113,Natasha Skin Clinic Centre,skin care clinic,Retail,Indonesia.Batam.Cosmetics.202410290644.db,places,1.1290439,104.0560382,394976.162717578,124810.48476085158,4.8,5.652489180268651,-1,5272.0895266801635,27.982839615576466,4.663806602596078,4.366666666666667,0.0,0.0,0.0,1077.6575262648169,0.0,5,5,11,29.985165198785083,1.5607104090364068,143.22582035953738,71.0,42,0.7056223231934263,1,1022.6166783668127,684.8159741332794,0.0,0.0,1000.0,0.0,1
2119,Mega Mall Batam Centre,shopping mall,Retail,Indonesia.Batam.Cosmetics.202410290644.db,places,1.1293427,104.0558822,394958.8155279709,124843.52141431395,4.5,9.919754525,-1,5272.0895266801635,27.982839615576466,4.663806602596078,4.366666666666667,0.0,0.0,0.0,3735.368537957905,0.0,4,5,11,12.81379861755903,1.5607104090364068,127.3283557093509,76.0,43,0.7079109888177316,1,1059.4499320610703,682.2736314112168,0.0,0.0,1000.0,0.0,1
2125,Eska Wellness Spa Massage and Salon (Eska Wellness Mega Mall),wellness center,Retail,Indonesia.Batam.Cosmetics.202410290644.db,places,1.1296938,104.0566811,395047.7206703116,124882.30509623341,4.9,7.527793987721444,-1,5272.0895266801635,27.982839615576466,4.663806602596078,4.366666666666667,0.0,0.0,0.0,3794.7495974768726,0.0,4,5,8,44.882831664538514,1.5607104090364068,52.07875381198376,53.0,30,0.708249370843086,1,1041.6229666044562,585.9991351543767,0.0,0.0,1000.0,0.0,1
2141,Shiren Beauty,beauty salon,Retail,Indonesia.Batam.Cosmetics.202410290644.db,places,1.1440764,104.0052802,389328.91644132487,126474.16911011611,5.0,3.7376696182833684,0,8196.7314918906,51.27523111633785,3.944248547410604,4.253846153846154,3.0,3.0,9.0,9.045186247517174,3.819718634205488,5,12,53,9.045186247517174,2.1383972463377243,26.85735255796736,396.0,149,0.787232855489425,1,1896.1620489208285,893.5443976566945,0.0,0.0,592.9671982149042,84.0,0
2147,Boston Nagoya Hill,health and beauty shop,Retail,Indonesia.Batam.Cosmetics.202410290644.db,places,1.1465273,104.0124012,390121.3611609219,126744.83506683123,4.0,1.6094379124341003,0,8196.7314918906,100.55742365092479,4.3720618978662955,4.534782608695652,1.0,2.0,2.0,55.56569944504922,2.5464790894703255,14,22,46,22.99127573665056,2.690828621494594,180.11684066334823,317.0,143,0.7582430014795982,1,2015.4263046494962,204.04279124688713,0.0,0.0,683.5755973869025,84.0,0
2151,EUDORA CLINIC (Eudora Aesthetic Clinic - Grand Batam Mall),health and beauty shop,Retail,Indonesia.Batam.Cosmetics.202410290644.db,places,1.1355218,104.0070588,389526.4948087978,125528.41362242079,4.8,4.983606621708336,0,8196.7314918906,82.74351761554989,3.1824429852134575,4.523076923076923,1.0,1.0,2.0,234.9240752589326,1.2732395447351628,12,25,49,29.53916313549441,2.2450352741131776,77.55913125127901,390.0,151,0.7821704586810638,1,940.4895033613894,1163.8732782641073,0.0,0.0,670.5868979931151,84.0,0
2152,Eska Wellness Nagoya Hill,wellness center,Retail,Indonesia.Batam.Cosmetics.202410290644.db,places,1.1459083,104.0117449,390048.3113936069,126676.43165181778,4.8,7.85748078694253,0,8196.7314918906,124.04455186103641,4.277398340035738,4.448275862068966,0.0,0.0,0.0,1285.3316655403214,0.0,14,28,46,33.983510881932354,2.8053739589382367,101.31373664713747,317.0,144,0.7640140328889913,1,1981.3710984753006,235.41874202766178,0.0,0.0,590.6770945926536,84.0,0
2177,Eudora Aesthetic Clinic - Batam Centre,health and beauty shop,Retail,Indonesia.Batam.Cosmetics.202410290644.db,places,1.1292062,104.0372111,392881.2960790462,124829.11331548529,4.6,5.111987788356544,-1,5272.0895266801635,16.286583292203446,5.428861097401149,4.633333333333334,0.0,0.0,0.0,1419.1106737606435,0.0,2,2,14,129.99545150253965,1.0986122886651097,42.35599178938836,411.0,156,0.7894711483925816,1,1538.0257008621372,929.806258173566,0.0,0.0,1000.0,0.0,1
2187,IIN SULAM ALIS BATAM (SULAM ALIS IIN),beauty salon,Retail,Indonesia.Batam.Cosmetics.202410290644.db,places,1.1459246,104.0125439,390137.21634033794,126678.20291054991,4.3,2.5649493574615367,0,8196.7314918906,113.31669151658745,4.1969145006143505,4.548148148148148,2.0,3.0,9.0,114.0704121984056,3.819718634205488,15,26,46,48.049685223463335,2.814359184731863,166.9173032560591,308.0,135,0.757185662515132,1,1947.7116352006228,169.1252833335557,0.0,0.0,632.6829501436002,84.0,0
2207,Milagros Batam,health and beauty shop,Retail,Indonesia.Batam.Cosmetics.202410290644.db,places,1.1438114,104.0104678,389906.12908066006,126444.67454740632,4.8,2.772588722239781,0,8196.7314918906,113.56196221846065,4.055784364945024,4.425,0.0,2.0,4.0,369.35238701717213,2.5464790894703255,1,27,59,194.09615627480912,2.691679504436365,85.08016342620378,334.0,143,0.7690259636132788,1,1776.5515482155597,323.4764655646519,0.0,0.0,323.9155292277947,84.0,0
2209,Toko Obat Paradise,herbal medicine store,Retail,Indonesia.Batam.Cosmetics.202410290644.db,places,1.1417086,104.0057296,389378.8304750942,126212.39804491238,4.1,2.772588722239781,0,8196.7314918906,39.04859842734232,3.5498725843038472,4.163636363636363,0.0,0.0,0.0,11665.470802419228,0.0,1,10,59,235.3442997347648,1.8937882323831376,9.538090823178123,343.0,129,0.7765821661070836,1,1631.9447202936772,895.9419114261846,0.0,0.0,442.75424799873105,84.0,0
2231,Lviors Beauty Clinic Batam,skin care clinic,Retail,Indonesia.Batam.Cosmetics.202410290644.db,places,1.1247965,104.0414985,393358.19136381074,124341.48081789732,4.9,3.295836866004329,-1,5272.0895266801635,10.666067507811409,5.333033753905704,4.9,1.0,1.0,3.0,64.20673519495931,1.2732395447351628,1,1,25,64.20673519495931,-1.000088900581841e-12,34.871064099069905,476.0,192,0.8046369874066239,1,1186.3920779506748,1247.7177351503742,0.0,0.0,1000.0,0.0,1
2245,HWI - Distribution Centre Batam,beauty product supplier,Retail,Indonesia.Batam.Cosmetics.202410290644.db,places,1.1339753,104.0337903,392500.8414581923,125356.44591419322,5.0,1.791759469228055,-1,5272.0895266801635,10.587795784428868,2.1175591568857737,4.9399999999999995,0.0,1.0,1.0,291.4389003292695,1.2732395447351628,2,4,10,220.24028442050115,1.3321790402061222,23.98606378915534,720.0,247,0.8603066983877312,1,1027.721701466987,656.8342065570778,0.0,0.0,1000.0,0.0,1
2281,Ankerz Co,cosmetics store,Retail,Indonesia.Batam.Cosmetics.202410290644.db,places,1.1018885,104.0439002,393624.6056478607,121809.00658264659,5.0,0.6931471805599453,-1,5272.0895266801635,0.6931471805599453,0.6931471805599453,5.0,0.0,0.0,2.0,756.5143935343224,0.0,0,0,11,658.3833846835238,-1.000088900581841e-12,55.37900486437096,243.0,104,0.7507363174100765,1,548.25945903907,1160.9038098499243,0.0,0.0,1000.0,0.0,1
2311,Jodoh Centre,shopping mall,Retail,Indonesia.Batam.Cosmetics.202410290644.db,places,1.158221,104.022463,391241.3741292973,128037.15056149196,4.4,6.679599185844383,-1,9626.992191604691,13.44117195464844,2.24019532577474,4.733333333333333,0.0,0.0,0.0,4900.881316893637,0.0,0,5,10,278.5199769587289,1.2424533248900003,40.47746847949892,430.0,166,0.793881582899912,1,1010.8425761769698,619.1001409397597,0.0,0.0,1000.0,0.0,1
2316,Avoskin Batam,beauty product supplier,Retail,Indonesia.Batam.Cosmetics.202410290644.db,places,1.1547766,104.037159,392876.44576621085,127655.82549231367,5.0,1.0986122886681098,-1,9626.992191604691,6.396929655216146,1.2793859310432292,4.2,0.0,0.0,0.0,1541.956365721169,0.0,2,4,19,0.0,0.9502705392302345,51.289872487069665,580.0,195,0.8268228855554902,1,42.064836113458824,307.429107105912,0.0,0.0,1000.0,0.0,1
2323,Pasar Tanjung Pantun Jodoh,produce market,Retail,Indonesia.Batam.Cosmetics.202410290644.db,places,1.1498149,104.0059654,389405.3788214496,127108.51794489706,4.2,6.07073772800249,0,5742.079344227783,65.27627959583822,5.02125227660294,4.461538461538462,0.0,0.0,0.0,16170.794285111935,0.0,2,12,37,87.63555084825816,2.4583113296710835,18.917024672134655,528.0,212,0.8174995113453521,1,2461.3643128879403,876.0640799957888,0.0,0.0,1056.9772538393302,84.0,0
2325,Jodoh Centre Supermarket,discount supermarket,Retail,Indonesia.Batam.Cosmetics.202410290644.db,places,1.1499621,104.0051915,389319.2729758218,127124.8204944278,4.2,6.0330862217988015,0,5742.079344227783,57.47734628579699,5.225213298708817,4.463636363636365,0.0,0.0,0.0,1000.0,0.0,2,10,34,87.63555084825816,2.3978952727873706,62.436133225501976,465.0,189,0.8001445362971873,1,2425.0178735217123,938.9772268711799,0.0,0.0,1107.7571526637817,84.0,0
2337,Pasar Second Jodoh Batam,market,Retail,Indonesia.Batam.Cosmetics.202410290644.db,places,1.1485911,104.0048939,389286.1063477519,126973.271737148,4.3,7.594381242551817,0,5742.079344227783,61.26531664255516,5.105443053546264,4.391666666666667,0.0,0.0,0.0,16144.759070346878,0.0,3,11,35,155.13558924559547,2.484906649776,21.750316932782017,449.0,180,0.7995259023407588,1,2281.855368173274,1038.4008761009031,0.0,0.0,991.8279025518186,84.0,0
2339,Octopuss Men's Health And Executive Spa,spa,Retail,Indonesia.Batam.Cosmetics.202410290644.db,places,1.151201,104.001747,388936.05265276035,127261.91142992668,4.4,4.997212273764115,0,5742.079344227783,24.69541746611722,6.173854366529305,4.2749999999999995,0.0,0.0,0.0,1588.3375159286386,0.0,0,3,17,407.00336682057593,1.3862943611158907,121.54431261684424,185.0,76,0.7328473184807174,1,2355.5725205930967,749.978764272337,0.0,0.0,1429.7123497252942,84.0,0
2343,PT  Klik Akses Indonesia,corporate office,Retail,Indonesia.Batam.Cosmetics.202410290644.db,places,1.1518588,104.0073001,389553.9688955146,127334.41366108236,5.0,0.6931471805599453,0,5742.079344227783,37.6616846778688,5.380240668266971,4.471428571428572,0.0,0.0,0.0,1000.0,0.0,0,6,36,270.3846976097587,1.9459101490483135,35.9423161963248,554.0,206,0.8220997651931292,1,2539.2797879959385,658.5766198608908,0.0,0.0,1228.4121293362603,84.0,0
2347,Rajawangi Tiban Lama & Bouquetku Batam,florist,Retail,Indonesia.Batam.Cosmetics.202410290644.db,places,0.837166,104.053115,394641.7521034941,92544.78357119006,5.0,1.9459101490553132,-1,0.0,3.8918202981106265,1.9459101490553132,4.9,0.0,0.0,0.0,1000.0,0.0,1,1,1,0.0,0.6931471805579453,9560.42961184939,0.0,0,0.0,0,7240.623421016417,4109.592888619644,0.0,0.0,1000.0,0.0,1
2353,Alfamart,convenience store,Retail,Indonesia.Batam.Cosmetics.202410290644.db,places,1.1402144,104.0273834,391788.1823110057,126046.39534375642,4.5,4.882801922586371,-1,9626.992191604691,9.750336373041954,3.250112124347318,4.733333333333333,0.0,0.0,1.0,722.8505588501653,0.0,0,2,8,308.81058496799426,0.6365141682928128,26.859690257357883,486.0,179,0.8074725643513594,1,810.3677701913117,640.4277424220902,0.0,0.0,1000.0,0.0,1
2355,Natura World Batam,beauty product supplier,Retail,Indonesia.Batam.Cosmetics.202410290644.db,places,1.1320079,104.0320468,392306.7708452343,125139.021835924,5.0,2.6390573296152584,-1,5272.0895266801635,10.587795784428868,2.1175591568857737,4.9399999999999995,0.0,1.0,1.0,291.4389003292695,1.2732395447351628,2,4,10,46.6357624372976,1.3321790402061222,16.57763202017266,442.0,155,0.7983305035494447,1,974.6371740028616,426.7648991067156,0.0,0.0,1000.0,0.0,1
2370,Ando King,perfume store,Retail,Indonesia.Batam.Cosmetics.202410290644.db,places,1.1374676,104.0278887,391844.304230787,125742.7272560219,5.0,0.6931471805599453,-1,5272.0895266801635,5.575949103146316,2.787974551573158,4.75,0.0,0.0,2.0,613.2568031402084,0.0,0,1,7,308.81058496799426,0.6931471805579453,11.206163309944442,473.0,168,0.8056953895386305,1,896.760103878524,346.5706413120798,0.0,0.0,1000.0,0.0,1
2371,De'Xandra Batam (Distributor),perfume store,Retail,Indonesia.Batam.Cosmetics.202410290644.db,places,1.1319166,104.0334224,392459.8295866549,125128.87790426762,5.0,1.3862943611198906,-1,5272.0895266801635,10.587795784428868,2.1175591568857737,4.9399999999999995,0.0,0.0,1.0,869.3000002102191,0.0,3,4,10,106.95582395110426,1.3321790402061222,55.642809679581056,499.0,181,0.8082882124385793,1,1124.0960536183852,579.0653364523661,0.0,0.0,1000.0,0.0,1
2403,BatamLapak,barber shop,Retail,Indonesia.Batam.Cosmetics.202410290644.db,places,1.1595716,104.0333645,392454.41851426184,128186.03840050954,4.5,1.9459101490553132,-1,9626.992191604691,4.2484952420493585,1.4161650806831194,4.833333333333333,0.0,0.0,0.0,3837.0652872768264,0.0,0,2,17,389.6022223469755,1.0986122886651097,15.253095647489264,689.0,253,0.8539747304428311,1,357.4366629751487,753.4747397921296,0.0,0.0,1000.0,0.0,1
2409,RH Radiantz Batam,health and beauty shop,Retail,Indonesia.Batam.Cosmetics.202410290644.db,places,1.1254697,104.0250095,391523.49182583776,124416.50852352277,5.0,1.791759469228055,-1,5272.0895266801635,16.775532748884185,2.7959221248140307,4.933333333333334,0.0,0.0,0.0,1419.1106737606435,0.0,3,5,5,121.48033462236366,1.5607104090364068,118.81214308735728,264.0,104,0.7508135219082714,1,529.5733766026983,635.445678549598,0.0,0.0,1000.0,0.0,1
2413,Akyla Beauty,beauty supply store,Retail,Indonesia.Batam.Cosmetics.202410290644.db,places,1.1301167,104.045759,393832.44678752153,124929.45175861767,4.5,2.1972245773362196,-1,5272.0895266801635,21.379753130636743,4.275950626127349,4.72,1.0,1.0,1.0,42.95284047300776,1.2732395447351628,3,4,20,42.95284047300776,1.3321790402061222,148.43774886554803,105.0,48,0.7128868120548968,1,1212.240578219013,758.8121763390188,0.0,0.0,1000.0,0.0,1
2417,chaddas perfume batam,perfume store,Retail,Indonesia.Batam.Cosmetics.202410290644.db,places,1.1430151,104.027892,391844.87849182426,126355.98379028958,4.7,4.174387269895637,-1,9626.992191604691,11.542095842270006,2.8855239605675016,4.75,0.0,0.0,1.0,613.2568031402084,0.0,0,3,12,314.7371334085406,1.3862943611158907,56.2401501748385,508.0,187,0.8102684550768872,1,610.609273166227,752.7419211059663,0.0,0.0,1000.0,0.0,1
2425,Ayangku Beauty,beauty salon,Retail,Indonesia.Batam.Cosmetics.202410290644.db,places,1.1554152,104.0410918,393314.06537416915,127726.27230036205,5.0,1.6094379124341003,-1,9626.992191604691,4.787491742782046,1.1968729356955115,4.0,0.0,2.0,2.0,353.2299808355235,2.5464790894703255,0,3,15,353.2299808355235,0.5623351446168083,36.95166247212584,306.0,107,0.7662537332346453,1,409.5761535574573,42.53836157692767,0.0,0.0,1000.0,0.0,1
2427,VR Perfume,cosmetics store,Retail,Indonesia.Batam.Cosmetics.202410290644.db,places,1.1610183,104.0418245,393395.80094775377,128345.64536171156,5.0,1.0986122886681098,-1,9626.992191604691,12.499219757413012,1.7856028224875733,4.685714285714285,3.0,3.0,4.0,94.26490092351132,3.819718634205488,4,6,15,94.26490092351132,0.9556998911095345,81.6299613980294,126.0,47,0.7225020224772458,1,110.96834369828905,76.32583410194879,0.0,0.0,1000.0,0.0,1
2461,Ionizer Alkali Water Batam,health and beauty shop,Retail,Indonesia.Batam.Cosmetics.202410290644.db,places,1.1207497,103.9810943,386636.8398742962,123896.39191512534,5.0,0.6931471805599453,-1,2626.697343844494,9.057189192482008,3.0190630641606693,4.566666666666666,0.0,0.0,1.0,619.8782365377537,0.0,1,2,13,139.07258068964194,0.6365141682928128,42.77993577240772,715.0,243,0.8578059185592685,1,711.7535134773775,355.99903593917264,0.0,0.0,1000.0,0.0,1
2483,Sognaíle Beauty Studio,beauty salon,Retail,Indonesia.Batam.Cosmetics.202410290644.db,places,1.1482628,104.0146323,390369.68044959207,126936.60374008355,5.0,2.0794415416798357,0,8196.7314918906,88.10686875224906,4.405343437612453,4.515,1.0,3.0,6.0,246.2827728376302,3.819718634205488,4,19,38,34.604676966104265,2.649158683258018,15.566239284644906,235.0,92,0.7518528472964889,1,2046.9593607642967,172.8249370127081,0.0,0.0,975.8908989030704,84.0,0
2489,Amway Indonesia Store Batam,vitamin & supplements store,Retail,Indonesia.Batam.Cosmetics.202410290644.db,places,1.1463105,104.0114983,390020.8876769146,126720.9031381745,4.9,2.70805020110221,0,8196.7314918906,111.28528399537373,4.45141135981495,4.42,0.0,0.0,0.0,1192.6959948963229,0.0,13,24,46,47.16857803417107,2.677950003346876,106.74704759335006,333.0,145,0.7672143331154774,1,2033.2299852811275,286.0702408594397,0.0,0.0,622.1401425417105,84.0,0
2513,Shania Beauty,cosmetics store,Retail,Indonesia.Batam.Cosmetics.202410290644.db,places,1.1066072,104.0553917,394903.4297008813,122330.230077698,5.0,1.0986122886681098,-1,5272.0895266801635,8.268731832117737,1.378121972019623,4.45,1.0,3.0,6.0,116.96116120673675,3.819718634205488,2,5,18,116.96116120673675,0.8675632284784613,17.7225431537042,823.0,288,0.8839288165581378,1,1259.0015616325993,1064.8165552126038,0.0,0.0,1000.0,0.0,1
2540,Supermarket Sumber Harapan (Sumber Harapan Supermarket  Sekupang),supermarket,Retail,Indonesia.Batam.Cosmetics.202410290644.db,places,1.1043665,103.9527751,383485.06264330295,122086.35630488915,4.3,6.396929655216146,-1,2626.697343844494,19.723767394055564,3.287294565675927,4.4,0.0,0.0,0.0,3757.9574417129916,0.0,2,5,12,87.30628183083383,1.2424533248900003,28.841611494852703,410.0,153,0.7902359669416192,1,220.10285117457167,305.56072579399387,0.0,0.0,1000.0,0.0,1
2545,Enny Salon Ruko Gratinda,beauty salon,Retail,Indonesia.Batam.Cosmetics.202410290644.db,places,1.1112112,103.9619315,384504.1875013692,122842.67169141016,5.0,0.6931471805599453,-1,2626.697343844494,9.962228047558728,1.9924456095117455,4.66,1.0,1.0,1.0,175.60148267788205,1.2732395447351628,1,4,10,175.60148267788205,1.3321790402061222,24.352342319632697,731.0,266,0.8627536376274636,1,1020.6268727290131,208.3083581987909,0.0,0.0,1000.0,0.0,1
2557,Indomaret Sungai Harapan,convenience store,Retail,Indonesia.Batam.Cosmetics.202410290644.db,places,1.1079654,103.953328,383546.725874977,122484.18948767797,4.4,5.648974238161206,-1,2626.697343844494,21.215422270833283,3.535903711805547,4.55,1.0,1.0,4.0,185.38187361929565,1.2732395447351628,2,5,11,163.26363929610875,1.3296613488507583,23.141588113155162,327.0,119,0.7719877327479352,1,573.0620799215069,520.738708519587,0.0,0.0,1000.0,0.0,1
2561,MS GLOW STORE TUNAS,cosmetics store,Retail,Indonesia.Batam.Cosmetics.202410290644.db,places,1.0467212,103.936295,381649.04446777736,115714.34243937388,5.0,0.6931471805599453,-1,4388.732137296748,6.522092798170153,2.1740309327233844,4.633333333333334,0.0,0.0,2.0,562.2880755676242,0.0,0,2,6,336.7424188383944,1.0986122886651097,41.62117221093232,570.0,196,0.8252820832814773,1,1508.6749191514436,1510.3717904487644,0.0,0.0,1000.0,0.0,1
2563,Toko Parfume Dan Kosmetik,cosmetics store,Retail,Indonesia.Batam.Cosmetics.202410290644.db,places,1.0411025,103.9829735,386842.9925856057,115091.48365319421,5.0,3.5553480614894135,-1,4388.732137296748,7.937374696163294,1.9843436740408236,5.0,2.0,2.0,4.0,41.49464238162002,2.5464790894703255,3,3,5,19.10072857085806,0.5623351446168083,71.12696703939389,399.0,142,0.7846654969351516,1,1563.1075388279658,434.86267861833744,0.0,0.0,1000.0,0.0,1
2577,TOKO SYIFA,convenience store,Retail,Indonesia.Batam.Cosmetics.202410290644.db,places,1.1040062,103.9461217,382744.7030960122,122046.78706578953,5.0,1.0986122886681098,-1,2626.697343844494,4.787491742782046,1.5958305809273485,4.966666666666667,0.0,0.0,4.0,672.1444181244249,0.0,0,2,10,261.8179009413522,1.0986122886651097,11.021001481412013,634.0,216,0.841915846149208,0,360.046263159349,0.0,0.0,0.0,1000.0,0.0,1
2581,Indomaret spbu sekupang,convenience store,Retail,Indonesia.Batam.Cosmetics.202410290644.db,places,1.1108129,103.9497758,383151.57351602975,122799.11804992676,4.4,5.605802066295998,-1,2626.697343844494,11.779588170197934,2.9448970425494836,4.55,0.0,1.0,4.0,473.06021854047907,1.2732395447351628,0,3,11,345.55383172083344,1.039720770836918,17.819361765468976,234.0,89,0.7514629555723681,1,444.93120838266634,551.522885784927,0.0,0.0,1000.0,0.0,1
2588,Mdqua,convenience store,Retail,Indonesia.Batam.Cosmetics.202410290644.db,places,1.107105,103.951898,383387.5718491335,122389.12932186488,5.0,0.6931471805599453,-1,2626.697343844494,26.71586382147145,3.3394829776839314,4.4750000000000005,1.0,3.0,4.0,185.38187361929565,3.819718634205488,2,7,12,166.53979128320339,1.3862943611148906,43.590211450760044,393.0,145,0.785332786087804,1,530.0047082797951,374.06791516332567,0.0,0.0,1000.0,0.0,1
2589,Indomaret Pasar Sungai Harapan,convenience store,Retail,Indonesia.Batam.Cosmetics.202410290644.db,places,1.1031522,103.9521023,383410.15077518934,121952.14296880744,3.9,2.1972245773362196,-1,2626.697343844494,12.059890135352092,2.4119780270704183,4.62,0.0,1.0,4.0,437.56928669671544,1.2732395447351628,2,4,12,75.67549428066951,1.3321790402061222,37.893720132921864,432.0,158,0.7945205750875993,1,170.99806471101144,299.433813781357,0.0,0.0,1000.0,0.0,1
2593,Produk k-link batam,health and beauty shop,Retail,Indonesia.Batam.Cosmetics.202410290644.db,places,1.0358859,104.0050061,389294.46600358584,114514.0210052938,4.9,2.1972245773362196,-1,4388.732137296748,8.283999304248526,2.7613331014161755,4.5,0.0,0.0,0.0,1092.4444267650194,0.0,0,2,3,429.2011922187661,1.0986122886651097,54.6190150530874,492.0,171,0.8067889756645585,1,341.5466822781994,438.33798702653667,0.0,0.0,1000.0,0.0,1
2595,Apotek Kimia Farma 128,pharmacy,Retail,Indonesia.Batam.Cosmetics.202410290644.db,places,1.1086075,103.9520067,383399.72597772843,122555.22501488174,3.8,4.0943445622221,-1,2626.697343844494,23.82549206357529,3.970915343929215,4.483333333333333,0.0,0.0,0.0,6978.856290892989,0.0,2,5,12,163.26363929610875,1.2424533248900003,18.02550749835954,317.0,119,0.770113525954029,1,677.9642007335167,469.77519527562146,0.0,0.0,1000.0,0.0,1
2599,The body shop,cosmetics store,Retail,Indonesia.Batam.Cosmetics.202410290644.db,places,1.1359715,104.0063879,389451.86080459226,125578.15234896871,2.3,1.6094379124341003,0,8196.7314918906,59.678458280224206,3.140971488432853,4.489473684210526,3.0,4.0,8.0,41.0301001612293,5.092958178940651,8,18,49,41.0301001612293,2.201511865975724,76.5264527585487,392.0,149,0.782695860510142,1,1017.2856486746426,1175.706268830541,0.0,0.0,663.69758962635,84.0,0
2603,Baba Parfum Yolvi Billionaire,cosmetics store,Retail,Indonesia.Batam.Cosmetics.202410290644.db,places,1.0370973,103.9541528,383635.82672697696,114649.76213995548,5.0,0.6931471805599453,-1,4388.732137296748,8.502688505213355,2.1256721263033387,4.85,0.0,0.0,1.0,692.946515776886,0.0,1,3,12,232.39194473933264,1.3862943611158907,46.51025483335546,1082.0,339,0.9400664671686079,1,1443.082593766167,1303.6623545133386,0.0,0.0,1000.0,0.0,1
2609,Lila ms glow,beauty supply store,Retail,Indonesia.Batam.Cosmetics.202410290644.db,places,1.0428662,103.9558832,383828.58877131005,115287.44399619951,5.0,0.6931471805599453,-1,4388.732137296748,8.226840890408578,2.0567102226021445,4.7,0.0,0.0,0.0,11749.439558576656,0.0,1,3,15,105.05136383512638,1.039720770836918,10.846639341962355,719.0,244,0.8610440575873033,1,1715.8479284148927,1184.947505540081,0.0,0.0,1000.0,0.0,1
2617,Baba Parfume Batam,cosmetics store,Retail,Indonesia.Batam.Cosmetics.202410290644.db,places,1.0405246,103.9489388,383055.7617733259,115028.83933957732,5.0,1.791759469228055,-1,4388.732137296748,4.969813299576001,0.9939626599152002,5.0,0.0,0.0,3.0,536.4241330431153,0.0,2,4,14,147.00750883070089,1.6094379124291003,31.72918739286343,958.0,323,0.9132628803044373,1,1517.0801880715533,1447.9079138117015,0.0,0.0,1000.0,0.0,1
2619,Halona Beauty Salon,beauty salon,Retail,Indonesia.Batam.Cosmetics.202410290644.db,places,1.0415344,103.9497984,383151.45142254065,115140.4399609276,5.0,0.6931471805599453,-1,4388.732137296748,4.276666119016055,1.0691665297540138,5.0,0.0,0.0,3.0,785.4825219456103,0.0,1,3,16,147.00750883070089,1.3862943611158907,14.702472582022946,932.0,321,0.9086627306890005,1,1657.4713298957802,1316.6232092339221,0.0,0.0,1000.0,0.0,1
2621,BABA Parfum Beben,cosmetics store,Retail,Indonesia.Batam.Cosmetics.202410290644.db,places,1.0546952,103.9857593,387153.4670541591,116594.02745845028,5.0,0.6931471805599453,-1,3606.2392180267007,0.6931471805599453,0.6931471805599453,5.0,0.0,0.0,3.0,543.5753672635153,0.0,0,0,5,543.5753672635153,-1.000088900581841e-12,36.169579751708504,483.0,168,0.8061161053834158,1,1996.2725015936112,979.7499476730038,0.0,0.0,1000.0,0.0,1
2623,3T Beauty,homewares store,Retail,Indonesia.Batam.Cosmetics.202410290644.db,places,1.0405115,103.9411639,382190.60374742263,115027.68044997047,4.0,1.0986122886681098,-1,4388.732137296748,2.4849066497880004,0.8283022165960001,4.666666666666667,0.0,0.0,0.0,1000.0,0.0,0,2,11,405.34744993944486,1.0986122886651097,17.88127890960393,1266.0,399,0.9835423791808107,1,1283.3310424328117,1257.3000401548668,0.0,0.0,1000.0,0.0,1
2629,Gerai shannen Batam,cosmetics store,Retail,Indonesia.Batam.Cosmetics.202410290644.db,places,1.0324807,103.9421106,382295.6520271882,114139.84525393604,4.5,1.0986122886681098,-1,4388.732137296748,1.0986122886681098,1.0986122886681098,4.5,0.0,0.0,0.0,1169.6483704424456,0.0,0,0,3,828.6815480096511,-1.000088900581841e-12,31.397117087120105,888.0,279,0.8975450700577244,1,538.3347455710975,371.9970117755183,0.0,0.0,1000.0,0.0,1
2630,Ms Glow Batu Aji Griya Prima Aviari (Ms Glow Griya Prima Aviari),shop,Retail,Indonesia.Batam.Cosmetics.202410290644.db,places,1.0522365,103.9760654,386074.69924952346,116322.57583539002,5.0,2.9444389791664403,-1,3606.2392180267007,9.284798282894192,2.321199570723548,4.875,0.0,0.0,0.0,3357.9589789923916,0.0,1,3,11,48.061952773229855,1.3862943611158907,22.389250082031168,1304.0,432,0.9917579715648935,1,1853.8240492835346,1279.4146207187662,0.0,0.0,1000.0,0.0,1
2633,Laris manis HWI,health and beauty shop,Retail,Indonesia.Batam.Cosmetics.202410290644.db,places,1.0442624,103.9602063,384309.69346211065,115441.6328915077,5.0,0.6931471805599453,-1,4388.732137296748,10.865898220023837,1.8109830366706394,4.683333333333334,0.0,0.0,1.0,941.5909358719923,0.0,0,5,10,320.81170159359436,1.2424533248900003,7.61939722533611,575.0,197,0.8288965919026469,1,1505.8372165101935,1126.313068975429,0.0,0.0,1000.0,0.0,1
2647,LEX'DA Kosmetik,cosmetics store,Retail,Indonesia.Batam.Cosmetics.202410290644.db,places,1.0690138,103.9524825,383451.1488643037,118178.16102300271,5.0,0.6931471805599453,-1,2626.697343844494,1.791759469228055,0.8958797346140275,5.0,0.0,1.0,1.0,432.1399748537017,1.2732395447351628,0,1,1,432.1399748537017,-1.000088900581841e-12,15.450375871983029,867.0,289,0.8939902679182635,1,652.3940049594686,87.7957778254477,0.0,0.0,1000.0,0.0,1
2651,Agen Rajawangi,health and beauty shop,Retail,Indonesia.Batam.Cosmetics.202410290644.db,places,1.0337173,103.9954278,388228.57488527254,114274.62395127941,5.0,1.0986122886681098,-1,4388.732137296748,2.70805020110221,1.354025100551105,5.0,0.0,0.0,0.0,1092.4444267650194,0.0,0,1,6,328.1410995449715,0.6931471805579453,51.69331236352338,379.0,138,0.7815909414187279,1,744.6994948128693,190.16104434704945,0.0,0.0,1000.0,0.0,1
2653,Luzie perfume,beauty product supplier,Retail,Indonesia.Batam.Cosmetics.202410290644.db,places,1.029117,103.9795061,386456.73332125647,113766.63467439816,5.0,0.6931471805599453,-1,4388.732137296748,7.466227556215481,2.4887425187384937,4.733333333333333,0.0,0.0,0.0,7500.247902550791,0.0,0,2,3,455.5902170832383,1.0986122886651097,26.46307258902117,848.0,281,0.8889109054252963,1,665.3565478363832,162.82835392283096,0.0,0.0,1000.0,0.0,1
2661,ARAFA PARFUM BATAM,cosmetics store,Retail,Indonesia.Batam.Cosmetics.202410290644.db,places,1.0526605,103.9759699,386064.087952166,116369.45175322388,5.0,1.0986122886681098,-1,3606.2392180267007,9.284798282894192,2.321199570723548,4.875,0.0,0.0,4.0,585.0469061896928,0.0,1,3,11,48.061952773229855,1.3862943611158907,10.405713688723976,1280.0,419,0.9872382671806212,1,1827.6058967664096,1240.1975117057161,0.0,0.0,1000.0,0.0,1
2662,APOTEK DAYU FARMA,pharmacy,Retail,Indonesia.Batam.Cosmetics.202410290644.db,places,1.0385209,103.9377004,381805.1255836624,114807.75012456778,5.0,0.6931471805599453,-1,4388.732137296748,1.791759469228055,0.8958797346140275,4.5,0.0,0.0,0.0,1163.9780169943201,0.0,0,1,4,443.80487014867106,0.6931471805579453,29.066231377274253,896.0,279,0.8995148695530657,1,887.5032440103304,1125.2209811095083,0.0,0.0,1000.0,0.0,1
2666,Kimia farma,pharmacy,Retail,Indonesia.Batam.Cosmetics.202410290644.db,places,1.036612,103.9492419,383089.3456044353,114596.29364286436,5.0,0.6931471805599453,-1,4388.732137296748,3.58351893845611,1.1945063128187032,5.0,0.0,0.0,1.0,772.0883021422815,0.0,0,2,11,363.38184703513684,1.0986122886651097,6.880916506593324,1334.0,445,0.9996403286429925,1,1147.5030885229412,1181.3028771222303,0.0,0.0,1000.0,0.0,1
2669,Apotek RR Farma,pharmacy,Retail,Indonesia.Batam.Cosmetics.202410290644.db,places,1.0365936,103.9561804,383861.43051216716,114594.00419803166,5.0,2.0794415416798357,-1,4388.732137296748,8.502688505213355,2.1256721263033387,4.85,0.0,0.0,1.0,772.0883021422815,0.0,3,3,13,87.1713105191095,1.3862943611158907,73.0655229239543,987.0,320,0.9167574126556816,1,1393.1206026050804,1277.056733697474,0.0,0.0,1000.0,0.0,1
2675,Agency Centre HNI Halal Mart Sei Panas,herb shop,Retail,Indonesia.Batam.Cosmetics.202410290644.db,places,1.1320125,104.0324659,392353.4040022956,125139.5147868389,5.0,0.6931471805599453,-1,5272.0895266801635,10.587795784428868,2.1175591568857737,4.9399999999999995,0.0,0.0,0.0,1000.0,0.0,2,4,10,46.6357624372976,1.3321790402061222,38.38141227032818,469.0,160,0.802805699239106,1,1020.6510158035054,473.31842557678505,0.0,0.0,1000.0,0.0,1
2683,Best Mart Sungai Panas,supermarket,Retail,Indonesia.Batam.Cosmetics.202410290644.db,places,1.1358917,104.0343314,392561.1199632113,125568.27670684221,4.7,4.07753744390572,-1,5272.0895266801635,11.280942964988814,1.8801571608314689,4.95,0.0,0.0,0.0,2740.233129742631,0.0,1,5,10,220.24028442050115,1.5607104090364068,30.371755099911304,854.0,290,0.8899739840491091,1,813.8687804992062,765.0574820341715,0.0,0.0,1000.0,0.0,1
2725,CH Makeup Studio,bridal shop,Retail,Indonesia.Batam.Cosmetics.202410290644.db,places,1.1245885,104.0243572,391450.8779266349,124319.11913322526,4.8,2.833213344056216,-1,5272.0895266801635,16.775532748884185,2.7959221248140307,4.933333333333334,0.0,0.0,0.0,2992.2517735742645,0.0,3,5,6,25.796007169485705,1.5607104090364068,32.781462963340864,311.0,122,0.7676835695485802,1,577.3496437620706,753.4761376748183,0.0,0.0,1000.0,0.0,1
2735,Adore Beauty Studio,beauty salon,Retail,Indonesia.Batam.Cosmetics.202410290644.db,places,1.1118979,104.034577,392587.57095450454,122915.84274015002,5.0,1.6094379124341003,-1,5272.0895266801635,8.192847134592865,4.096423567296433,5.0,1.0,1.0,2.0,126.05902211925243,1.2732395447351628,1,1,9,126.05902211925243,-1.000088900581841e-12,50.216593688802405,299.0,110,0.7637080822784603,1,1601.3664549485686,1081.116901021893,0.0,0.0,1000.0,0.0,1
2740,Pusat Justmine Beauty Batam Store,health and beauty shop,Retail,Indonesia.Batam.Cosmetics.202410290644.db,places,1.1011687,104.0617921,395615.40906047367,121728.80309185895,5.0,1.791759469228055,2,5272.0895266801635,29.540782016162986,2.461731834680249,4.824999999999999,1.0,1.0,1.0,107.00443581537823,1.2732395447351628,6,11,20,37.28165381614333,1.9792045174263244,17.596994237876107,551.0,189,0.8227685956591484,1,1377.6912447586692,331.6450231530899,0.0,0.0,161.11613223605738,15.0,0
2743,PT  Asia Paramita Indah,cosmetics store,Retail,Indonesia.Batam.Cosmetics.202410290644.db,places,1.1098896,104.0672972,396228.2614329604,122692.66445806321,4.7,2.302585092994046,-1,5272.0895266801635,14.820837282576388,4.940279094192129,4.666666666666667,0.0,0.0,2.0,654.3577712339261,0.0,0,2,10,447.5552185379553,1.0986122886651097,236.52226940928745,23.0,14,0.6879952899125971,1,882.6333122630656,582.4849155301533,0.0,0.0,1000.0,0.0,1
2745,KOBASHI PARFUME,cosmetics store,Retail,Indonesia.Batam.Cosmetics.202410290644.db,places,1.1052477,104.063648,395822.05606833205,122179.65247523885,5.0,1.0986122886681098,2,5272.0895266801635,30.53118072019086,3.0531180720190862,4.799999999999999,0.0,2.0,7.0,316.83133739642403,2.5464790894703255,1,9,20,209.15256529919094,1.695742534163635,14.364709137910552,417.0,152,0.7928703748523059,1,1296.4525005034839,739.9348351548556,0.0,0.0,365.9209626501453,15.0,0
2749,Eska Aesthetic Clinic & Medispa,skin care clinic,Retail,Indonesia.Batam.Cosmetics.202410290644.db,places,1.1318055,104.0074607,389571.07342618814,125117.57183317625,4.9,5.3471075307174685,0,8196.7314918906,82.12833197645966,3.1587819990946024,4.5307692307692315,0.0,2.0,3.0,251.8339111415234,2.5464790894703255,0,25,35,251.8339111415234,2.311423444677973,42.49728842603488,573.0,219,0.8258925848455931,1,560.258983202096,1043.9815121611603,0.0,0.0,1045.156227146801,84.0,0
2753,Wardah Cosmetic Matahari&nbsp;Dept Store&nbsp;Kepri,cosmetics store,Retail,Indonesia.Batam.Cosmetics.202410290644.db,places,1.1017635,104.0366462,392817.4469548182,121795.44833336915,4.8,1.6094379124341003,1,5272.0895266801635,40.102005818440624,3.3418338182033853,4.475,1.0,1.0,2.0,140.98052383954965,1.2732395447351628,9,11,12,44.68918979130511,2.1383330594990273,100.51386888069258,146.0,68,0.725616837934681,1,489.40485058952106,536.2019748156478,0.0,0.0,93.85185119433645,12.0,0
2755,Muninggar Skincare Batam,beauty salon,Retail,Indonesia.Batam.Cosmetics.202410290644.db,places,1.1024154,104.0600578,395422.47769773204,121866.68085651052,5.0,1.3862943611198906,2,5272.0895266801635,28.952995351260864,2.63209048647826,4.745454545454544,1.0,2.0,2.0,200.63640294907532,2.5464790894703255,4,10,21,57.33300295152914,1.6726254461443206,19.966511526387436,626.0,212,0.8394616342024039,1,1505.0000154425543,522.0161820043982,0.0,0.0,178.51083682844916,15.0,0
2758,Distributor Justmine Beauty Batam,health and beauty shop,Retail,Indonesia.Batam.Cosmetics.202410290644.db,places,1.107385,104.0533658,394678.03608032776,122416.28433288519,5.0,1.6094379124341003,-1,5272.0895266801635,4.31748811353631,1.4391627045121034,4.433333333333334,0.0,0.0,0.0,1162.4536810860918,0.0,1,2,15,241.26255205078283,0.6365141682928128,14.664868898773568,718.0,259,0.8605395475089014,1,1082.4139073892613,900.5974853032201,0.0,0.0,1000.0,0.0,1
2759,MAKEUPGENIC Batam Makeup Service (MuA Batam),make-up artist,Retail,Indonesia.Batam.Cosmetics.202410290644.db,places,1.1012993,104.0653101,396006.85969124397,121743.1173381401,5.0,1.0986122886681098,2,5272.0895266801635,23.980100385147455,2.664455598349717,4.855555555555556,0.0,0.0,0.0,2986.069177447229,0.0,1,8,15,97.38162426914923,1.8891591637470215,13.480570589654535,597.0,209,0.8334148835807675,1,1431.269943267002,301.4048444311551,0.0,0.0,432.6742244841891,15.0,0
2778,Eyelash,cosmetics store,Retail,Indonesia.Batam.Cosmetics.202410290644.db,places,1.1374809,104.0374333,392906.32410480443,125743.84154599099,5.0,0.6931471805599453,-1,9626.992191604691,4.770684624465665,2.3853423122328326,4.85,0.0,0.0,1.0,899.7870099865421,0.0,0,1,10,387.2840199625934,0.6931471805579453,97.54028140639184,574.0,203,0.822086478377883,1,718.1922705939779,445.8952882665693,0.0,0.0,1000.0,0.0,1
2781,AGEN RESMI BLACK WALET BATAM,cosmetics store,Retail,Indonesia.Batam.Cosmetics.202410290644.db,places,1.1338592,104.0948794,399298.11444567057,125341.41474066791,3.0,1.0986122886681098,-1,5272.0895266801635,2.8903717578961645,1.4451858789480823,4.0,0.0,0.0,2.0,808.9331142780094,0.0,1,1,4,222.9086034635979,0.6931471805579453,15.405574479626173,728.0,259,0.8627341785686278,0,380.23761572040337,0.0,0.0,0.0,1000.0,0.0,1
2785,MS GLOW DISTRIBUTOR ADELIA BATAM,beauty supply store,Retail,Indonesia.Batam.Cosmetics.202410290644.db,places,1.1085845,104.0852792,398229.051907475,122547.76778099562,4.2,3.58351893845611,-1,5272.0895266801635,3.58351893845611,3.58351893845611,4.2,0.0,0.0,0.0,2658.1121898084148,0.0,0,0,10,635.6196473546894,-1.000088900581841e-12,228.4321129904191,395.0,155,0.7722459317378109,1,510.3587649724779,611.2104561485423,0.0,0.0,1000.0,0.0,1
2793,Luv Migung Batam,facial spa,Retail,Indonesia.Batam.Cosmetics.202410290644.db,places,1.1306235,104.0111125,389977.3651648405,124986.7664344183,4.2,1.791759469228055,0,8196.7314918906,53.975411630388514,2.840811138441501,4.7105263157894735,0.0,0.0,0.0,1000.0,0.0,4,18,34,176.4231546654721,2.1560883808517586,44.79728312334762,448.0,164,0.7976132035309392,1,326.42360963483424,883.7527629817043,0.0,0.0,1158.690110006989,84.0,0
2795,Dr DA Beauty Clinic Batam,skin care clinic,Retail,Indonesia.Batam.Cosmetics.202410290644.db,places,1.1340561,104.0078111,389610.14769484615,125366.35591693097,4.9,5.501258210544727,0,8196.7314918906,93.51242356958643,3.016529792567304,4.548387096774194,0.0,2.0,4.0,251.8339111415234,2.5464790894703255,10,30,43,104.68390030898233,2.4420147049900076,13.664999904808354,411.0,164,0.7915722917092013,1,758.5293948909663,1248.1768735480648,0.0,0.0,794.3658675625462,84.0,0
2805,MJB Beauty Batam,health and beauty shop,Retail,Indonesia.Batam.Cosmetics.202410290644.db,places,1.1078409,103.9488137,383044.4010370394,122470.60395530674,5.0,1.3862943611198906,-1,2626.697343844494,11.779588170197934,2.9448970425494836,4.55,0.0,0.0,0.0,1067.6660405192604,0.0,0,3,11,345.55383172083344,1.039720770836918,18.263313982147235,422.0,147,0.7937093039432466,1,623.3410420515524,210.6056990320349,0.0,0.0,1000.0,0.0,1
2843,Millennium Beauty Salon,beauty salon,Retail,Indonesia.Batam.Cosmetics.202410290644.db,places,1.116347,104.0930609,399095.1730902996,123405.60232651987,5.0,0.6931471805599453,-1,5272.0895266801635,5.214935757608986,2.607467878804493,4.7,0.0,0.0,1.0,935.9052249846453,0.0,1,1,5,166.17132020998056,0.6931471805579453,59.6348396110665,735.0,257,0.8610693251655616,1,592.3399067270279,309.59773520060463,0.0,0.0,1000.0,0.0,1
2853,Ivory Lab,beauty supply store,Retail,Indonesia.Batam.Cosmetics.202410290644.db,places,1.1155876,104.060509,395473.1446814741,123322.79128341972,4.8,3.7376696182833684,-1,5272.0895266801635,10.859729499912511,5.429864749956256,4.9,0.0,0.0,0.0,1558.719645259081,0.0,1,1,7,137.65930850770772,0.6931471805579453,23.885687980820705,245.0,112,0.7534924600595598,1,361.9824340496527,213.5899895550114,0.0,0.0,1000.0,0.0,1
2855,British Propolis Batam,vitamin & supplements store,Retail,Indonesia.Batam.Cosmetics.202410290644.db,places,1.1238114,104.094577,399264.1213943836,124230.6976255771,5.0,2.3978952727983707,-1,5272.0895266801635,7.265429723253953,2.4218099077513178,4.966666666666667,0.0,0.0,0.0,2023.519528186276,0.0,1,2,7,240.9497910709204,1.0986122886651097,7.983017006885324,1226.0,405,0.9752717618340228,1,933.8158897821829,471.4849636521013,0.0,0.0,1000.0,0.0,1
2859,Beauty Care clinic Batam,skin care clinic,Retail,Indonesia.Batam.Cosmetics.202410290644.db,places,1.143717,104.0064311,389456.9630721047,126434.39407348505,4.8,4.189654742026425,0,8196.7314918906,57.87646123506673,3.8584307490044485,4.326666666666666,0.0,0.0,3.0,590.242638017119,0.0,6,14,59,120.27049639414808,2.245952080717913,10.884770917147618,386.0,153,0.7861537088546263,1,1822.5851241148036,768.9150229884618,0.0,0.0,467.06433782587163,84.0,0
2863,NATURA WORLD BATAM (Skincare dan Kosmetik) - FREE ONGKIR,health and beauty shop,Retail,Indonesia.Batam.Cosmetics.202410290644.db,places,1.0210061,104.0050618,389300.1512117494,112869.09924846831,5.0,2.4849066497880004,-1,4388.732137296748,3.8712010109078907,1.9356005054539454,4.65,0.0,0.0,0.0,1644.9315814555155,0.0,0,1,2,315.5435298426272,0.6931471805579453,6.921509000788755,756.0,241,0.8696523484141063,1,745.8557980208041,115.45820395631063,0.0,0.0,1000.0,0.0,1
2871,Taman Kartini Raya 1 Blok A  20,perfume store,Retail,Indonesia.Batam.Cosmetics.202410290644.db,places,1.1028301,103.948164,382971.910677225,121916.68968575148,4.9,2.0794415416798357,-1,2626.697343844494,6.068425588244111,1.5171063970610277,4.7,0.0,0.0,0.0,2140.2354488791575,0.0,0,3,10,261.8179009413522,1.039720770836918,39.141473099117555,650.0,222,0.8434546849591718,1,231.4282199586849,45.76918700483053,0.0,0.0,1000.0,0.0,1
2898,Giekacpurba_mua,beauty salon,Retail,Indonesia.Batam.Cosmetics.202410290644.db,places,1.06284,103.9343486,381433.06732705305,117496.34380606568,5.0,0.6931471805599453,-1,2626.697343844494,1.791759469228055,0.8958797346140275,5.0,0.0,0.0,0.0,2916.012144549656,0.0,0,1,2,331.5541466348634,0.6931471805579453,8.682610388862454,591.0,211,0.832416929923086,1,516.8405252373111,680.4373610747185,0.0,0.0,1000.0,0.0,1
2903,Perumahaan Anggrek sari blok C3 no 31,cosmetics store,Retail,Indonesia.Batam.Cosmetics.202410290644.db,places,1.1166564,104.0394432,393129.2043495258,123441.69971244031,5.0,1.3862943611198906,-1,5272.0895266801635,8.859363449152088,1.2656233498788698,5.0,1.0,2.0,2.0,219.81789766228823,2.5464790894703255,3,6,15,159.2434801895064,1.2770342594621393,39.8427688884118,584.0,206,0.828560747865151,1,1123.737511472425,1072.0592891616916,0.0,0.0,1000.0,0.0,1
2905,Tierta beauty store,cosmetics store,Retail,Indonesia.Batam.Cosmetics.202410290644.db,places,1.1023394,104.0605675,395479.18914107117,121858.2615084459,5.0,1.6094379124341003,2,5272.0895266801635,30.051607639928974,2.504300636660748,4.766666666666667,1.0,3.0,6.0,222.13723531826466,3.819718634205488,6,11,21,57.33300295152914,1.632630927148352,14.088893108427882,624.0,214,0.8394422979784523,1,1496.8453683957296,491.94373859506084,0.0,0.0,124.27795478652399,15.0,0
2911,Al Fazza Parfume and Fragrance,cosmetics store,Retail,Indonesia.Batam.Cosmetics.202410290644.db,places,1.1736077,104.0195964,390923.00350781763,129738.21094424995,5.0,1.3862943611198906,-1,5742.079344227783,4.477336814478207,2.2386684072391034,4.75,0.0,0.0,0.0,1300.232406984228,0.0,0,1,2,336.1310620126537,0.6931471805579453,9.131005765839735,614.0,207,0.8375565061289312,1,311.78075353200654,469.1881642222571,0.0,0.0,1000.0,0.0,1
2915,BOSRUM COSMETICS,beauty product supplier,Retail,Indonesia.Batam.Cosmetics.202410290644.db,places,1.1500922,104.0241059,391423.86905841995,127138.47615021358,5.0,2.9444389791664403,-1,9626.992191604691,8.032035314398826,1.3386725523998042,4.25,0.0,0.0,0.0,1541.956365721169,0.0,2,5,15,199.05606152865005,1.5607104090364068,28.716469837733186,289.0,109,0.7630337372071322,1,1080.6781418539952,143.67277945352365,0.0,0.0,1000.0,0.0,1
2918,Chantika Salon,beauty salon,Retail,Indonesia.Batam.Cosmetics.202410290644.db,places,1.171119,104.0178608,390729.7899375848,129463.16075405254,4.5,3.091042453358316,-1,5742.079344227783,5.170483995038152,1.7234946650127174,3.5,0.0,0.0,0.0,1883.674347964973,0.0,0,2,2,334.94405689391635,1.0986122886651097,21.805296689254238,584.0,198,0.8298816960677241,1,475.9051874228882,691.1330096013552,0.0,0.0,1000.0,0.0,1
2923,Reglow Batam   FITA STOKIS BATAM AGEN RESMI REGLOW,cosmetics store,Retail,Indonesia.Batam.Cosmetics.202410290644.db,places,1.160909,104.0409843,393302.30953018786,128333.59437056408,5.0,2.9444389791664403,-1,9626.992191604691,19.301614520737324,2.1446238356374803,4.688888888888889,3.0,3.0,4.0,51.145317989304466,3.819718634205488,4,8,15,51.145317989304466,1.2730283365856256,29.54261145193668,160.0,61,0.7339627411676153,1,114.81787811076438,169.39472443316285,0.0,0.0,1000.0,0.0,1
2929,MONI COSMETIC CABANG BENGKONG,beauty salon,Retail,Indonesia.Batam.Cosmetics.202410290644.db,places,1.1552715,104.0240816,391421.3614273549,127711.03121440133,5.0,3.9889840465642745,-1,9626.992191604691,13.153489882196657,2.6306979764393317,4.68,0.0,1.0,1.0,456.47229921961895,1.2732395447351628,1,4,11,182.27671914387176,1.3321790402061222,33.90016011093687,359.0,141,0.778396246078751,1,1314.4255305705929,441.4438862509617,0.0,0.0,1000.0,0.0,1
2931,Zara Skincare Store,beauty supply store,Retail,Indonesia.Batam.Cosmetics.202410290644.db,places,1.1687201,104.016022,390525.09670125204,129198.04153511852,1.0,0.6931471805599453,-1,5742.079344227783,3.7841896339182615,1.8920948169591307,2.75,0.0,0.0,0.0,2494.326582562075,0.0,0,1,3,334.94405689391635,0.6931471805579453,2.1859776812985774,340.0,116,0.7764459248165718,1,721.3585802815277,937.0591866512256,0.0,0.0,1000.0,0.0,1
2934,Tancos,beauty product supplier,Retail,Indonesia.Batam.Cosmetics.202410290644.db,places,1.1205109,104.0432964,393558.08742956386,123867.65934973974,5.0,1.6094379124341003,-1,5272.0895266801635,12.666720142351883,3.1666800355879707,4.8,0.0,0.0,1.0,734.8444529881011,0.0,2,3,19,32.148222436985364,1.3862943611158907,56.49343175744655,533.0,215,0.8158720952718612,1,780.2392912586961,782.6121308284437,0.0,0.0,1000.0,0.0,1
2939,SR12 Herbal Skincare Kosmetik Batam,health and beauty shop,Retail,Indonesia.Batam.Cosmetics.202410290644.db,places,1.1477714,104.0405264,393250.869934202,126881.3013672456,5.0,1.0986122886681098,-1,9626.992191604691,5.192956850890211,1.2982392127225528,4.9,0.0,0.0,0.0,1417.5775258956844,0.0,2,3,9,161.32648110884972,0.5623351446168083,35.75680410422876,640.0,207,0.8414536807381108,1,211.04912981295007,249.02865508782168,0.0,0.0,1000.0,0.0,1
2951,Sociolla Store Grand Batam Mall,beauty supply store,Retail,Indonesia.Batam.Cosmetics.202410290644.db,places,1.1355213,104.0076136,389588.2274165782,125528.33715141696,4.1,3.6635616461296463,0,8196.7314918906,82.74351761554989,3.1824429852134575,4.523076923076923,0.0,0.0,1.0,994.6665108654597,0.0,12,25,50,17.029543711692824,2.2450352741131776,77.50469827849584,381.0,141,0.7801504569951434,1,917.2130176707276,1126.039290406856,0.0,0.0,646.5458601401871,84.0,0
2962,Alissa Beauty Care,cosmetics store,Retail,Indonesia.Batam.Cosmetics.202410290644.db,places,1.1231899,104.0925014,399033.15279732784,124162.06593471047,5.0,0.6931471805599453,-1,5272.0895266801635,3.091042453358316,1.545521226679158,5.0,0.0,0.0,2.0,821.8643175701595,0.0,1,1,5,240.9497910709204,0.6931471805579453,18.010108847311916,1062.0,354,0.9376558830372864,1,778.0883551571238,387.81973464423004,0.0,0.0,1000.0,0.0,1
2973,FATMA Kedas Beauty,cosmetics store,Retail,Indonesia.Batam.Cosmetics.202410290644.db,places,1.1030803,104.0550261,394862.6255470646,121940.35981522182,5.0,0.6931471805599453,-1,5272.0895266801635,12.464428888600127,1.7806326983714467,4.685714285714285,0.0,2.0,6.0,391.9997455763753,2.5464790894703255,1,6,18,230.87073669000617,1.4750763110496952,5.527769016728575,834.0,271,0.8872956463324362,1,1548.0282758344847,949.9636521378798,0.0,0.0,1000.0,0.0,1
2991,Girls Generation Land,cosmetics store,Retail,Indonesia.Batam.Cosmetics.202410290644.db,places,1.041475,103.9830194,386848.11336263595,115132.66111048561,5.0,0.6931471805599453,-1,4388.732137296748,7.937374696163294,1.9843436740408236,5.0,2.0,2.0,4.0,41.49464238162002,2.5464790894703255,3,3,5,41.49464238162002,0.5623351446168083,65.83035087165617,441.0,149,0.7944986643250316,1,1595.3640975284936,476.3523088484539,0.0,0.0,1000.0,0.0,1
3012,CNI Store - Kepri,health and beauty shop,Retail,Indonesia.Batam.Cosmetics.202410290644.db,places,1.1081437,103.9632461,384650.3475155419,122503.51228236557,5.0,1.0986122886681098,-1,2626.697343844494,11.060840336226837,1.8434733893711395,4.716666666666667,0.0,0.0,1.0,626.9503397097847,0.0,3,5,9,51.582568349880255,1.5607104090364068,30.817392649956236,762.0,262,0.8692516932549058,1,811.1103852200087,555.1325872245591,0.0,0.0,1000.0,0.0,1
3018,Stokis Herbal Shangratu Batam,health and beauty shop,Retail,Indonesia.Batam.Cosmetics.202410290644.db,places,1.1056881,103.9581673,384085.12032935396,122232.24681007635,5.0,2.4849066497880004,-1,2626.697343844494,6.173786103901937,3.0868930519509683,4.9,0.0,0.0,1.0,626.9503397097847,0.0,1,1,16,156.84951855355015,0.6931471805579453,56.738765148047264,470.0,170,0.8016862125936615,1,541.1636155075809,274.82320065048185,0.0,0.0,1000.0,0.0,1
3025,SyaHaRa Store,health and beauty shop,Retail,Indonesia.Batam.Cosmetics.202410290644.db,places,1.1153195,103.9797052,386482.0639728097,123296.14742456154,5.0,1.0986122886681098,-1,2626.697343844494,24.116106865337876,3.0145133581672345,4.7875000000000005,0.0,0.0,2.0,619.8782365377537,0.0,1,7,14,169.43922723484204,2.079441541671836,29.893611161534995,757.0,273,0.8681949072757356,1,623.4197668085274,641.0665914738639,0.0,0.0,1000.0,0.0,1
3032,BG Skin Store Batam,skin care products vending machine,Retail,Indonesia.Batam.Cosmetics.202410290644.db,places,1.1157224,103.9811744,386645.5598400739,123340.63060243205,5.0,2.70805020110221,-1,2626.697343844494,20.516058624930555,2.9308655178472223,4.785714285714286,0.0,0.0,0.0,6888.960886722535,0.0,1,6,14,169.43922723484204,1.7478680974607577,10.928922675713807,873.0,302,0.8956707153444711,1,601.9364194363997,687.5956640134879,0.0,0.0,1000.0,0.0,1
3034,AYLASH Studio & Academy Batam,beauty salon,Retail,Indonesia.Batam.Cosmetics.202410290644.db,places,1.127056,103.9847831,387047.5403282455,124593.39779826644,5.0,5.1298987149230735,-1,2626.697343844494,9.486607541612665,4.743303770806333,4.6,0.0,0.0,0.0,1264.054085103625,0.0,0,1,4,491.8891569030403,0.6931471805579453,24.845536848600315,384.0,126,0.7846815372300728,0,171.71005292255688,0.0,0.0,0.0,1000.0,0.0,1
3051,Stokis Shannen Batam,cosmetics store,Retail,Indonesia.Batam.Cosmetics.202410290644.db,places,1.1041301,104.0263049,391666.85070779826,122057.4417628786,5.0,0.6931471805599453,-1,5272.0895266801635,0.6931471805599453,0.6931471805599453,5.0,0.0,0.0,0.0,1180.047575635198,0.0,0,0,3,932.7171851856232,-1.000088900581841e-12,290.670832513244,22.0,17,0.683804910611505,1,1005.7553139608191,180.05963771341843,0.0,0.0,1000.0,0.0,1
3055,INDOMARET TIBAN INDAH,convenience store,Retail,Indonesia.Batam.Cosmetics.202410290644.db,places,1.1168307,103.977165,386199.4694068126,123463.30595037875,4.4,4.584967478670572,-1,2626.697343844494,24.116106865337876,3.0145133581672345,4.7875000000000005,0.0,0.0,2.0,614.6606564018853,0.0,2,7,14,25.326293397929952,2.079441541671836,22.24149852724088,633.0,232,0.84086924171154,1,328.97887094283607,781.2639828217117,0.0,0.0,1000.0,0.0,1
3061,Sry Rahayu CR BATAM SKINCARE,cosmetics store,Retail,Indonesia.Batam.Cosmetics.202410290644.db,places,1.1464647,104.0398808,393178.9865329031,126736.87488032348,5.0,1.0986122886681098,-1,9626.992191604691,5.192956850890211,1.2982392127225528,4.9,2.0,2.0,3.0,180.32169306975194,2.5464790894703255,3,3,9,161.32648110884972,0.5623351446168083,31.90774320573507,642.0,216,0.8421853362614747,1,291.0759243351027,409.9972996331962,0.0,0.0,1000.0,0.0,1
3064,D'Beauty Box,cosmetics store,Retail,Indonesia.Batam.Cosmetics.202410290644.db,places,1.132426,104.0099276,389845.5891844638,125186.07248072639,4.0,0.6931471805599453,0,8196.7314918906,97.3056630390246,3.1388923560975677,4.641935483870968,3.0,5.0,7.0,61.59681294950149,6.366197723675814,12,30,36,61.59681294950149,2.544647229662315,45.2291193202169,482.0,179,0.8052277555428434,1,521.521257219948,1074.2615417507457,0.0,0.0,948.3994964041976,84.0,0
3066,Indomaret GPI Cendana,convenience store,Retail,Indonesia.Batam.Cosmetics.202410290644.db,places,1.1232074,103.9825645,386800.52570208383,124168.028879396,4.2,4.356708826689592,-1,2626.697343844494,14.187087907405083,3.5467719768512707,4.675,0.0,1.0,2.0,329.55517916012684,1.2732395447351628,0,3,9,317.1430128139396,1.039720770836918,15.180711279876157,726.0,239,0.8623008709875686,1,530.2905328345629,82.54637844994777,0.0,0.0,1000.0,0.0,1
3068,Phalosa,cosmetics store,Retail,Indonesia.Batam.Cosmetics.202410290644.db,places,1.1455892,104.0381403,392985.2910706124,126640.15671469651,4.6,2.302585092994046,-1,9626.992191604691,7.590852123688582,1.5181704247377164,4.9,2.0,2.0,4.0,214.7365003574061,2.5464790894703255,2,4,7,214.7365003574061,0.9502705392302345,12.779048581126832,666.0,219,0.8489834999102925,1,431.1959000360434,592.4588897256348,0.0,0.0,1000.0,0.0,1
3090,Indomaret Tiban Global,convenience store,Retail,Indonesia.Batam.Cosmetics.202410290644.db,places,1.1215315,103.9801151,386527.9128927491,123982.85633203031,4.5,4.007333185232471,-1,2626.697343844494,9.057189192482008,3.0190630641606693,4.566666666666666,0.0,1.0,2.0,329.55517916012684,1.2732395447351628,1,2,12,139.07258068964194,0.6365141682928128,11.704842806633822,723.0,250,0.8618807585220253,1,609.7240205332381,281.03098435672297,0.0,0.0,1000.0,0.0,1
3104,TOKO VICTORIA TIBAN KAMPUNG,supermarket,Retail,Indonesia.Batam.Cosmetics.202410290644.db,places,1.1118275,103.9857242,387151.67530343204,122909.88270659534,4.2,6.272877006546167,-1,2626.697343844494,10.654903641220049,3.5516345470733497,4.733333333333333,0.0,0.0,0.0,3757.9574417129916,0.0,0,2,6,422.76259816994855,1.0986122886651097,53.78617865786185,443.0,159,0.7958304769791901,1,379.02066283663714,198.9717672579677,0.0,0.0,1000.0,0.0,1
3114,Habibsbeauty Tiban,beauty salon,Retail,Indonesia.Batam.Cosmetics.202410290644.db,places,0.837166,104.053115,394641.7521034941,92544.78357119006,4.8,1.9459101490553132,-1,0.0,3.8918202981106265,1.9459101490553132,4.9,0.0,0.0,0.0,21588.109337221773,0.0,1,1,1,0.0,0.6931471805579453,9560.42961184939,0.0,0,0.0,0,7240.623421016417,4109.592888619644,0.0,0.0,1000.0,0.0,1
3125,Stokis Parfum Baba,perfume store,Retail,Indonesia.Batam.Cosmetics.202410290644.db,places,1.1066077,103.9670284,385071.15450798173,122333.5627067887,5.0,1.0986122886681098,-1,2626.697343844494,12.852599805454894,2.1420999675758154,4.766666666666667,0.0,0.0,0.0,1371.5118126957423,0.0,1,5,8,125.64271050715213,1.791759469222055,19.337686929277996,752.0,256,0.8678435173467386,1,459.3471864960075,535.8132204454112,0.0,0.0,1000.0,0.0,1
3127,Cooperative Tiban Indomaret (Tiban Koperasi Indomaret),convenience store,Retail,Indonesia.Batam.Cosmetics.202410290644.db,places,1.1034116,103.965638,384916.3181111112,121980.29229857169,4.3,2.995732273553991,-1,2626.697343844494,5.19295685089021,1.7309856169634035,4.766666666666667,0.0,0.0,1.0,675.7981894333399,0.0,0,2,9,270.8017035462887,1.0986122886651097,19.40465598202231,767.0,251,0.8712119263082958,1,268.22115431844446,646.2257016537012,0.0,0.0,1000.0,0.0,1
3129,Alfamart Cipta Puri,grocery store,Retail,Indonesia.Batam.Cosmetics.202410290644.db,places,1.1076317,103.9636888,384699.58810279396,122446.89413624417,4.3,4.61512051684126,-1,2626.697343844494,12.159452624894948,1.7370646606992783,4.757142857142857,0.0,0.0,0.0,9324.70709242103,0.0,2,6,10,40.182581715546775,1.7478680974607577,5.614987706054685,753.0,263,0.8690733669438285,1,736.116847157271,630.1675607940759,0.0,0.0,1000.0,0.0,1
3131,Indomaret tiban koperasi 2,convenience store,Retail,Indonesia.Batam.Cosmetics.202410290644.db,places,1.0989594,103.9614762,384453.0515824449,121488.2686037572,4.3,2.0794415416798357,-1,2626.697343844494,2.0794415416798357,2.0794415416798357,4.3,0.0,0.0,1.0,675.7981894333399,0.0,0,0,6,675.7981894333399,-1.000088900581841e-12,25.908133618687852,506.0,169,0.8120400013507147,1,265.5258610466038,94.07480466814629,0.0,0.0,1000.0,0.0,1
3137,Nur Oriflame,cosmetics store,Retail,Indonesia.Batam.Cosmetics.202410290644.db,places,1.0665694,103.9555131,383788.2851883725,117907.82039183537,5.0,1.0986122886681098,-1,2626.697343844494,1.791759469228055,0.8958797346140275,5.0,0.0,1.0,1.0,432.1399748537017,1.2732395447351628,0,1,1,432.1399748537017,-1.000088900581841e-12,34.018095977852376,821.0,276,0.8822856601905315,1,381.16792925427217,244.81268719286226,0.0,0.0,1000.0,0.0,1
3139,Kosmetics moms daffa,cosmetics store,Retail,Indonesia.Batam.Cosmetics.202410290644.db,places,1.0492169,103.940698,382139.0848169278,115990.07480259966,5.0,0.6931471805599453,-1,3606.2392180267007,0.6931471805599453,0.6931471805599453,5.0,0.0,0.0,3.0,562.2880755676242,0.0,0,0,12,562.2880755676242,-1.000088900581841e-12,25.600067210893585,799.0,261,0.8779546161217798,1,1109.1906020037352,1343.4718670954658,0.0,0.0,1000.0,0.0,1
3141,SPO Batam,cosmetics store,Retail,Indonesia.Batam.Cosmetics.202410290644.db,places,1.0496088,103.9817745,386709.87952554564,116031.88097654234,4.0,1.0986122886681098,-1,3606.2392180267007,8.825265953515752,2.206316488378938,4.625,0.0,1.0,7.0,265.0575498554978,1.2732395447351628,0,3,11,265.0575498554978,1.039720770836918,10.567439808157538,863.0,290,0.8934483124575188,1,2459.9352213681686,1370.7542901088527,0.0,0.0,1000.0,0.0,1
3143,Stokis Esi Zikra DrW SkinCare Batam,cosmetics store,Retail,Indonesia.Batam.Cosmetics.202410290644.db,places,1.0435629,103.9451801,382637.6224916835,115364.86075505354,5.0,1.9459101490553132,-1,4388.732137296748,3.332204510175204,1.110734836725068,5.0,1.0,1.0,3.0,203.92852552341583,1.2732395447351628,1,2,10,203.92852552341583,0.6365141682928128,28.03965774916979,1061.0,362,0.9366964959653759,1,1699.9994516700672,1325.397984051722,0.0,0.0,1000.0,0.0,1
3159,Benings Skincare Batam,cosmetics store,Retail,Indonesia.Batam.Cosmetics.202410290644.db,places,1.1059793,103.9442995,382542.0181967652,122264.9838901449,5.0,1.6094379124341003,-1,2626.697343844494,2.70805020110221,1.354025100551105,5.0,0.0,0.0,1.0,910.6235450948759,0.0,0,1,9,297.8103801775874,0.6931471805579453,15.651929393990976,432.0,149,0.7961494204809118,0,289.5355532885095,0.0,0.0,0.0,1000.0,0.0,1
3163,Leaf Juice Skin Care,cosmetics store,Retail,Indonesia.Batam.Cosmetics.202410290644.db,places,1.1367758,103.9619877,384511.44548252446,125668.80337443906,5.0,0.6931471805599453,-1,2626.697343844494,0.6931471805599453,0.6931471805599453,5.0,0.0,0.0,0.0,1793.2923680086442,0.0,0,0,0,1793.2923680086442,-1.000088900581841e-12,131.95303265687636,10.0,4,0.6927297285760019,1,99.82702819925062,125.24895355273391,0.0,0.0,1000.0,0.0,1
3169,Drwbatam,cosmetics store,Retail,Indonesia.Batam.Cosmetics.202410290644.db,places,1.1149766,104.043245,393552.1688763343,123255.86664170962,5.0,0.6931471805599453,-1,5272.0895266801635,5.863631175598097,1.1727262351196193,5.0,1.0,2.0,2.0,242.17913626004503,2.5464790894703255,2,4,14,224.56712890350832,0.6730116670072565,28.306435842177116,239.0,99,0.7518193876429808,1,723.1940648612655,669.7121530552179,0.0,0.0,1000.0,0.0,1
3171,Beauty Bounty Studio,cosmetics store,Retail,Indonesia.Batam.Cosmetics.202410290644.db,places,1.0577276,103.9744527,385895.4473746449,116929.66621042353,5.0,0.6931471805599453,-1,3606.2392180267007,1.791759469228055,0.8958797346140275,5.0,0.0,0.0,2.0,585.0469061896928,0.0,1,1,7,248.35127168041967,0.6931471805579453,5.750931451402861,886.0,301,0.8989734562776617,1,1553.0330437309333,869.865732422954,0.0,0.0,1000.0,0.0,1
3173,MONI COSMETIC CABANG PENUIN,beauty product supplier,Retail,Indonesia.Batam.Cosmetics.202410290644.db,places,1.1335484,104.0119198,390067.30369688256,125310.07481648121,4.9,3.295836866004329,0,8196.7314918906,72.62051108029974,2.9048204432119893,4.64,0.0,0.0,0.0,2245.990256146289,0.0,14,24,39,7.44904516000332,2.4115141953068524,60.557552718917144,402.0,144,0.78611419538304,1,661.7800629268856,1124.788935032819,0.0,0.0,861.7790521041857,84.0,0
3175,Wulan Skincare,cosmetics store,Retail,Indonesia.Batam.Cosmetics.202410290644.db,places,1.0565116,103.9812198,386648.40517443937,116794.99182730616,5.0,1.0986122886681098,-1,3606.2392180267007,3.044522437723423,1.5222612188617115,5.0,0.0,0.0,5.0,543.5753672635153,0.0,0,1,9,499.9661140784505,0.6931471805579453,43.99627067970875,375.0,143,0.7812550729151538,1,2277.979630368496,700.4976253406536,0.0,0.0,1000.0,0.0,1
3181,Uniqueen Store,cosmetics store,Retail,Indonesia.Batam.Cosmetics.202410290644.db,places,1.1474739,104.0386076,393037.35686186305,126848.48558443661,5.0,0.6931471805599453,-1,9626.992191604691,7.590852123688582,1.5181704247377164,4.9,2.0,2.0,3.0,180.32169306975194,2.5464790894703255,3,4,10,180.32169306975194,0.9502705392302345,40.96031934389026,692.0,221,0.8527667617449747,1,419.4594487916713,397.31574389595795,0.0,0.0,1000.0,0.0,1
3191,Make-Over,cosmetics store,Retail,Indonesia.Batam.Cosmetics.202410290644.db,places,1.1357862,104.0067074,389487.4045498449,125557.65573235389,4.0,1.0986122886681098,0,8196.7314918906,76.75205306844191,3.1980022111850794,4.5375000000000005,3.0,5.0,8.0,19.32955161050986,6.366197723675814,11,23,49,19.32955161050986,2.27928986784417,81.66894778521839,386.0,147,0.7809699319832275,1,983.3248685026186,1166.8353636505267,0.0,0.0,662.7047316569767,84.0,0
3193,Baba Parfum Ayu Riva BCP Tembesi Batam,cosmetics store,Retail,Indonesia.Batam.Cosmetics.202410290644.db,places,1.0528866,104.0016186,388918.12284569826,116393.52102908015,5.0,1.0986122886681098,-1,3606.2392180267007,1.0986122886681098,1.0986122886681098,5.0,0.0,0.0,0.0,1417.758644851432,0.0,0,0,1,808.6788656444322,-1.000088900581841e-12,141.24584503612826,64.0,30,0.7041931109305445,1,822.8812407360361,285.60646278011075,0.0,0.0,1000.0,0.0,1
3195,Fyordaa Skincare & kosmetik,cosmetics store,Retail,Indonesia.Batam.Cosmetics.202410290644.db,places,1.0535878,103.9632357,384647.13143237826,116472.4317036211,4.9,2.0794415416798357,-1,3606.2392180267007,2.772588722239781,1.3862943611198906,4.95,0.0,1.0,1.0,312.37604701975965,1.2732395447351628,0,1,3,312.37604701975965,-1.000088900581841e-12,38.10306064805097,590.0,194,0.830037478220643,1,592.0069473815879,621.0690148664092,0.0,0.0,1000.0,0.0,1
3196,Kojiesan batam,cosmetics store,Retail,Indonesia.Batam.Cosmetics.202410290644.db,places,1.1158691,104.0412573,393331.03028796474,123354.60092538843,5.0,0.6931471805599453,-1,5272.0895266801635,8.859363449152088,1.2656233498788698,5.0,2.0,2.0,2.0,219.81789766228823,2.5464790894703255,4,6,15,90.39221091836284,1.2770342594621393,12.148672947299511,403.0,149,0.7898842372722444,1,925.5903788513294,872.6120333422091,0.0,0.0,1000.0,0.0,1
3199,Bengkongasrama,cosmetics store,Retail,Indonesia.Batam.Cosmetics.202410290644.db,places,1.1620712,104.0218728,391175.8504856933,128462.80014064543,5.0,0.6931471805599453,-1,9626.992191604691,8.065893546964274,2.6886311823214246,4.8,0.0,1.0,2.0,383.1213224170845,1.2732395447351628,0,2,7,383.1213224170845,0.6365141682928128,18.87035509837591,483.0,171,0.8073829890941386,1,625.8594453082742,808.0551709179323,0.0,0.0,1000.0,0.0,1
3200,Sabun kedas beauty,cosmetics store,Retail,Indonesia.Batam.Cosmetics.202410290644.db,places,1.1557018,104.0225002,391245.41738106514,127758.6599338575,5.0,0.6931471805599453,-1,9626.992191604691,11.361730412968603,3.787243470989534,4.8,0.0,0.0,4.0,683.8165602776442,0.0,1,2,11,182.27671914387176,1.0986122886651097,33.26384251141402,337.0,134,0.7734953196414464,1,1283.6928081217354,375.15429394207223,0.0,0.0,1000.0,0.0,1
3210,Selly cosmetics 3,cosmetics wholesaler,Retail,Indonesia.Batam.Cosmetics.202410290644.db,places,1.1125772,103.9773538,386220.3142331463,122993.08195828545,5.0,1.0986122886681098,-1,2626.697343844494,25.566939747595338,3.1958674684494173,4.6875,0.0,0.0,0.0,11036.041240444065,0.0,2,7,12,58.06743321462708,2.079441541671836,29.216812070161843,498.0,199,0.8099985946173811,1,618.0368705048282,310.99779166023984,0.0,0.0,1000.0,0.0,1
3224,PINKYBEAUTYBAR,beauty salon,Retail,Indonesia.Batam.Cosmetics.202410290644.db,places,1.1156479,103.9855538,387132.85996661487,123332.22640254907,5.0,1.6094379124341003,-1,2626.697343844494,10.590365120082478,3.530121706694159,4.733333333333333,0.0,0.0,1.0,942.1637671231694,0.0,0,2,12,422.76259816994855,1.0986122886651097,17.411369587878156,638.0,217,0.842347407003367,1,611.0662763339353,219.5557763461441,0.0,0.0,1000.0,0.0,1
3228,Putrie beauty,cosmetics store,Retail,Indonesia.Batam.Cosmetics.202410290644.db,places,1.1038297,103.9521996,383421.0040380467,122027.03614019157,5.0,0.6931471805599453,-1,2626.697343844494,17.7088643735133,2.9514773955855502,4.583333333333334,0.0,0.0,2.0,639.2557150806014,0.0,2,5,12,75.67549428066951,1.2424533248900003,57.96740230421704,462.0,167,0.7997971346778016,1,216.9308930194332,304.0244953314505,0.0,0.0,1000.0,0.0,1
3229,Perumahan Tiban BTN Regency (Tiban Btn Regency),housing complex,Retail,Indonesia.Batam.Cosmetics.202410290644.db,places,1.1102423,103.9764899,386124.09693247813,122734.9962814111,4.2,4.1588830833596715,-1,2626.697343844494,14.22039950012071,3.5550998750301774,4.7,0.0,0.0,0.0,4698.029320565127,0.0,0,3,9,266.0220435475149,1.3862943611158907,36.49526047382968,545.0,200,0.8200352831122737,1,650.4725088439865,61.80046853245873,0.0,0.0,1000.0,0.0,1
3232,MONI COSMETIC TIBAN,cosmetics store,Retail,Indonesia.Batam.Cosmetics.202410290644.db,places,1.1067048,103.9571841,383975.75630612264,122344.68026547616,4.8,3.6888794541139363,-1,2626.697343844494,11.822760342063143,3.9409201140210475,4.733333333333333,0.0,0.0,1.0,639.2557150806014,0.0,1,2,15,156.84951855355015,1.0986122886651097,22.65287608460825,356.0,134,0.7785452619973267,1,545.4478067610487,303.8462405365852,0.0,0.0,1000.0,0.0,1
3234,Endar Aesthetic,cosmetics store,Retail,Indonesia.Batam.Cosmetics.202410290644.db,places,1.1318088,103.97733,386218.40922638867,125119.10136944805,5.0,3.5263605246161616,-1,2626.697343844494,3.5263605246161616,3.5263605246161616,5.0,0.0,0.0,0.0,1223.0499557544713,0.0,0,0,1,981.744686168156,-1.000088900581841e-12,29.818224693891274,492.0,175,0.8086052256959184,0,275.56758696798784,0.0,0.0,0.0,1000.0,0.0,1
3236,DR IRMA SKINCARE INDONESIA,cosmetics store,Retail,Indonesia.Batam.Cosmetics.202410290644.db,places,1.1054738,103.9669515,385062.5540185474,122208.21470207752,5.0,1.0986122886681098,-1,2626.697343844494,11.753987516786783,2.3507975033573567,4.720000000000001,0.0,0.0,0.0,1095.3319669056598,0.0,1,4,9,125.64271050715213,1.6094379124291003,22.257015608545256,735.0,248,0.863806636075154,1,343.5924469339233,512.9096317246921,0.0,0.0,1000.0,0.0,1
3238,Naavagreen Natural Skincare Tiban Batam,skin care clinic,Retail,Indonesia.Batam.Cosmetics.202410290644.db,places,1.1126486,103.9764693,386121.89691381785,123001.00922765826,4.8,4.110873864173311,-1,2626.697343844494,25.566939747595338,3.1958674684494173,4.6875,0.0,0.0,0.0,4046.8081096790343,0.0,2,7,9,98.73606404708653,2.079441541671836,31.75270684890751,504.0,190,0.8111622073663346,1,678.7785960792984,323.80625952736733,0.0,0.0,1000.0,0.0,1
3239,Toko Benings Rosie,cosmetics store,Retail,Indonesia.Batam.Cosmetics.202410290644.db,places,1.1166097,103.9775236,386239.3629746055,123438.86092055045,5.0,0.6931471805599453,-1,2626.697343844494,24.116106865337876,3.0145133581672345,4.7875000000000005,0.0,0.0,2.0,793.1763046409935,0.0,2,7,14,42.701417940575354,2.079441541671836,25.47673741097329,667.0,239,0.8482784905801093,1,375.68260497124004,753.7428145037408,0.0,0.0,1000.0,0.0,1
3241,Anissa Salon & Spa,beauty salon,Retail,Indonesia.Batam.Cosmetics.202410290644.db,places,1.116603,103.9771399,386196.66772570903,123438.13509977191,4.3,4.969813299576001,-1,2626.697343844494,24.116106865337876,3.0145133581672345,4.7875000000000005,0.0,0.0,1.0,942.1637671231694,0.0,2,7,14,25.326293397929952,2.079441541671836,21.2970855658518,631.0,226,0.8404886293171344,1,341.90407008057707,756.429424286218,0.0,0.0,1000.0,0.0,1
3242,SEREna Kosmetik,cosmetics store,Retail,Indonesia.Batam.Cosmetics.202410290644.db,places,1.117501,103.9619296,384504.22111235966,123538.00109113686,5.0,2.0794415416798357,-1,2626.697343844494,2.0794415416798357,2.0794415416798357,5.0,0.0,0.0,0.0,1216.3359610803736,0.0,0,0,2,695.3294005390507,-1.000088900581841e-12,20.89702668293615,730.0,259,0.8627817951170896,0,640.8941220034327,0.0,0.0,0.0,1000.0,0.0,1
3248,SALSA PARFUM PREMIUM Tiban,perfume store,Retail,Indonesia.Batam.Cosmetics.202410290644.db,places,1.1130619,103.9775549,386242.7095947444,123046.6569018601,4.8,4.852030263919617,-1,2626.697343844494,28.274989948697545,3.141665549855283,4.722222222222222,0.0,0.0,0.0,1371.5118126957423,0.0,2,8,13,58.06743321462708,2.197224577327219,31.65207138861324,534.0,205,0.8179162039454532,1,620.8695968015937,362.43688534542946,0.0,0.0,1000.0,0.0,1
3251,Beauty Mart by Alstoreed,beauty product supplier,Retail,Indonesia.Batam.Cosmetics.202410290644.db,places,1.1076851,103.9633316,384659.8435858708,122452.81133557088,5.0,1.9459101490553132,-1,2626.697343844494,12.159452624894948,1.7370646606992783,4.757142857142857,0.0,0.0,0.0,6115.928339306066,0.0,2,6,10,40.182581715546775,1.7478680974607577,13.48753782569415,746.0,260,0.8669226192223691,1,766.2154598970586,600.1713745921288,0.0,0.0,1000.0,0.0,1
3252,Lily Beauty Store,cosmetics store,Retail,Indonesia.Batam.Cosmetics.202410290644.db,places,1.1214289,103.9721405,385640.56192587386,123971.82447197198,5.0,0.6931471805599453,-1,2626.697343844494,3.1780538303479458,1.5890269151739729,5.0,1.0,1.0,2.0,67.97808674212354,1.2732395447351628,1,1,6,67.97808674212354,-1.000088900581841e-12,52.63017235290718,347.0,125,0.7743259300325759,1,103.47873288688909,146.80454618984487,0.0,0.0,1000.0,0.0,1
3260,Victoria Belleza,bridal shop,Retail,Indonesia.Batam.Cosmetics.202410290644.db,places,1.1399332,104.0022041,388986.4802713177,126016.26817586276,4.0,1.9459101490553132,0,8196.7314918906,6.51025834052315,1.6275645851307874,4.15,0.0,0.0,0.0,2992.2517735742645,0.0,1,3,28,185.88119348588424,1.3862943611158907,51.35391681036222,304.0,116,0.7647492298448113,1,1367.0523429376883,1069.3039489371777,0.0,0.0,836.4241514520572,84.0,0
3261,Kalluna Mega Legenda,beauty supply store,Retail,Indonesia.Batam.Cosmetics.202410290644.db,places,1.1016184,104.0624146,395684.68999163626,121778.49354196408,4.7,4.477336814478207,2,5272.0895266801635,26.975832658701446,2.452348423518313,4.881818181818182,0.0,0.0,0.0,1558.719645259081,0.0,6,10,18,60.055603874519505,1.846220219314633,13.138301207455967,578.0,199,0.8291670856159922,1,1436.983522887528,350.7926373598756,0.0,0.0,139.59852906217662,15.0,0
3262,Moni Cosmetic Cabang Batu Aji Batam (Moni Cosmetic Batu Aji Batam),cosmetics store,Retail,Indonesia.Batam.Cosmetics.202410290644.db,places,1.0399146,103.9932919,387991.1221210515,114959.79571488846,4.5,4.04305126783455,-1,4388.732137296748,8.42507790250843,4.212538951254215,4.75,0.0,0.0,1.0,927.8775075721443,0.0,1,1,4,159.9132816413741,0.6931471805579453,63.01828114223674,652.0,235,0.842155876549518,1,1228.668856867692,504.139368268816,0.0,0.0,1000.0,0.0,1
3264,Kalluna,beauty supply store,Retail,Indonesia.Batam.Cosmetics.202410290644.db,places,1.141331,104.0144396,390347.9754765028,126170.32185004934,4.7,3.6888794541139363,0,8196.7314918906,30.672440144655976,3.4080489049617753,4.699999999999999,0.0,0.0,1.0,994.6665108654597,0.0,2,8,51,153.6540661201113,1.8891591637470215,46.81857566150665,373.0,143,0.7805986103771297,1,1397.8516210207608,219.96031887292756,0.0,0.0,534.6308973049756,84.0,0
3266,Mybatamshopp,beauty supply store,Retail,Indonesia.Batam.Cosmetics.202410290644.db,places,1.1492475,104.0273468,391784.4485554111,127044.97441867695,5.0,1.0986122886681098,-1,9626.992191604691,14.100460902642935,1.5667178780714373,4.422222222222222,0.0,2.0,2.0,313.9877326738067,2.5464790894703255,1,8,15,217.87732716020912,1.464816384885813,49.396462975904534,445.0,157,0.7966017265740815,1,717.0376310668673,465.93904731845294,0.0,0.0,1000.0,0.0,1
3268,Premium Dermalove Batam - Science of Beauty,skin care clinic,Retail,Indonesia.Batam.Cosmetics.202410290644.db,places,1.1138632,104.0655954,396039.0427280063,123131.98684035943,5.0,6.883462586413092,-1,5272.0895266801635,13.098070684835283,4.366023561611761,4.866666666666667,0.0,0.0,1.0,732.808864594973,0.0,1,2,9,32.861429404621155,1.0986122886651097,28.893969519571083,69.0,36,0.7135454759057006,1,406.8385079011951,212.47813012656604,0.0,0.0,1000.0,0.0,1
3270,Mieda Beauty Bar,beauty supply store,Retail,Indonesia.Batam.Cosmetics.202410290644.db,places,1.1297306,104.0457157,393827.61482074345,124886.77156881308,5.0,3.6635616461296463,-1,5272.0895266801635,21.379753130636743,4.275950626127349,4.72,1.0,1.0,1.0,42.95284047300776,1.2732395447351628,3,4,19,42.95284047300776,1.3321790402061222,144.8840220701886,110.0,49,0.7142715018808014,1,1254.8148376910449,795.4567024694453,0.0,0.0,1000.0,0.0,1
3272,Royal Beauty Aesthetic Clinic,skin care clinic,Retail,Indonesia.Batam.Cosmetics.202410290644.db,places,1.1179303,104.0303703,392119.7105936518,123582.85618383382,5.0,2.6390573296152584,-1,5272.0895266801635,2.6390573296152584,2.6390573296152584,5.0,0.0,0.0,1.0,903.8915912790526,0.0,0,0,7,516.924913201392,-1.000088900581841e-12,52.82580868763921,244.0,93,0.7511481845975478,1,1543.0134939159777,1133.6184775122822,0.0,0.0,1000.0,0.0,1
3274,Caths Beauty House,beauty salon,Retail,Indonesia.Batam.Cosmetics.202410290644.db,places,1.130495,104.0129352,390180.1723181715,124972.49213486398,5.0,4.709530201312334,0,8196.7314918906,42.02165391347283,2.626353369592052,4.6625,0.0,3.0,5.0,314.5734853365905,3.819718634205488,1,15,33,203.30887110500137,2.0794415416698357,12.042012391395978,393.0,141,0.7876431728416549,1,408.20708983554425,920.8133428926258,0.0,0.0,1217.6515402208172,84.0,0
3278,Miracle Aesthetic Clinic Batam,skin care clinic,Retail,Indonesia.Batam.Cosmetics.202410290644.db,places,1.1299479,104.0381177,392982.1999512585,124911.07200010087,4.9,6.322565239927284,-1,5272.0895266801635,16.286583292203446,5.428861097401149,4.633333333333334,0.0,0.0,2.0,661.9030889710169,0.0,2,2,14,87.40277961695028,1.0986122886651097,43.190985417133426,431.0,163,0.7939077499657102,1,1526.7289102074726,809.4021449909599,0.0,0.0,1000.0,0.0,1
3280,Moni Cosmetic Cabang Cikitsu  Batam Centre,cosmetics store,Retail,Indonesia.Batam.Cosmetics.202410290644.db,places,1.1152729,104.0920161,398978.8836154086,123286.90242892131,4.4,4.5217885770490405,-1,5272.0895266801635,7.00669522683704,2.335565075612347,4.8,0.0,0.0,1.0,876.8445164174464,0.0,1,2,4,166.17132020998056,1.0986122886651097,34.56820053815302,613.0,219,0.8354687623841044,1,479.2802158594339,409.4730749599816,0.0,0.0,1000.0,0.0,1
3282,Akyla Beauty Batam Centre,cosmetics wholesaler,Retail,Indonesia.Batam.Cosmetics.202410290644.db,places,1.1055608,104.0762907,397228.8092557874,122213.82359466747,4.2,1.791759469228055,-1,5272.0895266801635,24.378733274715103,3.4826761821021575,4.4714285714285715,0.0,0.0,0.0,11036.041240444065,0.0,4,6,9,23.653961177097692,1.7478680974607577,69.75839740991698,375.0,150,0.7793684208043155,1,707.3913710490359,633.9097496838857,0.0,0.0,1000.0,0.0,1
3284,MS Glow Batam City Square BCS Mall BATAM,cosmetics store,Retail,Indonesia.Batam.Cosmetics.202410290644.db,places,1.1328137,104.0103252,389889.8448029497,125228.91647211334,4.7,2.0794415416798357,0,8196.7314918906,95.35975288996927,3.1786584296656426,4.653333333333334,3.0,4.0,7.0,45.910588876150065,5.092958178940651,14,29,38,45.910588876150065,2.572324982785724,82.1695168646124,473.0,173,0.8004984909215963,1,561.0413510779953,1117.6950537314685,0.0,0.0,908.1724738202344,84.0,0
3286,Marama Grand Batam Mall,cosmetics store,Retail,Indonesia.Batam.Cosmetics.202410290644.db,places,1.1352438,104.0077906,389607.9116866673,125497.65355541083,4.2,1.791759469228055,0,8196.7314918906,91.43298202790659,3.0477660675968865,4.533333333333333,3.0,7.0,8.0,115.46156980874713,8.91267681314614,12,29,46,27.355020979469572,2.3761591321853786,53.665005566067066,383.0,147,0.7823460975420934,1,881.639925378212,1139.4247133541883,0.0,0.0,669.0328269946813,84.0,0
3290,Msglowmenbatam&AkylaBeauty,cosmetics store,Retail,Indonesia.Batam.Cosmetics.202410290644.db,places,1.1053628,104.0762101,397219.834170587,122191.93849185726,4.8,1.6094379124341003,-1,5272.0895266801635,24.378733274715103,3.4826761821021575,4.4714285714285715,0.0,0.0,0.0,1110.8298642173893,0.0,4,6,9,23.653961177097692,1.7478680974607577,47.64911525274372,368.0,147,0.7794133492296362,1,702.4363015820279,614.3476044710767,0.0,0.0,1000.0,0.0,1
3293,RKglow kasma Batam,cosmetics store,Retail,Indonesia.Batam.Cosmetics.202410290644.db,places,1.1516794,104.0280956,391867.8582363529,127313.78407177335,1.0,0.6931471805599453,-1,9626.992191604691,10.516941964186826,1.7528236606978043,4.25,0.0,1.0,4.0,281.64362610712186,1.2732395447351628,0,5,15,281.45302356276846,1.3296613488507583,22.580433522648363,467.0,166,0.8035130859642626,1,825.9809811473508,620.56056995691,0.0,0.0,1000.0,0.0,1
3296,BG SKIN BATAM,cosmetics store,Retail,Indonesia.Batam.Cosmetics.202410290644.db,places,1.1616729,104.0252932,391556.41801297385,128418.63788447353,5.0,0.6931471805599453,-1,9626.992191604691,8.75904072752422,2.189760181881055,4.6,0.0,1.0,2.0,383.1213224170845,1.2732395447351628,0,3,6,383.1213224170845,1.039720770836918,15.924850472885181,736.0,249,0.8644952505916722,1,614.672240296362,685.6153215714708,0.0,0.0,1000.0,0.0,1
3302,My Beauty Store,cosmetics store,Retail,Indonesia.Batam.Cosmetics.202410290644.db,places,1.1606253,104.0406212,393261.89749496477,128302.24614954033,3.7,1.3862943611198906,-1,9626.992191604691,12.499219757413012,1.7856028224875733,4.685714285714285,3.0,3.0,4.0,51.145317989304466,3.819718634205488,4,6,15,12.459559547800689,0.9556998911095345,26.043554153293243,164.0,62,0.7351185397957329,1,99.65128885346373,208.8067970335527,0.0,0.0,1000.0,0.0,1
3304,Agen Stokis Daftar Bisnis Shannen Kosmetik Batam,cosmetics store,Retail,Indonesia.Batam.Cosmetics.202410290644.db,places,1.1331251,104.0100522,389859.4798374998,125263.35120812483,5.0,1.791759469228055,0,8196.7314918906,98.40427532769272,3.0751336039903974,4.621875,3.0,6.0,7.0,45.910588876150065,7.639437268410976,15,31,39,45.910588876150065,2.514474857563988,71.14541104346645,471.0,172,0.800856050263151,1,597.0841891037064,1151.5353320003267,0.0,0.0,871.7706809882848,84.0,0
3308,Mirano  PT,cosmetics store,Retail,Indonesia.Batam.Cosmetics.202410290644.db,places,1.1469208,104.009196,389764.73516627867,126788.45857439209,4.8,3.828641396489095,0,8196.7314918906,127.95383364075892,4.739030875583664,4.377777777777778,0.0,2.0,2.0,354.655519080905,2.5464790894703255,3,26,47,116.43555668744791,2.743635388255662,17.011007763315277,507.0,206,0.8129164570577814,1,2125.070883024141,531.3375808665895,0.0,0.0,656.3890655451067,84.0,0
3310,SHINE Beauty Clinic,beauty salon,Retail,Indonesia.Batam.Cosmetics.202410290644.db,places,1.1091737,104.0792541,397558.6675236699,122613.10856182582,4.5,4.406719247264253,-1,5272.0895266801635,15.552919432442248,3.888229858110562,4.65,0.0,0.0,2.0,583.0430454896424,0.0,2,3,10,42.51749491485988,1.3862943611158907,30.5414026781526,257.0,97,0.7557036890894817,1,662.0084791471958,323.6844051205029,0.0,0.0,1000.0,0.0,1
3314,Vitka Cosmetic,cosmetics store,Retail,Indonesia.Batam.Cosmetics.202410290644.db,places,1.1265384,104.0990962,399767.05505504546,124531.99624248754,4.6,2.6390573296152584,-1,5272.0895266801635,12.294083522852887,3.0735208807132217,4.75,0.0,1.0,3.0,372.9026681783276,1.2732395447351628,0,3,7,337.406166511902,1.039720770836918,64.67156583065639,890.0,295,0.8955580390160645,1,1302.2247645633854,441.48838843373886,0.0,0.0,1000.0,0.0,1
3320,YASTORE KEDAS BEAUTY,cosmetics store,Retail,Indonesia.Batam.Cosmetics.202410290644.db,places,1.1338932,104.0100742,389861.9568031032,125348.2615822496,5.0,1.0986122886681098,0,8196.7314918906,100.01371324012682,3.030718583034146,4.551515151515152,3.0,7.0,8.0,84.94649488123959,8.91267681314614,16,32,43,21.253086186848847,2.4827343875994456,1.969624685901622,433.0,159,0.797376311844078,1,681.5970106664461,1154.4912814110296,0.0,0.0,787.1303363326684,84.0,0
3322,Miracle Cosmetics,cosmetics store,Retail,Indonesia.Batam.Cosmetics.202410290644.db,places,1.1076212,104.0556918,394936.857393233,122442.31264822022,3.3,1.6094379124341003,-1,5272.0895266801635,7.575584651557792,1.5151169303115584,4.34,1.0,2.0,6.0,116.96116120673675,2.5464790894703255,1,4,20,116.96116120673675,0.9502705392302345,24.078717218586434,747.0,261,0.8663718770657522,1,1179.8504215038145,983.379049103545,0.0,0.0,1000.0,0.0,1
3326,SHANNEN STOKIS BATAM,cosmetics store,Retail,Indonesia.Batam.Cosmetics.202410290644.db,places,1.0482715,103.9797974,386489.83125108614,115884.1167669285,5.0,2.4849066497880004,-1,3606.2392180267007,8.825265953515752,2.206316488378938,4.625,0.0,1.0,7.0,265.0575498554978,1.2732395447351628,0,3,13,265.0575498554978,1.039720770836918,23.765128863918417,1172.0,384,0.9619720536499039,1,2412.2171153140093,1251.9754499794465,0.0,0.0,1000.0,0.0,1
3328,Azkalia Cosmetics,cosmetics store,Retail,Indonesia.Batam.Cosmetics.202410290644.db,places,1.1218141,103.9726167,385693.56450316985,124014.3890943373,5.0,2.4849066497880004,-1,2626.697343844494,3.1780538303479458,1.5890269151739729,5.0,1.0,1.0,2.0,67.97808674212354,1.2732395447351628,1,1,6,67.97808674212354,-1.000088900581841e-12,44.96950116604352,335.0,121,0.7721882975384575,1,167.54606238122463,195.7359819166211,0.0,0.0,1000.0,0.0,1
3332,Guardian,cosmetics store,Retail,Indonesia.Batam.Cosmetics.202410290644.db,places,1.1006255,104.0372181,392881.04183269,121669.62623828826,4.3,1.9459101490553132,1,5272.0895266801635,40.102005818440624,3.3418338182033853,4.475,1.0,1.0,2.0,140.98052383954965,1.2732395447351628,7,11,12,52.82439471551654,2.1383330594990273,100.8059324362353,164.0,78,0.7296434250943752,1,350.97195477567453,607.6411483019867,0.0,0.0,141.41871001693832,12.0,0
3334,Msglow bengkong Store Golden Prawn,cosmetics store,Retail,Indonesia.Batam.Cosmetics.202410290644.db,places,1.1602681,104.0402118,393216.3309851397,128262.77453621829,5.0,1.3862943611198906,-1,9626.992191604691,12.499219757413012,1.7856028224875733,4.685714285714285,3.0,3.0,4.0,60.28528075643068,3.819718634205488,4,6,15,49.300011474217015,0.9556998911095345,64.17493594840427,180.0,73,0.7359242440700503,1,81.03490627415421,253.11682001999927,0.0,0.0,1000.0,0.0,1
3336,Akyla Beauty Batu Aji,cosmetics store,Retail,Indonesia.Batam.Cosmetics.202410290644.db,places,1.0457946,103.9573932,383996.72172722657,115611.11948973876,4.8,3.091042453358316,-1,4388.732137296748,10.865898220023837,1.8109830366706394,4.683333333333334,0.0,0.0,1.0,974.3525026244906,0.0,1,5,11,51.952561801931665,1.5607104090364068,27.877251186454348,539.0,184,0.8193170852274048,1,1362.4085501622887,887.8011114874093,0.0,0.0,1000.0,0.0,1
3337,Lam Cosmetic  UD,cosmetics store,Retail,Indonesia.Batam.Cosmetics.202410290644.db,places,1.142749,104.009079,389751.55725223763,126327.28260671701,2.0,1.0986122886681098,0,8196.7314918906,68.59488502502516,3.8108269458347315,4.5055555555555555,0.0,1.0,7.0,461.3642060016361,1.2732395447351628,1,17,68,194.09615627480912,2.2892729643058156,91.59351587815384,402.0,162,0.7838413214848763,1,1666.3806633263832,506.6996370614712,0.0,0.0,203.33188158973275,84.0,0
3340,The Body Shop MDS Nagoya Hill Batam,cosmetics store,Retail,Indonesia.Batam.Cosmetics.202410290644.db,places,1.1462979,104.0123227,390112.61776096304,126719.47859519366,4.3,1.9459101490553132,0,8196.7314918906,100.55742365092479,4.3720618978662955,4.534782608695652,0.0,1.0,2.0,354.655519080905,1.2732395447351628,14,22,46,26.82159012340357,2.690828621494594,174.60165777028135,316.0,142,0.7584220103701189,1,1995.2321751950853,213.85021088417545,0.0,0.0,657.0018207137703,84.0,0
3344,NLiberti Nu Amoorea Batam Diamond Distributor PT  DEP,cosmetics store,Retail,Indonesia.Batam.Cosmetics.202410290644.db,places,1.1577101,104.0363377,392785.1711559316,127980.14381173612,5.0,1.6094379124341003,-1,9626.992191604691,6.733401891837359,1.346680378367472,4.1,0.0,0.0,4.0,515.5375105111893,0.0,0,4,16,336.91753708382913,1.3321790402061222,17.831696320632258,465.0,163,0.8034110777563072,1,8.959502816972126,367.1477950724313,0.0,0.0,1000.0,0.0,1
3345,Diamond parfum bengkong indah,cosmetics store,Retail,Indonesia.Batam.Cosmetics.202410290644.db,places,1.1469111,104.0287528,391940.80480228405,126786.64041647635,5.0,0.6931471805599453,-1,9626.992191604691,12.440037435475967,2.0733395725793278,4.75,0.0,0.0,3.0,513.0041154397842,0.0,1,5,12,31.261208005305985,1.2424533248900003,12.482352248967343,578.0,203,0.829215123089765,1,472.81340662336817,641.4528321153933,0.0,0.0,1000.0,0.0,1
3346,Bening's Ritha,cosmetics store,Retail,Indonesia.Batam.Cosmetics.202410290644.db,places,1.1489351,104.0330061,392414.1401759578,127010.2259441032,5.0,1.3862943611198906,-1,9626.992191604691,7.367708572374371,2.4559028574581236,4.8,0.0,0.0,6.0,523.4853046027687,0.0,1,2,18,203.49465571513082,1.0986122886651097,8.668541494714972,752.0,249,0.8686248567899358,1,323.45451355557736,874.4285592739433,0.0,0.0,1000.0,0.0,1
3348,Fanya cosmetik,cosmetics store,Retail,Indonesia.Batam.Cosmetics.202410290644.db,places,1.0417719,103.9821668,386753.2514500025,115165.51342427231,5.0,1.6094379124341003,-1,4388.732137296748,7.937374696163294,1.9843436740408236,5.0,2.0,2.0,4.0,100.38952629442684,2.5464790894703255,3,3,5,100.38952629442684,0.5623351446168083,80.12226809848363,385.0,138,0.7808583132780724,1,1674.0685703191173,503.4676052915184,0.0,0.0,1000.0,0.0,1
3350,C&F,cosmetics store,Retail,Indonesia.Batam.Cosmetics.202410290644.db,places,1.1356896,104.0068522,389503.5127857977,125546.97133719307,4.3,1.9459101490553132,0,8196.7314918906,80.66407607387005,3.226563042954802,4.516,3.0,6.0,8.0,19.32955161050986,7.639437268410976,11,24,49,19.32955161050986,2.285858562006144,86.20542055970772,383.0,148,0.7799630472885862,1,966.8457515363116,1164.3297036510226,0.0,0.0,664.3235011729022,84.0,0
3351,FASHIONMIX,cosmetics store,Retail,Indonesia.Batam.Cosmetics.202410290644.db,places,1.1505127,104.0258454,391617.4371824706,127184.89486392713,5.0,1.0986122886681098,-1,9626.992191604691,6.933423025730715,1.386684605146143,4.2,0.0,1.0,4.0,281.64362610712186,1.2732395447351628,3,4,14,105.01258761978849,1.3321790402061222,30.626205680951017,381.0,136,0.7835835356356723,1,932.3752275095615,340.1305552583716,0.0,0.0,1000.0,0.0,1
