id,name,category,source_category,source_file,source_table,latitude,longitude,x_utm,y_utm,cluster_id,dist_to_cluster_centroid_m,competitor_density_500m,competitor_density_1km,same_category_density_500m,nearest_neighbor_dist_m,rating,review_log,price_level
96,Pacific food court,restaurant,F&B,Indonesia.Batam.Kuliner.202406162232.db,places,1.151015,104.0006023,388808.6750663649,127241.39422646436,0,2789.764361980863,30,155,8,234.4849591856003,4.4,5.455321115357702,2
193,Berjaya Masakan Padang,padang restaurant,F&B,Indonesia.Batam.Kuliner.202406162232.db,places,1.1542775,104.005409,389343.640632608,127601.86765876868,0,2585.152329200426,38,127,5,32.238366368114036,4.0,1.3862943611198906,0
211,Warung Kopi HARUM,noodle shop,F&B,Indonesia.Batam.Kuliner.202406162232.db,places,1.1500874,104.0114747,390018.40608012764,127138.42916774684,0,1783.6692109438277,128,348,4,0.0,4.4,5.717027701406222,0
230,Toko Barokah,grocery store,F&B,Indonesia.Batam.Kuliner.202406162232.db,places,1.1833464,104.0136583,390262.6626577297,130815.02722489089,1,792.7866153902823,28,81,0,77.32078795183727,4.0,1.791759469228055,0
240,Multi Bintang Indonesia,grocery delivery service,F&B,Indonesia.Batam.Kuliner.202406162232.db,places,1.1678122,104.0100557,389861.1996467434,129097.90908741171,1,1101.4218988880912,30,67,0,42.90406250155233,4.5,1.0986122886681098,0
257,Ampera nasi padang Ombak piaman,padang restaurant,F&B,Indonesia.Batam.Kuliner.202406162232.db,places,1.155156,104.0043247,389223.0252188774,127699.02566757373,0,2739.3962639091055,29,110,4,106.40068963862609,0.0,0.0,0
282,Pak Bas Kue & Kripic,food products supplier,F&B,Indonesia.Batam.Kuliner.202406162232.db,places,1.1871409,104.0092639,389773.8563979579,131234.67260302973,1,1363.2621939416722,22,42,0,97.2716268298127,4.0,1.0986122886681098,0
292,Seblak Teh Senny - Bengkong,buffet restaurant,F&B,Indonesia.Batam.Kuliner.202406162232.db,places,1.1655638,104.0393071,393115.8660438214,128848.22786437992,0,3602.226425523074,10,26,0,8.715094090131327,3.4,3.367295829986474,0
299,SOTO LAMONGAN CAK ALI,soto ayam restaurant,F&B,Indonesia.Batam.Kuliner.202406162232.db,places,1.153548,104.0054803,389351.5459483109,127521.22066712435,0,2523.8037408359432,43,141,0,50.118785602458836,4.4,2.6390573296152584,0
303,Bina Nusa Mandiri PT,caterer,F&B,Indonesia.Batam.Kuliner.202406162232.db,places,1.1688287,104.0112953,389999.1678557964,129210.23163336384,1,935.8300980015669,29,70,0,77.75532684073816,0.0,0.0,0
305,Sushi Mentai Batam,sushi restaurant,F&B,Indonesia.Batam.Kuliner.202406162232.db,places,1.1528349,104.0026817,389040.1195889309,127442.4983377722,0,2711.3018336085793,40,146,0,34.56249058276954,4.6,5.5134287461649825,0
307,Batagor Siomay Aa Sawargi Regata,indonesian restaurant,F&B,Indonesia.Batam.Kuliner.202406162232.db,places,1.1354315,104.0441798,393656.9245472714,125517.03916380658,0,2476.104504477018,20,57,2,27.47261045514195,4.6,3.828641396489095,0
318,Nasi Ayam Oki 118,hawker stall,F&B,Indonesia.Batam.Kuliner.202406162232.db,places,1.1543443,103.9975087,388464.5805556346,127609.56088293697,0,3277.494979413364,22,78,0,41.81185517206863,4.9,2.8903717578961645,0
389,Warung 29,restaurant,F&B,Indonesia.Batam.Kuliner.202406162232.db,places,1.1690502,104.0076625,389594.9596111552,129234.8603950456,1,1161.0971735199078,17,49,4,5.3682986899228045,5.0,0.6931471805599453,0
406,Nasi Goreng Kampoengan,indonesian restaurant,F&B,Indonesia.Batam.Kuliner.202406162232.db,places,1.1467799,104.0383016,393003.28290057706,126771.77799673624,0,2051.279381025918,13,61,1,170.53352437896538,4.2,3.258096538021482,0
412,Ayam Penyet BISMILLAH BERKAH,chicken restaurant,F&B,Indonesia.Batam.Kuliner.202406162232.db,places,1.1853248,104.0091955,389766.17378786684,131033.91065520656,1,1195.577294370238,24,49,0,8.662929554864697,5.0,0.6931471805599453,0
414,Warung Alexander,grocery store,F&B,Indonesia.Batam.Kuliner.202406162232.db,places,1.1787705,104.0089252,389735.839460822,130309.3622090386,-1,0.0,1,47,0,496.22908788567145,4.6,2.0794415416798357,0
416,BKM cafe & bistro bengkong,restaurant,F&B,Indonesia.Batam.Kuliner.202406162232.db,places,1.1625222,104.0395499,393142.76735776826,128511.98154973498,0,3338.0978956605363,23,36,5,31.543438031032125,2.9,3.6888794541139363,0
417,Waroengh Makan Jawa Bude,restaurant,F&B,Indonesia.Batam.Kuliner.202406162232.db,places,1.1860953,104.0096897,389821.1929193297,131119.06755142324,1,1239.2414670507253,24,46,10,48.03085488086863,0.0,0.0,0
420,Higo Batam,cafe,F&B,Indonesia.Batam.Kuliner.202406162232.db,places,1.185213,104.0151526,390429.0036678758,131021.3150830968,1,980.9536283742633,25,76,0,11.267814806394933,0.0,0.0,0
425,Rm Ampera Uda,restaurant,F&B,Indonesia.Batam.Kuliner.202406162232.db,places,1.1834103,104.0143503,390339.66259753716,130822.06380922854,1,787.0420497109554,27,81,12,77.32078795183727,0.0,0.0,0
428,abil kue,restaurant,F&B,Indonesia.Batam.Kuliner.202406162232.db,places,1.1854808,104.0099519,389850.3430931352,131051.12590735727,1,1165.7801466700323,25,51,10,14.019106802476905,0.0,0.0,0
432,Warkop Icha & Zacky,cafe,F&B,Indonesia.Batam.Kuliner.202406162232.db,places,1.1690453,104.0077105,389600.3003193472,129234.31682643684,1,1157.6350223098652,17,49,0,5.3682986899228045,0.0,0.0,0
437,Batu merah,shop,F&B,Indonesia.Batam.Kuliner.202406162232.db,places,1.1300781,104.0529221,394629.4754393946,124924.92384616009,0,3542.1749700080054,48,115,0,138.54717071664598,5.0,0.6931471805599453,0
439,Pindukuik,restaurant,F&B,Indonesia.Batam.Kuliner.202406162232.db,places,1.1519818,104.0289259,391960.25604801736,127347.18183490513,0,1725.5421197635828,79,186,24,32.74972089639521,0.0,0.0,0
474,Sari Ayam Bakar,grill,F&B,Indonesia.Batam.Kuliner.202406162232.db,places,1.1525138,104.0382068,392992.9481425803,127405.64216766346,0,2409.300475311819,19,60,0,18.046014713946693,5.0,1.0986122886681098,0
494,Kampung tua bengkong Sadai blok M 1  No 1,diner,F&B,Indonesia.Batam.Kuliner.202406162232.db,places,1.1509644,104.0384775,393023.0107082546,127234.35178917207,0,2322.232554617438,18,62,1,107.74648037471283,4.8,3.044522437723423,0
503,Pak Kumis,restaurant,F&B,Indonesia.Batam.Kuliner.202406162232.db,places,1.1503621,104.0249956,391522.87520678365,127168.27884425197,0,1406.9149929915795,97,223,32,23.882641908430713,5.0,0.6931471805599453,0
513,Mubarokah,seafood restaurant,F&B,Indonesia.Batam.Kuliner.202406162232.db,places,1.156108,104.0355079,392692.78056629316,127803.06905117608,0,2500.230865490667,15,82,1,75.71083191019383,3.8,2.70805020110221,0
517,Bakso Oma Lumayan,bakso restaurant,F&B,Indonesia.Batam.Kuliner.202406162232.db,places,1.1529572,104.0272626,391775.21959946345,127455.07203337594,0,1753.523800527703,73,177,7,44.3322933535087,5.0,0.6931471805599453,0
520,Angkringan Papah Muda,restaurant,F&B,Indonesia.Batam.Kuliner.202406162232.db,places,1.1585093,104.0316341,392261.8397234429,128068.67078009654,0,2506.483098974197,8,75,3,234.03809409648318,4.7,3.044522437723423,0
542,Warung Mie Ayam Bude,noodle shop,F&B,Indonesia.Batam.Kuliner.202406162232.db,places,1.1516085,104.0265829,391699.53930258966,127306.00375829286,0,1587.9941078820177,97,183,1,45.10726464517868,0.0,0.0,0
559,RM Ampera Densiko,padang restaurant,F&B,Indonesia.Batam.Kuliner.202406162232.db,places,1.1477871,104.026644,391706.1938160798,126883.55889233852,0,1197.5781733176168,121,209,8,8.70483894787398,4.5,5.384495062789089,2
563,Rm Tungku Minang,padang restaurant,F&B,Indonesia.Batam.Kuliner.202406162232.db,places,1.1506651,104.0258206,391614.6834673099,127201.74310287113,0,1463.009515553508,101,201,7,21.49716559219328,3.2,2.302585092994046,0
569,Bakso simpang bengkong polisi,bakso restaurant,F&B,Indonesia.Batam.Kuliner.202406162232.db,places,1.1594674,104.0194625,390907.5600279093,128175.0513982642,0,2392.995130445677,10,35,0,9.144301455507941,4.5,3.6109179126442243,0
582,Montir Perut,restaurant,F&B,Indonesia.Batam.Kuliner.202406162232.db,places,1.1579775,104.0341773,392544.797262872,128009.7856786761,0,2588.701211700371,10,73,2,216.07866342516004,5.0,1.0986122886681098,0
617,Warung Budhe Eti,indonesian restaurant,F&B,Indonesia.Batam.Kuliner.202406162232.db,places,1.1541237,104.0398859,393179.83885127323,127583.54731477085,0,2667.215302218027,15,55,1,72.97156346162356,4.3,2.302585092994046,0
622,Bebek Ayam Bakar Pak Camat,restaurant,F&B,Indonesia.Batam.Kuliner.202406162232.db,places,1.1501129,104.0249265,391515.1771141992,127140.73325958713,0,1378.3358809537342,97,228,33,5.176517393670655,1.0,0.6931471805599453,0
635,Senju Takoyaki top 100 bengkong,japanese restaurant,F&B,Indonesia.Batam.Kuliner.202406162232.db,places,1.153691,104.023676,391376.1708358077,127536.32775215902,0,1745.9209500215043,56,180,0,18.7727738157403,5.0,2.0794415416798357,0
649,Mi Baso ayam,diner,F&B,Indonesia.Batam.Kuliner.202406162232.db,places,1.1553164,104.0385066,393026.4111098723,127715.44755503838,0,2648.9864515836903,20,58,1,202.33078167700876,4.0,1.6094379124341003,0
652,Tombo Luwe Cak Jukis,indonesian restaurant,F&B,Indonesia.Batam.Kuliner.202406162232.db,places,1.1536337,104.0393053,393115.21820573515,127529.401525635,0,2582.962710402473,17,54,1,84.30654963230432,0.0,0.0,0
658,Kedai Damaya,breakfast restaurant,F&B,Indonesia.Batam.Kuliner.202406162232.db,places,1.1533411,104.0370473,392863.96337349614,127497.14063041835,0,2379.1455637234426,23,75,2,7.907457879489614,0.0,0.0,0
662,Mie ayam bakso berutal,fast food restaurant,F&B,Indonesia.Batam.Kuliner.202406162232.db,places,1.1439174,104.0319322,392294.4611905763,126455.57792357981,0,1278.5538797656286,40,195,0,119.42287863934905,0.0,0.0,0
671,Warung Mie Aceh Bengkong Asrama,noodle shop,F&B,Indonesia.Batam.Kuliner.202406162232.db,places,1.1600746,104.0212313,391104.3953017994,128242.1072695175,0,2444.2372470361893,12,34,0,151.2574216313012,4.2,1.791759469228055,0
711,HOYYA - Kebab Batam ( Golden Prawn Bengkong),kebab shop,F&B,Indonesia.Batam.Kuliner.202406162232.db,places,1.1620359,104.0413809,393346.4806503071,128458.15376890404,0,3418.7793136056325,22,33,0,59.499023330094616,4.1,3.58351893845611,0
714,YS BOBA BENGKONG,restaurant,F&B,Indonesia.Batam.Kuliner.202406162232.db,places,1.1534118,104.0371016,392870.00789048243,127504.95420263994,0,2388.9559493044994,22,74,0,9.878668759488322,0.0,0.0,0
725,Tahu Kalasam Sarah,tofu restaurant,F&B,Indonesia.Batam.Kuliner.202406162232.db,places,1.1533257,104.0369779,392856.2407720037,127495.44083151697,0,2372.525795638671,23,74,0,7.907457879489614,4.0,1.0986122886681098,0
727,Sate Madura pak kumis,restaurant,F&B,Indonesia.Batam.Kuliner.202406162232.db,places,1.1509084,104.0266023,391701.6714968925,127228.60938736913,0,1515.4841649029868,105,188,33,5.74791389151577,0.0,0.0,0
733,Senju takoyaki batam bengkong,japanese restaurant,F&B,Indonesia.Batam.Kuliner.202406162232.db,places,1.1378662,104.0345699,392587.73063225014,125786.54144899397,0,1390.7942210381798,31,126,0,15.292926241139043,4.9,2.70805020110221,0
737,Bakso Suka Sari,bakso restaurant,F&B,Indonesia.Batam.Kuliner.202406162232.db,places,1.1519909,104.0361403,392762.9924256761,127347.91527071579,0,2202.167565003993,25,91,1,174.52519927660873,0.0,0.0,0
742,Sabana Fried Chicken Bengkong,fried chicken takeaway,F&B,Indonesia.Batam.Kuliner.202406162232.db,places,1.1519671,104.038874,393067.1660045474,127345.18153331304,0,2426.164477612977,17,57,0,47.58263786452276,4.4,2.302585092994046,0
748,Epok Epok Ana,hawker stall,F&B,Indonesia.Batam.Kuliner.202406162232.db,places,1.1567649,104.0357004,392714.2243859875,127875.67960595601,0,2571.376963616735,14,70,0,75.71083191019383,4.6,6.118097198041348,1
755,Warung Kita Saudara 1,restaurant,F&B,Indonesia.Batam.Kuliner.202406162232.db,places,1.1504183,104.0252216,391548.02409769007,127174.48297146299,0,1418.9623905326546,97,218,32,25.902855214697986,0.0,0.0,0
766,Warung Pakde,restaurant,F&B,Indonesia.Batam.Kuliner.202406162232.db,places,1.150885,104.0230349,391304.73002175975,127226.15830808962,0,1430.5956676172698,68,253,23,111.15241637276971,4.5,1.0986122886681098,0
774,Ayam Geprek Bang Wan,chicken restaurant,F&B,Indonesia.Batam.Kuliner.202406162232.db,places,1.1529462,104.0389757,393078.5185148491,127453.4134397254,0,2505.022235168278,17,59,1,50.32762733118091,2.0,1.3862943611198906,0
783,Ayam Bakar Mas Wid,ayam penyet restaurant,F&B,Indonesia.Batam.Kuliner.202406162232.db,places,1.1546498,104.040282,393223.93183208886,127641.69074188714,0,2738.9172647225255,14,52,0,56.53747282659157,4.4,3.044522437723423,0
800,Ayam Penyet Spesial Pak Soleh,restaurant,F&B,Indonesia.Batam.Kuliner.202406162232.db,places,1.1514192,104.0242307,391437.8055990196,127285.16676686544,0,1504.93294554024,82,224,27,59.73102684433649,5.0,0.6931471805599453,0
912,warung jawara,restaurant,F&B,Indonesia.Batam.Kuliner.202406162232.db,places,1.0425758,103.9828778,386832.39620656444,115254.35736429774,2,944.1207245997099,40,111,7,37.74980435175686,4.5,2.1972245773362196,0
932,Warung Bude,indonesian restaurant,F&B,Indonesia.Batam.Kuliner.202406162232.db,places,1.0393337,103.997,388403.71674734686,114895.4473521617,2,2523.3402425922163,11,43,1,119.56924398478529,4.8,1.791759469228055,0
947,Nasi goreng padang MKGR,nasi goreng restaurant,F&B,Indonesia.Batam.Kuliner.202406162232.db,places,1.0452953,103.9848087,387047.35275539197,115554.92296037334,2,1035.9853634156905,44,123,0,38.49714711766486,4.7,3.295836866004329,0
1004,Warung Lila,restaurant,F&B,Indonesia.Batam.Kuliner.202406162232.db,places,1.0424466,104.0036204,389140.502657,115239.33665132098,2,3152.1719122959557,6,24,0,182.48214041890864,5.0,1.0986122886681098,0
1030,Masakan Kampung Uni Ani MKGR,restaurant,F&B,Indonesia.Batam.Kuliner.202406162232.db,places,1.0428744,103.9825998,386801.47261657595,115287.376975837,2,900.5064819020267,33,104,7,32.90578164604602,5.0,1.0986122886681098,0
1040,Warung Ayu  MKGR,diner,F&B,Indonesia.Batam.Kuliner.202406162232.db,places,1.0449777,103.9849506,387063.13120907516,115519.80785343108,2,1058.6383839982204,45,119,1,38.49714711766486,5.0,0.6931471805599453,0
1101,Bakso Sroto Buana Central Park,bakso restaurant,F&B,Indonesia.Batam.Kuliner.202406162232.db,places,1.0509903,104.0029093,389061.67627905484,116183.84429768045,-1,0.0,8,11,0,5.342664744689411,5.0,0.6931471805599453,0
1149,Rumah Makan & Restoran Sutan Mudo,padang restaurant,F&B,Indonesia.Batam.Kuliner.202406162232.db,places,1.0462287,103.9827037,386813.15405130293,115658.1842116668,2,788.434258518763,42,136,4,0.17516452686176576,0.0,0.0,0
1167,Fanbaby bubur organic outlet pasar TOP ONE punggur,breakfast restaurant,F&B,Indonesia.Batam.Kuliner.202406162232.db,places,1.0629277,104.1230956,402435.34167257743,117499.43380270158,3,915.8290809662282,5,42,0,3.133434801207032,0.0,0.0,0
1224,Gerai barokah,soup kitchen,F&B,Indonesia.Batam.Kuliner.202406162232.db,places,1.0714143,104.1176579,401830.5625894231,118437.74559819147,3,230.5709267648279,42,70,3,48.35151507565339,5.0,0.6931471805599453,0
1234,Kopitalisme bth,coffee shop,F&B,Indonesia.Batam.Kuliner.202406162232.db,places,1.0477013,104.0021439,388976.39169294515,115820.28147708433,-1,0.0,8,22,0,104.41895872791956,4.8,2.8903717578961645,0
1298,Warteg Mbah Moe - Pakuba,indonesian restaurant,F&B,Indonesia.Batam.Kuliner.202406162232.db,places,1.0509551,104.0029422,389065.3359290842,116179.9518655055,-1,0.0,8,11,1,5.342664744689411,2.5,1.0986122886681098,0
1301,BAKSO ECO,bakso restaurant,F&B,Indonesia.Batam.Kuliner.202406162232.db,places,1.0414909,104.0536019,394702.0504483789,115131.97262667993,4,1379.7115221816618,22,68,1,23.81713555315048,4.8,1.9459101490553132,0
1332,Pauhix,bakso restaurant,F&B,Indonesia.Batam.Kuliner.202406162232.db,places,1.0420194,103.9870354,387295.01017084916,115192.69942704107,2,1382.9868480008975,32,80,1,0.10494396608566979,0.0,0.0,0
1338,Putri Bundo Masakan Padang,padang restaurant,F&B,Indonesia.Batam.Kuliner.202406162232.db,places,1.0397969,103.998133,388529.80633599934,114946.61290050257,2,2626.1315198957163,13,46,1,9.155966649656662,0.0,0.0,0
1355,Aneka Jajanan Medan,convenience store,F&B,Indonesia.Batam.Kuliner.202406162232.db,places,1.0459794,103.9886721,387477.2733783476,115630.4099622686,2,1452.0343786375029,18,91,0,99.54378562645218,5.0,1.3862943611198906,0
1371,Sate Padang Bimbiangan Mande,satay restaurant,F&B,Indonesia.Batam.Kuliner.202406162232.db,places,1.04623,103.9827046,386813.25424466276,115658.32789152661,2,788.51656245005,42,136,0,0.17516452686176576,0.0,0.0,0
1410,kedai ika,restaurant,F&B,Indonesia.Batam.Kuliner.202406162232.db,places,1.1375316,104.0316049,392257.80532082694,125749.66320683378,0,1061.983257600478,64,138,17,35.738829658976385,4.6,2.3978952727983707,0
1412,Mabrur Water Punggur,bottled water supplier,F&B,Indonesia.Batam.Kuliner.202406162232.db,places,1.0682831,104.1142244,401448.42068252945,118091.72132753082,3,623.7723021516399,12,53,0,70.35571687838929,0.0,0.0,0
1423,Gelavian s Coffe Shop,restaurant,F&B,Indonesia.Batam.Kuliner.202406162232.db,places,1.0478334,103.935315,381540.0359195941,115837.33273015007,-1,0.0,4,13,1,25.164515702374953,4.2,5.384495062789089,2
1453,Sei Lekop,housing development,F&B,Indonesia.Batam.Kuliner.202406162232.db,places,1.0248499,103.9477517,382923.0928971539,113296.05841497096,5,915.4338778791791,16,31,1,35.01675745172547,0.0,0.0,0
1492,Jooz Aja Sei Panas,restaurant,F&B,Indonesia.Batam.Kuliner.202406162232.db,places,1.1377401,104.028558,391918.78690195887,125772.82609156895,0,722.2862742337611,55,157,13,3.750280913144346,5.0,2.772588722239781,0
1497,Niki Sei Panas,restaurant,F&B,Indonesia.Batam.Kuliner.202406162232.db,places,1.135062,104.0289206,391959.0336096559,125476.75805121723,0,827.6118060530946,52,116,11,38.02742480583584,0.0,0.0,0
1512,Taman Wisata Alam Muka Kuning,camping ground,F&B,Indonesia.Batam.Kuliner.202406162232.db,places,1.0707328,104.0129267,390177.0401226679,118365.96301551862,-1,0.0,0,14,0,634.8080574184085,4.5,5.087596335232384,0
1521,Sei lekop,housing complex,F&B,Indonesia.Batam.Kuliner.202406162232.db,places,1.0469062,103.9408692,382158.0488120633,115734.6218099347,-1,0.0,3,20,0,186.92936133950084,0.0,0.0,0
1528,Sei lekop,housing society,F&B,Indonesia.Batam.Kuliner.202406162232.db,places,1.0284147,103.9466862,382804.6579480211,113690.18316124253,5,647.1196736767632,19,43,0,107.02173438371861,3.6,2.1972245773362196,0
1573,Batam Fresh Seafood,seafood market,F&B,Indonesia.Batam.Kuliner.202406162232.db,places,1.1468807,104.0071729,389539.62412424746,126784.10363828407,0,1927.7153645213743,90,377,0,18.294020729785885,4.8,2.6390573296152584,0
1589,Sunur Rinjani - Makanan khas lombok,restaurant,F&B,Indonesia.Batam.Kuliner.202406162232.db,places,1.1298303,104.0958702,399408.2192213312,124896.00826666172,15,848.8003873702322,8,32,2,1.7525961594636936,0.0,0.0,0
1608,Pasir Mantang  Sengkuang,restaurant,F&B,Indonesia.Batam.Kuliner.202406162232.db,places,1.1769694,104.0239516,391407.7281516664,130109.66613314403,1,978.976598799108,5,52,2,388.58368703252944,4.4,3.4965075614664802,0
1618,warung condong raos,restaurant,F&B,Indonesia.Batam.Kuliner.202406162232.db,places,1.164907,104.0119682,390073.88824951876,128776.6729589208,1,1313.2372180070827,26,72,6,1.5175807969226716,4.6,2.6390573296152584,0
1658,Moeslim Food,diner,F&B,Indonesia.Batam.Kuliner.202406162232.db,places,1.1786926,104.0206296,391038.162999202,130300.28988131734,1,660.269910863536,18,75,1,83.46122301197312,0.0,0.0,0
1675,Rumah Makan Saraso,padang restaurant,F&B,Indonesia.Batam.Kuliner.202406162232.db,places,1.1854064,104.0190808,390866.0933467435,131042.53973144325,1,1092.4659938372404,34,63,1,34.097517382954656,4.3,2.833213344056216,0
1704,Masakan Jawa,javanese restaurant,F&B,Indonesia.Batam.Kuliner.202406162232.db,places,1.164737,104.0120755,390085.8207993801,128757.87577723018,1,1328.1821810939487,26,73,1,18.35878545948048,5.0,1.6094379124341003,1
1722,Depot Makan Garda Roso,restaurant,F&B,Indonesia.Batam.Kuliner.202406162232.db,places,1.1701658,104.01681,390612.83222532284,129357.82845601572,1,706.2876029752817,35,80,10,16.86308939624917,0.0,0.0,0
1740,Warung Medan mbak nining,restaurant,F&B,Indonesia.Batam.Kuliner.202406162232.db,places,1.1803731,104.0152848,390443.5234449751,130486.2737125678,1,446.0798288616833,20,83,8,170.96661933560375,4.0,1.0986122886681098,0
1776,Sarapan Pagi Warung Bude Srik,restaurant,F&B,Indonesia.Batam.Kuliner.202406162232.db,places,1.1840339,104.0205217,391026.36532164126,130890.75754368842,1,1037.9701390792254,32,58,11,2.9654552384090147,0.0,0.0,0
1779,Mie Kier (mie ayam ceker),diner,F&B,Indonesia.Batam.Kuliner.202406162232.db,places,1.182497,104.0194857,390911.0319019605,130720.89891014373,1,832.6819429854071,35,61,1,12.730425534329315,0.0,0.0,0
1794,SOMED DELSER,restaurant,F&B,Indonesia.Batam.Kuliner.202406162232.db,places,1.1703309,104.0170023,390634.2355319805,129376.07224667339,1,694.6249217966522,35,80,10,10.963770552952495,4.9,2.995732273553991,0
1863,Rumah Makan Payakumbuh,restaurant,F&B,Indonesia.Batam.Kuliner.202406162232.db,places,1.1698959,104.0170466,390639.1478724481,129327.98262966372,1,742.1093411997099,35,81,10,27.82037275721117,2.3,1.3862943611198906,0
1876,Nyonya Terasi  Batam Centre,ayam penyet restaurant,F&B,Indonesia.Batam.Kuliner.202406162232.db,places,1.1276432,104.0513998,394460.0031714684,124655.81134778427,0,3457.674413449516,43,117,1,30.53477636095102,4.4,4.248495242049359,0
1877,Mielioner Batam,restaurant,F&B,Indonesia.Batam.Kuliner.202406162232.db,places,1.144511,104.0278149,391836.35566028615,126521.35319758492,0,964.1940247709648,71,239,20,26.185884000654447,0.0,0.0,0
1878,New Bintang 99,restaurant,F&B,Indonesia.Batam.Kuliner.202406162232.db,places,1.142495,103.9975535,388469.1060541271,126299.6484951648,0,2773.3405610655973,42,133,17,204.46319352786685,0.0,0.0,0
1880,Pondok Abah,restaurant,F&B,Indonesia.Batam.Kuliner.202406162232.db,places,1.1263208,104.046616,393927.66680211725,124509.79937433751,0,3019.9672314539175,65,129,19,27.34493856516566,5.0,1.6094379124341003,0
1883,Liga Bintang Seafood Sport,seafood restaurant,F&B,Indonesia.Batam.Kuliner.202406162232.db,places,1.1433212,103.9949572,388180.24728433974,126391.08384007134,0,3074.1841757473453,38,79,0,9.040213627747058,0.0,0.0,0
1888,Ayam Penyet Citra Rasa,restaurant,F&B,Indonesia.Batam.Kuliner.202406162232.db,places,1.1441915,104.0016933,388929.80701678264,126487.03172567334,0,2369.1101648858744,56,221,24,97.82892971870247,4.0,0.6931471805599453,0
1893,Warung Cak San Lamongan Depan Masjid Al Muttaqin,restaurant,F&B,Indonesia.Batam.Kuliner.202406162232.db,places,1.142423,103.9951885,388205.94933982426,126291.7809885651,0,3031.2686254731216,33,84,13,23.5059590675197,4.5,1.6094379124341003,0
1897,Oleh Oleh Batam TOK NGAH OUTLET DC MALL,deli,F&B,Indonesia.Batam.Kuliner.202406162232.db,places,1.1408328,104.0031082,389087.1139594336,126115.68170179715,0,2133.425040802713,71,263,0,10.694076653810589,4.5,3.044522437723423,0
1899,Kedai pempek mak pasha,pempek restaurant,F&B,Indonesia.Batam.Kuliner.202406162232.db,places,1.1479514,103.9958388,388278.52243810834,126902.90686606237,0,3120.052975804707,39,96,0,39.273454197464616,5.0,0.6931471805599453,0
1900,Gorengan Nanggroe Aceh BCM Batam Centre,brunch restaurant,F&B,Indonesia.Batam.Kuliner.202406162232.db,places,1.1301861,104.0502926,394336.898038358,124936.95831110819,0,3256.2503098132875,30,130,0,45.423652629824296,4.4,4.04305126783455,1
1906,Yadi Prata (Roti Canai),restaurant,F&B,Indonesia.Batam.Kuliner.202406162232.db,places,1.147778,103.99866,388592.430425886,126883.62785650272,0,2821.1406479740353,30,177,14,35.11700101755408,5.0,0.6931471805599453,0
1907,Gultik Pak Wongso,javanese restaurant,F&B,Indonesia.Batam.Kuliner.202406162232.db,places,1.1157823,104.0518453,394509.14865882864,123344.62373024735,6,441.3759087632303,16,53,0,46.20679550286505,4.3,4.653960350157523,0
1909,Warung Kopi Mamora,cafe,F&B,Indonesia.Batam.Kuliner.202406162232.db,places,1.1479126,104.0031801,389095.38624385087,126898.33183301831,0,2371.4824155632523,50,242,0,58.271818099305285,0.0,0.0,0
1910,Minimarket hang tuah,restaurant,F&B,Indonesia.Batam.Kuliner.202406162232.db,places,1.1629223,104.0205724,391031.1894820106,128556.93661345854,0,2762.292656769346,10,63,3,176.0559568091881,5.0,0.6931471805599453,0
1913,Salad buah papa yota,restaurant,F&B,Indonesia.Batam.Kuliner.202406162232.db,places,1.1463402,103.9992995,388663.53192786156,126724.65782564264,0,2697.0606471860933,32,199,16,46.106635250594124,3.0,0.6931471805599453,0
1914,Waroeng Lamongan Cak Rochman,restaurant,F&B,Indonesia.Batam.Kuliner.202406162232.db,places,1.1269371,104.0511473,394431.88234013005,124577.76416791917,0,3457.950330332583,47,118,14,55.13585144796455,4.2,5.429345628954441,2
1917,NASI LEMAK MAK NGAH TANJUNG RIAU,restaurant,F&B,Indonesia.Batam.Kuliner.202406162232.db,places,1.099976,103.9301005,380961.8053508737,121601.88575180485,-1,0.0,6,6,2,71.12526964216158,4.5,5.3230099791384085,0
1918,Warung doraemon,grocery store,F&B,Indonesia.Batam.Kuliner.202406162232.db,places,1.1438436,103.9952848,388216.71960585593,126448.82114077803,0,3050.1663668599,43,85,0,48.07734096692864,5.0,1.6094379124341003,0
1926,RM  Padang Uda Paibo,indonesian restaurant,F&B,Indonesia.Batam.Kuliner.202406162232.db,places,1.1252153,104.0453791,393789.99801588216,124387.6359209095,0,2952.517910924404,56,134,4,12.407892276823809,0.0,0.0,0
1930,Diamond Club And Cafe,food court,F&B,Indonesia.Batam.Kuliner.202406162232.db,places,1.1399069,104.0004779,388794.4048330447,126013.42738872775,0,2412.087317074796,34,205,1,1.066406245742507,4.3,2.5649493574615367,0
1940,Warung Kelapa Bakar Pak Edi (Simpang Sincom),hawker stall,F&B,Indonesia.Batam.Kuliner.202406162232.db,places,1.1160801,104.0521367,394541.58314817504,123377.53378724337,6,412.71485135583754,15,59,0,46.20679550286505,4.5,1.6094379124341003,0
1941,Tanjung sengkuang,place of worship,F&B,Indonesia.Batam.Kuliner.202406162232.db,places,1.1826923,104.0200681,390975.84189181513,130742.46581521303,1,888.5795221023785,34,59,0,68.01456713277022,4.7,1.3862943611198906,0
1942,Rumah,coffee shop,F&B,Indonesia.Batam.Kuliner.202406162232.db,places,1.141747,103.995132,388199.63644711085,126217.05301668483,0,3026.2885316720717,33,83,1,29.104728145224765,0.0,0.0,0
1943,Bakmie Pak Lucky,noodle shop,F&B,Indonesia.Batam.Kuliner.202406162232.db,places,1.1245864,104.0463245,393895.1691688087,124318.07921408502,0,3078.1659037537806,53,127,2,0.0,4.3,3.9318256327243257,0
1946,Salad Buah Naura,restaurant,F&B,Indonesia.Batam.Kuliner.202406162232.db,places,1.1708439,104.0255143,391581.3704585482,129432.45216695273,1,1300.9347835311585,3,41,1,172.01032291843063,4.9,2.1972245773362196,0
1947,Bubur Ayam Sunda,porridge restaurant,F&B,Indonesia.Batam.Kuliner.202406162232.db,places,1.1421089,104.0047031,389264.6272541275,126256.68963268783,0,1985.6899920938881,83,324,0,12.961923440063876,4.7,3.784189633918261,0
1949,Ayam Penyet Ria,ayam penyet restaurant,F&B,Indonesia.Batam.Kuliner.202406162232.db,places,1.1340682,104.0426245,393483.8182137288,125366.38905412142,0,2327.496541514424,17,88,0,48.27365685828216,4.4,4.941642422609304,0
1952,RM LUMBUANG REZEKI,restaurant,F&B,Indonesia.Batam.Kuliner.202406162232.db,places,1.1262444,104.0054191,389343.6938369307,124502.8854451535,0,2261.9171450014446,25,106,10,44.01373270616308,5.0,1.0986122886681098,0
1956,Rumah wak lapet,coffee shop,F&B,Indonesia.Batam.Kuliner.202406162232.db,places,1.1476204,103.995967,388292.774402136,126866.31061316737,0,3093.9187098467355,41,100,1,6.792076512579569,0.0,0.0,0
1960,Warung khas Brebes,indonesian restaurant,F&B,Indonesia.Batam.Kuliner.202406162232.db,places,1.12317,104.0046679,389259.99154636415,124163.04750240271,0,2535.8192285701657,8,43,0,25.3630164075076,0.0,0.0,0
1964,Oppa Oppa Tokpokki Tiban Centre,restaurant,F&B,Indonesia.Batam.Kuliner.202406162232.db,places,1.1155041,103.9812172,386650.31391342636,123316.49631472581,7,1260.7860646078072,114,185,32,72.9728985764905,0.0,0.0,0
1968,Melenial cafe,cafe,F&B,Indonesia.Batam.Kuliner.202406162232.db,places,1.1131065,103.9792758,386434.19911306363,123051.5210177759,7,970.9993939100797,108,195,7,0.0,4.5,2.8903717578961645,0
1969,Ikan Bakar & Ayam Bakar Mitra khas Tanjung Uma,restaurant,F&B,Indonesia.Batam.Kuliner.202406162232.db,places,1.1190076,104.0432803,393556.2417584001,123701.47617374941,0,3157.25499833015,30,131,4,29.712523686384227,5.0,2.70805020110221,0
1972,Tahu Gejrot & Makanan Asli Cirebon Bonbon Kitchen,food court,F&B,Indonesia.Batam.Kuliner.202406162232.db,places,1.1264241,104.0463927,393902.82414714445,124521.22689196099,0,2992.6237134420458,64,131,1,23.35992434614916,5.0,0.6931471805599453,0
1973,Ketiban Sambel,restaurant,F&B,Indonesia.Batam.Kuliner.202406162232.db,places,1.1126348,103.9787893,386380.04729213426,122999.39420644131,7,906.8115843920284,107,192,30,2.8609442822797964,5.0,0.6931471805599453,0
1980,FAT EATERY BATAM,restaurant,F&B,Indonesia.Batam.Kuliner.202406162232.db,places,1.1238221,104.0477333,394051.8976009013,124233.53785880355,0,3256.2371551607657,55,122,17,15.836365990164362,3.8,1.791759469228055,0
1985,Nasi Goreng Kampoengan Simpang Madani Pasir Putih,restaurant,F&B,Indonesia.Batam.Kuliner.202406162232.db,places,1.1352704,104.0439918,393636.00011733134,125499.23712580798,0,2457.430434315442,22,60,9,27.47261045514195,4.8,2.8903717578961645,0
1986,Rumah Makan Padang,padang restaurant,F&B,Indonesia.Batam.Kuliner.202406162232.db,places,1.1293471,104.0355725,392698.97532705154,124844.74971467699,0,1779.8096873090055,33,99,0,38.060271749124304,4.2,4.02535169073515,0
1990,Nyantai KOPITIAM,cafe,F&B,Indonesia.Batam.Kuliner.202406162232.db,places,1.1128496,103.9798447,386497.49185009656,123023.0993090827,7,1026.624507294188,119,195,7,13.870760593679226,4.2,5.1647859739235145,2
1992,Angkringan Mantan,restaurant,F&B,Indonesia.Batam.Kuliner.202406162232.db,places,1.1252519,104.0455338,393807.21268210973,124391.67626897122,0,2965.7275821391286,56,134,16,17.682453047775006,4.6,3.295836866004329,0
1993,GreenLand Seafood and BBQ,seafood restaurant,F&B,Indonesia.Batam.Kuliner.202406162232.db,places,1.1237473,104.0485563,394143.46941625763,124225.2391917505,0,3340.7161255891333,58,124,3,33.456658448979745,4.3,4.955827057601261,0
2245,Donburo Itadakimas   TIBAN,japanese restaurant,F&B,Indonesia.Batam.Kuliner.202406162232.db,places,1.1133823,103.9783658,386332.9522623476,123082.04525801993,7,881.5248063881675,111,184,1,15.60616614051087,0.0,0.0,0
2291,Ayam Basil Krapow,thai restaurant,F&B,Indonesia.Batam.Kuliner.202406162232.db,places,1.1257014,103.9793802,386446.3004818728,124443.85942507365,7,1883.111656041418,10,40,0,171.96831981863784,5.0,0.6931471805599453,0
2300,Dapur Snack,snack bar,F&B,Indonesia.Batam.Kuliner.202406162232.db,places,1.1150678,103.9852159,387095.2391950127,123268.1105257261,7,1665.4158234551833,37,162,0,80.2716897694254,0.0,0.0,0
2303,Sumber Rejeki (kue putu),restaurant,F&B,Indonesia.Batam.Kuliner.202406162232.db,places,1.1126567,103.9780933,386302.60287813225,123001.84202643647,7,831.5472848285567,109,182,31,16.034759129904565,4.5,1.6094379124341003,0
2331,DAPUR MANNA SUKA,restaurant,F&B,Indonesia.Batam.Kuliner.202406162232.db,places,1.049726,103.965461,384894.60922410234,116045.43300639608,2,1172.9415735020712,64,135,18,21.703656779034528,5.0,1.3862943611198906,0
2339,Baktina Durian Batu Aji,restaurant,F&B,Indonesia.Batam.Kuliner.202406162232.db,places,1.0456227,103.9670065,385066.4346205818,115591.76252533894,2,977.2527493359503,49,119,17,104.49228597567586,4.6,1.791759469228055,0
2341,Nan Bunsu,padang restaurant,F&B,Indonesia.Batam.Kuliner.202406162232.db,places,1.048142,103.9633893,384664.02342903195,115870.40033318925,2,1371.434751443246,56,121,5,22.282009392802447,4.4,3.6109179126442243,0
2344,Mie Ayam Bakso Cjdw,bakso restaurant,F&B,Indonesia.Batam.Kuliner.202406162232.db,places,1.0476546,103.9633633,384661.1124539663,115816.51989319088,2,1370.7637756334577,52,117,3,13.625780788848449,4.3,4.532599493153256,2
2345,Warung makan padang,brunch restaurant,F&B,Indonesia.Batam.Kuliner.202406162232.db,places,1.048115,103.9609127,384388.43918372155,115867.50684235277,2,1645.964328528858,48,106,0,57.94524854203329,5.0,0.6931471805599453,0
2348,Renjana Kopi Batam,coffee shop,F&B,Indonesia.Batam.Kuliner.202406162232.db,places,1.0476985,103.9654528,384893.6226921779,115821.29612780166,2,1138.8377601214077,55,130,1,19.970074076414146,4.6,4.532599493153256,0
2371,Sun Bread Piayu,restaurant,F&B,Indonesia.Batam.Kuliner.202406162232.db,places,1.0295873,104.0610352,395528.7777577182,113815.83770510498,4,250.97684579239612,84,177,22,15.666465613999613,4.2,5.872117789475416,2
2381,GUDEG PIAYU,restaurant,F&B,Indonesia.Batam.Kuliner.202406162232.db,places,1.0324407,104.067314,396227.52510682377,114131.06214503542,4,973.1066316760703,5,96,1,44.18639032163678,4.7,1.3862943611198906,0
2393,Kampung SUKADAMAI Tj Piayu,restaurant,F&B,Indonesia.Batam.Kuliner.202406162232.db,places,1.0283202,104.0698398,396508.4424580232,113675.47889076694,4,1239.0661562072007,7,89,5,20.345184181324946,4.5,2.5649493574615367,0
2432,RM Gaek,padang restaurant,F&B,Indonesia.Batam.Kuliner.202406162232.db,places,1.1431585,104.0174606,390684.18983269215,126372.23118870327,0,768.6678143062056,87,325,5,29.894339398826272,0.0,0.0,0
2487,Taco Land Batam,restaurant,F&B,Indonesia.Batam.Kuliner.202406162232.db,places,1.1378855,104.0200332,390970.2429683341,125789.22035632089,0,226.9935577791181,34,168,18,84.19228009653018,0.0,0.0,0
2498,Ketoprak cirebon,restaurant,F&B,Indonesia.Batam.Kuliner.202406162232.db,places,1.0567029,103.9479209,382943.09542927926,116817.3746897493,-1,0.0,2,8,1,66.98663799735915,0.0,0.0,0
2501,Warung Jawa,javanese restaurant,F&B,Indonesia.Batam.Kuliner.202406162232.db,places,1.1400186,104.0186326,390814.47911125707,126025.08070356124,0,444.0169072477965,62,239,1,55.295343573529216,0.0,0.0,0
2508,Harum Dua Kedai,restaurant,F&B,Indonesia.Batam.Kuliner.202406162232.db,places,1.1438925,104.0185034,390800.24930957344,126453.33286280197,0,764.6853452111784,89,332,35,29.321553619078415,0.0,0.0,0
2515,SARAPAN PAGI TETEH,restaurant,F&B,Indonesia.Batam.Kuliner.202406162232.db,places,1.1402702,104.0196237,390924.76776972646,126052.85670411696,0,371.8005566215393,62,224,31,9.502898763607405,0.0,0.0,0
2526,Pempek 367,stand bar,F&B,Indonesia.Batam.Kuliner.202406162232.db,places,1.1400506,104.0193089,390889.73187318456,126028.5925626658,0,383.1953358358686,60,211,0,7.5597788143376325,0.0,0.0,0
2530,EDVO Food Place,restaurant,F&B,Indonesia.Batam.Kuliner.202406162232.db,places,1.1413194,104.0211635,391096.1398986709,126168.78401600228,0,382.6889750435817,63,255,33,14.01645418960319,0.0,0.0,0
2534,KRIWIL POTATO,restaurant,F&B,Indonesia.Batam.Kuliner.202406162232.db,places,1.1410176,104.0196928,390932.4846330026,126135.47673602946,0,427.50882854011695,64,260,32,80.13796326230396,0.0,0.0,0
2558,Rumah Makan Kiong,restaurant,F&B,Indonesia.Batam.Kuliner.202406162232.db,places,1.144985,104.0070669,389527.7569054339,126574.54342480464,0,1840.3435814196012,99,377,25,9.45945008907392,0.0,0.0,0
2612,Corndoc Mozarella  Kampung Pelita,restaurant,F&B,Indonesia.Batam.Kuliner.202406162232.db,places,1.1403949,104.01896,390850.92291959777,126066.66704572475,0,437.12638058453234,63,251,29,31.92684397533261,5.0,0.6931471805599453,0
2621,AYAM GEPREK FAFI ( PELITA ),restaurant,F&B,Indonesia.Batam.Kuliner.202406162232.db,places,1.1398032,104.0201592,390984.3349934233,126001.2110880199,0,293.0231273078164,56,190,28,10.40536662805321,5.0,1.0986122886681098,0
2625,Tisam Mulyani,restaurant,F&B,Indonesia.Batam.Kuliner.202406162232.db,places,1.1398166,104.0169173,390623.6108606745,126002.81534320522,0,608.3248640899137,58,292,26,82.78722248110215,0.0,0.0,0
2634,Purnama  RM,padang restaurant,F&B,Indonesia.Batam.Kuliner.202406162232.db,places,1.1393342,104.0163482,390560.26913414913,125949.50915325586,0,654.132170743059,53,290,3,71.19867424934971,2.0,1.0986122886681098,0
2644,RM Putri Aisyah,padang restaurant,F&B,Indonesia.Batam.Kuliner.202406162232.db,places,1.1440806,104.0197633,390940.4446505509,126474.07879333282,0,721.600821210367,65,383,3,13.867942010680727,0.0,0.0,0
2648,Seafood Nagoya Batam,seafood restaurant,F&B,Indonesia.Batam.Kuliner.202406162232.db,places,1.1483429,104.009094,389753.44013218116,126945.67156487447,0,1843.1718031461244,141,395,5,10.60559481511328,5.0,1.0986122886681098,0
2652,Rujak Batam Indah,restaurant,F&B,Indonesia.Batam.Kuliner.202406162232.db,places,1.1453557,104.0219682,391185.8303422121,126614.95315706117,0,815.404805599228,37,323,18,16.660172629949265,4.5,3.9512437185814275,0
2656,Ria Resto,family restaurant,F&B,Indonesia.Batam.Kuliner.202406162232.db,places,1.146364,104.017353,390672.33867216704,126726.59319129084,0,1065.1467985598429,133,350,2,0.47054562585361565,0.0,0.0,0
2666,RM Ayam Batokok,brunch restaurant,F&B,Indonesia.Batam.Kuliner.202406162232.db,places,1.1486514,104.017726,390713.9289444195,126979.4437773596,0,1274.8836867052344,101,360,3,21.971295228881036,0.0,0.0,0
2672,Leon,restaurant,F&B,Indonesia.Batam.Kuliner.202406162232.db,places,1.146278,104.017484,390686.91168852965,126717.08116147332,0,1049.7209705889259,126,350,43,15.089731451585134,0.0,0.0,0
2678,Ayam Geprek Nyonya Annisa,chicken restaurant,F&B,Indonesia.Batam.Kuliner.202406162232.db,places,1.1407462,104.0208543,391061.7138425508,126105.43034413831,0,334.3931858262409,59,227,2,27.10540906458588,0.0,0.0,0
2685,D Lombok BBQ Masakan Khas Lombok,restaurant,F&B,Indonesia.Batam.Kuliner.202406162232.db,places,1.1379424,104.034406,392569.4964529275,125794.97117855072,0,1372.5063912390992,33,128,10,20.08844533484664,4.6,3.6375861597263857,0
2689,Caesar Corner Cafe,pizza restaurant,F&B,Indonesia.Batam.Kuliner.202406162232.db,places,1.1328512,104.0205939,391032.44327443326,125232.67377463693,0,590.3488293999989,10,98,0,8.861220945922756,5.0,1.3862943611198906,0
2697,BAKSO MBAK MENRHIK,bakso restaurant,F&B,Indonesia.Batam.Kuliner.202406162232.db,places,1.1341967,104.0305943,392145.23302412283,125381.03977600577,0,1036.5149303481578,74,117,2,43.84378251652085,4.0,1.3862943611198906,0
2699,RM  Tao Toba,batak restaurant,F&B,Indonesia.Batam.Kuliner.202406162232.db,places,1.1338432,104.0175397,390692.6403618017,125342.45127052216,0,680.7233219387889,10,169,1,72.60465740610148,4.6,5.4510384535657,1
2703,Sate madura cak ndut,restaurant,F&B,Indonesia.Batam.Kuliner.202406162232.db,places,1.1414452,104.0215976,391144.4466591989,126182.67435635616,0,386.63752818727966,60,241,30,46.08781759908362,5.0,0.6931471805599453,0
2724,Rumah Makan Lentera,padang restaurant,F&B,Indonesia.Batam.Kuliner.202406162232.db,places,1.1480531,104.0172579,390661.82109022245,126913.32150391744,0,1235.6110046159197,130,361,6,61.749031811591344,0.0,0.0,0
2741,Nasi Lemak Tanjung Batu,restaurant,F&B,Indonesia.Batam.Kuliner.202406162232.db,places,1.1382,104.013253,390215.82437109685,125824.24453712297,0,981.4824115028264,56,336,13,137.36084801092528,4.8,1.9459101490553132,0
2743,Mie Jedas,asian restaurant,F&B,Indonesia.Batam.Kuliner.202406162232.db,places,1.1379841,104.0346418,392595.7352387473,125799.57217682638,0,1398.7372886401938,32,127,0,15.292926241139043,4.3,3.2188758248682006,0
2772,Kantin Citra Buana Centre Park,restaurant,F&B,Indonesia.Batam.Kuliner.202406162232.db,places,1.1487432,104.0200941,390977.4289237013,126989.50151274286,0,1209.9657345559222,66,343,31,181.1855745894902,4.0,0.6931471805599453,0
2920,Soto Ayam Joyoboyo,soto restaurant,F&B,Indonesia.Batam.Kuliner.202406162232.db,places,1.1446355,104.0107768,389940.54280759295,126535.76452874826,0,1456.221543671659,146,429,1,56.711824515171315,4.3,5.147494476813453,0
2924,Mie Jay Chou,noodle shop,F&B,Indonesia.Batam.Kuliner.202406162232.db,places,1.1372723,104.0121676,390095.01704967645,125721.7314178413,0,1104.7304153949854,75,329,3,56.157425922406645,4.7,3.970291913552122,0
2936,Miso ajo selatpanjang,noodle shop,F&B,Indonesia.Batam.Kuliner.202406162232.db,places,1.1434402,104.0117738,390051.43306286476,126403.58941927212,0,1295.0259220149032,130,451,3,6.515163616685705,4.4,5.209486152841421,0
2956,Nagoya Thamrin Kopitiam,food court,F&B,Indonesia.Batam.Kuliner.202406162232.db,places,1.1412034,104.0125176,390134.1104139291,126156.2894056115,0,1121.133148393564,94,464,2,27.348893778419782,4.5,5.5053315359323625,0
2963,Bakso Gajah Mungkur Wonogiri,bakso restaurant,F&B,Indonesia.Batam.Kuliner.202406162232.db,places,1.1458308,104.0139034,390288.48359777086,126667.78149837149,0,1256.6202018414372,195,405,4,24.554322543861556,3.5,2.4849066497880004,0
2968,Bak Kut Teh Mickey Mouse 肉骨茶 66,chinese restaurant,F&B,Indonesia.Batam.Kuliner.202406162232.db,places,1.14373,104.0110874,389975.06863718346,126435.65225412298,0,1377.549321406232,135,452,8,29.178977725052192,4.4,5.517452896464707,2
2970,Warung Mak Putra,general store,F&B,Indonesia.Batam.Kuliner.202406162232.db,places,1.1128852,104.1302794,403236.26725227106,123021.6725914523,8,282.62672630179895,17,32,0,67.02154245906108,5.0,0.6931471805599453,0
3033,KANTIN BERKAH - SEDERHANA JAYA,restaurant,F&B,Indonesia.Batam.Kuliner.202406162232.db,places,1.1087858,104.0437466,393607.7600628946,122571.48062981074,0,4028.981128588516,44,79,9,32.506350272933105,0.0,0.0,0
3035,Gorengan 77,restaurant,F&B,Indonesia.Batam.Kuliner.202406162232.db,places,1.1033455,104.0614602,395578.5545264383,121969.44989193093,9,295.99663587519746,79,127,33,37.52102057481036,5.0,1.0986122886681098,0
3040,Warung Pada Moro,restaurant,F&B,Indonesia.Batam.Kuliner.202406162232.db,places,1.1844212,104.105068,400433.53695218725,130930.39131409975,-1,0.0,4,8,0,182.99549537849992,4.7,2.5649493574615367,0
3042,RM  Nasi Padang Lamak Basamo,padang restaurant,F&B,Indonesia.Batam.Kuliner.202406162232.db,places,1.1083867,104.0444576,393686.85868571955,122527.33620734488,0,4111.84621616236,36,77,1,45.49743475716374,0.0,0.0,0
3082,Warung makcik,restaurant,F&B,Indonesia.Batam.Kuliner.202406162232.db,places,1.1560906,104.1036987,400280.1810990668,127798.65945321448,10,416.8583565216684,14,39,5,146.09664964539593,0.0,0.0,0
3116,RM Putri minang,padang restaurant,F&B,Indonesia.Batam.Kuliner.202406162232.db,places,1.1735071,104.1195308,402042.3557094825,129723.39152248413,-1,0.0,0,3,0,687.363179770553,4.5,1.9459101490553132,0
3133,Mie Pangsit Keriting Medan Cece Lim,chinese noodle restaurant,F&B,Indonesia.Batam.Kuliner.202406162232.db,places,1.1360691,104.0090945,389753.0279528498,125588.83833652822,0,1459.2738953044013,111,308,0,25.747082090153366,4.6,2.6390573296152584,0
3227,Warung buk De,breakfast restaurant,F&B,Indonesia.Batam.Kuliner.202406162232.db,places,1.1512831,104.1334584,403591.25335800386,127266.1951151464,11,68.02830109533717,32,40,0,30.899406076669987,5.0,0.6931471805599453,0
3230,Sarapan Pagi Budhe,cafe,F&B,Indonesia.Batam.Kuliner.202406162232.db,places,1.1545046,104.1389465,404201.9965208669,127622.12457298796,11,738.4872468625933,3,33,0,182.2491560630431,4.2,1.9459101490553132,0
3254,Sijago Rendang Batam,family restaurant,F&B,Indonesia.Batam.Kuliner.202406162232.db,places,1.1530955,104.025056,391529.6992063932,127470.44460542446,0,1703.622272820251,76,174,1,32.33115154991737,4.5,2.70805020110221,0
3267,Dapur Raja Batam,nasi restaurant,F&B,Indonesia.Batam.Kuliner.202406162232.db,places,1.1573877,104.0961398,399439.1761292713,127942.31310791102,10,444.26440307984035,14,37,0,182.3772737984173,4.7,1.3862943611198906,0
3277,Aroma Kopitiam,restaurant,F&B,Indonesia.Batam.Kuliner.202406162232.db,places,1.1289261,104.0398238,393171.99904236506,124798.05320549423,0,2214.4468900351662,20,106,11,23.135777354390754,4.6,3.258096538021482,0
3339,Nen s Kitchen (Foodiez eatery n Fresh homemade),restaurant,F&B,Indonesia.Batam.Kuliner.202406162232.db,places,1.1578424,104.1071189,400660.7943732085,127992.19054112906,10,780.511796112961,4,34,1,381.1252183212173,5.0,0.6931471805599453,0
3361,Nongsa Beach,beach,F&B,Indonesia.Batam.Kuliner.202406162232.db,places,1.1886521,104.0768767,397296.97577833594,131399.1247321739,-1,0.0,0,4,0,569.5239149164305,4.2,5.799092654460526,0
3368,Badan Pengawas Obat Dan Makanan,addiction treatment center,F&B,Indonesia.Batam.Kuliner.202406162232.db,places,1.168126,104.112163,401222.3883022879,129128.80306294184,-1,0.0,0,5,0,772.4525592106703,5.0,0.6931471805599453,0
3440,Ketoprak Sidomulyoyo,hawker stall,F&B,Indonesia.Batam.Kuliner.202406162232.db,places,1.114938,104.1342511,403678.2528607101,123248.4655913858,8,341.2098638376014,22,26,0,10.676381627397726,0.0,0.0,0
3453,Aneka Masakan Rumah Makan,padang restaurant,F&B,Indonesia.Batam.Kuliner.202406162232.db,places,1.123473,104.115819,401627.6511747875,124192.565619673,-1,0.0,2,2,0,35.85353847624281,3.8,1.6094379124341003,0
3459,Cozy Smoothies & Kerak Telur,fast food restaurant,F&B,Indonesia.Batam.Kuliner.202406162232.db,places,1.1514113,104.1197638,402067.5191098313,127280.83353077907,16,556.7697451310237,4,21,0,315.7765452939087,5.0,0.6931471805599453,0
3472,Matahari cafe and etery,restaurant,F&B,Indonesia.Batam.Kuliner.202406162232.db,places,1.1876306,104.0947616,399286.90976856614,131285.54491552585,-1,0.0,5,6,1,13.231183839291642,0.0,0.0,0
3627,Nasi Bakar  Salsabila,restaurant,F&B,Indonesia.Batam.Kuliner.202406162232.db,places,1.0562858,103.9408541,382156.72037461936,116771.53173804529,-1,0.0,4,7,2,87.50366136055123,4.9,3.2188758248682006,0
3631,Sambal Mentah Mbok Dower,indonesian restaurant,F&B,Indonesia.Batam.Kuliner.202406162232.db,places,1.1343823,104.0429259,393517.3661522392,125401.10046100982,0,2354.342851254574,18,83,1,27.30951495986926,4.6,2.70805020110221,0
3638,Pulau karas Rumah Dian,seafood wholesaler,F&B,Indonesia.Batam.Kuliner.202406162232.db,places,0.7493506,104.3400434,426567.9581662469,82831.3349102612,-1,0.0,0,1,0,665.9611633007912,5.0,1.3862943611198906,0
3646,Ai Love Shaokao,restaurant,F&B,Indonesia.Batam.Kuliner.202406162232.db,places,1.1288097,104.0399966,393191.22211605596,124785.17929265989,0,2237.4158682702027,21,101,12,19.608585138440855,4.6,2.833213344056216,0
3654,senja cafe,coffee shop,F&B,Indonesia.Batam.Kuliner.202406162232.db,places,0.7580737,104.3280662,425235.3670577215,83795.77055707664,-1,0.0,0,0,0,1066.364531630353,4.0,0.6931471805599453,0
3664,Benny Bak Bakar Sarawak,chinese restaurant,F&B,Indonesia.Batam.Kuliner.202406162232.db,places,1.1225381,104.0413253,393338.8375899083,124091.82997293505,0,2739.350344688289,25,126,2,31.327418163606442,4.8,3.044522437723423,0
3666,RM permato Hati Bundo,restaurant,F&B,Indonesia.Batam.Kuliner.202406162232.db,places,1.1157194,104.0596741,395380.2507885669,123337.39084606867,6,431.30814843679406,17,36,5,4.636659582069744,4.3,2.8903717578961645,0
3675,Dju Dju Coffeeshop (Kedai Kopi Dju Dju),restaurant,F&B,Indonesia.Batam.Kuliner.202406162232.db,places,1.1462324,104.0088817,389729.73679940193,126712.37003985926,0,1727.9927968793838,136,402,31,17.017326776110647,4.3,4.356708826689592,0
3677,Alio Beach Cafe & Bar,american restaurant,F&B,Indonesia.Batam.Kuliner.202406162232.db,places,1.1723707,104.0462381,393887.3181260217,129600.44073828094,-1,0.0,0,0,0,1077.479708761911,4.2,6.395261598115449,0
3689,Flambo Brazilian Grill,restaurant,F&B,Indonesia.Batam.Kuliner.202406162232.db,places,1.1254868,104.0270056,391745.59812864906,124418.3247004911,0,1486.2544202045606,14,43,5,54.109218958590475,4.0,3.9889840465642745,0
3699,DAPUR PONTIANAK,chinese restaurant,F&B,Indonesia.Batam.Kuliner.202406162232.db,places,1.1246347,104.0462706,393889.17350462504,124323.4205395365,0,3070.340097954711,53,127,1,7.206413158228218,4.5,1.6094379124341003,0
3711,Sate Kambing Khas Kendal Windsor,family restaurant,F&B,Indonesia.Batam.Kuliner.202406162232.db,places,1.1483575,104.0101579,389871.8202958508,126947.2445397137,0,1753.033604050846,147,389,3,24.06648907342725,4.3,3.9889840465642745,0
3715,Sate Madura “Bang Muis”,satay restaurant,F&B,Indonesia.Batam.Kuliner.202406162232.db,places,1.1043738,104.069109,396429.66722624365,122082.85607578263,9,1138.0469518630316,7,69,0,51.91961990912536,3.0,0.6931471805599453,0
3723,Chir Chir,korean restaurant,F&B,Indonesia.Batam.Kuliner.202406162232.db,places,1.1297111,104.0454861,393802.0667488256,124884.62431468518,0,2761.0884417650996,22,128,1,56.627412992469935,3.7,3.332204510175204,0
3725,Beach Cafe,restaurant,F&B,Indonesia.Batam.Kuliner.202406162232.db,places,1.0528806,103.9705579,385461.87956401554,116393.98172924812,2,857.1507041740283,52,151,15,61.43897590190529,0.0,0.0,0
3726,Melcem Food Court,food court,F&B,Indonesia.Batam.Kuliner.202406162232.db,places,1.1709434,104.0182895,390777.4838642154,129443.7320205209,1,689.8383045784865,37,78,0,1.3833106252284697,4.0,5.337538079701318,0
3727,Amare Ristorante Italiano,pizza restaurant,F&B,Indonesia.Batam.Kuliner.202406162232.db,places,1.1482634,104.0116196,390034.45924197906,126936.7857871339,0,1626.2322384775098,158,396,0,48.43404622108472,4.6,5.910796644040527,2
3734,Warmindo Batam,noodle shop,F&B,Indonesia.Batam.Kuliner.202406162232.db,places,1.1059346,104.08062,397710.5383514123,122254.99572670255,12,115.3358561408805,27,58,2,136.61042413284045,4.8,2.4849066497880004,0
3745,Bebek & Ayam Goreng Cabang Purnama  Cabang Costarika,indonesian restaurant,F&B,Indonesia.Batam.Kuliner.202406162232.db,places,1.1062308,104.0822712,397894.27544894017,122287.68221862934,12,300.0502153678519,25,59,2,40.669594135965355,5.0,1.6094379124341003,0
3757,Savanna Steakhouse,restaurant,F&B,Indonesia.Batam.Kuliner.202406162232.db,places,1.1282772,104.0371876,392878.6472516444,124726.41678249705,0,1994.923527974465,22,93,11,27.549749084657652,4.5,4.0943445622221,0
3760,Aroi Mak Mak Indonesia,thai restaurant,F&B,Indonesia.Batam.Kuliner.202406162232.db,places,1.1356126,104.00748,389573.36520342453,125538.43521114392,0,1644.5070130968868,101,288,0,7.606304772778822,3.6,1.791759469228055,0
3880,Mie Ayam Jakarta,noodle shop,F&B,Indonesia.Batam.Kuliner.202406162232.db,places,1.1160354,103.9755352,386018.0879455513,123375.45009057531,7,764.9873443328038,39,162,0,16.087927675222694,4.5,4.219507705176107,0
4065,Zibiq Berkah,restaurant,F&B,Indonesia.Batam.Kuliner.202406162232.db,places,1.1126275,103.9627772,384598.34569087724,122999.20874161676,7,910.1927111229097,29,102,14,137.2626717511948,5.0,1.0986122886681098,0
4075,Rumah makan Vegetarian Aseng- - - - - -,vegetarian restaurant,F&B,Indonesia.Batam.Kuliner.202406162232.db,places,1.1289853,104.0102784,389884.493062249,124805.69985086266,0,1646.3766114341727,76,192,3,91.89287230635496,4.6,3.9889840465642745,0
4076,Nasi Kari Ayam Baloi 99,restaurant,F&B,Indonesia.Batam.Kuliner.202406162232.db,places,1.129138,104.0091777,389762.02367945504,124822.62210580341,0,1735.9969708063832,71,192,31,39.67279599481439,4.8,2.5649493574615367,0
4079,Warung Makan Indah Rasa,restaurant,F&B,Indonesia.Batam.Kuliner.202406162232.db,places,1.1240429,104.014437,390347.03625781374,124259.1755444836,0,1759.3802545696476,25,77,10,60.293045266351704,4.8,2.302585092994046,0
4080,Waroeng Larislah,restaurant,F&B,Indonesia.Batam.Kuliner.202406162232.db,places,1.1315774,104.0065933,389474.54901216936,125092.38906123825,0,1861.9916163383816,96,201,38,15.20406830812584,4.6,2.8903717578961645,0
4081,Warung Sukoharjo Baloi,restaurant,F&B,Indonesia.Batam.Kuliner.202406162232.db,places,1.1323989,104.003794,389163.1013183748,125183.3104710505,0,2125.2244354888358,33,189,12,13.128391433953771,4.7,1.3862943611198906,0
4082,Warung Bu Asih,restaurant,F&B,Indonesia.Batam.Kuliner.202406162232.db,places,1.136809,104.0026543,389036.4545987119,125670.87885000593,0,2164.375915780463,48,198,17,118.80319347439615,4.3,2.4849066497880004,0
4083,Warung Eva Ayam Cabe Ijo,nasi restaurant,F&B,Indonesia.Batam.Kuliner.202406162232.db,places,1.1330756,104.0043112,389220.6760124047,125258.09803778137,0,2049.1704837944735,54,199,0,70.04801537439154,5.0,1.6094379124341003,0
4084,Warung makan ika pacitan,diner,F&B,Indonesia.Batam.Kuliner.202406162232.db,places,1.1274421,104.0127883,390163.7121627335,124635.00880494787,0,1556.9232496789352,52,140,1,1.8080069375142809,4.8,3.713572066704308,0
4085,Ayam Bakar Pak Dee,chicken restaurant,F&B,Indonesia.Batam.Kuliner.202406162232.db,places,1.1367749,104.0037816,389161.8881336328,125667.0658884478,0,2039.4224285400392,77,223,0,80.04265773951377,4.0,1.6094379124341003,0
4087,Dapur Adel,restaurant,F&B,Indonesia.Batam.Kuliner.202406162232.db,places,1.1322731,104.0013084,388886.52297764097,125169.49877543427,0,2394.859796971949,11,137,4,211.09816837850713,4.0,1.6094379124341003,0
4090,Warung Jogja,restaurant,F&B,Indonesia.Batam.Kuliner.202406162232.db,places,1.133504,104.0195631,390917.7708616619,125304.87748716101,0,568.1044801430378,11,102,2,78.97230796347223,5.0,0.6931471805599453,0
4091,Rumah Bancakan Shabilla Bekakak cabang Baloi,restaurant,F&B,Indonesia.Batam.Kuliner.202406162232.db,places,1.1302401,104.0138923,390286.65930737776,124944.27753443336,0,1249.1338765948012,65,174,25,10.939339871138111,4.4,2.833213344056216,0
4094,Chicken Punched Ria,asian restaurant,F&B,Indonesia.Batam.Kuliner.202406162232.db,places,1.1310325,104.011303,389998.57752039784,125031.972952824,0,1423.2009459977733,85,200,1,75.1398614789279,5.0,1.791759469228055,0
4095,Makanan Khas PALEMBANG,restaurant,F&B,Indonesia.Batam.Kuliner.202406162232.db,places,1.1328587,104.0037197,389154.8514079649,125234.14295672892,0,2118.993216651411,42,191,15,51.497598216013834,0.0,0.0,0
4099,More Porridge Noodle,diner,F&B,Indonesia.Batam.Kuliner.202406162232.db,places,1.1275899,104.0077685,389605.1632596601,124651.53753829251,0,1962.6619967289625,39,183,1,3.020428782300681,4.9,2.302585092994046,0
4100,IPAR Ameng Ikan bakar Buru Karimun,ikan bakar restaurant,F&B,Indonesia.Batam.Kuliner.202406162232.db,places,1.1286706,104.0083385,389668.6280640272,124770.98421364119,0,1842.285544798702,54,188,1,22.23939489208668,4.2,3.044522437723423,0
4103,Warung Gandrung,restaurant,F&B,Indonesia.Batam.Kuliner.202406162232.db,places,1.1303015,104.0138152,390278.08269227756,124951.06803001463,0,1250.781313848515,67,176,26,10.939339871138111,5.0,1.6094379124341003,0
4105,Edy Seafood,seafood restaurant,F&B,Indonesia.Batam.Kuliner.202406162232.db,places,1.128079,104.0132507,390215.18735789025,124705.39872752402,0,1470.1301994969115,49,147,2,13.183243302955358,5.0,1.0986122886681098,0
4107,Dapur Kita,restaurant,F&B,Indonesia.Batam.Kuliner.202406162232.db,places,1.1251877,104.0152913,390442.1371157606,124385.69756648413,0,1602.8116502582047,30,98,13,3.2903108799865843,4.0,1.6094379124341003,0
4108,Lui Cha Nyokap,restaurant,F&B,Indonesia.Batam.Kuliner.202406162232.db,places,1.1263383,104.0149693,390406.35108311,124512.90493447905,0,1510.2220228978083,35,108,16,52.07213736830932,2.0,0.6931471805599453,0
4109,Warung Gado - Gado & Nasi Kelingan Bae,salad shop,F&B,Indonesia.Batam.Kuliner.202406162232.db,places,1.1324069,104.018718,390823.69573413645,125183.62845317785,0,720.2819454872813,11,123,0,90.25583696394371,4.2,4.634728988229636,2
4110,PAWON CHILLA,diner,F&B,Indonesia.Batam.Kuliner.202406162232.db,places,1.1702648,104.0169253,390625.6653058628,129368.76810079245,1,699.1814910913226,35,80,2,1.0458765121625084,4.6,3.8501476017100584,0
4115,KAPEKITO,seafood restaurant,F&B,Indonesia.Batam.Kuliner.202406162232.db,places,1.1275747,104.0133391,390225.00474006875,124649.64655809556,0,1505.7293340094395,45,136,2,29.849538561776097,4.4,2.833213344056216,0
4116,Warung makan ARPAC,diner,F&B,Indonesia.Batam.Kuliner.202406162232.db,places,1.1286271,104.0086312,389701.19523528335,124766.16431082408,0,1818.0941693368443,59,188,2,18.491866038854933,4.5,1.0986122886681098,0
4117,Warung Jaka Tingkir,restaurant,F&B,Indonesia.Batam.Kuliner.202406162232.db,places,1.1300079,104.0096055,389809.6578561533,124918.77080050754,0,1643.3552140875788,88,195,35,81.37223256684871,4.5,3.713572066704308,0
4119,Nasi Kribo,restaurant,F&B,Indonesia.Batam.Kuliner.202406162232.db,places,1.1299117,104.0105997,389920.2790396913,124908.0984775889,0,1557.1866988687277,86,195,35,106.64220602547584,0.0,0.0,0
4121,Mie Ayam & Bakso Solo Berseri,bakso restaurant,F&B,Indonesia.Batam.Kuliner.202406162232.db,places,1.1307638,104.0148184,390389.72611522017,125002.13598474122,0,1134.758245058975,47,168,0,88.8278258139358,4.7,3.7376696182833684,0
4123,NASI AYAM & BEBEK PANGGANG,restaurant,F&B,Indonesia.Batam.Kuliner.202406162232.db,places,1.124423,104.0148256,390390.29005254904,124301.17983650819,0,1701.797588141333,28,84,13,60.293045266351704,0.0,0.0,0
4125,YFC Batam - Baloi   Yummy Fried Chicken,fried chicken takeaway,F&B,Indonesia.Batam.Kuliner.202406162232.db,places,1.1284303,104.0120403,390080.5191430862,124744.2795888398,0,1536.3197928834784,72,177,0,99.0477470664372,0.0,0.0,0
4126,MABES VIKING KORWIL BATU AMPAR,diner,F&B,Indonesia.Batam.Kuliner.202406162232.db,places,1.1848468,104.0242205,391437.95376144414,130980.47578947457,1,1377.4426081354486,14,40,0,234.46915628214194,4.0,1.791759469228055,0
4127,Kantin Deni,restaurant,F&B,Indonesia.Batam.Kuliner.202406162232.db,places,1.1346653,104.0068186,389499.73522158473,125433.7391365159,0,1736.252606455464,104,259,33,76.06558395488126,0.0,0.0,0
4130,Vegetariano Cafe,vegetarian restaurant,F&B,Indonesia.Batam.Kuliner.202406162232.db,places,1.1316447,104.0076652,389593.8220985839,125099.7880641814,0,1749.2696511296065,109,206,4,37.566284289730575,4.8,3.295836866004329,0
4132,Dapur Among,chinese restaurant,F&B,Indonesia.Batam.Kuliner.202406162232.db,places,1.1285976,104.0129148,390177.8311671722,124762.7410667663,0,1453.9012590803814,57,168,2,41.663339215175206,0.0,0.0,0
4133,Sarapan ALAK - Happy Valley Garden H 88,breakfast restaurant,F&B,Indonesia.Batam.Kuliner.202406162232.db,places,1.1558414,104.008591,389697.7599922393,127774.62871258371,0,2479.5876259878,18,131,1,204.37757046889288,4.8,2.1972245773362196,0
4135,Warung Ja-Lom,restaurant,F&B,Indonesia.Batam.Kuliner.202406162232.db,places,1.136058,104.0036807,389150.63364288467,125587.81840586315,0,2057.2964888611323,61,213,24,80.04265773951377,4.1,4.007333185232471,0
4136,Kampung Selat Panjang Food Centre,family restaurant,F&B,Indonesia.Batam.Kuliner.202406162232.db,places,1.13118,104.0095351,389801.86863537953,125048.34571999834,0,1584.5523368294216,98,208,0,55.50420818276696,5.0,0.6931471805599453,0
4137,Restoran Sederhana,padang restaurant,F&B,Indonesia.Batam.Kuliner.202406162232.db,places,1.1503108,104.0066339,389479.7815875474,127163.31241439257,0,2192.8237202457917,79,295,8,34.205309591703205,4.3,6.688354713946762,2
4138,Dapoer BeEsGe,restaurant,F&B,Indonesia.Batam.Kuliner.202406162232.db,places,1.1233057,104.0071629,389537.61672364245,124177.95432723046,0,2320.2071623879433,17,72,9,159.55356067961316,0.0,0.0,0
4141,Bu Gendut Rumah Makan,indonesian restaurant,F&B,Indonesia.Batam.Kuliner.202406162232.db,places,1.1496157,104.0063837,389451.9152086072,127086.48073770828,0,2168.2508863797834,79,300,2,51.2394546439234,4.3,4.430816798843313,0
4142,Rm tanjung gadang,diner,F&B,Indonesia.Batam.Kuliner.202406162232.db,places,1.1323214,104.0037046,389153.15080950106,125174.74647462378,0,2137.2374918979194,32,187,0,13.128391433953771,0.0,0.0,0
4146,IKAN BAKAR BU’DE,barbecue restaurant,F&B,Indonesia.Batam.Kuliner.202406162232.db,places,1.1843334,104.0085069,389689.5153835997,130924.34161215443,1,1153.9167591578619,24,44,0,82.72488677776704,4.5,3.1780538303479458,0
4148,Rm  Rantau Minang,padang restaurant,F&B,Indonesia.Batam.Kuliner.202406162232.db,places,1.1321227,104.0130245,390190.16993815295,125152.42607274657,0,1196.8996944468984,70,208,1,55.25337088003245,3.8,1.791759469228055,0
4149,Talago Surya,padang restaurant,F&B,Indonesia.Batam.Kuliner.202406162232.db,places,1.163111,104.0036049,389143.24289813417,128578.45762976832,-1,0.0,2,35,0,237.20570371391952,4.8,2.4849066497880004,0
4150,Seruni,restaurant,F&B,Indonesia.Batam.Kuliner.202406162232.db,places,1.1853951,104.0092299,389770.0041889205,131041.68075020217,1,1199.9272167889385,24,49,10,8.662929554864697,4.7,2.70805020110221,0
4152,Nasgor banting,nasi goreng restaurant,F&B,Indonesia.Batam.Kuliner.202406162232.db,places,1.185308,104.0103157,389890.81556742586,131032.00889675024,1,1129.328689552893,26,52,1,43.24063045376473,4.8,2.70805020110221,0
4153,Rumah Makan Zahara,padang restaurant,F&B,Indonesia.Batam.Kuliner.202406162232.db,places,1.129968,104.004548,389246.9069304439,124914.55231078195,0,2141.5434509863376,28,173,0,66.28106417564707,0.0,0.0,0
4154,Java Solo Sweet Soy Sauce Beef Stew,javanese restaurant,F&B,Indonesia.Batam.Kuliner.202406162232.db,places,1.1864954,104.009858,389839.9351490055,131163.29075627506,1,1269.0814664700627,24,47,0,48.03085488086863,4.7,2.8903717578961645,1
4155,jay food,restaurant,F&B,Indonesia.Batam.Kuliner.202406162232.db,places,1.1255987,104.0118717,390061.652800292,124431.26103870646,0,1778.040515786709,46,115,23,105.81781202942528,4.9,2.0794415416798357,0
4156,Angkasa Seafood & Ikan Bakar,restaurant,F&B,Indonesia.Batam.Kuliner.202406162232.db,places,1.1544885,104.0064063,389454.61773562734,127625.15433256018,0,2523.5781702416048,36,130,8,91.27092357222011,5.0,0.6931471805599453,0
4157,Warung Sederhana,restaurant,F&B,Indonesia.Batam.Kuliner.202406162232.db,places,1.1869805,104.010568,389918.9545853211,131216.88889334936,1,1283.204636941093,21,50,7,33.52489826116614,4.6,2.1972245773362196,0
4158,Warung Bulek,restaurant,F&B,Indonesia.Batam.Kuliner.202406162232.db,places,1.1831543,104.0106142,389923.94408914703,130793.91174372811,1,908.3779925229649,29,57,12,116.40906187118777,4.7,1.3862943611198906,0
4159,Shihlin Taiwan Street Snack BCS MALL,restaurant,F&B,Indonesia.Batam.Kuliner.202406162232.db,places,1.132362,104.0102891,389885.81090290635,125178.98373242415,0,1450.6573843920055,107,219,38,7.441046262208098,3.9,2.833213344056216,0
4160,Chilli,restaurant,F&B,Indonesia.Batam.Kuliner.202406162232.db,places,1.1276034,104.0077921,389607.7897483886,124653.02902982393,0,1959.6593172539447,40,183,17,3.020428782300681,5.0,0.6931471805599453,0
4165,coffee boy,coffee shop,F&B,Indonesia.Batam.Kuliner.202406162232.db,places,1.1851269,104.0150984,390422.96956593025,131011.799135208,1,971.4701344293213,25,76,0,8.670225194989154,4.6,2.833213344056216,0
4166,Ikan Bakar Pak N dut,ikan bakar restaurant,F&B,Indonesia.Batam.Kuliner.202406162232.db,places,1.1492706,104.0110123,389966.92385166994,127048.1521533345,0,1752.684446245863,136,373,4,68.2505999662272,4.3,5.6937321388027,2
4167,Doa Amak,indonesian restaurant,F&B,Indonesia.Batam.Kuliner.202406162232.db,places,1.1660736,104.0097674,389829.05322064785,128905.72317469922,1,1284.523079861461,31,61,1,24.46128722052981,5.0,0.6931471805599453,0
4168,Cin Hui Ayam Cabe Hijau Selat Panjang,restaurant,F&B,Indonesia.Batam.Kuliner.202406162232.db,places,1.1296176,104.0118817,390062.9162998485,124875.53805247154,0,1462.9003942259787,83,191,33,40.64332586021424,5.0,1.3862943611198906,0
4170,Nasi goreng pacitan,javanese restaurant,F&B,Indonesia.Batam.Kuliner.202406162232.db,places,1.127457,104.012795,390164.4582314165,124636.65570221435,0,1555.1962783038762,52,140,0,1.8080069375142809,0.0,0.0,0
4173,Warung Anggel bodo amat,restaurant,F&B,Indonesia.Batam.Kuliner.202406162232.db,places,1.1243799,104.0081206,389644.2208154575,124296.66787462008,0,2161.017455179701,26,97,13,159.55356067961316,5.0,1.0986122886681098,0
4175,Tombo ngelih,breakfast restaurant,F&B,Indonesia.Batam.Kuliner.202406162232.db,places,1.1311952,104.0154919,390464.68261833605,125049.80049228582,0,1048.1041377063873,37,160,0,88.8278258139358,5.0,0.6931471805599453,0
4176,Warjok,restaurant,F&B,Indonesia.Batam.Kuliner.202406162232.db,places,1.1536317,104.0072401,389547.36105477146,127530.4050955323,0,2391.004437165936,50,192,13,117.84905626639156,5.0,0.6931471805599453,0
4177,Cia Tang,restaurant,F&B,Indonesia.Batam.Kuliner.202406162232.db,places,1.127132,104.007713,389598.9705055431,124600.9201019059,0,1997.644798512366,36,178,16,45.19055022031257,4.9,2.0794415416798357,0
4181,Kay Kitchen,restaurant,F&B,Indonesia.Batam.Kuliner.202406162232.db,places,1.1282803,104.0084181,389677.4704709775,124727.83464907415,0,1859.4886270115126,49,185,22,44.04626071529489,5.0,1.0986122886681098,0
4184,Family Cafe,restaurant,F&B,Indonesia.Batam.Kuliner.202406162232.db,places,1.1277049,104.0088202,389722.1905894543,124664.21059303505,0,1861.2421235908919,48,184,19,45.12087229715711,0.0,0.0,0
4185,Soto Medan,soto restaurant,F&B,Indonesia.Batam.Kuliner.202406162232.db,places,1.1338687,104.0030187,389076.88936580304,125345.82257262323,0,2168.132122798223,32,195,0,136.19991418627177,0.0,0.0,0
4186,Sweet corner restaurant,indonesian restaurant,F&B,Indonesia.Batam.Kuliner.202406162232.db,places,1.1532358,103.9992673,388660.2162310337,127486.95010557002,0,3046.691333572807,21,102,1,56.32073408698274,4.5,1.0986122886681098,0
4189,Moro Seneng Chinese Food & Seafood,seafood restaurant,F&B,Indonesia.Batam.Kuliner.202406162232.db,places,1.1517304,104.006023,389411.8617321896,127320.26892690061,0,2345.0095502177596,59,242,1,4.328097437566177,5.0,0.6931471805599453,0
4191,Lam Heng Pia Ka,restaurant,F&B,Indonesia.Batam.Kuliner.202406162232.db,places,1.1310405,104.0122482,390103.75029807223,125032.82151894057,0,1335.3567868312193,81,199,29,69.6526830755266,4.7,2.302585092994046,0
4193,nasi goreng telur rendang selatpanjang,diner,F&B,Indonesia.Batam.Kuliner.202406162232.db,places,1.1648951,104.011975,390074.6444158558,128775.3571838846,1,1314.2980537716146,26,70,3,1.5175807969226716,5.0,1.0986122886681098,0
4194,Jakarta,betawi restaurant,F&B,Indonesia.Batam.Kuliner.202406162232.db,places,1.123291,104.0159149,390511.45452855306,124175.99989445896,0,1762.4209810131022,10,60,0,12.418190215212729,5.0,1.0986122886681098,0
4195,WARUNG MAKAN FA IS MURNIASIH,javanese restaurant,F&B,Indonesia.Batam.Kuliner.202406162232.db,places,1.1590078,104.0180578,390751.24320368015,128124.29824489217,0,2367.024246275542,8,44,0,161.30248315335055,5.0,2.4849066497880004,0
4197,Pempek Palembang Cek Nia,restaurant,F&B,Indonesia.Batam.Kuliner.202406162232.db,places,1.1849698,104.0091787,389764.2904464981,130994.66708668426,1,1164.2478279575405,24,48,10,16.851946395132778,4.4,1.791759469228055,0
4198,Makan Marapalam,restaurant,F&B,Indonesia.Batam.Kuliner.202406162232.db,places,1.170229,104.0072917,389553.7472515623,129365.1880161956,1,1107.1581550505857,8,48,1,136.68850506839928,0.0,0.0,0
4199,Bakso Solo Marem,bakso restaurant,F&B,Indonesia.Batam.Kuliner.202406162232.db,places,1.1741403,104.0118026,390055.8214987149,129797.3934716269,1,447.15698558423423,4,76,0,247.49681455843194,4.5,6.46302945692067,2
4200,Sate Madura Putra Ismail,satay restaurant,F&B,Indonesia.Batam.Kuliner.202406162232.db,places,1.128963,104.016044,390526.03116411436,124803.01692068558,0,1201.4257169766177,31,122,0,34.34288208653407,5.0,1.9459101490553132,0
4202,Kheng Chen Ikan Bakar,ikan bakar restaurant,F&B,Indonesia.Batam.Kuliner.202406162232.db,places,1.1305256,104.0083384,389668.68691309326,124976.0491498114,0,1736.0908758708154,77,200,1,115.75695176808847,4.0,2.1972245773362196,0
4203,RM  Putra Chaniago (Masakan Padang),padang restaurant,F&B,Indonesia.Batam.Kuliner.202406162232.db,places,1.1850713,104.0090657,389751.7211692564,131005.89211973212,1,1180.6551127058124,24,48,0,16.851946395132778,5.0,1.0986122886681098,0
4204,Ayam bakar AFIF JAWA,breakfast restaurant,F&B,Indonesia.Batam.Kuliner.202406162232.db,places,1.1344138,104.0012305,388877.9366169005,125406.15052877211,0,2352.2048161690495,17,134,0,34.23007763567371,5.0,1.0986122886681098,0
4205,RM  Sarang Semut Batam,indonesian restaurant,F&B,Indonesia.Batam.Kuliner.202406162232.db,places,1.1539552,104.0016234,388922.4064530026,127566.38583027343,0,2880.1407806895304,27,119,1,149.5996716431363,5.0,0.6931471805599453,0
4206,Kantin NOV Profab,restaurant,F&B,Indonesia.Batam.Kuliner.202406162232.db,places,1.1848106,104.0061059,389422.37947811635,130977.19043975235,1,1376.7273114343043,18,35,7,200.54504508668836,4.7,1.3862943611198906,0
4207,Popeye,restaurant,F&B,Indonesia.Batam.Kuliner.202406162232.db,places,1.131926,104.012568,390139.36777839926,125130.69877291509,0,1251.4166578561417,76,211,28,39.98230909748136,0.0,0.0,0
4208,Hakka Sejahtera Batam,restaurant,F&B,Indonesia.Batam.Kuliner.202406162232.db,places,1.1497991,104.0114074,390010.90661537094,127106.5610480385,0,1764.9064948789737,139,356,36,32.73864727478188,4.4,3.044522437723423,0
4209,Hendra Seafood,seafood restaurant,F&B,Indonesia.Batam.Kuliner.202406162232.db,places,1.1232623,104.015807,390499.44740187726,124172.83124218829,0,1770.0378936257425,10,63,0,12.418190215212729,5.0,0.6931471805599453,0
4210,Senoritas - Mexican Bar & Restaurant,mexican restaurant,F&B,Indonesia.Batam.Kuliner.202406162232.db,places,1.1494356,104.0078556,389615.68589828274,127066.51424596389,0,2026.217313515338,91,340,0,50.75338655166604,4.8,3.4011973816621555,0
4211,WARUNG BU TITIN,restaurant,F&B,Indonesia.Batam.Kuliner.202406162232.db,places,1.1660819,104.0111692,389985.0300976917,128906.58588969306,1,1218.4116752738657,29,70,7,33.88641002395085,0.0,0.0,0
4212,Pecel lele dan ayam penyet cak bibit,nasi restaurant,F&B,Indonesia.Batam.Kuliner.202406162232.db,places,1.1316667,104.0123175,390111.4848770419,125102.04342694506,0,1290.3326886209386,79,208,0,39.98230909748136,4.5,2.70805020110221,0
4214,Tiwul dan gatot sebelah PT  Clatek,diner,F&B,Indonesia.Batam.Kuliner.202406162232.db,places,1.1666407,104.01164,390037.43711027,128968.34118529371,1,1142.0542744391112,29,73,3,66.0426571805224,5.0,0.6931471805599453,0
4215,Warung Mas Joko,grocery store,F&B,Indonesia.Batam.Kuliner.202406162232.db,places,1.1662479,104.004868,389283.909323342,128925.18379552962,1,1599.9750221907345,3,36,0,374.1738595950956,4.5,1.6094379124341003,0
4217,Kedai Kopi Cen Xing,restaurant,F&B,Indonesia.Batam.Kuliner.202406162232.db,places,1.1341787,104.0014307,388900.2039636851,125380.15315424853,0,2334.7845954320896,16,140,8,34.23007763567371,4.3,2.9444389791664403,0
4218,Rmh makan sutan mudo,brunch restaurant,F&B,Indonesia.Batam.Kuliner.202406162232.db,places,1.1806342,104.004868,389284.47505188035,130515.55017669094,1,1241.2886481118373,5,26,0,249.06016887002505,0.0,0.0,0
4220,Ayam geprek warpac,restaurant,F&B,Indonesia.Batam.Kuliner.202406162232.db,places,1.1292787,104.0095057,389798.52561482025,124838.16364551609,0,1697.0953078418713,77,193,35,39.67279599481439,5.0,1.3862943611198906,0
4221,Warung ayam penyet ragunan,brunch restaurant,F&B,Indonesia.Batam.Kuliner.202406162232.db,places,1.1851233,104.0092705,389774.5109232335,131011.63242019268,1,1172.4389134142423,24,49,0,19.80607699044529,5.0,0.6931471805599453,0
4224,Han Bun Cha Mie 399,chinese noodle restaurant,F&B,Indonesia.Batam.Kuliner.202406162232.db,places,1.1281145,104.0130498,390192.8345171854,124709.33072599302,0,1482.2568719491633,50,153,0,13.933107213080898,4.0,1.3862943611198906,0
4225,Masakan Padang Pariaman,padang restaurant,F&B,Indonesia.Batam.Kuliner.202406162232.db,places,1.1660778,104.0099872,389853.510262855,128906.17887083052,1,1272.8354034471608,31,60,2,24.46128722052981,0.0,0.0,0
4226,Angi Vegetarian,vegetarian restaurant,F&B,Indonesia.Batam.Kuliner.202406162232.db,places,1.1273127,104.0080773,389639.5131003472,124620.8821618138,0,1953.251990209476,39,183,3,25.335296635243168,4.0,1.6094379124341003,0
4229,Mie SLP,noodle shop,F&B,Indonesia.Batam.Kuliner.202406162232.db,places,1.1293112,104.0037402,389156.99782871455,124841.97566368736,0,2253.5954438102426,15,156,0,66.45856425512444,5.0,1.0986122886681098,0
4230,Kelapa Muda Pak Juanda,restaurant,F&B,Indonesia.Batam.Kuliner.202406162232.db,places,1.168201,104.0116364,390037.0971702205,129140.82789003596,1,982.0835605404792,36,70,9,10.749389100751811,5.0,1.0986122886681098,0
4231,Batu ampar,greenhouse & equipment supplier,F&B,Indonesia.Batam.Kuliner.202406162232.db,places,1.171941,104.0194278,390904.1791499193,129553.96917618587,1,678.4408176643462,30,67,0,44.29043538204596,5.0,1.0986122886681098,0
4232,PROJECT VARIETY RESTAURANT BATU BATAM,restaurant,F&B,Indonesia.Batam.Kuliner.202406162232.db,places,1.12259,104.0109451,389958.4370970336,124098.69310360437,0,2104.0916628876575,9,72,7,322.205940243184,4.5,1.0986122886681098,0
4234,RM  Uwais (Khas Coto Makassar dan Sop Konro),south sulawesi restaurant,F&B,Indonesia.Batam.Kuliner.202406162232.db,places,1.168283,104.0117362,390048.2049686431,129149.88884244586,1,969.3486983411576,38,71,0,6.857213362066091,5.0,1.9459101490553132,0
4235,Lina Seafood,seafood restaurant,F&B,Indonesia.Batam.Kuliner.202406162232.db,places,1.1281986,104.0132243,390212.2543098198,124718.62114106576,0,1462.2889638286692,49,150,2,2.514789870111652,4.0,0.6931471805599453,0
4236,Marila coffee shop,restaurant,F&B,Indonesia.Batam.Kuliner.202406162232.db,places,1.1508115,104.0057605,389382.61807323777,127218.69725879726,0,2303.4193930757506,66,263,11,31.16543904703847,5.0,1.791759469228055,0
4238,GEPREK MAMAK,coffee shop,F&B,Indonesia.Batam.Kuliner.202406162232.db,places,1.1868394,104.0108347,389948.6241631712,131201.28008322124,1,1257.2243586963143,22,51,0,33.52489826116614,5.0,0.6931471805599453,0
4239,Mie pangsit permata selat panjang,noodle shop,F&B,Indonesia.Batam.Kuliner.202406162232.db,places,1.1274132,104.0082917,389663.373245007,124631.98402320068,0,1927.534640928682,39,183,2,4.28762798421509,4.7,3.4965075614664802,0
4240,Es Wonder,cafe,F&B,Indonesia.Batam.Kuliner.202406162232.db,places,1.1281909,104.0099779,389851.02647321246,124717.89263555991,0,1726.7842247880596,66,184,0,93.96871628878263,4.6,5.820082930352362,1
4243,Miso Ajo Asli Selatpanjang,restaurant,F&B,Indonesia.Batam.Kuliner.202406162232.db,places,1.1275168,104.0083636,389671.3774824266,124643.43398119074,0,1914.2348582272439,42,183,19,10.009847282967486,4.2,3.7376696182833684,0
4245,Rumah cake wak yanti,restaurant,F&B,Indonesia.Batam.Kuliner.202406162232.db,places,1.1851856,104.0099466,389849.74170642765,131018.49260788313,1,1137.9096168349715,25,52,10,32.63884036758758,0.0,0.0,0
4246,Cha Kue Abun 66  Winner Kencana Blok C 8i ( Baloi ),chinese restaurant,F&B,Indonesia.Batam.Kuliner.202406162232.db,places,1.1259358,104.0147262,390379.2862697216,124468.41894380387,0,1562.2936677612806,33,106,2,52.07213736830932,5.0,0.6931471805599453,0
4249,Hendrikus,soup kitchen,F&B,Indonesia.Batam.Kuliner.202406162232.db,places,1.1858048,104.0127085,390157.07714327186,131086.83363396928,1,1081.7792510913177,33,68,1,237.80377343352,5.0,0.6931471805599453,0
4250,Xin Yi Ayam Penyet,restaurant,F&B,Indonesia.Batam.Kuliner.202406162232.db,places,1.1251739,104.0152651,390439.2213220934,124384.17300327544,0,1605.5308443645733,30,98,13,3.2903108799865843,5.0,1.0986122886681098,0
4251,Kawasan Kuliner depan bca,soup kitchen,F&B,Indonesia.Batam.Kuliner.202406162232.db,places,1.1517408,104.0059855,389407.6895277946,127321.420073249,0,2348.9328209201467,59,239,1,4.328097437566177,0.0,0.0,0
4255,Snack Kita,deli,F&B,Indonesia.Batam.Kuliner.202406162232.db,places,1.1833923,104.0124394,390127.0399057578,130820.14958567989,1,837.0087543382892,33,70,0,37.075248238463615,0.0,0.0,0
4256,Rumah Makan Salero Basamo,padang restaurant,F&B,Indonesia.Batam.Kuliner.202406162232.db,places,1.1586511,104.0208622,391063.27162788494,128084.75819651264,0,2289.0428641562726,11,41,0,162.6342132877002,4.3,6.056784013228625,2
4257,Ayam Penyet Orange,ayam penyet restaurant,F&B,Indonesia.Batam.Kuliner.202406162232.db,places,1.1275051,104.0084666,389682.8378853257,124642.13667642238,0,1905.9012381558284,39,183,0,11.533595895141296,4.1,2.3978952727983707,0
4260,RM  Bpk  Kevin,batak restaurant,F&B,Indonesia.Batam.Kuliner.202406162232.db,places,1.1582553,104.0291084,391980.799514755,128040.68814510947,0,2374.1755779982514,7,94,0,10.158960411747174,4.5,3.9512437185814275,2
4261,Kedai Pelabuhan Pelni,restaurant,F&B,Indonesia.Batam.Kuliner.202406162232.db,places,1.1627865,104.0014976,388908.75273008144,128542.66786920723,-1,0.0,1,15,0,237.20570371391952,3.0,0.6931471805599453,0
4264,RM Buk Ria Masakan Melayu,indonesian restaurant,F&B,Indonesia.Batam.Kuliner.202406162232.db,places,1.1532267,104.1299924,403205.67273901973,127481.16453284537,11,482.9045015964418,21,43,5,37.45966205403943,4.8,1.6094379124341003,0
4266,Pondok Kerang,seafood restaurant,F&B,Indonesia.Batam.Kuliner.202406162232.db,places,1.1625576,104.0415124,393361.1319503718,128515.82068475403,0,3472.9232485308885,21,32,0,59.499023330094616,4.5,4.248495242049359,2
4267,pak De Nasi Goreng Brebes,nasi goreng restaurant,F&B,Indonesia.Batam.Kuliner.202406162232.db,places,1.1265605,104.0056596,389370.4663075552,124537.82029141605,0,2219.9929138467214,26,121,0,44.01373270616308,4.5,5.0689042022202315,1
4269,KETOPRAK CIREBON,indonesian restaurant,F&B,Indonesia.Batam.Kuliner.202406162232.db,places,1.1294103,104.0043293,389222.550976587,124852.90843858059,0,2189.6832602557743,28,169,0,66.28106417564707,5.0,0.6931471805599453,0
4270,Nasi Goreng Kampung,nasi goreng restaurant,F&B,Indonesia.Batam.Kuliner.202406162232.db,places,1.1583978,104.0259867,391633.45805291267,128056.56021105708,0,2298.75069035286,8,103,0,219.39905746198158,0.0,0.0,0
4273,Ringo Izakaya & Lounge,restaurant,F&B,Indonesia.Batam.Kuliner.202406162232.db,places,1.1553493,103.9965125,388353.772921074,127720.70026803092,0,3431.393217247149,21,54,5,4.338316919345576,4.6,4.110873864173311,0
4274,Sambal Nusantara,restaurant,F&B,Indonesia.Batam.Kuliner.202406162232.db,places,1.1611588,104.0398343,393174.36073947104,128361.25221314725,0,3236.031280567235,22,43,5,20.469831253737702,0.0,0.0,0
4275,Soto Boyolali,coffee shop,F&B,Indonesia.Batam.Kuliner.202406162232.db,places,1.1778296,104.0135631,390251.8535901098,130205.16531871248,1,243.57208131342102,8,89,0,135.22654780015208,5.0,0.6931471805599453,0
4282,Kedai Kopi HARUM,noodle shop,F&B,Indonesia.Batam.Kuliner.202406162232.db,places,1.1500874,104.0114747,390018.40608012764,127138.42916774684,0,1783.6692109438277,128,348,4,0.0,4.4,5.717027701406222,0
4284,SANTAN KELAPA PARUT BU  NENG,soup kitchen,F&B,Indonesia.Batam.Kuliner.202406162232.db,places,1.1842,104.010491,389910.27710631816,130909.51573702456,1,1013.3081678782504,30,56,1,116.40906187118777,4.0,1.0986122886681098,0
4286,Kawasan kuliner malam Samping BCA Jodoh,soup kitchen,F&B,Indonesia.Batam.Kuliner.202406162232.db,places,1.1520894,104.0059828,389407.40254207514,127359.95694215203,0,2374.2973759310053,58,228,2,38.53793748570928,0.0,0.0,0
4288,Roti Bakar Bro   Batam,toast restaurant,F&B,Indonesia.Batam.Kuliner.202406162232.db,places,1.1546064,104.0028459,389058.45867925894,127638.32654569428,0,2820.314560087852,28,121,0,153.90151007891754,4.7,2.302585092994046,0
4289,Kuliner LOK LOK BAKAR,snack bar,F&B,Indonesia.Batam.Kuliner.202406162232.db,places,1.1424565,104.0382559,392998.03765429504,126293.84446017064,0,1867.61801653869,10,66,0,65.21806847666481,0.0,0.0,0
4294,Pecel Lele Abang-abang,pecel lele restaurant,F&B,Indonesia.Batam.Kuliner.202406162232.db,places,1.1490667,104.0029955,389074.8903556941,127025.92166415074,0,2450.9476887152405,48,223,0,72.38988341001352,0.0,0.0,0
4301,Champion Servo,bakery,F&B,Indonesia.Batam.Kuliner.202406162232.db,places,1.1719034,104.0117101,390045.4418435855,129550.11440664977,1,623.8267510569897,13,79,1,247.49681455843194,0.0,0.0,0
4302,Bakso PSG  Bengkong Al Jabar,bakso restaurant,F&B,Indonesia.Batam.Kuliner.202406162232.db,places,1.1500974,104.0248826,391510.2918239208,127139.02145608712,0,1375.5494806453519,96,230,7,5.176517393670655,4.2,5.981414211254481,0
4304,Port House Resto & Bar,restaurant,F&B,Indonesia.Batam.Kuliner.202406162232.db,places,1.1549873,103.9957591,388269.9282085475,127680.71166325163,0,3479.4000852685695,21,53,5,71.60946534240487,4.6,6.455198563340122,0
4305,MARTABAK BANGKA BOS HALAL,murtabak restaurant,F&B,Indonesia.Batam.Kuliner.202406162232.db,places,1.1695134,104.0115999,390033.0869242248,129285.91127161242,1,853.0526876506384,34,73,1,14.705435251911949,0.0,0.0,0
4310,RM  Minahasa,manado restaurant,F&B,Indonesia.Batam.Kuliner.202406162232.db,places,1.1609845,104.0176535,390706.33308421844,128342.83179221113,0,2590.106883140859,9,50,0,51.27143116359657,4.6,2.0794415416798357,0
4311,Warung 3 Saudara 2 Putri,indonesian restaurant,F&B,Indonesia.Batam.Kuliner.202406162232.db,places,1.1444972,104.0058997,389397.86419357226,126520.66349332713,0,1938.241221316468,90,354,4,47.402810619141526,5.0,1.9459101490553132,0
4313,Warung Warna Warni,restaurant,F&B,Indonesia.Batam.Kuliner.202406162232.db,places,1.1568663,104.0302595,392108.828096849,127887.09530930138,0,2277.9304682507645,12,111,3,199.95518759104684,5.0,2.3978952727983707,0
4316,Batu merah,tourist attraction,F&B,Indonesia.Batam.Kuliner.202406162232.db,places,1.1784466,104.0043327,389224.8265647603,130273.73821317,-1,0.0,1,19,0,249.06016887002505,0.0,0.0,0
4317,Japanese Food Point,authentic japanese restaurant,F&B,Indonesia.Batam.Kuliner.202406162232.db,places,1.1616579,104.0395803,393146.1174186164,128416.43538362967,0,3262.9379666436744,22,41,0,61.99086608031754,3.2,5.375278407684165,0
4320,Gudeg Eyang Ti  (Batam),javanese restaurant,F&B,Indonesia.Batam.Kuliner.202406162232.db,places,1.1652051,104.0244705,391465.01245795505,128809.14224811301,-1,0.0,4,45,0,288.1999429386814,4.3,3.295836866004329,0
4321,RM Minang Baru,padang restaurant,F&B,Indonesia.Batam.Kuliner.202406162232.db,places,1.1504699,104.0092239,389767.9756109257,127180.80027584301,0,1987.3979123275922,87,343,9,57.973919226290555,4.5,3.332204510175204,0
4327,Warteg Faiz (Warung Tegal),javanese restaurant,F&B,Indonesia.Batam.Kuliner.202406162232.db,places,1.1406219,104.0381935,392991.02665220684,126091.03880940391,0,1817.5425959265565,11,86,0,137.85555226160295,5.0,0.6931471805599453,0
4328,Jia Xiang Wei Restaurant 家香味煮炒,chinese restaurant,F&B,Indonesia.Batam.Kuliner.202406162232.db,places,1.1537256,103.9990016,388630.670929746,127541.10664979895,0,3101.4179515971477,23,100,1,24.21879576777004,4.9,3.912023005428146,0
4330,Sambal Cobek Mamy,restaurant,F&B,Indonesia.Batam.Kuliner.202406162232.db,places,1.1595317,104.0194108,390901.8098969257,128182.16154895042,0,2400.7534663558777,10,36,2,1.5951153365537134,5.0,2.302585092994046,0
4331,Ministry Of Meat,steak house,F&B,Indonesia.Batam.Kuliner.202406162232.db,places,1.152255,103.9986764,388594.42886605154,127378.54826228175,0,3044.070473659592,29,113,0,76.68610242299503,4.4,4.127134385045092,0
4333,New Holiday Restaurant,coffee shop,F&B,Indonesia.Batam.Kuliner.202406162232.db,places,1.1499142,104.0081685,389650.52050209104,127119.41002066342,0,2033.082745672076,84,342,4,63.33571349202864,4.5,4.3694478524670215,0
4334,Wande Cafe,bakso restaurant,F&B,Indonesia.Batam.Kuliner.202406162232.db,places,1.1519386,104.0384473,393019.6867245204,127342.04698481827,0,2387.7312389723747,19,60,1,47.58263786452276,4.3,5.579729825986222,0
4337,Nasi Goreng Tungku Arang Bengkong,nasi goreng restaurant,F&B,Indonesia.Batam.Kuliner.202406162232.db,places,1.1480846,104.036906,392848.04497650993,126916.05983263094,0,1993.0838908684066,17,84,0,146.07738344053192,4.8,3.6888794541139363,0
4338,istana abil sidiQ,baking supply store,F&B,Indonesia.Batam.Kuliner.202406162232.db,places,1.1854685,104.0098265,389836.3895977547,131049.77116671609,1,1171.6276821265242,25,51,0,14.019106802476905,0.0,0.0,0
4342,Rumah Makan Padang Mutiara,indonesian restaurant,F&B,Indonesia.Batam.Kuliner.202406162232.db,places,1.1628033,104.0395986,393148.19667634275,128543.05422233703,0,3366.538474181769,23,33,0,31.543438031032125,0.0,0.0,0
4343,Suji - Suan Cai Yu | Harbour Bay Batam,chinese restaurant,F&B,Indonesia.Batam.Kuliner.202406162232.db,places,1.1558963,103.9966174,388365.4664675058,127781.16565514212,0,3456.020049960974,21,51,1,61.5857294075409,4.9,4.343805421853684,0
4344,Bakmi AKOK medan,noodle shop,F&B,Indonesia.Batam.Kuliner.202406162232.db,places,1.1501462,104.0107994,389943.26812993095,127144.9553673155,0,1838.9542463323503,119,346,3,72.28803515916235,4.6,4.59511985013459,0
4345,Ayam Asap Cap Tong Asap,restaurant,F&B,Indonesia.Batam.Kuliner.202406162232.db,places,1.1595454,104.0194153,390902.3111307409,128183.67586648627,0,2402.194760715969,10,36,2,1.5951153365537134,5.0,1.0986122886681098,0
4347,Bengkong Indah 2 Blok A No 24,restaurant,F&B,Indonesia.Batam.Kuliner.202406162232.db,places,1.1467126,104.0279986,391856.87833686837,126764.72542541713,0,1169.1284290043895,97,209,29,6.5180705014222315,4.2,4.406719247264253,0
4350,Warung Pak De Bengkong Indah Swadebi,restaurant,F&B,Indonesia.Batam.Kuliner.202406162232.db,places,1.1489449,104.0303816,392122.1157751803,127011.4082671801,0,1524.5530781008763,89,196,30,73.57513727138851,0.0,0.0,0
4352,Ujang - Mak Inyong,restaurant,F&B,Indonesia.Batam.Kuliner.202406162232.db,places,1.1418689,104.0382035,392992.18543404946,126228.88949135359,0,1845.7969142749212,10,75,3,65.21806847666481,2.0,1.3862943611198906,0
4357,Moro Seneng Chinese and Indonesian Food,chinese restaurant,F&B,Indonesia.Batam.Kuliner.202406162232.db,places,1.1462236,104.0267763,391720.855921509,126710.71437885558,0,1050.9573444554032,92,231,0,2.4402235824792013,4.4,5.58724865840025,2
4359,Rumah makan alemande bengkong,restaurant,F&B,Indonesia.Batam.Kuliner.202406162232.db,places,1.1444264,104.0243867,391454.89981574577,126512.13047629457,0,757.7451209428516,64,268,20,133.0211508785475,4.0,1.0986122886681098,0
4360,Lontong medan bu ina,breakfast restaurant,F&B,Indonesia.Batam.Kuliner.202406162232.db,places,1.140926,104.0280498,391862.35866639996,126125.03518175647,0,740.6731929371944,48,215,0,17.03307764097394,0.0,0.0,0
4363,Pongek or situjuah,indonesian restaurant,F&B,Indonesia.Batam.Kuliner.202406162232.db,places,1.1454605,104.0218606,391173.8617316122,126626.54253635288,0,827.2413059913143,39,331,2,16.660172629949265,4.4,3.9318256327243257,0
4365,DAPUR BU FATMA,diner,F&B,Indonesia.Batam.Kuliner.202406162232.db,places,1.144278,104.0383677,393010.5449440719,126495.20010900956,0,1942.3639373205435,12,56,1,185.51981951929704,0.0,0.0,0
4367,Kangen Cafe Office,restaurant,F&B,Indonesia.Batam.Kuliner.202406162232.db,places,1.1538941,104.005837,389391.2491177478,127559.4671971548,0,2521.462672273603,43,136,9,39.22765115924236,5.0,1.0986122886681098,0
4368,Rumah Makan Bawean,indonesian restaurant,F&B,Indonesia.Batam.Kuliner.202406162232.db,places,1.1456603,104.0277734,391831.7810833501,126648.40585337298,0,1059.8956794194312,82,232,5,5.40895553544137,4.4,4.736198448394496,1
4369,Ayam Bakar Akhir Zaman,chicken restaurant,F&B,Indonesia.Batam.Kuliner.202406162232.db,places,1.1636658,104.0290244,391971.6583532005,128638.80301878993,-1,0.0,4,25,0,171.41146197487546,4.3,2.5649493574615367,0
4372,Pempek Mareta,pempek restaurant,F&B,Indonesia.Batam.Kuliner.202406162232.db,places,1.160615,104.017932,390737.3072372983,128301.973971729,0,2544.2222350455495,9,46,0,51.27143116359657,4.4,4.718498871295094,0
4374,Sate Padang Ajo Alam Cabang Panindo,restaurant,F&B,Indonesia.Batam.Kuliner.202406162232.db,places,1.0491132,103.938309,381873.24350204045,115978.70092794044,-1,0.0,5,13,1,309.77865314343336,5.0,0.6931471805599453,0
4375,BAKSO & AYAM PENYET PUTRA JOGJA,diner,F&B,Indonesia.Batam.Kuliner.202406162232.db,places,1.1647255,104.0357571,392720.83333850215,128755.69192700453,0,3325.7190158016415,7,34,0,260.0701807570124,4.5,4.31748811353631,0
4376,(KYKY ARI) BENGKONG BARU BLOK E NO  66 KEL  BENGKONG INDAH KEC  BENGKONG KOTA BATAM,family restaurant,F&B,Indonesia.Batam.Kuliner.202406162232.db,places,1.1497742,104.0268171,391725.52927934757,127103.21935301108,0,1406.6641554831974,117,195,1,38.479884251208894,4.6,2.0794415416798357,0
4378,Seblak cinta,diner,F&B,Indonesia.Batam.Kuliner.202406162232.db,places,1.1467704,104.036769,392832.7522664323,126770.78514463846,0,1902.3260860259693,17,84,1,146.07738344053192,0.0,0.0,0
4381,PT  Pacific Batam Perkasa,wholesale grocer,F&B,Indonesia.Batam.Kuliner.202406162232.db,places,1.1681128,104.0098118,389834.0729144029,129131.1491080444,1,1087.7690138471883,29,66,0,42.90406250155233,3.8,1.791759469228055,0
4384,Ampera Densiko Bengkong Indah,restaurant,F&B,Indonesia.Batam.Kuliner.202406162232.db,places,1.1482591,104.0264447,391684.0356814482,126935.74440920554,0,1236.1122319075935,122,212,41,18.633084139721003,3.4,1.791759469228055,0
4386,BAKSO SOLO SYIFA 2,restaurant,F&B,Indonesia.Batam.Kuliner.202406162232.db,places,1.1660491,104.0331289,392428.4489549852,128902.11124351689,-1,0.0,1,28,0,326.9973149317034,4.4,3.4339872044851463,0
4389,Ayam Penyet Cianjur N,brunch restaurant,F&B,Indonesia.Batam.Kuliner.202406162232.db,places,1.1613351,104.0207025,391045.60469046014,128381.47179734615,0,2586.281826107485,11,37,0,151.2574216313012,0.0,0.0,0
4390,Selera Nusantara,diner,F&B,Indonesia.Batam.Kuliner.202406162232.db,places,1.1480389,104.0314797,392244.2660519255,126911.21180605808,0,1527.2184130527557,52,196,3,13.710718352183472,4.6,3.828641396489095,0
4393,Kapal Chengho Bengkong,restaurant,F&B,Indonesia.Batam.Kuliner.202406162232.db,places,1.1628583,104.0427726,393501.36296669586,128549.01430807057,0,3587.3723850823526,18,28,5,130.03324587716918,4.3,3.871201010907891,0
4405,Ampera Ababil,padang restaurant,F&B,Indonesia.Batam.Kuliner.202406162232.db,places,1.1462227,104.0272215,391770.39283987926,126710.59805713684,0,1076.4078779478825,86,223,6,2.3135656799327062,4.5,5.111987788356544,1
4409,Pempek Palembang Yuk Er,pempek restaurant,F&B,Indonesia.Batam.Kuliner.202406162232.db,places,1.1480203,104.0329119,392403.62445019896,126909.10170703943,0,1639.1724893466285,33,182,1,20.134530728265158,4.5,3.6635616461296463,0
4411,Cilok maknyusss bunda aini,restaurant,F&B,Indonesia.Batam.Kuliner.202406162232.db,places,1.1429622,104.0394026,393125.64821178594,126349.70495034088,0,2005.5622571360473,10,61,3,139.30128766525303,4.6,2.833213344056216,0
4414,Warung Makan Putraviqih,restaurant,F&B,Indonesia.Batam.Kuliner.202406162232.db,places,1.1461173,104.0254369,391571.81820461515,126699.01395746708,0,974.3669871829009,93,259,29,147.94997659767336,5.0,1.0986122886681098,0
4415,Durian montook batam,salad shop,F&B,Indonesia.Batam.Kuliner.202406162232.db,places,1.1644136,104.0380738,392978.59600319655,128721.124491337,0,3421.878415808316,13,30,0,186.77207552402265,0.0,0.0,0
4417,Petir Bakso Restaurant,bakso restaurant,F&B,Indonesia.Batam.Kuliner.202406162232.db,places,1.1490256,104.0264205,391681.37183914334,127020.47925343529,0,1313.431988165561,116,204,8,32.502671183212016,4.3,5.575949103146316,1
4418,Merlin’s Palembang Pempek,pempek restaurant,F&B,Indonesia.Batam.Kuliner.202406162232.db,places,1.152669,104.0386169,393038.58509037195,127422.78352489827,0,2454.8090234379792,18,59,0,48.749944939367595,4.7,2.772588722239781,0
4419,Nasi Goreng Goyang Lidah,padang restaurant,F&B,Indonesia.Batam.Kuliner.202406162232.db,places,1.1518379,104.0049427,389291.6614471908,127332.19470023486,0,2445.2152464347714,57,198,7,61.166133337939044,4.3,6.3784261836515865,2
4420,KEDAI HANJUANG,restaurant,F&B,Indonesia.Batam.Kuliner.202406162232.db,places,1.1479619,104.0327405,392384.5508073261,126902.65225162008,0,1620.787240815296,36,186,13,20.134530728265158,4.1,2.833213344056216,0
4421,Kantin Cik Siti,restaurant,F&B,Indonesia.Batam.Kuliner.202406162232.db,places,1.1480237,104.0331565,392430.840905227,126909.46836093559,0,1659.5544882367167,33,182,12,26.628806373559975,4.5,3.8501476017100584,0
4422,Ibu Zidan,restaurant,F&B,Indonesia.Batam.Kuliner.202406162232.db,places,1.1492806,104.0292985,392001.61316325556,127048.55963243911,0,1485.679568848661,118,190,36,52.54650177616057,4.5,1.6094379124341003,0
4425,Lontong dan Cendol Oma Kembar,restaurant,F&B,Indonesia.Batam.Kuliner.202406162232.db,places,1.1456156,104.0242042,391434.637941599,126643.59941953636,0,876.7929478999224,70,292,19,133.0211508785475,3.7,1.3862943611198906,0
4427,Kafe Langkisau,satay restaurant,F&B,Indonesia.Batam.Kuliner.202406162232.db,places,1.1471648,104.0266243,391703.97841147595,126814.7665277213,0,1134.6990148940693,117,219,1,11.573920105767765,4.5,3.295836866004329,0
4431,Bejo steak (premium chicken steak),chicken restaurant,F&B,Indonesia.Batam.Kuliner.202406162232.db,places,1.1619797,104.0437929,393614.8566190866,128451.85012821633,0,3588.9189978055956,15,28,0,127.47938085871814,5.0,0.6931471805599453,0
4432,Nasi Goreng Anak Kost,nasi goreng restaurant,F&B,Indonesia.Batam.Kuliner.202406162232.db,places,1.1466496,104.0293692,392009.38114410324,126757.7092543072,0,1256.1417981580007,83,201,3,58.39359815602203,4.5,1.6094379124341003,0
4433,Warung Kaget,restaurant,F&B,Indonesia.Batam.Kuliner.202406162232.db,places,1.1836106,104.0074576,389572.733135174,130844.47987906405,1,1176.2571433519347,20,41,9,49.872102995359754,0.0,0.0,0
4434,MELAWA PREMIUM CAFE & RESTO,restaurant,F&B,Indonesia.Batam.Kuliner.202406162232.db,places,1.1597,104.0386766,393045.4909735791,128200.03126092166,0,3029.6662340150065,20,52,4,62.34225465845912,4.8,3.091042453358316,0
4436,Tiga Benua  PT,manufacturer,F&B,Indonesia.Batam.Kuliner.202406162232.db,places,1.167624,104.009604,389810.93223710236,129077.12182364469,1,1145.6774780283713,29,60,0,54.39598153303408,4.3,1.6094379124341003,0
4437,Warung bakso kondang raos,bakso restaurant,F&B,Indonesia.Batam.Kuliner.202406162232.db,places,1.1467059,104.0279404,391850.402233411,126763.98696277711,0,1164.8740189334408,98,205,4,6.5180705014222315,4.7,3.8918202981106265,2
4440,RM Muara Baru,restaurant,F&B,Indonesia.Batam.Kuliner.202406162232.db,places,1.1467748,104.0320559,392308.33183150936,126771.44844362106,0,1476.3143738559943,41,193,15,41.53984490337478,4.3,1.6094379124341003,0
4442,Ikan bakar encek,diner,F&B,Indonesia.Batam.Kuliner.202406162232.db,places,1.1849331,104.0089516,389739.0200178085,130990.61904484646,1,1175.6310784860866,24,48,0,19.864190508681663,0.0,0.0,0
4443,Kedai duanu,snack bar,F&B,Indonesia.Batam.Kuliner.202406162232.db,places,1.1470591,104.0290377,391972.510861198,126802.99053679893,0,1268.1336743605734,96,195,0,21.72620511757994,0.0,0.0,0
4444,Mie Ayam Bakso Wong Bumen,noodle shop,F&B,Indonesia.Batam.Kuliner.202406162232.db,places,1.1480823,104.0352454,392663.27223126625,126915.867866771,0,1842.812736726278,21,138,0,165.69021700877144,4.4,3.5553480614894135,0
4445,Warung Selera Nusantara Khas Palembang,restaurant,F&B,Indonesia.Batam.Kuliner.202406162232.db,places,1.1832803,104.0071523,389538.74989112443,130807.97829305679,1,1177.1629341789258,19,41,8,49.872102995359754,0.0,0.0,0
4446,Masakan Kampung,padang restaurant,F&B,Indonesia.Batam.Kuliner.202406162232.db,places,1.1495813,104.0260661,391641.9590871534,127081.92341614461,0,1357.3061841633498,119,206,8,7.05757387102016,5.0,1.3862943611198906,0
4448,Kedai Prata Yam,restaurant,F&B,Indonesia.Batam.Kuliner.202406162232.db,places,1.1867657,104.0103048,389889.6603674262,131193.15385272037,1,1273.6553737014044,22,49,8,37.70282954545784,4.0,0.6931471805599453,0
4449,Warung Pojok K&W Batam Bengkong,hawker stall,F&B,Indonesia.Batam.Kuliner.202406162232.db,places,1.1480411,104.0317206,392271.07077919855,126911.44593009347,0,1545.8908756738745,45,196,0,13.19123237399205,0.0,0.0,0
4450,Warung Budbud Es Teller,restaurant,F&B,Indonesia.Batam.Kuliner.202406162232.db,places,1.1480833,104.0260463,391639.6995188744,126916.32542346834,0,1201.2513868390574,120,226,40,17.86465392968079,0.0,0.0,0
4451,Bakso PSG  Batu Aji,bakso restaurant,F&B,Indonesia.Batam.Kuliner.202406162232.db,places,1.0522088,103.9761538,386084.5348837327,116319.5104224609,2,569.6030952578684,54,158,1,51.93144442100157,3.9,5.214935757608986,0
4452,Rumah Makan Kita Cirebon,indonesian restaurant,F&B,Indonesia.Batam.Kuliner.202406162232.db,places,1.147859,104.0266121,391702.64704221266,126891.50839648933,0,1203.2833111594505,121,209,7,0.5550763071378213,3.0,0.6931471805599453,0
4453,Bakso Mercon Lumajang,bakso restaurant,F&B,Indonesia.Batam.Kuliner.202406162232.db,places,1.15329,104.024839,391505.56124525855,127491.95418916765,0,1720.229626429143,72,174,6,32.33115154991737,5.0,1.0986122886681098,0
4454,Duba Kebab Bengkong Indah,kebab shop,F&B,Indonesia.Batam.Kuliner.202406162232.db,places,1.1480503,104.0316024,392257.9191561437,126912.46741066949,0,1537.5215164290296,47,195,0,13.19123237399205,5.0,1.0986122886681098,0
4457,Nasi Goreng Dua Bunsu,nasi goreng restaurant,F&B,Indonesia.Batam.Kuliner.202406162232.db,places,1.1832598,104.0121333,390092.9755494253,130805.51422918972,1,836.573906053725,32,70,1,37.075248238463615,0.0,0.0,0
4458,kedai kopi kasang jaya,restaurant,F&B,Indonesia.Batam.Kuliner.202406162232.db,places,1.1466657,104.0277496,391829.1706107112,126759.55020301197,0,1149.39070555584,98,207,29,7.189640007348966,5.0,2.5649493574615367,0
4460,Golden King Food Court,food court,F&B,Indonesia.Batam.Kuliner.202406162232.db,places,1.1616988,104.0425759,393479.4331355883,128420.84361118183,0,3475.672348214174,18,31,1,96.53573191721415,4.4,6.2324480165505225,0
4462,Waroeng Jaman,restaurant,F&B,Indonesia.Batam.Kuliner.202406162232.db,places,1.1469269,104.028803,391946.39109370735,126788.38515526714,0,1240.6599307372485,94,197,28,9.74593156859362,5.0,0.6931471805599453,0
4463,Seafood Rumah Makan,seafood restaurant,F&B,Indonesia.Batam.Kuliner.202406162232.db,places,1.143511,104.036361,392787.2335361723,126410.48608466817,0,1703.5259578118519,14,101,0,0.0,0.0,0.0,0
4464,Soto Ayam Surabaya Dapur Abell Batam,diner,F&B,Indonesia.Batam.Kuliner.202406162232.db,places,1.148452,104.0282703,391887.17542411346,126956.99971608187,0,1347.5390799673753,126,190,4,146.55788761884827,0.0,0.0,0
4466,Hamaru Kaya Toast,restaurant,F&B,Indonesia.Batam.Kuliner.202406162232.db,places,1.1546847,103.9976725,388482.8197914095,127647.18483157713,0,3283.327739247645,22,78,5,41.81185517206863,4.0,1.0986122886681098,0
4468,Rm  Usaha Ibu,diner,F&B,Indonesia.Batam.Kuliner.202406162232.db,places,1.1509285,104.031843,392284.7982852085,127230.6329012645,0,1797.524316376245,44,193,3,129.58001794144656,0.0,0.0,0
4471,Warung Makan Sido Dadi,restaurant,F&B,Indonesia.Batam.Kuliner.202406162232.db,places,1.151188,104.0286795,391932.8095389761,127259.43938831876,0,1634.7713107970446,99,189,30,0.3043667805448404,0.0,0.0,0
4472,Warung Pecel Bu Astrid,javanese restaurant,F&B,Indonesia.Batam.Kuliner.202406162232.db,places,1.1537472,104.0343778,392566.9475551072,127542.13410933618,0,2216.55148989927,21,109,0,121.5737347639307,0.0,0.0,0
4474,Sate Danguang Danguang,restaurant,F&B,Indonesia.Batam.Kuliner.202406162232.db,places,1.1500238,104.0257641,391608.37257423316,127130.85173522831,0,1393.3392102209496,111,209,36,30.428343830652125,0.0,0.0,0
4475,Bubur Ayam Ibu Diah,porridge restaurant,F&B,Indonesia.Batam.Kuliner.202406162232.db,places,1.143511,104.036361,392787.2335361723,126410.48608466817,0,1703.5259578118519,14,101,0,0.0,0.0,0.0,0
4476,Salad Buah Youmy,restaurant,F&B,Indonesia.Batam.Kuliner.202406162232.db,places,1.1521115,104.025976,391632.02927179943,127361.63174671405,0,1621.455475490689,94,184,31,87.47615305376328,0.0,0.0,0
4478,Depot Kartika Batam,seafood restaurant,F&B,Indonesia.Batam.Kuliner.202406162232.db,places,1.1483098,104.0298548,392063.4755511307,126941.2201256548,0,1433.1863979456011,107,199,1,68.61296864763302,3.7,1.3862943611198906,0
4482,RM Citra Rasa,indonesian restaurant,F&B,Indonesia.Batam.Kuliner.202406162232.db,places,1.143511,104.036361,392787.2335361723,126410.48608466817,0,1703.5259578118519,14,101,1,0.0,0.0,0.0,0
4484,Seblak Teh Noer,indonesian restaurant,F&B,Indonesia.Batam.Kuliner.202406162232.db,places,1.1466671,104.0278142,391836.3586369227,126759.70252706732,0,1153.4865719582544,97,206,5,7.189640007348966,3.9,2.1972245773362196,0
4485,Taruno,restaurant,F&B,Indonesia.Batam.Kuliner.202406162232.db,places,1.1509589,104.02659,391700.30479568586,127234.19245479806,0,1520.2966983386098,104,188,32,5.74791389151577,0.0,0.0,0
4486,Soto ayam Surabaya Dapur Abel,soto ayam restaurant,F&B,Indonesia.Batam.Kuliner.202406162232.db,places,1.1598214,104.0299834,392078.2186878876,128213.78158186507,0,2569.9616361520402,7,57,0,198.62485529686322,5.0,1.0986122886681098,0
4487,Warung Kakak,restaurant,F&B,Indonesia.Batam.Kuliner.202406162232.db,places,1.1495039,104.027035,391749.7645801543,127073.33036362047,0,1388.4800083210725,117,192,37,38.479884251208894,0.0,0.0,0
4489,Warung Makan Bu Sri,restaurant,F&B,Indonesia.Batam.Kuliner.202406162232.db,places,1.1511319,104.0287135,391936.5905637077,127253.23644262955,0,1630.9457238252162,103,189,31,7.075171518874813,0.0,0.0,0
4490,Ayam Bakar Bu d,chicken restaurant,F&B,Indonesia.Batam.Kuliner.202406162232.db,places,1.1471437,104.026993,391745.0024820924,126812.42004393152,0,1151.5481371159972,118,207,4,25.254171529659313,4.0,1.9459101490553132,0
4491,R Pizza,pizza restaurant,F&B,Indonesia.Batam.Kuliner.202406162232.db,places,1.1610698,104.0416269,393373.8163354873,128351.34593531488,0,3354.074966334932,19,38,0,19.30259947504553,4.6,2.995732273553991,0
4493,IKAN BAKAR LUBUAK APIK,ikan bakar restaurant,F&B,Indonesia.Batam.Kuliner.202406162232.db,places,1.1454467,104.0275471,391806.5928990025,126624.8016644317,0,1025.925342896915,80,231,0,12.164416585569658,5.0,1.6094379124341003,0
4498,Abang Ojol Batam,restaurant,F&B,Indonesia.Batam.Kuliner.202406162232.db,places,1.1486419,104.0250795,391532.14574769884,126978.11340964182,0,1225.2180943719607,104,247,34,57.96150950470061,5.0,1.0986122886681098,0
4500,Golden Prawn 555,seafood restaurant,F&B,Indonesia.Batam.Kuliner.202406162232.db,places,1.1605751,104.037438,392907.707217259,128296.81706867646,0,3026.9613925627195,19,54,1,76.3840419733105,4.3,5.736572297479192,2
4501,RM  Talago Surya  Bengkong,restaurant,F&B,Indonesia.Batam.Kuliner.202406162232.db,places,1.1494912,104.0239904,391410.99478427396,127072.04202178154,0,1290.2868500776517,87,261,29,0.0,0.0,0.0,0
4503,BPK Buah Raya,indonesian restaurant,F&B,Indonesia.Batam.Kuliner.202406162232.db,places,1.1483553,104.0261229,391648.2329625804,126946.39118334424,0,1232.3498308477717,118,218,5,31.253313078753404,4.3,2.5649493574615367,0
4505,Dapur Tekwan,soup kitchen,F&B,Indonesia.Batam.Kuliner.202406162232.db,places,1.150549,104.0262617,391663.75977444294,127188.89189221547,0,1465.581649348623,112,194,0,20.68072110143989,0.0,0.0,0
4506,Ketoprak AA,restaurant,F&B,Indonesia.Batam.Kuliner.202406162232.db,places,1.1451488,104.0281982,391879.02897031663,126591.84529198453,0,1045.3609769567536,80,235,23,70.41858590846672,3.7,2.4849066497880004,0
4507,Warung Plecing Lotim,chicken restaurant,F&B,Indonesia.Batam.Kuliner.202406162232.db,places,1.1493004,104.0383779,393011.86639817443,127050.4067238613,0,2204.1331237294507,16,60,1,184.28234505601353,4.5,3.7612001156935624,1
4508,RM  Ampera Bengkong Jaya,diner,F&B,Indonesia.Batam.Kuliner.202406162232.db,places,1.1495231,104.0263818,391677.08447929105,127075.47762821744,0,1363.188702347157,118,202,3,12.750244988730593,5.0,1.0986122886681098,0
4510,Masakan Lauk Melayu Ikan Bakar,nasi restaurant,F&B,Indonesia.Batam.Kuliner.202406162232.db,places,1.1498879,104.0231636,391319.01260086684,127115.92733422313,0,1321.9454823657607,79,270,1,33.789620200199835,5.0,1.0986122886681098,0
4511,Soto ayam naurah bengkong,soto ayam restaurant,F&B,Indonesia.Batam.Kuliner.202406162232.db,places,1.1453505,104.0305283,392138.3042880437,126614.05471440617,0,1244.730355211432,63,222,0,69.15365975925334,4.0,1.0986122886681098,0
4512,KADAI IBUK,restaurant,F&B,Indonesia.Batam.Kuliner.202406162232.db,places,1.1471933,104.0294548,392018.92614179384,126817.81012704664,0,1308.5363008066306,95,193,30,37.46401221396054,0.0,0.0,0
4514,Ayam Geprek Aminah Bengkong,chicken restaurant,F&B,Indonesia.Batam.Kuliner.202406162232.db,places,1.1471287,104.0321814,392322.309294356,126810.56607707412,0,1512.7219919871802,38,189,1,41.53984490337478,3.9,2.0794415416798357,0
4515,Bengkong laut,market,F&B,Indonesia.Batam.Kuliner.202406162232.db,places,1.1561898,104.0260997,391645.9475933292,127812.46907911536,0,2062.3039916393873,17,128,0,5.192091079991675,5.0,1.6094379124341003,0
4518,Nasi Goreng Patai,nasi goreng restaurant,F&B,Indonesia.Batam.Kuliner.202406162232.db,places,1.1499346,104.026107,391646.5233067354,127120.97796255416,0,1395.724595771011,114,203,3,32.8961912141079,4.3,4.672828834461906,0
4519,Rumah Makan Padang Ambalau Jaya,padang restaurant,F&B,Indonesia.Batam.Kuliner.202406162232.db,places,1.1490276,104.0247252,391492.7377075815,127020.76468468703,0,1256.4412239198116,94,249,7,58.06999990419525,4.1,2.1972245773362196,0
4521,Warung Mie Ayam Dan Baso 64 warung Mie Nanjak 48,restaurant,F&B,Indonesia.Batam.Kuliner.202406162232.db,places,1.1462333,104.026796,391723.0482850403,126711.78593533052,0,1052.9799791957937,93,231,28,2.4402235824792013,5.0,1.3862943611198906,0
4522,Seblak Endoss,restaurant,F&B,Indonesia.Batam.Kuliner.202406162232.db,places,1.1462172,104.0330594,392419.96923566354,126709.77007583197,0,1524.4747069234381,34,194,12,127.54266368320971,0.0,0.0,0
4523,Dapur Mama Putri,chicken restaurant,F&B,Indonesia.Batam.Kuliner.202406162232.db,places,1.1467823,104.0284465,391906.7183037126,126772.4135970694,0,1204.1681630755606,94,197,4,42.76705434362653,0.0,0.0,0
4525,Rumah Makan Farah,padang restaurant,F&B,Indonesia.Batam.Kuliner.202406162232.db,places,1.1448418,104.0272289,391771.1644107626,126557.94409260819,0,951.1651949068454,72,241,5,69.46200726423194,4.5,4.31748811353631,1
4527,Aa Fried Chicken,fried chicken takeaway,F&B,Indonesia.Batam.Kuliner.202406162232.db,places,1.1457326,104.0277407,391828.1452997325,126656.39959990182,0,1064.1475380118206,84,231,0,0.6191529299185229,4.1,2.8903717578961645,0
4529,Kedai Kopi Tembilahan,breakfast restaurant,F&B,Indonesia.Batam.Kuliner.202406162232.db,places,1.151708,104.0288135,391947.73913174425,127316.91847379299,0,1692.8651224846162,86,186,3,32.74972089639521,0.0,0.0,0
4531,Ketan Durian Batam,restaurant,F&B,Indonesia.Batam.Kuliner.202406162232.db,places,1.1502227,104.0241391,391427.5681194583,127152.90122138678,0,1372.7780574493952,84,247,27,76.85382811237206,3.9,2.6390573296152584,2
4532,Sate Madura Cak Doel,satay restaurant,F&B,Indonesia.Batam.Kuliner.202406162232.db,places,1.1595288,104.0234163,391347.49638008454,128181.68690731683,0,2386.811580134605,12,54,0,166.57603728837967,4.7,4.962844630259907,1
4534,Arbin Pempek,pempek restaurant,F&B,Indonesia.Batam.Kuliner.202406162232.db,places,1.1472369,104.0291209,391981.7751008514,126822.64255584167,0,1289.3566003674237,100,193,2,21.72620511757994,4.4,2.4849066497880004,0
4535,Bakso dan Mie Ayam Midun Wonogiri,bakso restaurant,F&B,Indonesia.Batam.Kuliner.202406162232.db,places,1.1491508,104.0297528,392052.1576976038,127034.19353009952,0,1501.818254055439,109,196,4,52.54650177616057,4.6,3.6888794541139363,0
4536,De Sands Cafe and Restaurant,restaurant,F&B,Indonesia.Batam.Kuliner.202406162232.db,places,1.1609741,104.0398474,393175.81141617976,128340.83385061145,0,3220.7834478412697,20,43,5,0.0,4.2,6.129050210060545,2
4537,Seblak ASOY,seblak restaurant,F&B,Indonesia.Batam.Kuliner.202406162232.db,places,1.145709,104.0277687,391831.25994587777,126653.78964531912,0,1063.9012220959105,84,231,1,4.063604746274372,4.3,1.3862943611198906,0
4539,Miso Ayam Bu  Lena,chicken restaurant,F&B,Indonesia.Batam.Kuliner.202406162232.db,places,1.1479932,104.0266286,391704.4880292489,126906.34311704182,0,1217.5268157644712,120,209,4,14.473957387317045,5.0,0.6931471805599453,0
4540,Sate Madura Putri Anita,indonesian restaurant,F&B,Indonesia.Batam.Kuliner.202406162232.db,places,1.1379514,104.0306874,392155.7314367747,125796.10485881455,0,958.7399474060383,60,142,5,30.431417420928447,0.0,0.0,0
4541,Sate Ajo Man,restaurant,F&B,Indonesia.Batam.Kuliner.202406162232.db,places,1.1470141,104.0287901,391944.9589960264,126798.02529418585,0,1247.4971792948725,96,197,30,9.74593156859362,0.0,0.0,0
4542,Warung Zyo & Zoey,brunch restaurant,F&B,Indonesia.Batam.Kuliner.202406162232.db,places,1.1537031,104.0278736,391843.2329408865,127537.50544910533,0,1854.1436593648161,66,165,0,62.71337129526481,0.0,0.0,0
4544,Ayam penyet dan bakso bu eni,brunch restaurant,F&B,Indonesia.Batam.Kuliner.202406162232.db,places,1.1441514,104.0271333,391760.5012042429,126481.62638479711,0,884.6818849452904,69,251,1,77.05904553534957,3.0,1.0986122886681098,0
4545,Lontong Medan Kak Piana,breakfast restaurant,F&B,Indonesia.Batam.Kuliner.202406162232.db,places,1.1473329,104.0268658,391730.8561845483,126833.34026012167,0,1163.4312204217113,120,208,3,25.254171529659313,5.0,1.6094379124341003,0
4546,RM HORAS GULTOM,restaurant,F&B,Indonesia.Batam.Kuliner.202406162232.db,places,1.1582558,104.0290171,391970.6407242424,128040.74689855638,0,2370.896722392536,7,94,2,10.158960411747174,0.0,0.0,0
4548,Rasa Resto,restaurant,F&B,Indonesia.Batam.Kuliner.202406162232.db,places,1.0486027,103.969036,385292.37499578146,115921.122585368,2,757.0263718156237,56,166,14,81.69942521338174,4.2,4.430816798843313,0
4550,Level Up Coffee and Floating Bar,restaurant,F&B,Indonesia.Batam.Kuliner.202406162232.db,places,1.1625239,104.044803,393727.2685726448,128511.97121637472,0,3709.325051802621,9,24,1,127.47938085871814,4.4,6.42648845745769,2
4551,RM Lubuk Basung Jaya,padang restaurant,F&B,Indonesia.Batam.Kuliner.202406162232.db,places,1.0525064,103.9765149,386124.72678904457,116352.3963718474,2,607.2824048074253,51,152,4,3.2397597808428755,5.0,1.3862943611198906,0
4552,Miso Medan Kuliner Regata,nasi restaurant,F&B,Indonesia.Batam.Kuliner.202406162232.db,places,1.1497008,104.047674,394046.24276354385,127094.32272778096,-1,0.0,0,3,0,925.9514635946058,0.0,0.0,0
4553,Ayam Bakar Chaniago,chicken restaurant,F&B,Indonesia.Batam.Kuliner.202406162232.db,places,1.1534502,104.0245941,391478.31758846215,127509.67309284858,0,1733.0336987178534,66,175,2,32.49886741556133,4.3,5.8522024797744745,0
4554,Warung Petis Batam,javanese restaurant,F&B,Indonesia.Batam.Kuliner.202406162232.db,places,1.0487856,103.9737027,385811.66630320315,115941.17123258828,2,288.85487547591754,66,167,1,72.230510375771,4.5,4.060443010546419,0
4555,Nasi Goreng Pelangi,restaurant,F&B,Indonesia.Batam.Kuliner.202406162232.db,places,1.1481387,104.0269896,391744.6615838966,126922.41396606716,0,1249.2361264323022,122,202,39,43.26877258980551,5.0,1.791759469228055,0
4556,Soto Kwali,soto ayam restaurant,F&B,Indonesia.Batam.Kuliner.202406162232.db,places,1.05041,103.97024,385426.41533712676,116120.87257780609,2,707.4465656839809,63,171,0,100.1896043250347,4.8,3.295836866004329,0
4558,Aneka Makanan,restaurant,F&B,Indonesia.Batam.Kuliner.202406162232.db,places,1.04769,103.9695009,385344.07334277127,115820.2080225297,2,689.6395260438475,45,157,12,38.938767219487644,4.5,1.0986122886681098,0
4560,RUMAH MAKAN DIHSIKO BATAM,restaurant,F&B,Indonesia.Batam.Kuliner.202406162232.db,places,1.1535282,104.023724,391381.5055639972,127518.32892686733,0,1728.579426311158,55,180,17,18.7727738157403,4.8,1.791759469228055,0
4561,Rumah makan BPK PERJUMPANTA,batak restaurant,F&B,Indonesia.Batam.Kuliner.202406162232.db,places,1.0478122,103.9691727,385307.55746479426,115833.72905237736,2,727.3736131359886,48,165,0,38.938767219487644,4.6,3.6888794541139363,0
4562,Bakso Pojok Sragen,bakso restaurant,F&B,Indonesia.Batam.Kuliner.202406162232.db,places,1.1396067,104.034704,392602.7162397207,125978.94223234808,0,1417.1092540394584,28,139,0,179.50585280834352,4.2,6.1463292576688975,1
4564,Batu aji,restaurant,F&B,Indonesia.Batam.Kuliner.202406162232.db,places,1.04805,103.9702137,385423.4029448386,115859.97936168232,2,616.4214823419575,46,161,12,88.7408878824084,4.7,2.3978952727983707,0
4565,Moro Seneng,restaurant,F&B,Indonesia.Batam.Kuliner.202406162232.db,places,1.1522131,104.0244819,391465.7863794805,127372.92015714254,0,1596.0906637137434,81,195,27,81.33411124078681,5.0,0.6931471805599453,0
4566,Bengkong,coffee shop,F&B,Indonesia.Batam.Kuliner.202406162232.db,places,1.1561429,104.0260972,391645.6676433877,127807.28454077398,0,2057.1830274713207,17,129,0,5.192091079991675,0.0,0.0,0
4567,Makanan khas Medan Bu midah,restaurant,F&B,Indonesia.Batam.Kuliner.202406162232.db,places,1.0529444,103.9780027,386290.29633777286,116400.76215707508,2,698.4386345950824,45,129,13,17.00252459698084,5.0,0.6931471805599453,0
4568,Pondok sagu melayu khas meranti,restaurant,F&B,Indonesia.Batam.Kuliner.202406162232.db,places,1.1449123,104.0218924,391177.37941331626,126565.93963173,0,766.5658894948082,41,317,21,49.736745617223676,4.0,1.6094379124341003,0
4569,Warung joyoboyo,restaurant,F&B,Indonesia.Batam.Kuliner.202406162232.db,places,1.0532106,103.9753344,385993.3931855608,116430.28754989096,2,678.8083890648278,52,157,14,35.74086725038847,5.0,0.6931471805599453,0
4571,RM Batak s,padang restaurant,F&B,Indonesia.Batam.Kuliner.202406162232.db,places,1.1472679,104.0266062,391701.96832036594,126826.16456090006,0,1144.0187470961166,117,219,7,11.573920105767765,2.7,1.3862943611198906,0
4572,Rumah Makan Silaban,restaurant,F&B,Indonesia.Batam.Kuliner.202406162232.db,places,1.0521609,103.9804874,386566.7506913886,116314.05725207228,2,776.5656409744221,39,125,11,42.455569915539996,4.1,5.030437921392435,2
4573,Martabak Sari Eko,murtabak restaurant,F&B,Indonesia.Batam.Kuliner.202406162232.db,places,1.1599818,104.0343302,392561.88572452305,128231.34781932681,0,2788.583033127758,8,60,0,222.22015590698754,4.4,3.4965075614664802,0
4574,Bakso Dengan Tombo Luwe,bakso restaurant,F&B,Indonesia.Batam.Kuliner.202406162232.db,places,1.1502249,104.0248298,391504.42164140416,127153.11815464657,0,1387.967400991979,94,232,7,15.270099968709914,0.0,0.0,0
4577,Maulia Ayam Penyet,ayam penyet restaurant,F&B,Indonesia.Batam.Kuliner.202406162232.db,places,1.1485206,104.0265005,391690.25433227624,126964.65021586412,0,1265.142682915583,119,212,1,24.128575310833785,4.2,3.091042453358316,0
4578,Genta1,fast food restaurant,F&B,Indonesia.Batam.Kuliner.202406162232.db,places,1.0467764,103.9763894,386110.55455107085,115718.95995793128,2,86.90272723457453,52,154,1,37.27085683109001,2.0,0.6931471805599453,0
4583,Ayam Bakar Madu + Nasi Uduk,restaurant,F&B,Indonesia.Batam.Kuliner.202406162232.db,places,1.1479975,104.0333944,392457.31075179053,126906.56309816198,0,1677.4089203059677,31,184,10,26.628806373559975,5.0,1.3862943611198906,0
4584,Rumah Makan Kang Salim,health food restaurant,F&B,Indonesia.Batam.Kuliner.202406162232.db,places,1.0462055,103.9772236,386203.35905038647,115655.81774024563,2,198.15867579605208,51,148,0,17.530392901288515,4.7,2.9444389791664403,1
4586,Basamo Kedai Reski - Batu Aji Batam,restaurant,F&B,Indonesia.Batam.Kuliner.202406162232.db,places,1.0522962,103.9748631,385940.9164219595,116329.21950072887,2,583.6295288159356,55,156,16,16.245568723973697,4.0,1.0986122886681098,0
4588,Bakso Gunung Genta,bakso restaurant,F&B,Indonesia.Batam.Kuliner.202406162232.db,places,1.0452571,103.9759394,386060.426268431,115551.02045605918,2,203.6953228269591,43,152,1,6.7362474756087485,4.3,6.148468295917647,2
4590,Prasmanan juragan seblak 2,buffet restaurant,F&B,Indonesia.Batam.Kuliner.202406162232.db,places,1.1481242,104.024997,391522.94653855095,126920.88657035188,0,1167.6773410756118,102,255,0,57.96150950470061,5.0,1.3862943611198906,0
4592,Ayam Penyet MJ,ayam penyet restaurant,F&B,Indonesia.Batam.Kuliner.202406162232.db,places,1.145349,104.0275974,391812.1860650412,126613.99937187269,0,1020.6185921215758,80,234,1,12.164416585569658,5.0,0.6931471805599453,0
4594,Bubur Ayam Baraya Bandung,porridge restaurant,F&B,Indonesia.Batam.Kuliner.202406162232.db,places,1.1481262,104.0265477,391695.49137824884,126921.04887126475,0,1227.227598313015,122,212,1,17.239458706176833,3.3,1.6094379124341003,0
4595,Warung Sabila Ikan Bakar Bali,ikan bakar restaurant,F&B,Indonesia.Batam.Kuliner.202406162232.db,places,1.0524357,103.9786052,386357.3205615274,116344.50437121818,2,676.2944089095843,48,129,0,33.936204765257216,4.6,4.110873864173311,0
4596,Jual Beras Padang Jenis Anak Daro,padang restaurant,F&B,Indonesia.Batam.Kuliner.202406162232.db,places,1.1478636,104.0266101,391702.42467742384,126892.01698631172,0,1203.651444420898,121,209,8,0.5550763071378213,5.0,1.6094379124341003,0
4597,Rumah Makan Elok Basamo,padang restaurant,F&B,Indonesia.Batam.Kuliner.202406162232.db,places,1.0511853,103.9768786,386165.149325344,116206.33793048114,2,473.4373924639589,63,154,3,67.1980375491325,4.4,4.584967478670572,0
4598,Bakso pangeran batam,bakso restaurant,F&B,Indonesia.Batam.Kuliner.202406162232.db,places,1.1509395,104.0251506,391540.1436953652,127232.1025525468,0,1473.00421874874,94,209,7,23.680232542051467,4.8,1.6094379124341003,0
4599,Nangkring Gudeg Pecel Rawon Angkringan,javanese restaurant,F&B,Indonesia.Batam.Kuliner.202406162232.db,places,1.0521995,103.9784104,386335.635813978,116318.4000091768,2,642.9915223282752,48,131,2,33.936204765257216,4.3,3.5553480614894135,0
4600,Nasi Goreng Uni Wisma,nasi goreng restaurant,F&B,Indonesia.Batam.Kuliner.202406162232.db,places,1.1462019,104.0272238,391770.6479775215,126708.29860264961,0,1074.5987058353326,86,224,4,2.3135656799327062,4.7,3.4657359027997265,0
4601,Sun Bread Batu Aji,brunch restaurant,F&B,Indonesia.Batam.Kuliner.202406162232.db,places,1.0526218,103.9730766,385742.13678701536,116365.27940632266,2,677.1985665122728,48,152,0,59.03515816675076,4.0,6.617402977974478,2
4602,Warung Bu Aceh,restaurant,F&B,Indonesia.Batam.Kuliner.202406162232.db,places,1.0472643,103.9806513,386584.8120598543,115772.74186036484,2,554.8020516819041,55,147,18,10.841652442492347,5.0,1.0986122886681098,0
4604,Pempek Cek Bilah | Pempek Batam | Oleh-oleh khas Batam,pempek restaurant,F&B,Indonesia.Batam.Kuliner.202406162232.db,places,1.0466071,103.9694277,385335.8886870574,115700.49783103527,2,696.4344204839897,41,146,0,56.86628862340177,4.5,4.219507705176107,0
4605,D  Lombok Bbq Masakan Khas Lombok,barbecue restaurant,F&B,Indonesia.Batam.Kuliner.202406162232.db,places,1.1442434,104.0281419,391872.73060700856,126491.75862734916,0,967.2971705758929,68,237,0,0.5717039538908893,5.0,1.6094379124341003,0
4606,Jingga Corp,diner,F&B,Indonesia.Batam.Kuliner.202406162232.db,places,1.1511656,104.0331816,392433.7513462674,127256.79291246452,0,1911.2555512239294,37,184,2,141.26962965554637,0.0,0.0,0
4607,Pak Ali,seafood restaurant,F&B,Indonesia.Batam.Kuliner.202406162232.db,places,1.045315,103.981397,386667.71927113994,115557.22368597228,2,666.5804728375257,50,128,0,65.55139254136003,4.5,4.454347296253507,0
4608,Bakso Bakar Raos,hawker center,F&B,Indonesia.Batam.Kuliner.202406162232.db,places,1.1445237,104.0280499,391862.5043557958,126522.74827609147,0,982.754442122208,71,235,0,12.81029763828438,5.0,0.6931471805599453,0
4609,Brani Ngopi,restaurant,F&B,Indonesia.Batam.Kuliner.202406162232.db,places,1.0523476,103.9717977,385599.8180744314,116335.01394569402,2,724.3758831100781,52,155,11,30.77199134996259,4.3,3.6888794541139363,0
4611,Nge-Eat,fast food restaurant,F&B,Indonesia.Batam.Kuliner.202406162232.db,places,1.0459555,103.969318,385323.65819588606,115628.46849768705,2,717.5208846472394,36,142,0,73.0603160195911,4.3,1.6094379124341003,0
4612,Tekwan Bude,traditional restaurant,F&B,Indonesia.Batam.Kuliner.202406162232.db,places,1.1544855,104.033568,392476.87008473027,127623.78104629616,0,2228.366796835136,18,124,0,121.5737347639307,4.5,3.044522437723423,1
4613,Tosan (warung dingklik),restaurant,F&B,Indonesia.Batam.Kuliner.202406162232.db,places,1.0470559,103.9774491,386228.4820706561,115749.81969004968,2,198.1201886031248,51,149,18,17.619081504031826,4.8,2.8903717578961645,0
4615,Podomoro Sambel Idjo,restaurant,F&B,Indonesia.Batam.Kuliner.202406162232.db,places,1.0542952,103.9683981,385221.6008752433,116550.44300081092,2,1136.1585700868152,31,128,9,30.476626362912405,4.6,5.5053315359323625,0
4616,Bang Fe i Es Teler,restaurant,F&B,Indonesia.Batam.Kuliner.202406162232.db,places,1.0464511,103.9778125,386268.89736885915,115682.94700300865,2,248.4481817357462,51,149,18,10.577477225177828,4.3,5.780743515792329,0
4617,Pempek Raffa,pempek restaurant,F&B,Indonesia.Batam.Kuliner.202406162232.db,places,1.1439878,104.0308612,392175.2947964947,126463.40061263766,0,1182.2279847033476,54,219,1,94.60519366187268,5.0,0.6931471805599453,0
4618,Super Penyet Selera Anda,restaurant,F&B,Indonesia.Batam.Kuliner.202406162232.db,places,1.0489845,103.9766804,386143.01513381256,115963.05077252681,2,238.7960875492884,71,161,26,37.842603250630546,4.2,5.480638923341991,2
4619,Ayam Taliwang,chicken restaurant,F&B,Indonesia.Batam.Kuliner.202406162232.db,places,1.0542137,103.9780519,386295.81704830035,116541.07908110104,2,832.0657929427698,33,116,0,55.78035339158757,4.2,2.6390573296152584,0
4620,Kemangi Resto Batam,restaurant,F&B,Indonesia.Batam.Kuliner.202406162232.db,places,1.045249,103.9759994,386067.1024434832,115550.12283881044,2,205.669717355245,43,152,14,6.7362474756087485,4.3,2.9444389791664403,0
4621,RM  Sinar Pagi,padang restaurant,F&B,Indonesia.Batam.Kuliner.202406162232.db,places,1.1514243,104.0290797,391977.3481800736,127285.54635200644,0,1678.3650528157793,91,187,4,23.22578788877113,5.0,1.6094379124341003,0
4622,Warung Mbak Wita,javanese restaurant,F&B,Indonesia.Batam.Kuliner.202406162232.db,places,1.0541059,103.9750892,385966.14131274354,116529.27033769732,2,779.4344495096652,43,152,2,102.66575307262737,4.5,1.0986122886681098,0
4623,Seblak Iky RS Batuaji Batam,seblak restaurant,F&B,Indonesia.Batam.Kuliner.202406162232.db,places,1.0536956,103.9778858,386277.31563039,116483.81016754617,2,771.8873149890537,37,125,0,27.687070161929604,4.8,1.791759469228055,0
4624,Warung Makan Barokah,javanese restaurant,F&B,Indonesia.Batam.Kuliner.202406162232.db,places,1.0457139,103.977313,386213.28927001613,115601.46903576357,2,237.19707940409432,51,148,1,55.248447405987534,4.7,1.3862943611198906,0
4625,Istana Aneka Es Buah (Segar Minuman Ku),restaurant,F&B,Indonesia.Batam.Kuliner.202406162232.db,places,1.1495794,104.0261295,391649.0134628394,127081.71097173993,0,1359.434771747508,119,205,38,7.05757387102016,4.7,1.3862943611198906,0
4626,Bubur Ayam Bu Alif,porridge restaurant,F&B,Indonesia.Batam.Kuliner.202406162232.db,places,1.1480324,104.0309797,392188.6314209811,126910.51210350338,0,1489.0961936148553,69,194,1,55.63903076065603,4.0,2.70805020110221,0
4627,RM  SIANTAR 88 Bakmi & Pangsit,noodle shop,F&B,Indonesia.Batam.Kuliner.202406162232.db,places,1.0524798,103.9802748,386543.1053520788,116349.3187515551,2,786.8258429606076,39,126,1,42.455569915539996,3.9,4.605170185988092,0
4628,Dimsum Alaeli,dim sum restaurant,F&B,Indonesia.Batam.Kuliner.202406162232.db,places,1.1475112,104.0337877,392501.0545700208,126852.78964111046,0,1676.2218783590238,25,174,0,65.14965766878478,4.3,2.5649493574615367,0
4629,RM  Khas Batak,batak restaurant,F&B,Indonesia.Batam.Kuliner.202406162232.db,places,1.0540537,103.9685302,385236.2913793012,116523.74068171708,2,1106.9814173874029,33,135,0,30.476626362912405,3.7,1.3862943611198906,0
4630,Warung Mbak Anik,javanese restaurant,F&B,Indonesia.Batam.Kuliner.202406162232.db,places,1.0537159,103.9781338,386304.9123385153,116486.04524132589,2,783.2464174104128,35,125,2,27.687070161929604,5.0,1.0986122886681098,0
4631,Warung Hara Bengkong,breakfast restaurant,F&B,Indonesia.Batam.Kuliner.202406162232.db,places,1.1548806,104.0352357,392662.4472509594,127667.39485920823,0,2374.048553387578,20,86,2,139.0237259796515,0.0,0.0,0
4632,Masakan Bu Eny Sakinah Batu Aji,restaurant,F&B,Indonesia.Batam.Kuliner.202406162232.db,places,1.0565798,103.9711287,385525.53015758214,116802.90123214154,2,1165.4364308056151,18,103,6,395.10526094899785,5.0,0.6931471805599453,0
4633,Warteg Bu Nana,restaurant,F&B,Indonesia.Batam.Kuliner.202406162232.db,places,1.147734,104.030085,392089.06803950586,126877.55880297447,0,1399.1892986706673,93,195,30,68.61296864763302,0.0,0.0,0
4634,Warung Khas Nusantara,diner,F&B,Indonesia.Batam.Kuliner.202406162232.db,places,1.0524715,103.971133,385525.858527056,116348.73527450298,2,781.058953550649,58,155,1,22.589306625790858,4.5,1.0986122886681098,0
4635,bakmie bagol batu aji,noodle shop,F&B,Indonesia.Batam.Kuliner.202406162232.db,places,1.0447223,103.9814147,386669.66757916164,115491.70125347802,2,690.4334202972249,47,119,0,65.55139254136003,4.8,1.6094379124341003,0
4637,Warung Jelita,restaurant,F&B,Indonesia.Batam.Kuliner.202406162232.db,places,1.0523257,103.9712995,385544.38039263204,116332.6112145431,2,756.7951599308652,57,157,15,24.556970782382233,4.0,1.0986122886681098,0
4638,Warung sarapan bunda rizzq,breakfast restaurant,F&B,Indonesia.Batam.Kuliner.202406162232.db,places,1.1481664,104.0259086,391624.3809145586,126925.51706216027,0,1204.2796671539702,118,227,3,17.86465392968079,0.0,0.0,0
4639,Harapan,bakso restaurant,F&B,Indonesia.Batam.Kuliner.202406162232.db,places,1.0529528,103.9687,385255.1454909766,116402.0316496337,2,1011.38312185873,53,139,2,0.0,0.0,0.0,0
4640,MIE AYAM BAKSO 22,bakso restaurant,F&B,Indonesia.Batam.Kuliner.202406162232.db,places,1.1498421,104.026388,391677.7863708598,127110.74174167194,0,1396.4902654906803,115,201,9,32.8961912141079,0.0,0.0,0
4641,Warung Sidomulyo,indonesian restaurant,F&B,Indonesia.Batam.Kuliner.202406162232.db,places,1.0523652,103.9737544,385817.5491597849,116336.88789472103,2,621.9490680245676,50,156,6,80.57979832290319,0.0,0.0,0
4642,NASI GORENG BANG BUS,nasi goreng restaurant,F&B,Indonesia.Batam.Kuliner.202406162232.db,places,1.1457377,104.0277384,391827.88957239676,126656.96347389517,0,1064.4499935503438,84,231,4,0.6191529299185229,3.0,0.6931471805599453,0
4643,Asli Medan,noodle shop,F&B,Indonesia.Batam.Kuliner.202406162232.db,places,1.0527028,103.9724257,385669.7112940963,116374.2576772256,2,718.8044750354692,51,153,0,15.237489021029981,4.3,2.833213344056216,2
4644,Bakso & Mie Ayam Karmila Sei Panas,indonesian restaurant,F&B,Indonesia.Batam.Kuliner.202406162232.db,places,1.1442787,104.0281426,391872.80981727684,126495.66089190578,0,970.1483796056667,68,238,4,3.4231278756929746,2.3,1.3862943611198906,0
4645,Kulit Ayam Bengis (Batu Aji),snack bar,F&B,Indonesia.Batam.Kuliner.202406162232.db,places,1.0522687,103.9720629,385629.3251554943,116326.28195744465,2,700.0606161862542,54,154,1,23.719559059143844,0.0,0.0,0
4646,BAKSO Mie Ayam Mercon Pedas RAJA RASA,bakso restaurant,F&B,Indonesia.Batam.Kuliner.202406162232.db,places,1.0525021,103.9765437,386127.931329285,116351.91996311025,2,607.3182763542712,51,151,1,3.2397597808428755,4.7,4.564348191467836,0
4648,KEDAI MAKAN ISPER,restaurant,F&B,Indonesia.Batam.Kuliner.202406162232.db,places,1.0304905,104.0543028,394779.67803201877,113915.90385844381,4,508.1917128665406,55,171,10,21.254991825104426,0.0,0.0,0
4649,Warung Sate dan Gule Pak Ali,satay restaurant,F&B,Indonesia.Batam.Kuliner.202406162232.db,places,1.0517471,103.9771092,386190.82950569084,116268.4354713971,2,540.3205834356277,54,149,1,47.66007337051497,5.0,1.3862943611198906,0
4650,Bulan,murtabak restaurant,F&B,Indonesia.Batam.Kuliner.202406162232.db,places,1.0529528,103.9687,385255.1454909766,116402.0316496337,2,1011.38312185873,53,139,0,0.0,0.0,0.0,0
4651,Warung Hijau,restaurant,F&B,Indonesia.Batam.Kuliner.202406162232.db,places,1.034324,104.0586536,395263.92686549306,114339.5363220792,4,457.82233955224183,39,173,14,46.99001163678207,4.7,2.302585092994046,0
4652,BAKMI SIANTAR UNCLE LIM - NON HALAL,indonesian restaurant,F&B,Indonesia.Batam.Kuliner.202406162232.db,places,1.049726,103.9810722,386631.7359417032,116044.86265432557,2,668.6645987693283,41,141,2,75.85174409582174,4.7,3.1354942159291497,0
4653,KEDAI BU MANDA,diner,F&B,Indonesia.Batam.Kuliner.202406162232.db,places,1.0335007,104.0555363,394917.0312365963,114248.62725063448,4,520.4847978678406,61,175,5,21.57421896172934,4.4,2.70805020110221,0
4654,Pondok Sambal Gami,restaurant,F&B,Indonesia.Batam.Kuliner.202406162232.db,places,1.0522741,103.9724219,385669.2728376638,116326.86575742927,2,678.4604455620307,54,153,13,16.441618090819777,4.7,1.3862943611198906,0
4655,Warung Special Tahu Tek,diner,F&B,Indonesia.Batam.Kuliner.202406162232.db,places,1.0333264,104.0558506,394951.9983577133,114229.34877133774,4,482.2004089227564,62,176,7,1.101223962678541,5.0,0.6931471805599453,0
4656,Rumah Makan Kalijogo,restaurant,F&B,Indonesia.Batam.Kuliner.202406162232.db,places,1.0463376,103.9773254,386214.69154146436,115670.41745621689,2,201.75803428671082,51,149,18,3.1643388345799903,5.0,1.3862943611198906,0
4658,Miso kampung bang Endut khas melayu deli,restaurant,F&B,Indonesia.Batam.Kuliner.202406162232.db,places,1.0521693,103.9771959,386200.49227519415,116315.10573472621,2,587.7732902353019,48,145,14,43.49667611150962,4.4,3.4339872044851463,0
4659,Sop Ayam Klaten,soup restaurant,F&B,Indonesia.Batam.Kuliner.202406162232.db,places,1.0458034,103.9706617,385473.1724087497,115611.60501982784,2,574.741698476323,22,151,0,126.4376457520742,4.4,5.176149732573829,0
4661,Warung Bubur Ayam Genta,porridge restaurant,F&B,Indonesia.Batam.Kuliner.202406162232.db,places,1.0468539,103.9775271,386237.1541865434,115727.4861378791,2,208.28033884159166,52,150,0,23.95815407162799,4.4,4.804021044733257,0
4663,WAROENG BIYUNG,nasi restaurant,F&B,Indonesia.Batam.Kuliner.202406162232.db,places,1.0264922,104.0614013,395569.4139181337,113473.67687114942,4,496.8447160278161,96,162,1,25.10421971633797,5.0,1.0986122886681098,0
4666,Bakso lava,bakso restaurant,F&B,Indonesia.Batam.Kuliner.202406162232.db,places,1.0516434,103.9694221,385335.4489285029,116257.25298859687,2,858.9045988026132,58,155,2,66.41501818353706,5.0,0.6931471805599453,0
4667,Warung Makan khas Jogjakarta,javanese restaurant,F&B,Indonesia.Batam.Kuliner.202406162232.db,places,1.0468148,103.972595,385688.3361747477,115723.34308571875,2,343.28308086804236,34,159,1,52.295757100120454,4.6,3.58351893845611,2
4669,Warung Makan Prasmanan Kencana,buffet restaurant,F&B,Indonesia.Batam.Kuliner.202406162232.db,places,1.0482069,103.977215,386202.4742811846,115877.06909298501,2,212.4548216121154,61,154,0,64.59458545820755,4.2,3.1354942159291497,0
4671,Warung chaniago,breakfast restaurant,F&B,Indonesia.Batam.Kuliner.202406162232.db,places,1.0573075,103.97662,386136.5962549866,116883.14531785053,2,1135.6358896669442,7,74,0,112.68667992062339,5.0,1.0986122886681098,0
4672,Jawarasa,nasi goreng restaurant,F&B,Indonesia.Batam.Kuliner.202406162232.db,places,1.0327217,104.0559578,394963.90687712876,114162.49836058801,4,427.495230862602,62,173,1,0.8508556463129723,5.0,0.6931471805599453,0
4673,Kadai TEK KASI “salero nan tau raso”,restaurant,F&B,Indonesia.Batam.Kuliner.202406162232.db,places,1.0525898,103.9769003,386167.6148780368,116361.60201721433,2,624.3827887547045,48,146,13,20.878174579259742,4.6,4.584967478670572,0
4674,NH FOOD S,bakso restaurant,F&B,Indonesia.Batam.Kuliner.202406162232.db,places,1.0277139,104.0546424,394817.37514896237,113608.95188835742,4,543.165692509894,44,168,2,112.81970658566186,3.0,1.0986122886681098,0
4675,Hallo Ayam Goreng  Batu Aji,restaurant,F&B,Indonesia.Batam.Kuliner.202406162232.db,places,1.0558658,103.9666572,385027.9408927553,116724.13472785195,2,1396.059475211705,20,97,7,247.66996519719473,0.0,0.0,0
4677,kedai Pakcik mie tarempa Batu Aji,noodle shop,F&B,Indonesia.Batam.Kuliner.202406162232.db,places,1.056601,103.97589,386055.34047118016,116805.0698067761,2,1052.8781520822329,22,93,0,112.68667992062339,4.4,2.5649493574615367,0
4678,Warung Makan Mba Endah,indonesian restaurant,F&B,Indonesia.Batam.Kuliner.202406162232.db,places,1.0493057,103.976798,386156.1126023973,115998.55456017626,2,276.32895428868625,72,159,9,11.223910390980782,0.0,0.0,0
4679,Bebek Goreng Gus Heri,chicken restaurant,F&B,Indonesia.Batam.Kuliner.202406162232.db,places,1.0261201,104.0632311,395773.007773293,113432.48327742255,4,662.3901084233454,86,138,1,7.14385188911717,4.5,3.5553480614894135,0
4680,Warung Makanan Tresnoku,restaurant,F&B,Indonesia.Batam.Kuliner.202406162232.db,places,1.0525146,103.9773833,386221.35756674816,116353.27116988835,2,630.4073498828238,46,138,13,43.49667611150962,2.0,0.6931471805599453,0
4681,Warung Cahaya Seafood,seafood restaurant,F&B,Indonesia.Batam.Kuliner.202406162232.db,places,1.0286989,104.061588,395590.26010486536,113717.61113219435,4,345.2991297953807,92,169,1,19.185433823730868,4.3,2.302585092994046,0
4682,RM  Adiak kanduang,padang restaurant,F&B,Indonesia.Batam.Kuliner.202406162232.db,places,1.0530409,103.9727478,385705.56506270205,116411.62224698359,2,734.8218619633888,44,149,3,51.784204120887466,3.9,2.1972245773362196,0
4684,Warung ayam percik Mak uwo,restaurant,F&B,Indonesia.Batam.Kuliner.202406162232.db,places,1.0325344,104.0562677,394998.3839851012,114141.78295013144,4,387.94149625866,62,178,16,19.79844317609432,5.0,1.3862943611198906,0
4685,Seblak teh kiki,restaurant,F&B,Indonesia.Batam.Kuliner.202406162232.db,places,1.0525012,103.9767346,386149.17353586724,116351.81349982158,2,610.985690435596,50,152,13,20.878174579259742,4.8,3.091042453358316,0
4686,WARUNG MAKWO,snack bar,F&B,Indonesia.Batam.Kuliner.202406162232.db,places,1.0289267,104.0564849,395022.4341556103,113742.96083105046,4,298.79269859294345,73,183,0,23.351486024591185,0.0,0.0,0
4687,WARUNG ARTON,snack bar,F&B,Indonesia.Batam.Kuliner.202406162232.db,places,1.0491437,103.9715999,385577.691416131,115980.83539325437,2,507.02025965084874,57,170,1,47.28697594718623,0.0,0.0,0
4688,Warung Seterah,restaurant,F&B,Indonesia.Batam.Kuliner.202406162232.db,places,1.0297667,104.0609874,395523.46479014325,113835.6711056234,4,241.25416419254614,81,176,21,20.532691021326027,4.7,1.3862943611198906,0
4690,Warung Candu Rasa,indonesian restaurant,F&B,Indonesia.Batam.Kuliner.202406162232.db,places,1.0491046,103.9758582,386051.52974285604,115976.35753941543,2,224.86681046663676,70,166,8,19.77661075185938,5.0,1.0986122886681098,0
4691,Mie padeh Queen,noodle shop,F&B,Indonesia.Batam.Kuliner.202406162232.db,places,1.0530826,103.9796915,386478.2210014558,116415.97834577966,2,800.4884219221259,37,122,1,91.21944353582661,5.0,1.6094379124341003,0
4692,Nasi Goreng Tungku,nasi goreng restaurant,F&B,Indonesia.Batam.Kuliner.202406162232.db,places,1.0285073,104.0616732,395599.73426566157,113696.4278614773,4,364.00201313837766,91,169,0,5.592030111822572,4.4,3.295836866004329,0
4694,Ayam bakar QQ,chicken restaurant,F&B,Indonesia.Batam.Kuliner.202406162232.db,places,1.0327232,104.0559503,394963.072384841,114162.66442669687,4,428.2345101015827,62,173,2,0.8508556463129723,4.4,2.8903717578961645,0
4695,Durian Bolone Cabang Batu Aji,kebab shop,F&B,Indonesia.Batam.Kuliner.202406162232.db,places,1.052668,103.9722932,385654.96617968613,116370.4154548613,2,723.0285571635648,55,153,0,15.237489021029981,5.0,0.6931471805599453,0
4697,Radar Cafe Batam,indonesian restaurant,F&B,Indonesia.Batam.Kuliner.202406162232.db,places,1.0492,103.9749833,385954.17928326124,115986.9357174938,2,246.52071050953188,70,164,8,96.43315542205937,4.5,3.7612001156935624,0
4699,Aviari Food Court,restaurant,F&B,Indonesia.Batam.Kuliner.202406162232.db,places,1.0521061,103.9690414,385293.1036392802,116308.41773349962,2,923.3821277462162,58,143,18,66.41501818353706,4.1,3.8918202981106265,0
4700,Warung kak sitok,soup kitchen,F&B,Indonesia.Batam.Kuliner.202406162232.db,places,1.0275227,104.0590863,395311.85211661924,113587.66960237172,4,295.68085274679305,89,172,1,4.307770221742567,0.0,0.0,0
4701,AYAM GEPREK D LALA,chicken restaurant,F&B,Indonesia.Batam.Kuliner.202406162232.db,places,1.046368,103.9724406,385671.1392076271,115673.9557337698,2,367.7241967960336,32,154,2,52.295757100120454,4.6,5.247024072160486,2
4702,WR M SEAFOOD Ranah Melayu,seafood restaurant,F&B,Indonesia.Batam.Kuliner.202406162232.db,places,1.0260937,104.0631725,395766.4863676869,113429.56679174042,4,659.6160078454404,86,137,1,7.14385188911717,4.1,2.0794415416798357,0
4704,Mie Ayam & Bakso Citra Solo Pak Kumis,restaurant,F&B,Indonesia.Batam.Kuliner.202406162232.db,places,1.0476204,103.9801922,386533.73887341924,115812.1246323474,2,506.8795619833866,53,146,18,63.951062999608325,4.4,3.4339872044851463,0
4705,PEMPEK DAN AYAM BAKAR 66,restaurant,F&B,Indonesia.Batam.Kuliner.202406162232.db,places,1.0279839,104.0607378,395495.63324340736,113638.5990414882,4,320.9542999415236,94,168,26,26.269693208240867,5.0,1.6094379124341003,0
4706,Warung Alhamdulillah,restaurant,F&B,Indonesia.Batam.Kuliner.202406162232.db,places,1.0473526,103.9772747,386209.0865273631,115782.62565170115,2,181.2301912286572,51,150,18,15.014653179713042,4.0,1.791759469228055,0
4707,WARUNG MIE AYAM & BAKSO SOLO GMP,bakso restaurant,F&B,Indonesia.Batam.Kuliner.202406162232.db,places,1.0270389,104.0591905,395323.43094255053,113534.18432508358,4,350.0258341358079,92,167,6,3.4585588189680347,4.8,2.6390573296152584,0
4708,Nasi Padang Ranah Bundo  Genta Pos  Batu Aji,padang restaurant,F&B,Indonesia.Batam.Kuliner.202406162232.db,places,1.0473493,103.9806999,386590.2230425191,115782.13668310316,2,560.6277509714245,55,147,4,10.841652442492347,4.7,3.871201010907891,0
4709,Simpang GMP Tg piayu,restaurant,F&B,Indonesia.Batam.Kuliner.202406162232.db,places,1.0282341,104.0621536,395653.1805382022,113666.21117355596,4,425.3867680959625,89,167,25,1.391023313450371,0.0,0.0,0
4710,Warung Mavega,restaurant,F&B,Indonesia.Batam.Kuliner.202406162232.db,places,1.026371,104.062899,395736.0623992818,113460.22991020695,4,616.445561522425,87,142,25,8.583590796662177,5.0,1.3862943611198906,0
4713,Warung Prayogi,restaurant,F&B,Indonesia.Batam.Kuliner.202406162232.db,places,1.0522294,103.9766829,386143.4108041191,116321.76839777666,2,580.3935399580263,50,153,13,30.592764407475826,4.5,2.1972245773362196,0
4714,Mie Ayam Mbah Gilang,breakfast restaurant,F&B,Indonesia.Batam.Kuliner.202406162232.db,places,1.0266968,104.0616884,395601.366815511,113496.28506807527,4,497.97040277664973,96,158,2,39.14228173015917,0.0,0.0,0
4715,Warung Barokah Pak Imam,restaurant,F&B,Indonesia.Batam.Kuliner.202406162232.db,places,1.0468009,103.976793,386155.4657725749,115721.65373123916,2,128.83017729974537,52,150,18,31.734356790021113,0.0,0.0,0
4716,CFC Batu Aji,restaurant,F&B,Indonesia.Batam.Kuliner.202406162232.db,places,1.0526964,103.9719979,385622.1079073427,116373.56585796716,2,743.2524593969592,50,154,11,33.00895486262764,4.5,4.454347296253507,2
4717,Warung Pak Narto,grocery store,F&B,Indonesia.Batam.Kuliner.202406162232.db,places,1.0311315,104.0547426,394828.63663501356,113986.7490252497,4,469.8795319921005,56,172,0,69.62999982103516,0.0,0.0,0
4718,Ganto Minang,padang restaurant,F&B,Indonesia.Batam.Kuliner.202406162232.db,places,1.0493865,103.9739576,385840.05193045735,116007.59037737749,2,318.2800007339053,66,166,3,72.230510375771,0.0,0.0,0
4719,RM Golansi,restaurant,F&B,Indonesia.Batam.Kuliner.202406162232.db,places,1.0482284,103.9797833,386488.26073245885,115879.35265719375,2,475.1312002943316,61,145,20,29.218299667861498,5.0,1.0986122886681098,0
4720,caffee kangen ice cream,ice cream shop,F&B,Indonesia.Batam.Kuliner.202406162232.db,places,1.0275392,104.0576287,395149.6621385877,113589.54140733926,4,323.2534587305596,72,173,0,1.8993103683961976,3.8,1.6094379124341003,0
4721,Bbq Ride Batam,diner,F&B,Indonesia.Batam.Kuliner.202406162232.db,places,1.0496841,103.9779926,386289.05449893704,116040.34251402912,2,387.005227961612,77,156,1,106.95284810282794,5.0,0.6931471805599453,0
4723,Warung Sate Jawa Timur Cak Mat Pancur,satay restaurant,F&B,Indonesia.Batam.Kuliner.202406162232.db,places,1.0259837,104.0624738,395688.73690826085,113417.42958467972,4,614.5547279418007,88,141,1,8.470264829709379,4.5,2.1972245773362196,0
4724,Pempek Cek Lisa Batam,pempek restaurant,F&B,Indonesia.Batam.Kuliner.202406162232.db,places,1.0516084,103.9728202,385713.5691750892,116253.25916276134,2,592.571676274201,55,161,0,85.90748679777714,4.6,3.367295829986474,0
4726,Martabak sari salwa,murtabak restaurant,F&B,Indonesia.Batam.Kuliner.202406162232.db,places,1.0487122,103.9775065,386234.9289817309,115932.91846973148,2,272.7556773706768,70,154,1,37.28814030707571,4.3,5.225746673713202,0
4727,PEMPEK & PINDANG MERANJAT PALEMBANG,diner,F&B,Indonesia.Batam.Kuliner.202406162232.db,places,1.0289507,104.0562764,394999.2346610918,113745.62078474268,4,318.3480336897111,71,181,8,0.0,5.0,1.6094379124341003,0
4728,Warung Mie Pangsit Malang Cak Rofi,diner,F&B,Indonesia.Batam.Kuliner.202406162232.db,places,1.0493449,103.9693704,385329.6122338815,116003.15936337845,2,744.2523731150412,67,162,2,42.016507034638686,0.0,0.0,0
4730,Waroeng Nasi Pecel Daun (NPD) Batam,restaurant,F&B,Indonesia.Batam.Kuliner.202406162232.db,places,1.0487287,103.9778412,386272.17307520175,115934.73034972038,2,302.7811049528132,72,157,26,37.28814030707571,4.6,3.367295829986474,0
4732,BAKSO DAN SEBLAK,diner,F&B,Indonesia.Batam.Kuliner.202406162232.db,places,1.0202742,104.0676231,396261.5271622701,112786.10475845753,4,1466.896698225887,11,63,0,171.33058548309572,5.0,1.0986122886681098,0
4733,Warung Candu Rasa,nasi restaurant,F&B,Indonesia.Batam.Kuliner.202406162232.db,places,1.0489329,103.9758083,386045.97094185365,115957.37823320455,2,205.48300939022016,69,165,2,19.77661075185938,5.0,1.3862943611198906,0
4734,Waroeng Seafood Family,coffee shop,F&B,Indonesia.Batam.Kuliner.202406162232.db,places,1.0264295,104.0581392,395206.4305125978,113466.85239260361,4,423.1256198705355,73,167,1,23.778928270343645,5.0,1.0986122886681098,0
4735,Angkringan Cak Ton s,cafe,F&B,Indonesia.Batam.Kuliner.202406162232.db,places,1.0280932,104.0618928,395624.15618081845,113650.64386534956,4,409.2621873672882,94,168,4,27.13389679213051,4.8,2.833213344056216,0
4736,Bakso Kuah Dan Cireng Sederhana,restaurant,F&B,Indonesia.Batam.Kuliner.202406162232.db,places,1.0267955,104.0588271,395282.9866653093,113507.28947752477,4,375.013011095455,91,167,22,42.241415961320165,5.0,0.6931471805599453,0
4738,pondok rawon elsano batam,restaurant,F&B,Indonesia.Batam.Kuliner.202406162232.db,places,1.0484447,103.9796324,386471.4772452675,115903.26967191504,2,466.1567965422531,62,148,21,23.942834112589637,0.0,0.0,0
4739,Nasi Campur Purbalingga,restaurant,F&B,Indonesia.Batam.Kuliner.202406162232.db,places,1.0285148,104.0616235,395594.2042826526,113697.25857724815,4,358.8292428736013,92,169,26,3.7541786706449574,0.0,0.0,0
4743,MARTABAK CHAMANK 03,murtabak restaurant,F&B,Indonesia.Batam.Kuliner.202406162232.db,places,1.0484986,103.979424,386448.28964142,115909.23577056958,2,446.33910490300235,63,149,1,23.942834112589637,4.2,3.828641396489095,1
4745,Rokubawae,bakery,F&B,Indonesia.Batam.Kuliner.202406162232.db,places,1.0274204,104.0597672,395387.6140796599,113576.3385040107,4,322.14070383392726,90,168,0,18.038998303177767,5.0,1.6094379124341003,0
4747,Kedai Bucin (SEBLAK & BAKSO ACI,restaurant,F&B,Indonesia.Batam.Kuliner.202406162232.db,places,1.0473506,103.9764665,386119.15452953754,115782.4339126021,2,93.68953028295265,52,156,18,25.904907126941918,5.0,1.6094379124341003,0
4748,Alan,diner,F&B,Indonesia.Batam.Kuliner.202406162232.db,places,1.0102648,104.0710456,396642.03839020175,111679.50535283017,-1,0.0,1,8,1,263.2893865584771,0.0,0.0,0
4749,Citra Utami,indonesian restaurant,F&B,Indonesia.Batam.Kuliner.202406162232.db,places,1.0529528,103.9687,385255.1454909766,116402.0316496337,2,1011.38312185873,53,139,3,0.0,0.0,0.0,0
4750,Warung Mbah evo,grocery store,F&B,Indonesia.Batam.Kuliner.202406162232.db,places,1.0271982,104.0576697,395154.2131869058,113551.84406496814,4,356.03083533168507,69,173,2,23.240444179268206,4.0,0.6931471805599453,0
4752,Warung Sarapan Pagi Uni,breakfast restaurant,F&B,Indonesia.Batam.Kuliner.202406162232.db,places,1.053041,103.9781216,386303.5303294263,116411.43676749364,2,713.3198685635903,44,129,0,17.00252459698084,5.0,1.3862943611198906,0
4754,Warung Kuring,restaurant,F&B,Indonesia.Batam.Kuliner.202406162232.db,places,1.0460985,103.9661951,384976.1636001376,115644.39123134983,2,1059.74370021982,51,120,17,67.0109418957499,2.5,1.0986122886681098,0
4758,Warung Makan POJOK GMP,javanese restaurant,F&B,Indonesia.Batam.Kuliner.202406162232.db,places,1.0417769,104.0544856,394800.3909649261,115163.55914448417,4,1370.4811302497856,23,66,0,6.835930435123046,0.0,0.0,0
4759,RM  Dua Saudara,padang restaurant,F&B,Indonesia.Batam.Kuliner.202406162232.db,places,1.0540295,103.9764068,386112.753350327,116520.77623542547,2,772.6919641361004,40,137,3,139.50600497795006,4.4,1.791759469228055,0
4760,Warung Sido Mukti,restaurant,F&B,Indonesia.Batam.Kuliner.202406162232.db,places,1.0318176,104.0564075,395013.91632873676,114062.53932682307,4,327.00743670527555,63,184,16,26.305044556033227,4.8,1.6094379124341003,0
4761,Warung Makan Jowo Sumatera,indonesian restaurant,F&B,Indonesia.Batam.Kuliner.202406162232.db,places,1.0529639,103.9751268,385970.2836959835,116403.02290092409,2,653.3052633734053,51,158,6,24.39291006738262,5.0,0.6931471805599453,0
4763,Warung Nasi Sahabat Rantau,nasi restaurant,F&B,Indonesia.Batam.Kuliner.202406162232.db,places,1.0526624,103.9781304,386304.49582410307,116369.58293247959,2,675.2379277381532,47,131,1,34.26031900636005,5.0,1.0986122886681098,0
4764,Ayam Geprek Barokah Forever,chicken restaurant,F&B,Indonesia.Batam.Kuliner.202406162232.db,places,1.0294711,104.0609546,395519.8054392246,113802.994977759,4,246.16766992343062,84,177,1,15.666465613999613,5.0,1.3862943611198906,0
4766,Warung Jowo Pakde,indonesian restaurant,F&B,Indonesia.Batam.Kuliner.202406162232.db,places,1.0523853,103.974747,385928.00071981887,116339.07359334966,2,595.4533155905268,54,156,6,16.245568723973697,0.0,0.0,0
4767,Ayam Geprek & Crispy Ruang Santai by Lariz Fried Chicken,diner,F&B,Indonesia.Batam.Kuliner.202406162232.db,places,1.0289507,104.0562764,394999.2346610918,113745.62078474268,4,318.3480336897111,71,181,8,0.0,5.0,0.6931471805599453,0
4769,WARUNG CABE IJO cab putri tujuh,chicken restaurant,F&B,Indonesia.Batam.Kuliner.202406162232.db,places,1.05247,103.97093,385503.2697755931,116348.57690411419,2,795.718243525318,60,156,3,22.589306625790858,5.0,1.0986122886681098,0
4770,Vindy s Sop Ikan & Lekker,halal restaurant,F&B,Indonesia.Batam.Kuliner.202406162232.db,places,1.0315202,104.0542502,394773.8589183346,114029.73435566037,4,533.6717996477103,58,173,0,23.934152045138926,0.0,0.0,0
4771,Rumah Makan Gunung Sarik Kabil,restaurant,F&B,Indonesia.Batam.Kuliner.202406162232.db,places,1.1125005,104.1336435,403610.56794159045,122979.03648086371,8,104.18326192591218,22,32,8,29.12413070598062,0.0,0.0,0
4772,RM  Bapak Brastagi,indonesian restaurant,F&B,Indonesia.Batam.Kuliner.202406162232.db,places,1.0527722,103.9765143,386124.6696682769,116381.78009594158,2,636.3172612202911,50,151,6,29.383779614354467,0.0,0.0,0
4774,WARUNG TENTREM,restaurant,F&B,Indonesia.Batam.Kuliner.202406162232.db,places,1.0492903,103.9768977,386167.2060910337,115996.84849032474,2,280.0601399781424,73,160,27,11.223910390980782,0.0,0.0,0
4776,Molen Piayu,restaurant,F&B,Indonesia.Batam.Kuliner.202406162232.db,places,1.0313172,104.0539244,394737.5997301244,114007.30438102559,4,563.2080257093955,62,167,15,3.850698372455336,2.6,2.0794415416798357,0
4777,WARUNG NASI GORENG TRESNOKU,nasi goreng restaurant,F&B,Indonesia.Batam.Kuliner.202406162232.db,places,1.0528516,103.9753155,385991.27705800923,116390.60143513244,2,639.3108289260955,52,157,0,24.39291006738262,3.8,1.791759469228055,0
4778,Dapoer Rizky,restaurant,F&B,Indonesia.Batam.Kuliner.202406162232.db,places,1.0146593,104.0723101,396782.8814311485,112165.25502886632,4,2277.405752258716,6,19,0,68.53336825269463,4.7,1.3862943611198906,0
4780,Sarapan Pagi Langkat Berseri  Warung FADHRAZHAAB,cafe,F&B,Indonesia.Batam.Kuliner.202406162232.db,places,1.0281772,104.0563878,395011.60511674185,113660.11018438463,4,353.651296896817,63,180,0,83.55535731334005,4.0,0.6931471805599453,0
4782,Mie ayam bakso tulang pak Ndut semarang,noodle shop,F&B,Indonesia.Batam.Kuliner.202406162232.db,places,1.0333165,104.0558517,394952.12043186475,114228.25433444256,4,481.3284060389005,62,177,0,1.101223962678541,0.0,0.0,0
4786,Kedai Makan Nah Ni kopi dan seafood,restaurant,F&B,Indonesia.Batam.Kuliner.202406162232.db,places,1.0359454,104.1147478,401505.64470502746,114516.97571379591,-1,0.0,2,2,1,206.01295334080027,4.7,1.3862943611198906,0
4787,Kelapa Muda Kang Gopex,restaurant,F&B,Indonesia.Batam.Kuliner.202406162232.db,places,1.0264035,104.0630775,395755.9255393526,113463.81681258469,4,628.676439350861,87,141,25,4.3517561193684,0.0,0.0,0
4788,BASO MALANG & MIE AYAM BROMO,bakso restaurant,F&B,Indonesia.Batam.Kuliner.202406162232.db,places,1.0281949,104.0612849,395556.51712517405,113661.90620537386,4,348.3346209512785,93,169,6,27.963887470825693,4.5,3.1354942159291497,0
4790,Putra Pasaman,indonesian restaurant,F&B,Indonesia.Batam.Kuliner.202406162232.db,places,1.028325,104.061973,395633.0877378664,113676.26564600246,4,402.97488120965573,94,168,5,21.378641861332284,0.0,0.0,0
4791,Emi,restaurant,F&B,Indonesia.Batam.Kuliner.202406162232.db,places,1.0392588,104.1338784,403634.40629932197,114882.661032937,14,637.710235711859,7,23,1,421.87082826107235,3.8,1.9459101490553132,0
4792,Kue luti gendang,cake shop,F&B,Indonesia.Batam.Kuliner.202406162232.db,places,1.0271708,104.0572669,395109.39179171994,113548.82833842626,4,377.69112143192257,57,172,0,44.92273447799164,0.0,0.0,0
4794,Tualang Food,deli,F&B,Indonesia.Batam.Kuliner.202406162232.db,places,1.0340688,104.0529857,394633.2390104375,114311.51271048053,4,781.8712709792811,62,131,0,133.3156306479545,0.0,0.0,0
4795,Kaliban Foodcourt,restaurant,F&B,Indonesia.Batam.Kuliner.202406162232.db,places,1.0751234,104.1200606,402098.02627494314,118847.68579656632,3,532.0781923209344,31,64,4,70.75556795542357,4.8,2.8903717578961645,0
4796,Rumah Makan  KAWI,diner,F&B,Indonesia.Batam.Kuliner.202406162232.db,places,1.0278401,104.0604498,395463.58216720243,113622.71204658838,4,314.0775470319964,91,170,3,35.772448795695496,0.0,0.0,0
4797,RM  LOPO BASA,nasi restaurant,F&B,Indonesia.Batam.Kuliner.202406162232.db,places,1.0701908,104.1194772,402032.95522433985,118302.43730936054,3,18.148134789674387,43,76,1,28.36181157784463,0.0,0.0,0
4798,Grosmart Piayu,supermarket,F&B,Indonesia.Batam.Kuliner.202406162232.db,places,1.0260498,104.0624353,395684.4550686654,113424.73788379539,4,606.2278808872423,89,141,0,8.470264829709379,4.2,6.484635235635252,0
4799,Soto Kwali Ndeso,soto ayam restaurant,F&B,Indonesia.Batam.Kuliner.202406162232.db,places,1.0648642,104.0160134,390520.2964427369,117717.0974683043,13,772.122933602048,13,29,0,23.87665065647538,4.3,3.58351893845611,2
4801,De  Pallet FoodCourt,restaurant,F&B,Indonesia.Batam.Kuliner.202406162232.db,places,1.0562574,104.0351794,392652.6402173349,116764.97438623788,-1,0.0,5,8,3,46.546492934914255,4.0,4.882801922586371,0
4802,Warung Joko Gede Lamongan,indonesian restaurant,F&B,Indonesia.Batam.Kuliner.202406162232.db,places,1.0346588,104.0578989,395179.96081907355,114376.57185405988,4,505.6938174480498,44,169,4,53.04706507197168,0.0,0.0,0
4803,Nasi goreng tek tek,nasi goreng restaurant,F&B,Indonesia.Batam.Kuliner.202406162232.db,places,1.0699712,104.1169995,401757.25718827045,118278.24117614301,3,274.82613347437695,38,69,1,46.68348942521651,5.0,0.6931471805599453,0
4804,RM Idola Gmp,padang restaurant,F&B,Indonesia.Batam.Kuliner.202406162232.db,places,1.0287849,104.0613211,395560.56435987103,113727.12676525001,4,314.71322354503343,89,171,3,15.114336406383925,4.0,0.6931471805599453,0
4805,Jasinta Kopitiam,restaurant,F&B,Indonesia.Batam.Kuliner.202406162232.db,places,1.0703353,104.1241754,402555.7230063292,118318.26117265591,3,526.8525966964239,26,64,7,35.730880025185854,5.0,1.3862943611198906,0
4808,Mie Godhok Abikay,noodle shop,F&B,Indonesia.Batam.Kuliner.202406162232.db,places,1.0270626,104.055423,394904.21310626215,113536.92789675687,4,515.3735611096297,48,169,2,112.81970658566186,5.0,1.0986122886681098,0
4810,Angkringan Sragen Batam 02,cafe,F&B,Indonesia.Batam.Kuliner.202406162232.db,places,1.0264265,104.0629788,395744.94371842546,113466.36257141798,4,618.8100301559714,87,142,4,4.238187993708166,4.0,0.6931471805599453,0
4812,Wr  Makan Sumber Rezeki,restaurant,F&B,Indonesia.Batam.Kuliner.202406162232.db,places,1.0262195,104.0571484,395096.17500647885,113443.67033132023,4,478.2288390947518,46,168,11,101.92580481254618,4.3,1.6094379124341003,0
4813,BAKSO BAKAR KING JOFRREY,bakso restaurant,F&B,Indonesia.Batam.Kuliner.202406162232.db,places,1.0701545,104.1203804,402133.4521329934,118298.3957451596,3,106.81112479913236,45,76,1,4.21716306519129,0.0,0.0,0
4814,Es doger,soup kitchen,F&B,Indonesia.Batam.Kuliner.202406162232.db,places,1.0287819,104.0625668,395699.175978785,113726.75437969134,4,440.7711567725016,87,163,1,23.175930202650196,0.0,0.0,0
4815,Warung soto and ayam bakar,restaurant,F&B,Indonesia.Batam.Kuliner.202406162232.db,places,1.0856137,104.1344034,403694.25834049034,120006.86023835125,-1,0.0,1,2,1,482.2479007318165,5.0,1.9459101490553132,0
4816,Lemon mart,convenience store,F&B,Indonesia.Batam.Kuliner.202406162232.db,places,1.0298521,104.0603757,395455.40239533014,113845.13173553468,4,172.68966883557695,84,179,0,68.7167600081226,4.6,3.258096538021482,0
4818,Ampera Padang Kota,padang restaurant,F&B,Indonesia.Batam.Kuliner.202406162232.db,places,1.0317808,104.0544334,394794.2525641764,114058.53646875257,4,523.0919062174395,58,173,0,16.11587640518269,0.0,0.0,0
4822,toko William,grocery store,F&B,Indonesia.Batam.Kuliner.202406162232.db,places,1.0265835,104.05799,395189.8336919653,113483.88127907866,4,410.0224106631544,71,169,2,23.778928270343645,5.0,1.0986122886681098,0
4823,SELERA KELUARGA,restaurant,F&B,Indonesia.Batam.Kuliner.202406162232.db,places,1.0696826,104.1223844,402356.41997798276,118246.166409656,3,335.79127529147803,29,71,8,70.69662580034834,0.0,0.0,0
4824,Waroeng Mie Aceh Peureulak Jaya,noodle shop,F&B,Indonesia.Batam.Kuliner.202406162232.db,places,1.0264356,104.0629418,395740.8269418328,113467.3697397038,4,615.0882061516556,87,142,3,4.238187993708166,0.0,0.0,0
4825,Bubur Bayi Baby Organic,breakfast restaurant,F&B,Indonesia.Batam.Kuliner.202406162232.db,places,1.0288419,104.0614446,395574.30832598044,113733.42380641504,4,323.7982694542433,90,172,2,2.9873640166711684,0.0,0.0,0
4826,Bakso Mandiri,bakso restaurant,F&B,Indonesia.Batam.Kuliner.202406162232.db,places,1.0704662,104.1202683,402120.98877500015,118332.85574421549,3,92.99126169750647,48,73,2,36.2911798607519,4.0,0.6931471805599453,0
4827,Shakeel Kebab,turkish restaurant,F&B,Indonesia.Batam.Kuliner.202406162232.db,places,1.0286817,104.0614102,395570.47535442235,113715.7155710965,4,329.00049000537575,92,171,0,15.114336406383925,5.0,1.0986122886681098,0
4829,Toko Grosir Achiang,grocery store,F&B,Indonesia.Batam.Kuliner.202406162232.db,places,1.0261182,104.0624898,395690.52162083314,113432.29740455806,4,604.5774229900296,88,141,1,9.69275035093023,4.3,1.9459101490553132,0
4830,Warung Teteh,breakfast restaurant,F&B,Indonesia.Batam.Kuliner.202406162232.db,places,1.0325741,104.1292778,403122.29615525255,114143.85329975713,14,282.5077435151654,17,22,0,51.88332481771591,0.0,0.0,0
4831,Elvi Kuliner,donut shop,F&B,Indonesia.Batam.Kuliner.202406162232.db,places,1.0292825,104.0572213,395104.38670782803,113782.26868234629,4,207.994431921359,86,186,0,90.89184775599733,0.0,0.0,0
4833,Nasi Goreng Bang Abdul,health food restaurant,F&B,Indonesia.Batam.Kuliner.202406162232.db,places,1.0730743,104.1222304,402339.39198581,118621.10164688643,3,432.4479753878805,40,62,0,3.3200294580206493,4.3,1.3862943611198906,0
4834,Warnet GMC,cafe,F&B,Indonesia.Batam.Kuliner.202406162232.db,places,1.028147,104.0609095,395514.7439850186,113656.62336772593,4,320.78161359050466,93,170,4,26.269693208240867,4.7,1.3862943611198906,0
4835,Budi Luhur,convenience store,F&B,Indonesia.Batam.Kuliner.202406162232.db,places,1.0306769,104.054243,394773.0300644657,113936.51152564606,4,516.5805284947896,54,171,0,7.123030866221943,4.2,2.3978952727983707,0
4836,Warung Buk De Teckno,restaurant,F&B,Indonesia.Batam.Kuliner.202406162232.db,places,1.0839648,104.1303908,403247.73216062627,119824.71357092018,-1,0.0,2,3,1,362.1086053840263,4.6,2.995732273553991,0
4837,TOKO CITRA,grocery store,F&B,Indonesia.Batam.Kuliner.202406162232.db,places,1.0277596,104.0600401,395417.9913130066,113613.82655853014,4,298.8172493564574,88,171,3,27.2115445410994,4.0,2.5649493574615367,0
4838,Eskrim Goreng,nasi goreng restaurant,F&B,Indonesia.Batam.Kuliner.202406162232.db,places,1.0698344,104.1177183,401837.2329774646,118263.09579992095,3,199.94494602269899,39,76,1,15.752524042725899,3.0,0.6931471805599453,0
4839,Rumah,breakfast restaurant,F&B,Indonesia.Batam.Kuliner.202406162232.db,places,1.0671605,104.1139819,401421.4021558254,117967.63271695317,3,702.3313432216871,10,52,0,89.83965967762548,5.0,1.0986122886681098,0
4840,Molen Keju,health food store,F&B,Indonesia.Batam.Kuliner.202406162232.db,places,1.0311674,104.053844,394728.64851349365,113990.74731387828,4,568.5497560157411,62,166,0,4.432104089244986,0.0,0.0,0
4841,Sate Padang & Martabak Mesir Nadin Yoga,indonesian restaurant,F&B,Indonesia.Batam.Kuliner.202406162232.db,places,1.0325095,104.0560915,394978.77700552146,114139.03618768133,4,400.96538663323753,63,174,3,16.58105783106889,5.0,1.0986122886681098,0
4842,Restoran Kampung - Masakan Bu Noer,restaurant,F&B,Indonesia.Batam.Kuliner.202406162232.db,places,1.0348463,104.1132526,401339.239399152,114395.52361986299,-1,0.0,2,2,1,8.150564792357203,5.0,0.6931471805599453,0
4843,WARKOP AND LAPO SIUMBRELLA,cafe,F&B,Indonesia.Batam.Kuliner.202406162232.db,places,1.0300646,104.0612202,395549.3786442812,113868.59493090308,4,262.9787270444684,77,178,4,17.528102371040973,0.0,0.0,0
4844,Warung keripik Mbak Atik kavling Punggur Nongsa batam,brunch restaurant,F&B,Indonesia.Batam.Kuliner.202406162232.db,places,1.0640262,104.1175958,401823.4183907432,117621.04026802292,3,728.6460571368442,8,48,0,44.7123975757257,0.0,0.0,0
4846,kopiah Batam,coffee shop,F&B,Indonesia.Batam.Kuliner.202406162232.db,places,1.0325262,104.0552859,394889.1366530697,114140.90892276722,4,474.3295974893988,63,173,1,32.97275181945647,5.0,1.0986122886681098,0
4848,Sate danggung2,indonesian restaurant,F&B,Indonesia.Batam.Kuliner.202406162232.db,places,1.0273063,104.0595762,395366.3573639039,113563.731530589,4,328.34691027084773,89,168,4,6.209076541149729,0.0,0.0,0
4849,Bakso Waroeng Pojok,bakso restaurant,F&B,Indonesia.Batam.Kuliner.202406162232.db,places,1.0673543,104.0253795,391562.570364776,117992.03828000608,13,406.15247304815983,19,48,1,8.306439005213404,3.8,3.044522437723423,0
4855,Rumah Makan Anugerah,restaurant,F&B,Indonesia.Batam.Kuliner.202406162232.db,places,1.072585,104.023615,391366.41492660105,118570.33655688488,13,486.4459631856492,20,41,6,37.07767069045067,5.0,0.6931471805599453,0
4857,Pancur Tower 1,gated community,F&B,Indonesia.Batam.Kuliner.202406162232.db,places,1.0260691,104.0617701,395610.43740105076,113426.89310704944,4,558.7037003401813,94,147,0,37.43909648480451,4.1,3.828641396489095,0
4858,Warung Budhi Utomo,restaurant,F&B,Indonesia.Batam.Kuliner.202406162232.db,places,1.0701467,104.1203433,402129.3238104364,118297.5346893054,3,102.95798291539077,45,76,13,4.21716306519129,4.0,1.6094379124341003,0
4860,Nasgor Kambing,nasi goreng restaurant,F&B,Indonesia.Batam.Kuliner.202406162232.db,places,1.0456264,104.0304535,392126.41446868156,115589.9198729145,-1,0.0,3,7,0,0.0,5.0,1.3862943611198906,0
4861,Abauna bth,coffee shop,F&B,Indonesia.Batam.Kuliner.202406162232.db,places,1.0246064,104.0569533,395074.41323240486,113265.35583911614,4,652.4487858974913,39,147,1,2.6837297014381356,5.0,0.6931471805599453,0
4862,Burjo & Nasgor,restaurant,F&B,Indonesia.Batam.Kuliner.202406162232.db,places,1.0342176,104.0569484,395074.18220349296,114327.83061279166,4,493.6597925887879,55,171,16,58.30639491659916,0.0,0.0,0
4863,Ok,restaurant,F&B,Indonesia.Batam.Kuliner.202406162232.db,places,1.1483384,104.0157322,390492.0684308873,126944.91892625389,0,1344.8509940578138,161,336,50,20.836291241726375,0.0,0.0,0
4864,Jajananciliq,dim sum restaurant,F&B,Indonesia.Batam.Kuliner.202406162232.db,places,1.024625,104.0569688,395076.138560655,113267.4114771046,4,649.9442569832323,39,148,0,2.6837297014381356,5.0,1.3862943611198906,0
4865,Warung mbak Darni,nasi restaurant,F&B,Indonesia.Batam.Kuliner.202406162232.db,places,1.0730448,104.122236,402340.0141549447,118617.84043527569,3,430.6338787281808,40,62,2,3.3200294580206493,0.0,0.0,0
4866,Umar Djuanda,restaurant,F&B,Indonesia.Batam.Kuliner.202406162232.db,places,1.0232897,104.0570294,395082.83825307165,113119.79813574954,4,789.2823395340495,22,128,6,5.268647001308669,0.0,0.0,0
4868,RM  Kesehatan Jawara,diner,F&B,Indonesia.Batam.Kuliner.202406162232.db,places,1.0269302,104.0596797,395377.8618119383,113522.15202379016,4,371.4766506657292,94,165,4,41.61597043464548,0.0,0.0,0
4869,Resto & Lesehan Sate Jumbo,satay restaurant,F&B,Indonesia.Batam.Kuliner.202406162232.db,places,1.148863,104.013811,390278.3178407002,127002.98553935168,0,1513.9518297932368,181,351,3,7.677510738512162,4.5,1.0986122886681098,0
4870,prasmanan jawa timur,javanese restaurant,F&B,Indonesia.Batam.Kuliner.202406162232.db,places,1.0253023,104.0642812,395889.8282613731,113342.04518965268,4,809.6623507282994,63,130,0,27.101389543719023,4.0,0.6931471805599453,0
4871,Pempek izra,diner,F&B,Indonesia.Batam.Kuliner.202406162232.db,places,1.0250112,104.0561274,394982.5264876528,113310.13171685254,4,648.0073773739182,38,152,3,102.21571840082134,2.0,0.6931471805599453,0
4872,Siti Nurbaya,satay restaurant,F&B,Indonesia.Batam.Kuliner.202406162232.db,places,1.1487803,104.0137135,390267.4659259236,126993.84704967607,0,1513.3395179762476,179,350,3,1.1601769127727664,3.0,0.6931471805599453,0
4873,AYAM BAKAR TALIWANG,restaurant,F&B,Indonesia.Batam.Kuliner.202406162232.db,places,1.0771069,104.118111,401881.1601370786,119067.01163404004,3,761.3577560210132,19,59,4,58.186564391530574,0.0,0.0,0
4875,Waroeng husna belakang gros mart,restaurant,F&B,Indonesia.Batam.Kuliner.202406162232.db,places,1.0263413,104.0615699,395588.1695236514,113456.99007669302,4,521.2718962156081,97,152,27,25.10421971633797,0.0,0.0,0
4878,duriangkang,clothing store,F&B,Indonesia.Batam.Kuliner.202406162232.db,places,1.028003,104.0600036,395413.937795584,113640.73449700221,4,272.9854261628033,86,172,0,27.2115445410994,4.4,2.0794415416798357,0
4880,Sederhana Pasundan,sundanese restaurant,F&B,Indonesia.Batam.Kuliner.202406162232.db,places,1.069582,104.1216,402269.1375137617,118235.07070392928,3,254.87286172538396,33,73,0,17.732908593059033,4.5,1.6094379124341003,0
4882,Sate Kambing Pak Usman,satay restaurant,F&B,Indonesia.Batam.Kuliner.202406162232.db,places,1.069763,104.1164033,401690.9119871729,118255.24508567124,3,344.13214721436066,38,69,1,40.04723535468957,4.4,3.4657359027997265,0
4885,Warung Uni Desi,restaurant,F&B,Indonesia.Batam.Kuliner.202406162232.db,places,1.1506989,104.015512,390467.65689410723,127205.87333997287,0,1584.1317023039553,114,296,39,0.0,3.8,2.5649493574615367,1
4886,Warung Khas Medan,snack bar,F&B,Indonesia.Batam.Kuliner.202406162232.db,places,1.069034,104.1262145,402782.5701056175,118174.3463763385,3,767.6642407137148,8,46,0,143.09426316648526,0.0,0.0,0
4887,Ayam Bakar Thania Cabang Seraya,indonesian restaurant,F&B,Indonesia.Batam.Kuliner.202406162232.db,places,1.148252,104.0160367,390525.94663741376,126935.35601097687,0,1319.1645772507895,157,340,15,15.05940799314979,5.0,1.0986122886681098,0
4890,RMP Minang Melati,indonesian restaurant,F&B,Indonesia.Batam.Kuliner.202406162232.db,places,1.0807339,104.1309273,403307.3251397769,119467.54229697851,-1,0.0,2,3,0,362.1086053840263,0.0,0.0,0
4891,Rm Batak rolamro,batak restaurant,F&B,Indonesia.Batam.Kuliner.202406162232.db,places,1.0763688,104.1310156,403317.012353697,118985.00723411684,-1,0.0,1,7,0,482.63229171331994,5.0,0.6931471805599453,0
4892,Sate & Gulai Kambing Suramadu,restaurant,F&B,Indonesia.Batam.Kuliner.202406162232.db,places,1.0679417,104.0223221,391222.38790580654,118057.08134395891,13,78.74850733150963,30,54,8,12.688042568045722,5.0,1.0986122886681098,0
4894,Sate Madura Mekar,satay restaurant,F&B,Indonesia.Batam.Kuliner.202406162232.db,places,1.0599796,104.1217429,402284.7354491294,117173.58330295292,3,1174.739471402796,7,14,1,274.4368511260975,5.0,0.6931471805599453,0
4895,Kiki Rumah Makan,padang restaurant,F&B,Indonesia.Batam.Kuliner.202406162232.db,places,1.1485404,104.0131421,390203.8774674088,126967.34877842353,0,1532.9277594528994,180,365,10,17.91211127601631,0.0,0.0,0
4896,RM TAMBUAH CIEK MASAKAN PADANG,family restaurant,F&B,Indonesia.Batam.Kuliner.202406162232.db,places,1.0653348,104.0352903,392665.29311578406,117768.4425468932,-1,0.0,5,8,0,108.69700103113979,4.3,1.6094379124341003,0
4899,Warung oma Aal,nasi restaurant,F&B,Indonesia.Batam.Kuliner.202406162232.db,places,1.032906,104.1280569,402986.45672660676,114180.57984910338,14,385.79594671165205,13,22,0,37.9759138184638,0.0,0.0,0
4901,My Taste,restaurant,F&B,Indonesia.Batam.Kuliner.202406162232.db,places,1.148209,104.012976,390185.38297678763,126930.71988722472,0,1517.4784629630324,180,372,51,0.0,0.0,0.0,0
4904,Warung Mie Aceh Di Raja,noodle shop,F&B,Indonesia.Batam.Kuliner.202406162232.db,places,1.0258251,104.0647923,395946.7163617422,113399.82161248394,4,817.5063530632145,60,129,2,15.026011554642443,4.8,1.791759469228055,0
4905,Warung Aceh Cirasa,noodle shop,F&B,Indonesia.Batam.Kuliner.202406162232.db,places,1.1482024,104.0149978,390410.3470830211,126929.9126909175,0,1377.0875925708046,173,344,2,10.480751537844759,4.3,2.772588722239781,0
4909,Kinanti Mente,breakfast restaurant,F&B,Indonesia.Batam.Kuliner.202406162232.db,places,1.0195925,104.0730711,396867.71627099725,112710.57110582758,4,1967.8272488962432,11,21,1,20.927440409847893,5.0,0.6931471805599453,0
4911,Bakso Kikil Seraya,bakso restaurant,F&B,Indonesia.Batam.Kuliner.202406162232.db,places,1.1495792,104.0180358,390748.4353967501,127081.99727426622,0,1358.5608017003326,95,333,0,31.876551150554334,5.0,0.6931471805599453,0
4912,Takicok Raso,padang restaurant,F&B,Indonesia.Batam.Kuliner.202406162232.db,places,1.0678066,104.0221971,391208.4741474163,118042.150918971,13,85.51820272434354,28,54,0,8.171687231928896,4.5,3.367295829986474,0
4913,AYAM PENYET berkat buya,fast food restaurant,F&B,Indonesia.Batam.Kuliner.202406162232.db,places,1.0697209,104.1160111,401647.2709388654,118250.60376573703,3,387.8830223444634,37,69,0,43.88716154084103,5.0,0.6931471805599453,0
4915,Masakan Padang,indonesian restaurant,F&B,Indonesia.Batam.Kuliner.202406162232.db,places,1.0351665,104.1324958,403480.4409668913,114430.327487398,14,176.58052142207572,18,23,0,41.636098615618465,0.0,0.0,0
4916,Ayam Penyet Mas Eko,ayam penyet restaurant,F&B,Indonesia.Batam.Kuliner.202406162232.db,places,1.1481494,104.0150759,390419.0351975901,126924.05071019141,0,1367.3183999033665,171,343,2,10.480751537844759,4.6,3.332204510175204,0
4917,Mie ayam pak Wito,diner,F&B,Indonesia.Batam.Kuliner.202406162232.db,places,1.0536069,104.0315614,392249.96652598603,116472.09661010806,-1,0.0,7,12,0,130.39263291622018,0.0,0.0,0
4918,Rm Anna,restaurant,F&B,Indonesia.Batam.Kuliner.202406162232.db,places,1.1488362,104.0178617,390729.03519582876,126999.86764203524,0,1288.24374597413,101,359,35,19.771325475881227,0.0,0.0,0
4919,Warung Mang Opin,restaurant,F&B,Indonesia.Batam.Kuliner.202406162232.db,places,1.1521398,104.010563,389917.0405153554,127365.35113330312,0,2022.3228959086027,57,299,17,44.94037655972552,0.0,0.0,0
4922,Warung mama angga,hawker center,F&B,Indonesia.Batam.Kuliner.202406162232.db,places,1.0887794,104.0518664,394510.5460943201,120359.56894827427,-1,0.0,0,0,0,1227.2590817404948,5.0,0.6931471805599453,0
4924,Angkringan Mendem Kangen,restaurant,F&B,Indonesia.Batam.Kuliner.202406162232.db,places,1.0658129,104.0342895,392553.94892500335,117821.3295807402,-1,0.0,5,8,3,14.842006751543758,0.0,0.0,0
4925,Empek-empek Palembang,restaurant,F&B,Indonesia.Batam.Kuliner.202406162232.db,places,1.1489722,104.0153691,390451.6906930198,127014.99747265285,0,1425.6975732406336,161,326,50,1.2283313739384678,0.0,0.0,0
4926,Kantin Bu e Giri,restaurant,F&B,Indonesia.Batam.Kuliner.202406162232.db,places,1.1501881,104.0142078,390322.52007282455,127149.45606945483,0,1608.3394963712026,146,325,46,0.0,4.0,1.0986122886681098,0
4932,Batagor & siomay Bogarasa,restaurant,F&B,Indonesia.Batam.Kuliner.202406162232.db,places,1.070048,104.1202168,402115.2451682205,118286.62807815788,3,92.63787396537764,45,76,13,6.109793132326926,5.0,1.6094379124341003,0
4934,Sheza Ayam Geprek,chicken restaurant,F&B,Indonesia.Batam.Kuliner.202406162232.db,places,1.0628815,104.1152797,401565.67149631056,117494.57471525295,3,946.6161554411148,8,36,0,31.537183267533266,3.5,1.6094379124341003,0
4937,Ayam Penyet Mak Nyoss,ayam penyet restaurant,F&B,Indonesia.Batam.Kuliner.202406162232.db,places,1.148275,104.0155305,390469.62300296465,126937.91798057199,0,1350.8462579604573,167,342,2,2.3764619970477243,0.0,0.0,0
4938,Dapur Mak Nya,indonesian restaurant,F&B,Indonesia.Batam.Kuliner.202406162232.db,places,1.1484656,104.0129993,390187.9853472605,126959.08535010614,0,1537.0280196658794,179,374,12,17.91211127601631,0.0,0.0,0
4939,Mie Ayam Bakso Cilacap,breakfast restaurant,F&B,Indonesia.Batam.Kuliner.202406162232.db,places,1.0086244,104.076443,397242.5685977394,111497.99639637578,-1,0.0,1,4,0,398.33969680668815,0.0,0.0,0
4941,Warung Tenda Kali Jogo,ayam penyet restaurant,F&B,Indonesia.Batam.Kuliner.202406162232.db,places,1.0412962,103.9845476,387018.1563978987,115112.84032350959,2,1176.7969723132776,32,94,0,71.52511290033618,4.4,4.51085950651685,0
4945,RM Manado Bapontar,brunch restaurant,F&B,Indonesia.Batam.Kuliner.202406162232.db,places,1.1489113,104.0138675,390284.60640021786,127008.32278789436,0,1514.4005733034423,181,348,5,2.5300459845545697,0.0,0.0,0
4946,Warung Sido Asih,bakso restaurant,F&B,Indonesia.Batam.Kuliner.202406162232.db,places,1.0740123,104.1178924,401856.7379316422,118724.93039641826,3,439.88834597935295,41,64,1,55.928225724783054,4.4,2.6390573296152584,0
4947,PONDOK SATE UDA RONI,satay restaurant,F&B,Indonesia.Batam.Kuliner.202406162232.db,places,1.0412996,103.9918929,387835.4986374143,115112.9538596247,2,1915.0606298644338,28,65,0,53.986274216046496,4.4,4.795790545596741,0
4948,Andaliman best wesrern resto,restaurant,F&B,Indonesia.Batam.Kuliner.202406162232.db,places,1.0823449,104.030025,392080.01030143537,119649.03132359308,-1,0.0,5,5,1,36.639222325352016,4.0,0.6931471805599453,0
4952,Jajanan Rizky,salad shop,F&B,Indonesia.Batam.Kuliner.202406162232.db,places,1.0615023,104.1179321,401860.75854135887,117342.02855877882,3,992.4346752826249,9,37,0,143.07647453490668,0.0,0.0,0
4955,Sate Kambing Pak Kumis,nasi restaurant,F&B,Indonesia.Batam.Kuliner.202406162232.db,places,1.0254476,104.0650555,395975.99100324744,113358.08223838167,4,865.9280088626371,51,127,1,12.331103673252816,3.5,1.0986122886681098,0
4958,Romi Seafood,seafood restaurant,F&B,Indonesia.Batam.Kuliner.202406162232.db,places,1.0456264,104.0304534,392126.4033414247,115589.9198763509,-1,0.0,3,7,0,0.0,0.0,0.0,0
4961,Soto Ayam Suroboyo,soto ayam restaurant,F&B,Indonesia.Batam.Kuliner.202406162232.db,places,1.148209,104.012976,390185.38297678763,126930.71988722472,0,1517.4784629630324,180,372,2,0.0,0.0,0.0,0
4962,DAPUR CK,brunch restaurant,F&B,Indonesia.Batam.Kuliner.202406162232.db,places,1.0420203,103.9870351,387294.9768205878,115192.79893079017,2,1382.9160781535652,32,80,0,0.0699626440003562,5.0,0.6931471805599453,0
4963,Ayam penyet kita,ayam penyet restaurant,F&B,Indonesia.Batam.Kuliner.202406162232.db,places,1.0725955,104.0240471,391414.49586003704,118571.48196033518,13,508.0466088046809,21,41,2,30.99631543185286,3.2,2.4849066497880004,0
4968,Kedaima,indonesian restaurant,F&B,Indonesia.Batam.Kuliner.202406162232.db,places,1.0472523,104.0029695,389068.2432598556,115770.61651359982,-1,0.0,8,22,1,23.758951648647763,5.0,0.6931471805599453,0
4970,Bakmie Siantar,noodle shop,F&B,Indonesia.Batam.Kuliner.202406162232.db,places,1.0415704,103.9873096,387325.5055970213,115143.05366204765,2,1431.3491527644478,33,79,1,27.63253057370665,4.7,2.0794415416798357,0
4971,Warung Bakso,bakso restaurant,F&B,Indonesia.Batam.Kuliner.202406162232.db,places,1.0672931,104.0239635,391405.00706089544,117985.32279681572,13,265.16410364321257,21,56,1,0.20028966131260748,0.0,0.0,0
4972,Dapoer Kampoeng,sundanese restaurant,F&B,Indonesia.Batam.Kuliner.202406162232.db,places,1.146367,104.01735,390672.0049780675,126726.92494637208,0,1065.5998912514206,133,350,2,0.0,0.0,0.0,0
4973,Warung Pakde Paidi,brunch restaurant,F&B,Indonesia.Batam.Kuliner.202406162232.db,places,1.0587699,103.9998191,388718.09572061367,117043.96853722098,-1,0.0,0,4,0,926.2080260848094,4.8,2.302585092994046,0
4974,RM  Manado bapontar 168 foodcourt  Batam,diner,F&B,Indonesia.Batam.Kuliner.202406162232.db,places,1.148922,104.0138474,390282.3702951392,127009.50641231163,0,1516.6928473322425,180,348,1,2.5300459845545697,0.0,0.0,0
4975,Sambal Uleg,indonesian restaurant,F&B,Indonesia.Batam.Kuliner.202406162232.db,places,1.0409419,104.0016665,388923.0324144253,115073.06499664816,2,2971.3723956530575,13,25,1,34.77290739974334,5.0,1.0986122886681098,0
4976,Cipta Rasa Seafood 99 Cabang Bukit Kemuning,seafood restaurant,F&B,Indonesia.Batam.Kuliner.202406162232.db,places,1.0699377,104.1181656,401887.0068652412,118274.50064719701,3,149.02137020892928,40,76,0,51.063788008601435,5.0,1.0986122886681098,0
4977,Royal s resto,indonesian restaurant,F&B,Indonesia.Batam.Kuliner.202406162232.db,places,1.0720627,104.0242115,391432.7701749328,118512.5769186492,13,466.4864827413499,24,41,1,3.722600650675081,2.4,2.3978952727983707,0
4978,Tampung Taliwan,bakso restaurant,F&B,Indonesia.Batam.Kuliner.202406162232.db,places,1.0570194,103.9822639,386764.60459425725,116851.09001046604,2,1321.3679688306436,9,54,1,151.50294553648047,5.0,0.6931471805599453,0
4981,Kelapa Muda Yanhans Rasa -rasa,coffee shop,F&B,Indonesia.Batam.Kuliner.202406162232.db,places,1.0696424,104.1233942,402468.7779603352,118241.69044991105,3,446.84118225172426,28,65,4,95.69139872737343,2.0,1.6094379124341003,0
4983,Rm Bakmi Berkat,restaurant,F&B,Indonesia.Batam.Kuliner.202406162232.db,places,1.0631103,104.0165562,390580.63328371954,117523.190142491,13,845.6291860173042,12,29,3,110.13908249587719,0.0,0.0,0
4984,Teras chilli peri,restaurant,F&B,Indonesia.Batam.Kuliner.202406162232.db,places,1.150305,104.0160449,390526.9372271664,127162.30846246003,0,1518.5150828784667,116,302,40,73.5666802316858,0.0,0.0,0
4985,Rumah Makan Berkah Tiga Saudara,restaurant,F&B,Indonesia.Batam.Kuliner.202406162232.db,places,1.0467101,103.9826488,386807.06235830206,115711.40397477295,2,777.7683376769721,40,137,12,53.436037179757605,5.0,0.6931471805599453,0
4986,Disana sarapan pagi (Dhika Sasa Nabil),restaurant,F&B,Indonesia.Batam.Kuliner.202406162232.db,places,1.0639423,104.1179889,401867.15565146453,117611.7531521324,3,726.5927674063117,8,48,1,44.7123975757257,0.0,0.0,0
4988,Seafood bunga rejeky,nasi restaurant,F&B,Indonesia.Batam.Kuliner.202406162232.db,places,1.0443627,103.9879117,387392.60303897667,115451.71466471438,2,1395.0327478558092,26,85,2,104.38351504473343,5.0,0.6931471805599453,0
4989,Batam,coffee shop,F&B,Indonesia.Batam.Kuliner.202406162232.db,places,1.0642809,104.0170911,390640.1941153377,117652.5772670997,13,713.6522711374054,14,33,0,21.421452752640043,0.0,0.0,0
4990,Kitchen Q Batu Aji,restaurant,F&B,Indonesia.Batam.Kuliner.202406162232.db,places,1.0537911,103.9858806,387166.9320112927,116494.07675586217,2,1357.0944512011774,12,50,3,60.85742961138935,5.0,1.9459101490553132,0
4993,RM  Sanggar Budaya Batak,batak restaurant,F&B,Indonesia.Batam.Kuliner.202406162232.db,places,1.0505517,103.9815151,386681.04898447776,116136.12607498892,2,755.3468293655018,32,136,1,25.5732286127157,4.2,4.897839799950911,0
4996,LALAPAN SAMBAL MENTAH,traditional restaurant,F&B,Indonesia.Batam.Kuliner.202406162232.db,places,1.148778,104.0145215,390357.3714459392,126993.56177339141,0,1459.608883857433,170,341,0,32.580835435861516,0.0,0.0,0
4997,RM Khas Batak Silitonga,batak restaurant,F&B,Indonesia.Batam.Kuliner.202406162232.db,places,1.0431515,103.9827644,386819.79826735903,115318.0038909994,2,901.086849183906,37,104,0,35.69085889955989,4.5,1.6094379124341003,0
4998,Warung pempek Nila,pempek restaurant,F&B,Indonesia.Batam.Kuliner.202406162232.db,places,1.1497625,104.0169219,390624.4996417849,127102.30315920523,0,1422.9283694207713,110,314,1,11.540830719777432,0.0,0.0,0
5000,Rumah Makan Raflesia Restu Ibu,restaurant,F&B,Indonesia.Batam.Kuliner.202406162232.db,places,1.0426838,103.992678,387922.908801742,115265.94592338495,2,1954.069758544141,25,62,10,52.730008676444406,5.0,1.6094379124341003,0
5001,Rumah Makan Bersama,restaurant,F&B,Indonesia.Batam.Kuliner.202406162232.db,places,1.0398083,103.9982145,388538.8755567198,114947.87026314459,2,2634.3803330471223,13,46,1,9.155966649656662,5.0,0.6931471805599453,0
5003,BPK Gundaling,batak restaurant,F&B,Indonesia.Batam.Kuliner.202406162232.db,places,1.0393905,103.989045,387518.5335477103,114902.00868136459,2,1714.0349403957432,31,70,1,205.136011403957,4.6,2.4849066497880004,0
5004,ES KELAPA MUDA SERAYA,restaurant,F&B,Indonesia.Batam.Kuliner.202406162232.db,places,1.149339,104.0181943,390766.06242858374,127055.43786422025,0,1327.6941674959849,91,337,31,31.876551150554334,5.0,1.3862943611198906,0
5005,Ayam Penyet Joko Tole,chicken restaurant,F&B,Indonesia.Batam.Kuliner.202406162232.db,places,1.0418725,103.9908847,387723.3324139258,115176.32250893224,2,1788.3105360367233,40,74,2,103.20862342937063,4.6,2.833213344056216,0
5006,Warjo (Warung Jowo),indonesian restaurant,F&B,Indonesia.Batam.Kuliner.202406162232.db,places,1.1484306,104.0145512,390360.6629023213,126955.15662694647,0,1426.4326301700933,180,346,15,7.902329983850793,0.0,0.0,0
5007,Bakmi b2 tambunan,noodle shop,F&B,Indonesia.Batam.Kuliner.202406162232.db,places,1.042735,103.9872906,387323.4327798173,115271.79829273965,2,1379.5100831640068,31,80,1,83.91322943089459,5.0,0.6931471805599453,0
5009,Warung Sarapan Bunda,family restaurant,F&B,Indonesia.Batam.Kuliner.202406162232.db,places,1.045095,103.9885039,387458.5255960397,115532.64756706789,2,1444.9670965948806,24,86,0,80.26994656533621,0.0,0.0,0
5011,SOTO MEDAN MAMA AULIA,brunch restaurant,F&B,Indonesia.Batam.Kuliner.202406162232.db,places,1.0540503,103.9853981,387113.25173075416,116522.74824379367,2,1328.8766041079152,13,55,0,18.775310384497967,5.0,1.0986122886681098,0
5013,ORIGINAL FRIED CHICKEN,brunch restaurant,F&B,Indonesia.Batam.Kuliner.202406162232.db,places,1.0419084,103.9820385,386738.97982491227,115180.60783352502,2,910.5824294641172,28,105,0,81.68972181596017,0.0,0.0,0
5015,Angkringan Fiki Barokah,restaurant,F&B,Indonesia.Batam.Kuliner.202406162232.db,places,1.039422,103.9983171,388550.27870865195,114905.16217690638,2,2658.5429463394084,13,44,1,44.20421364665248,4.6,2.8903717578961645,0
5016,Ikan Bakar Tombur makNyos,diner,F&B,Indonesia.Batam.Kuliner.202406162232.db,places,1.0505549,103.9817449,386706.6198801776,116136.47149471332,2,777.6530335815257,30,137,1,25.5732286127157,0.0,0.0,0
5017,Digpro Cafe,restaurant,F&B,Indonesia.Batam.Kuliner.202406162232.db,places,1.1488567,104.0131704,390207.03846459504,127002.31370275516,0,1557.7163767670377,175,357,51,35.107518236521955,0.0,0.0,0
5019,Bakso Kerikil - Cabang batu aji,bakso restaurant,F&B,Indonesia.Batam.Kuliner.202406162232.db,places,1.0408939,103.9879071,387391.9679086714,115068.24674238337,2,1523.8463046747663,38,76,2,100.06654835424631,4.6,2.70805020110221,0
5024,Bakso Mie Ayam Es Durian Nurlela,restaurant,F&B,Indonesia.Batam.Kuliner.202406162232.db,places,1.1485318,104.0134719,390240.5737718818,126966.38540596943,0,1508.667442838704,182,355,52,0.0,5.0,1.791759469228055,0
5026,STAR ICAN KITCHEN,health food restaurant,F&B,Indonesia.Batam.Kuliner.202406162232.db,places,1.1489699,104.013823,390279.6571514255,127014.80254896612,0,1522.5541147383233,177,346,0,5.950648054986436,5.0,2.0794415416798357,0
5029,Warung Surya,restaurant,F&B,Indonesia.Batam.Kuliner.202406162232.db,places,1.0428239,103.9862905,387212.1506540013,115281.66181087971,2,1272.1081466151402,38,88,6,93.49720241254529,0.0,0.0,0
5030,Warung Uni,restaurant,F&B,Indonesia.Batam.Kuliner.202406162232.db,places,1.0428336,103.9931279,387972.9762503782,115282.4899374711,2,1998.6441814509478,21,61,9,27.546181682626433,5.0,1.0986122886681098,0
5031,Soto Koya Joko Tingkir,soto restaurant,F&B,Indonesia.Batam.Kuliner.202406162232.db,places,1.0399244,103.9994957,388681.44368284626,114960.65960238225,2,2766.7907393692058,13,44,0,72.94129209296591,5.0,0.6931471805599453,0
5032,好吃 hao chek Veggie,vegetarian restaurant,F&B,Indonesia.Batam.Kuliner.202406162232.db,places,1.1486153,104.0142177,390323.561625885,126975.5874440882,0,1464.8478026051184,180,349,1,15.009231423285003,5.0,1.3862943611198906,0
5033,Rumah Makan Minangkabau,padang restaurant,F&B,Indonesia.Batam.Kuliner.202406162232.db,places,1.0542482,103.983671,386921.077819366,116544.6883402177,2,1192.0255637428324,19,72,1,53.15303862805802,4.5,2.6390573296152584,0
5035,Warung Budhe Sunarti,nasi restaurant,F&B,Indonesia.Batam.Kuliner.202406162232.db,places,1.044503,103.9889216,387504.983691222,115467.18834530626,2,1501.9494491048165,29,79,1,80.26994656533621,3.8,2.5649493574615367,0
5036,Bakso Sopoyono,bakso restaurant,F&B,Indonesia.Batam.Kuliner.202406162232.db,places,1.0453613,104.0046405,389254.1148250743,115561.51266803622,-1,0.0,4,23,0,262.7335120890349,4.0,0.6931471805599453,0
5037,Sambalado Warunk  Muka Kuning,restaurant,F&B,Indonesia.Batam.Kuliner.202406162232.db,places,1.0670228,104.0227824,391273.5741514026,117955.48377994756,13,192.08276285806582,21,54,5,2.9600874624582136,5.0,0.6931471805599453,0
5039,Warung Cleo,cafe,F&B,Indonesia.Batam.Kuliner.202406162232.db,places,1.0421506,103.986799,387268.7096188697,115207.21175814646,2,1353.0655326469143,34,81,0,29.91020186175559,4.7,1.3862943611198906,0
5040,ayam penyet kaki lima,ayam penyet restaurant,F&B,Indonesia.Batam.Kuliner.202406162232.db,places,1.0507584,103.982802,386824.254996028,116158.92968954658,2,891.870479916521,26,134,0,119.75972192810995,5.0,0.6931471805599453,0
5041,Warung Nasi TETEH,nasi restaurant,F&B,Indonesia.Batam.Kuliner.202406162232.db,places,1.0646361,104.0159692,390515.3701551653,117691.88330600089,13,789.7646761196241,13,29,0,11.322614415470161,4.3,2.302585092994046,0
5043,Cabe ijo tembesi,restaurant,F&B,Indonesia.Batam.Kuliner.202406162232.db,places,1.0507065,104.0059932,389404.82192403596,116152.36163748788,-1,0.0,5,10,1,314.5691061411415,0.0,0.0,0
5044,Warung Dua Putra,breakfast restaurant,F&B,Indonesia.Batam.Kuliner.202406162232.db,places,1.0430535,103.9815244,386681.8146175374,115307.21481854626,2,789.0722926784695,33,108,1,73.54793491976771,5.0,0.6931471805599453,0
5046,Mana Lagi Resto,restaurant,F&B,Indonesia.Batam.Kuliner.202406162232.db,places,1.049656,104.0016784,388924.66280827305,116036.38478491528,-1,0.0,8,14,2,156.05569724264438,0.0,0.0,0
5047,Sttn Bubur Baraya,porridge restaurant,F&B,Indonesia.Batam.Kuliner.202406162232.db,places,1.1477512,104.0161901,390542.99629609846,126879.98825704139,0,1262.894809563705,162,352,1,30.283391346641245,0.0,0.0,0
5048,Warung sarapan Ibu Weni,breakfast restaurant,F&B,Indonesia.Batam.Kuliner.202406162232.db,places,1.0438246,103.9863077,387214.1002113888,115392.2863983551,2,1237.3111114914743,41,97,1,110.64176484541665,5.0,1.3862943611198906,0
5050,Dody Seafood,seafood restaurant,F&B,Indonesia.Batam.Kuliner.202406162232.db,places,1.0562528,103.9833925,386890.16046769894,116766.30283484068,2,1329.302115492949,10,52,0,151.50294553648047,0.0,0.0,0
5051,hook cafe and coffee shop,restaurant,F&B,Indonesia.Batam.Kuliner.202406162232.db,places,1.0424661,103.9901688,387643.69234926126,115241.969139085,2,1692.1602466083102,42,78,11,103.20862342937063,5.0,0.6931471805599453,0
5052,Q~TA Kuliner,restaurant,F&B,Indonesia.Batam.Kuliner.202406162232.db,places,1.0359686,103.9923488,387886.04057595116,114523.60833027604,2,2225.6731399528567,13,47,4,296.7286670862198,0.0,0.0,0
5054,Soto Brunei,soto ayam restaurant,F&B,Indonesia.Batam.Kuliner.202406162232.db,places,1.054351,103.983026,386849.30988153897,116556.07610243322,2,1147.3451691154046,20,76,0,19.69955516726332,3.0,0.6931471805599453,0
5056,shofiya foods villa mukakuning,restaurant,F&B,Indonesia.Batam.Kuliner.202406162232.db,places,1.0388168,103.9914114,387781.83247622993,114838.50330865392,2,1975.5894165498985,26,60,9,23.801581881437787,5.0,0.6931471805599453,0
5057,Warung Rafflesia,restaurant,F&B,Indonesia.Batam.Kuliner.202406162232.db,places,1.0421498,103.9923711,387888.73993216257,115206.92442686573,2,1936.7863464304894,27,62,10,68.19859749074442,0.0,0.0,0
5058,Bu Noni Bakery,restaurant,F&B,Indonesia.Batam.Kuliner.202406162232.db,places,1.1486689,104.0161263,390535.93222773605,126981.43957687753,0,1354.1395745667503,141,328,42,25.326639693327117,0.0,0.0,0
5059,Joss Gandozz Sambalijo Btm,ayam penyet restaurant,F&B,Indonesia.Batam.Kuliner.202406162232.db,places,1.0670082,104.0227601,391271.0922713728,117953.87058767657,13,192.2656369673559,21,54,0,2.9600874624582136,4.1,6.327936783729195,0
5060,Pecel dan ayam penyet bu sri,restaurant,F&B,Indonesia.Batam.Kuliner.202406162232.db,places,1.0435938,103.9929809,387956.6458751929,115366.5334492587,2,1964.5511950821847,15,60,6,85.61537845086961,0.0,0.0,0
5062,Joy,restaurant,F&B,Indonesia.Batam.Kuliner.202406162232.db,places,1.0429032,103.9933656,387999.4285258369,115290.17558958058,2,2022.5936492597564,17,62,8,27.546181682626433,5.0,0.6931471805599453,0
5063,Batam,coffee shop,F&B,Indonesia.Batam.Kuliner.202406162232.db,places,1.1493701,104.014346,390337.86626585596,127059.02335562442,0,1524.5300586919495,159,338,1,67.61968265837163,0.0,0.0,0
5064,Warung Bu Anis,diner,F&B,Indonesia.Batam.Kuliner.202406162232.db,places,1.0682841,104.0251148,391533.14926607243,118094.83377856751,13,356.42372304044636,34,47,1,65.24583114689356,4.4,4.6913478822291435,1
5065,Warung Karang Taruna,rice restaurant,F&B,Indonesia.Batam.Kuliner.202406162232.db,places,1.0425813,103.9833188,386881.4683676652,115254.94952903673,2,985.8477428731201,40,114,0,10.443548426450734,5.0,0.6931471805599453,0
5066,Angkringan Lek Supri,restaurant,F&B,Indonesia.Batam.Kuliner.202406162232.db,places,1.065778,104.0344183,392568.27951541124,117817.46702420674,-1,0.0,5,7,3,14.842006751543758,4.8,2.6390573296152584,0
5067,Da Ge Taichan N Shaokao,restaurant,F&B,Indonesia.Batam.Kuliner.202406162232.db,places,1.148537,104.0143279,390335.82051950984,126966.92738894906,0,1450.5936142358319,181,346,53,15.009231423285003,4.7,1.3862943611198906,0
5068,Sari Roti,murtabak restaurant,F&B,Indonesia.Batam.Kuliner.202406162232.db,places,1.0420209,103.9870349,387294.9545870803,115192.86526662286,2,1382.8689006677853,32,80,0,0.0699626440003562,4.8,1.791759469228055,0
5069,Warung Pak Wo Mawut,restaurant,F&B,Indonesia.Batam.Kuliner.202406162232.db,places,1.0650506,104.015905,390508.2410949339,117737.70724840794,13,771.9504066574086,13,29,4,17.089058769343712,4.8,1.6094379124341003,0
5070,Kampoeng Timbel,restaurant,F&B,Indonesia.Batam.Kuliner.202406162232.db,places,1.146367,104.01735,390672.0049780675,126726.92494637208,0,1065.5998912514206,133,350,46,0.0,0.0,0.0,0
5071,Makanan,housing development,F&B,Indonesia.Batam.Kuliner.202406162232.db,places,1.0478344,103.9872754,387321.92320359044,115835.5262293183,2,1294.2100543755932,10,87,0,110.35415657686549,0.0,0.0,0
5072,Kedai Bu Sur Masakan Jawa Sunda,restaurant,F&B,Indonesia.Batam.Kuliner.202406162232.db,places,1.0470374,104.0029665,389067.90188378154,115746.86001457705,-1,0.0,8,23,1,23.758951648647763,5.0,1.3862943611198906,0
5073,PAWOEN BUMEN,bakso restaurant,F&B,Indonesia.Batam.Kuliner.202406162232.db,places,1.0641894,104.0169214,390621.30797039904,117642.4682529346,13,734.5431054461129,14,30,1,21.421452752640043,4.6,3.258096538021482,0
5075,Rumah Makan Golan 02 Khas Batak,restaurant,F&B,Indonesia.Batam.Kuliner.202406162232.db,places,1.050669,103.9810689,386631.4027196398,116149.10954311583,2,720.0954704604877,37,138,12,41.47486567176505,0.0,0.0,0
5076,DAPUR UNI,restaurant,F&B,Indonesia.Batam.Kuliner.202406162232.db,places,1.1268751,104.0345143,392581.13941469067,124571.51843726782,0,1850.430464028683,20,84,8,34.32127802875551,0.0,0.0,0
5078,Wr  Bakso  mie ayam dan sarapan pagi moro seneng,nasi restaurant,F&B,Indonesia.Batam.Kuliner.202406162232.db,places,1.0458378,103.98402,386959.610236394,115614.92357813849,2,939.3577435209635,36,122,1,106.29592547370511,0.0,0.0,0
5080,Waroeng Sinar Barokah,restaurant,F&B,Indonesia.Batam.Kuliner.202406162232.db,places,1.0651926,104.0158443,390501.4918741511,117753.40705568215,13,770.1762381810497,13,29,4,17.089058769343712,0.0,0.0,0
5082,RM BPT SILAEN,diner,F&B,Indonesia.Batam.Kuliner.202406162232.db,places,1.040164,103.9987924,388603.1931950588,114987.171570702,2,2684.2274691372154,13,45,0,18.397968491936343,0.0,0.0,0
5083,WARUNG SAHABAT,restaurant,F&B,Indonesia.Batam.Kuliner.202406162232.db,places,1.0656249,104.0155335,390466.9236874596,117801.20750325956,13,779.8536340530561,13,28,4,58.99018833448984,5.0,0.6931471805599453,0
5084,Lau Borus,batak restaurant,F&B,Indonesia.Batam.Kuliner.202406162232.db,places,1.0417825,103.9871782,387310.89170454553,115166.50554667582,2,1408.2207034542052,32,79,1,27.63253057370665,4.3,3.044522437723423,0
5085,Sajian Rasa,indonesian restaurant,F&B,Indonesia.Batam.Kuliner.202406162232.db,places,1.108238,104.0649938,395971.9065291359,122510.16881398781,-1,0.0,1,70,0,303.92158880017973,0.0,0.0,0
5087,Donburo Itadakimas  Batu Aji Buana Mas SP Plaza,japanese restaurant,F&B,Indonesia.Batam.Kuliner.202406162232.db,places,1.0425014,103.9832089,386869.23647079855,115246.12069872502,2,979.8407235124027,40,115,0,15.085342078623858,4.5,3.2188758248682006,0
5090,Mie Ayam Trubus Batam,noodle shop,F&B,Indonesia.Batam.Kuliner.202406162232.db,places,1.1492811,104.0083884,389674.964354451,127049.41412199243,0,1969.4058862047243,97,357,5,56.40448996255103,5.0,0.6931471805599453,0
5091,Sate Uda Roni,satay restaurant,F&B,Indonesia.Batam.Kuliner.202406162232.db,places,1.052254,103.9752068,385979.1598437395,116324.54180022287,2,574.3426970858532,55,158,1,38.52843354540431,4.3,4.23410650459726,0
5094,Angkringan,restaurant,F&B,Indonesia.Batam.Kuliner.202406162232.db,places,1.0422594,103.9813122,386658.1737985865,115219.43630042122,2,823.5708231694971,28,110,6,89.65078768239711,4.0,3.2188758248682006,1
5095,Ayam Penyet Ria Khas Ibu Ruth,ayam penyet restaurant,F&B,Indonesia.Batam.Kuliner.202406162232.db,places,1.0725357,104.0245644,391472.05466908717,118564.8529259853,13,531.7528452888291,21,40,2,57.93928370010117,4.3,4.90527477843843,0
5097,Bakso Pak De Mamad,bakso restaurant,F&B,Indonesia.Batam.Kuliner.202406162232.db,places,1.0535509,103.9877364,387373.42524960084,116467.45601395184,2,1521.496249244998,7,34,1,159.56714184030943,4.5,2.3978952727983707,0
5098,Coffe Luwak,family restaurant,F&B,Indonesia.Batam.Kuliner.202406162232.db,places,1.148209,104.012976,390185.38297678763,126930.71988722472,0,1517.4784629630324,180,372,2,0.0,0.0,0.0,0
5099,Buk Sonariah,indonesian restaurant,F&B,Indonesia.Batam.Kuliner.202406162232.db,places,1.0466058,103.9770022,386178.7373340891,115700.07819357343,2,157.34257804255864,50,149,4,31.734356790021113,0.0,0.0,0
5100,Aopa Restaurant The Hills Hotel,restaurant,F&B,Indonesia.Batam.Kuliner.202406162232.db,places,1.1485411,104.0128431,390170.60795442434,126967.43765034043,0,1554.7550319840202,179,375,53,11.791923862832643,4.5,1.0986122886681098,0
5101,Putri Saiyo,padang restaurant,F&B,Indonesia.Batam.Kuliner.202406162232.db,places,1.054344,103.9832029,386868.99397818476,116555.29583771725,2,1160.9370275568392,19,74,1,19.69955516726332,3.5,2.1972245773362196,0
5102,Lematang Indah,restaurant,F&B,Indonesia.Batam.Kuliner.202406162232.db,places,1.0390943,103.9910931,387746.42371108243,114869.19158899464,2,1930.0306562141952,27,64,10,13.696117291210781,0.0,0.0,0
5103,Gadeno,bakso restaurant,F&B,Indonesia.Batam.Kuliner.202406162232.db,places,1.148209,104.012976,390185.38297678763,126930.71988722472,0,1517.4784629630324,180,372,4,0.0,0.0,0.0,0
5104,RM Khas Batak,batak restaurant,F&B,Indonesia.Batam.Kuliner.202406162232.db,places,1.054322,103.9821659,386753.6021538438,116552.90148631948,2,1078.755277363795,27,90,1,95.76036407639327,2.3,1.3862943611198906,0
5105,CV KYL DFS,restaurant,F&B,Indonesia.Batam.Kuliner.202406162232.db,places,1.1478366,104.0159315,390514.2253057939,126889.43886063853,0,1286.0299791805999,167,342,53,21.170593754730554,0.0,0.0,0
5106,WARUNG BU SURIANI,restaurant,F&B,Indonesia.Batam.Kuliner.202406162232.db,places,1.0468596,103.9701742,385418.96435627236,115728.38401322723,2,611.8904166219138,38,156,10,33.263836870345834,4.3,1.3862943611198906,0
5107,Tenggara Cafe,bar,F&B,Indonesia.Batam.Kuliner.202406162232.db,places,1.0416032,103.9945454,388130.6636074434,115146.42183005059,2,2185.9797707984685,26,59,0,96.33786135620996,5.0,0.6931471805599453,0
5109,SATE PARIAMAN IK WAN BOJO MINANG,diner,F&B,Indonesia.Batam.Kuliner.202406162232.db,places,1.0639665,104.017606,390697.47718436137,117617.80310741499,13,696.3105311573257,14,35,1,42.363086584645515,0.0,0.0,0
5110,Rumah Makan Caniago Sarumpun(Masakan Padang),padang restaurant,F&B,Indonesia.Batam.Kuliner.202406162232.db,places,1.0431631,103.982197,386756.66164559114,115319.30666245765,2,845.6541547873112,34,106,4,22.380633024648102,1.0,0.6931471805599453,0
5111,Kampung seraya,homestay,F&B,Indonesia.Batam.Kuliner.202406162232.db,places,1.150919,104.0174612,390684.5511266941,127230.1299278065,0,1519.5218273328232,88,293,0,135.19047190135242,4.7,2.4849066497880004,0
5112,Kios Mbak Aida,indonesian restaurant,F&B,Indonesia.Batam.Kuliner.202406162232.db,places,1.0465401,103.9777776,386265.01710051665,115692.78705087639,2,242.11318236566387,51,150,4,10.577477225177828,0.0,0.0,0
5113,RM SANGGE SANGGE,indonesian restaurant,F&B,Indonesia.Batam.Kuliner.202406162232.db,places,1.0503733,103.9812983,386656.91833613353,116116.41217628856,2,724.5630413718447,35,138,1,31.159685355934926,5.0,0.6931471805599453,0
5115,Rm Salero Sanak,restaurant,F&B,Indonesia.Batam.Kuliner.202406162232.db,places,1.0490343,103.969632,385358.71034382406,115968.81344067867,2,705.6463725054595,64,159,18,5.037949381685066,4.3,2.995732273553991,0
5116,Salero Kampuang,padang restaurant,F&B,Indonesia.Batam.Kuliner.202406162232.db,places,1.0462085,103.9826901,386811.6399984017,115655.95163380925,2,787.201761189851,42,136,4,2.697547048295734,5.0,0.6931471805599453,0
5117,Martabak Surabaya,murtabak restaurant,F&B,Indonesia.Batam.Kuliner.202406162232.db,places,1.1477552,104.0155114,390467.47797571274,126880.45643017521,0,1303.9924628677757,168,350,0,0.5856112449534383,5.0,0.6931471805599453,0
5118,RM Nusantara Baru,restaurant,F&B,Indonesia.Batam.Kuliner.202406162232.db,places,1.0723751,104.0238749,391395.32707942056,118547.1236061209,13,477.5951758781747,21,41,6,30.99631543185286,3.7,1.3862943611198906,0
5119,Kawasan kuliner sungai jodoh,coffee shop,F&B,Indonesia.Batam.Kuliner.202406162232.db,places,1.1516073,104.0058466,389392.22904988914,127306.66740801469,0,2351.2482046404853,59,239,3,0.5318424709687085,0.0,0.0,0
5120,Rocket Fried Chicken Marketing Site,fried chicken takeaway,F&B,Indonesia.Batam.Kuliner.202406162232.db,places,1.0401058,103.9986375,388585.95483526745,114980.74318083093,2,2669.560436875936,13,45,1,18.397968491936343,3.5,2.4849066497880004,2
5121,Waroeng Ibu djoko,chicken restaurant,F&B,Indonesia.Batam.Kuliner.202406162232.db,places,1.0463066,103.9754061,386001.1214693764,115667.06014596146,2,90.2989310152888,43,163,1,89.96003287922612,4.0,0.6931471805599453,0
5122,D qoqo,bakso restaurant,F&B,Indonesia.Batam.Kuliner.202406162232.db,places,1.038876,103.9909579,387731.3717394744,114845.06384013023,2,1927.8981415124063,25,64,1,5.405780750444703,0.0,0.0,0
5123,afifa seafood,seafood restaurant,F&B,Indonesia.Batam.Kuliner.202406162232.db,places,1.0408859,104.0028095,389050.2162918174,115066.83410936891,2,3096.6970834227363,9,21,0,59.59999826106206,0.0,0.0,0
5124,WARUNG UNNA,restaurant,F&B,Indonesia.Batam.Kuliner.202406162232.db,places,1.0541862,103.9854993,387124.5175345774,116537.76802888702,2,1346.774920065777,13,52,3,18.775310384497967,0.0,0.0,0
5126,cafe golden memori,cafe,F&B,Indonesia.Batam.Kuliner.202406162232.db,places,1.04082,104.0033411,389109.36707248056,115059.53034734778,2,3156.0025431202,7,21,0,59.59999826106206,0.0,0.0,0
5127,Warung latansa,restaurant,F&B,Indonesia.Batam.Kuliner.202406162232.db,places,1.0538683,103.9851617,387086.94004503667,116502.63710285876,2,1295.7792174133197,13,61,3,33.11740924347498,0.0,0.0,0
5128,Ayam penyet lia al baroqah,ayam penyet restaurant,F&B,Indonesia.Batam.Kuliner.202406162232.db,places,1.038314,103.991052,387741.8228047744,114782.93271468207,2,1966.9960892601425,23,60,0,22.93685669490483,5.0,0.6931471805599453,0
5129,Rumah Makan Soto Kuali,soto restaurant,F&B,Indonesia.Batam.Kuliner.202406162232.db,places,1.025397,104.0639397,395851.83186570334,113352.52493196398,4,774.5672619155648,66,132,0,0.21909541091465282,4.2,2.5649493574615367,0
5130,NIKU-NIKU KOREAN BBQ HALAL BUANA MAS 1,barbecue restaurant,F&B,Indonesia.Batam.Kuliner.202406162232.db,places,1.0426408,103.9832459,386873.35859606747,115261.52975003366,2,975.52691007969,40,113,0,10.443548426450734,5.0,1.6094379124341003,0
5131,Martabak Pak Bowo,diner,F&B,Indonesia.Batam.Kuliner.202406162232.db,places,1.0638143,104.0172566,390658.5932605564,117600.99026784199,13,735.4904691925724,14,31,1,42.363086584645515,5.0,0.6931471805599453,0
5132,Warung Nenek Ramli,brunch restaurant,F&B,Indonesia.Batam.Kuliner.202406162232.db,places,1.0188712,104.0729996,396859.7373651008,112630.83732128491,4,2010.0713158338808,10,22,1,66.72119055391606,0.0,0.0,0
5133,No  1 Aneka Juice,restaurant,F&B,Indonesia.Batam.Kuliner.202406162232.db,places,1.067645,104.024074,391417.3149654333,118024.22023109172,13,258.7285628664071,32,55,7,9.014551154191732,3.3,1.3862943611198906,0
5134,Warung Kopi Mok,indonesian restaurant,F&B,Indonesia.Batam.Kuliner.202406162232.db,places,1.025343,104.065094,395980.2716048184,113346.51795855147,4,876.3606968755787,50,126,2,12.331103673252816,0.0,0.0,0
5135,Pondok Nyonya Sie,restaurant,F&B,Indonesia.Batam.Kuliner.202406162232.db,places,1.0425836,103.9823368,386772.19708162657,115255.23909042684,2,893.0559107034956,33,105,7,26.674775250206245,0.0,0.0,0
5136,RM  Embun Pagi Masakan Padang,padang restaurant,F&B,Indonesia.Batam.Kuliner.202406162232.db,places,1.0667206,104.0328059,392388.89765827334,117921.72423591596,-1,0.0,5,16,0,1.9558432490532736,4.6,2.302585092994046,0
5138,Warung Pojok Cemara,restaurant,F&B,Indonesia.Batam.Kuliner.202406162232.db,places,1.0393613,103.9911365,387751.262435987,114898.70626984286,2,1921.036021043104,28,65,10,16.932138157890247,4.4,2.4849066497880004,0
5139,warung ucu satia,snack bar,F&B,Indonesia.Batam.Kuliner.202406162232.db,places,1.0276164,104.0972181,399554.84452913364,113596.80328209342,-1,0.0,1,1,0,59.44910826527718,5.0,1.0986122886681098,0
5140,WARUNG LOUWIS NAINGGOLAN,supermarket,F&B,Indonesia.Batam.Kuliner.202406162232.db,places,1.0465082,103.9862609,387208.9883354377,115688.95421537114,2,1180.319642764699,17,109,0,185.03415824436442,4.5,1.6094379124341003,0
5141,Rumah Kuliner Nusantara,diner,F&B,Indonesia.Batam.Kuliner.202406162232.db,places,1.1358626,104.1094832,400923.1045482028,125562.37451679348,15,1015.2569063340683,28,45,0,21.705138439527943,0.0,0.0,0
5142,Bakso Lestari,bakso restaurant,F&B,Indonesia.Batam.Kuliner.202406162232.db,places,1.0649745,104.0154373,390456.1963123399,117729.31125347079,13,821.4796913318719,13,27,1,51.30590223356654,5.0,0.6931471805599453,0
5143,Kolam Pancing Anglers,restaurant,F&B,Indonesia.Batam.Kuliner.202406162232.db,places,1.04772,103.9882606,387431.54621484963,115822.8441444637,2,1402.9316598306389,9,90,0,110.35415657686549,0.0,0.0,0
5144,Warung Opung,restaurant,F&B,Indonesia.Batam.Kuliner.202406162232.db,places,1.0239935,104.0706224,396595.38489365886,113197.15833270024,4,1477.1272908975523,11,60,6,80.51561782110129,4.0,1.0986122886681098,0
5145,Royal Geprek Batam,restaurant,F&B,Indonesia.Batam.Kuliner.202406162232.db,places,1.0732192,104.0243821,391451.7939084257,118640.41796357272,13,586.42165415082,20,40,6,13.022852950190511,2.3,1.6094379124341003,0
5146,Warung Makan Murah Meriah,diner,F&B,Indonesia.Batam.Kuliner.202406162232.db,places,1.025732,104.065938,396074.19785142655,113389.4926218232,4,928.9278218169891,46,120,0,42.591487405024125,0.0,0.0,0
5147,Gorengan Gurih,brunch restaurant,F&B,Indonesia.Batam.Kuliner.202406162232.db,places,1.0221236,104.0679852,396301.8781215987,112990.53521673323,4,1351.1799077121557,16,74,1,118.47593300136826,5.0,0.6931471805599453,0
5148,SARAPAN PAGI BUK SUN,breakfast restaurant,F&B,Indonesia.Batam.Kuliner.202406162232.db,places,1.043027,103.9823459,386773.22552423563,115304.25572697727,2,867.6009942043911,32,105,2,22.380633024648102,5.0,1.6094379124341003,0
5149,Sukoharjo Makmur,bakso restaurant,F&B,Indonesia.Batam.Kuliner.202406162232.db,places,1.0211596,104.0689562,396409.89252147696,112883.93841866076,4,1502.706786389595,13,60,1,29.061672245513776,5.0,0.6931471805599453,0
5152,Warung JaKen  Special Ayam Geprek,chicken restaurant,F&B,Indonesia.Batam.Kuliner.202406162232.db,places,1.0645932,104.0158768,390505.087072391,117687.14412823909,13,800.9717243034037,13,29,0,11.322614415470161,1.8,1.791759469228055,0
5153,Pondok Ayam Ambyar,restaurant,F&B,Indonesia.Batam.Kuliner.202406162232.db,places,1.0384547,103.9912061,387758.97511756246,114798.48129701623,2,1974.3782764213913,24,60,8,21.74357125182363,4.7,1.3862943611198906,0
5154,Warung Mora,diner,F&B,Indonesia.Batam.Kuliner.202406162232.db,places,1.0415106,103.9865707,387243.2829658166,115136.46933201262,2,1360.3721716866112,33,80,1,56.47041261141193,3.6,1.791759469228055,0
5155,IRUL PINDANG,restaurant,F&B,Indonesia.Batam.Kuliner.202406162232.db,places,1.0194442,104.073188,396880.7192618797,112694.1735453316,4,1988.0449953144368,10,21,2,20.927440409847893,5.0,0.6931471805599453,0
5156,Lele Bebek Ayam Mas Budiman  Batu Aji,buffet restaurant,F&B,Indonesia.Batam.Kuliner.202406162232.db,places,1.0435882,103.9811311,386638.0695605859,115366.33899907563,2,719.9982684794451,42,109,0,62.885026265964704,4.3,3.5553480614894135,0
5158,Brownies Lumer Ariska Batu Aji,cafe,F&B,Indonesia.Batam.Kuliner.202406162232.db,places,1.041271,103.993745,388041.58821441245,115109.72635502885,2,2111.4215777563318,27,57,0,96.33786135620996,0.0,0.0,0
5160,RM Dosraha,padang restaurant,F&B,Indonesia.Batam.Kuliner.202406162232.db,places,1.0412056,103.9869778,387288.5718599275,115102.73769151418,2,1416.0586309465402,29,79,0,54.67612290360984,3.7,1.3862943611198906,0
5162,Selera Nusantara,chicken restaurant,F&B,Indonesia.Batam.Kuliner.202406162232.db,places,1.0389249,103.9909579,387731.37346578273,114850.46962060503,2,1925.361179739827,26,64,2,5.405780750444703,0.0,0.0,0
5163,MIE AYAM BAKSO CIPTA RASA,noodle shop,F&B,Indonesia.Batam.Kuliner.202406162232.db,places,1.0214146,104.0688624,396399.4633560515,112912.13043848991,4,1476.249900246524,12,62,0,15.537624724502578,5.0,1.3862943611198906,0
5164,Ayam Kosek Rejo Agung Panbil Mall,chicken restaurant,F&B,Indonesia.Batam.Kuliner.202406162232.db,places,1.0721057,104.0242179,391433.48382960807,118517.33019389956,13,470.86103170595817,23,41,0,4.80655059281152,4.4,3.5553480614894135,0
5165,Quality Fried Chicken - QFC Batam,fried chicken takeaway,F&B,Indonesia.Batam.Kuliner.202406162232.db,places,1.039459,104.0021518,388976.98171039886,114909.11734640342,2,3064.9202076761185,13,22,1,169.35667622792977,4.4,4.624972813284271,0
5166,Warung Sorta,grocery store,F&B,Indonesia.Batam.Kuliner.202406162232.db,places,1.0193025,104.0719763,396745.8863040535,112678.54815291759,4,1891.5704859369528,14,23,0,123.44386398962155,0.0,0.0,0
5167,Batagor Bandung,sundanese restaurant,F&B,Indonesia.Batam.Kuliner.202406162232.db,places,1.0385192,103.9910215,387738.4361828491,114805.61817670024,2,1952.951124447797,24,61,0,21.74357125182363,5.0,0.6931471805599453,0
5168,RM Sepakat,indonesian restaurant,F&B,Indonesia.Batam.Kuliner.202406162232.db,places,1.0420132,103.9870386,387295.3660278395,115192.01391622,2,1383.5898073638784,32,80,0,0.7723725029747872,0.0,0.0,0
5170,Arirang Korean Restaurant,korean restaurant,F&B,Indonesia.Batam.Kuliner.202406162232.db,places,1.0821229,104.0297805,392052.79662192916,119624.49872771862,-1,0.0,5,5,0,32.99997615249302,4.4,2.772588722239781,0
5171,Pizza Hut Restoran,pizza restaurant,F&B,Indonesia.Batam.Kuliner.202406162232.db,places,1.0424668,103.9837113,386925.1394378871,115242.27769333284,2,1030.004293052141,41,113,0,38.30262293174324,4.5,0.6931471805599453,2
5172,Pondok Salero,padang restaurant,F&B,Indonesia.Batam.Kuliner.202406162232.db,places,1.038737,103.9909969,387735.7065250218,114829.69633006738,2,1938.9901370194923,24,63,0,15.967176684486576,2.7,2.0794415416798357,0
5173,Rio Minang,restaurant,F&B,Indonesia.Batam.Kuliner.202406162232.db,places,1.0677825,104.0220063,391187.2425883954,118039.4934985368,13,83.01297325649924,26,54,7,21.39721902072792,0.0,0.0,0
5174,Afria Coto Makassar,south sulawesi restaurant,F&B,Indonesia.Batam.Kuliner.202406162232.db,places,1.148884,104.1340587,403657.965546773,127000.97064975137,11,206.60582900168126,26,41,1,38.66879866114733,5.0,0.6931471805599453,0
5175,Warung Pojok Barelang Glassindo,javanese restaurant,F&B,Indonesia.Batam.Kuliner.202406162232.db,places,1.0467952,103.9784958,386344.9435091577,115720.96183359697,2,316.139479211936,55,143,1,29.643306947749682,3.3,1.3862943611198906,0
5177,Bakso Bakar Adzha,bakso restaurant,F&B,Indonesia.Batam.Kuliner.202406162232.db,places,1.0548971,103.9837436,386929.17972171307,116616.4202463257,2,1246.6839578197696,16,67,2,72.18799883309448,4.0,1.3862943611198906,0
5178,Ayam Penyet Malang,ayam penyet restaurant,F&B,Indonesia.Batam.Kuliner.202406162232.db,places,1.0463128,103.9773396,386216.27074376936,115667.67534747727,2,204.32459149227415,51,149,0,3.1643388345799903,4.5,1.0986122886681098,0
5180,KFC,fast food restaurant,F&B,Indonesia.Batam.Kuliner.202406162232.db,places,1.0421963,103.9839264,386949.06488677167,115212.36676190094,2,1065.6982169143923,39,111,0,38.30262293174324,4.2,1.0986122886681098,2
5181,Pondok Makan AKPALA,restaurant,F&B,Indonesia.Batam.Kuliner.202406162232.db,places,1.073083,104.1178057,401847.06128827087,118622.20499646358,3,352.57734128036526,47,64,12,17.43580484399498,3.9,2.772588722239781,0
5184,Kedai RANAYSHa,indonesian restaurant,F&B,Indonesia.Batam.Kuliner.202406162232.db,places,1.0488739,103.9702337,385425.65839276975,115951.05944054067,2,636.4894533944888,57,164,2,69.26215256931175,0.0,0.0,0
5185,Lotek Nunung,restaurant,F&B,Indonesia.Batam.Kuliner.202406162232.db,places,1.0525462,103.9867068,387258.8216765993,116356.42586574708,2,1368.8720904803154,10,53,3,159.56714184030943,0.0,0.0,0
5187,Warung Dapoer kang santri,restaurant,F&B,Indonesia.Batam.Kuliner.202406162232.db,places,1.051551,104.0310159,392189.1968859233,116244.84329292795,-1,0.0,3,12,1,50.65225725853236,5.0,0.6931471805599453,0
5188,Sari ROSO 77,restaurant,F&B,Indonesia.Batam.Kuliner.202406162232.db,places,1.0427471,103.9821605,386752.58526146086,115273.32002360068,2,866.7076772757631,31,107,7,26.674775250206245,5.0,0.6931471805599453,0
5189,Rumah Makan Bunda,brunch restaurant,F&B,Indonesia.Batam.Kuliner.202406162232.db,places,1.1455771,104.1231801,402447.43862967065,126635.78343928883,15,2861.53604859304,5,18,0,152.6583418657711,5.0,0.6931471805599453,0
5190,Ayasha,nasi goreng restaurant,F&B,Indonesia.Batam.Kuliner.202406162232.db,places,1.0466813,103.9699334,385392.16295795026,115708.68203638944,2,639.7184695446542,37,154,1,33.263836870345834,5.0,1.0986122886681098,0
5191,Mie Ayam Bakso Ngapak,bakso restaurant,F&B,Indonesia.Batam.Kuliner.202406162232.db,places,1.115061,104.1343467,403688.89396578947,123262.0592723045,8,358.2917063823466,21,26,0,6.587348078470158,0.0,0.0,0
5192,Drop Food free,restaurant,F&B,Indonesia.Batam.Kuliner.202406162232.db,places,1.0570305,104.0350526,392638.5574658416,116850.44203051987,-1,0.0,4,11,3,49.07319972338725,5.0,0.6931471805599453,0
5193,Rumah Makan Ayah Bunda,padang restaurant,F&B,Indonesia.Batam.Kuliner.202406162232.db,places,1.04027,103.9989373,388619.32049146475,114998.8844788996,2,2696.3922717065484,13,44,1,19.93193186349892,4.2,2.5649493574615367,0
5195,Batamindo Business Council Lounge,restaurant,F&B,Indonesia.Batam.Kuliner.202406162232.db,places,1.0678942,104.025555,391582.1175117423,118051.71615574266,13,410.41443970421045,29,47,6,62.797609882479684,0.0,0.0,0
5197,Warung Aqila,produce market,F&B,Indonesia.Batam.Kuliner.202406162232.db,places,1.0513866,104.030591,392141.91161520535,116226.684153672,-1,0.0,3,12,0,50.65225725853236,4.1,3.912023005428146,0
5199,Malaya Cafe,restaurant,F&B,Indonesia.Batam.Kuliner.202406162232.db,places,1.0717405,104.0238215,391389.3627978355,118476.9726440008,13,413.28896436269906,32,41,10,24.676170712214734,4.3,5.4510384535657,1
5200,Pempek & Pindang Regita - Food Street Panbil Mall,indonesian restaurant,F&B,Indonesia.Batam.Kuliner.202406162232.db,places,1.0719007,104.024068,391416.7969568349,118494.67346354264,13,442.7775492914402,29,41,1,17.627426985765766,5.0,1.791759469228055,0
5201,Baso bakar Ammar & Azizah,hawker stall,F&B,Indonesia.Batam.Kuliner.202406162232.db,places,1.1323868,104.1047367,400394.8576758387,125178.30865261692,15,403.7060007400414,10,38,1,17.847759694187776,5.0,0.6931471805599453,0
5202,AYAM GEPREK BUMBU RUJAK NABILA,brunch restaurant,F&B,Indonesia.Batam.Kuliner.202406162232.db,places,1.0565796,104.0349101,392622.68571461685,116800.60167593909,-1,0.0,5,9,0,3.234462624154223,5.0,0.6931471805599453,0
5204,Jala,soup kitchen,F&B,Indonesia.Batam.Kuliner.202406162232.db,places,1.0777733,104.0499007,394291.4404739381,119142.96041402269,-1,0.0,0,0,0,1236.181054092301,0.0,0.0,0
5205,Minang Saiyo,padang restaurant,F&B,Indonesia.Batam.Kuliner.202406162232.db,places,1.105778,104.1300739,403213.17092156876,122236.02613664366,8,774.7082932243486,5,23,0,7.006283225921773,3.8,1.6094379124341003,0
5206,Kantin Sari Sunda BPJS Kabil,hawker stall,F&B,Indonesia.Batam.Kuliner.202406162232.db,places,1.1057454,104.1301279,403219.1782987661,122232.42066526659,8,775.7672129449847,5,23,2,7.006283225921773,0.0,0.0,0
5207,Prima Fresh Mart Villa Muka Kuning,frozen food store,F&B,Indonesia.Batam.Kuliner.202406162232.db,places,1.0395876,103.9911924,387757.49065147585,114923.72121624518,2,1915.6631751852203,29,65,0,25.77863867014642,5.0,1.791759469228055,0
5211,Warung Miftah,grocery store,F&B,Indonesia.Batam.Kuliner.202406162232.db,places,1.0459189,103.977772,386264.3715906386,115624.11476383726,2,266.8927002946847,51,145,0,33.42519756860184,5.0,1.3862943611198906,0
5213,Ayam Geprek Kerongko,restaurant,F&B,Indonesia.Batam.Kuliner.202406162232.db,places,1.04533,103.9784049,386334.7759438768,115558.99006024584,2,360.6913777296882,55,131,19,95.90620403688925,0.0,0.0,0
5216,Baso Bakar Okee,bakso restaurant,F&B,Indonesia.Batam.Kuliner.202406162232.db,places,1.0473516,103.9766993,386145.0592354997,115782.5360021177,2,118.55071016580992,52,152,1,25.904907126941918,0.0,0.0,0
5217,Gonogini Resto,restaurant,F&B,Indonesia.Batam.Kuliner.202406162232.db,places,1.136967,104.1120278,401206.27138272667,125684.372015333,15,1300.7222995258846,32,48,6,22.733467439717987,4.8,1.6094379124341003,0
5218,Lontong sayur Uni,restaurant,F&B,Indonesia.Batam.Kuliner.202406162232.db,places,1.0673221,104.0183874,390784.54360354925,117988.72611222026,13,415.17566572545894,22,55,6,196.32989333430942,3.0,1.0986122886681098,0
5220,Kopitiam81,asian restaurant,F&B,Indonesia.Batam.Kuliner.202406162232.db,places,1.1393515,104.1142915,401458.2265500488,125947.88627188955,15,1664.774890223271,31,42,0,22.366386217197,0.0,0.0,0
5221,Warung Pempek Mang Ben,restaurant,F&B,Indonesia.Batam.Kuliner.202406162232.db,places,1.0696336,104.1217509,402285.92961657635,118240.76994337256,3,269.0246509521648,32,73,9,17.732908593059033,0.0,0.0,0
5222,Miso & Soto Medan Bilal  Perbaungan,soto restaurant,F&B,Indonesia.Batam.Kuliner.202406162232.db,places,1.1361716,104.11016,400998.42040471744,125596.50938494754,15,1091.1979243181763,30,47,0,18.480961078619504,5.0,1.3862943611198906,0
5223,BPK Ginting,restaurant,F&B,Indonesia.Batam.Kuliner.202406162232.db,places,1.0666856,104.0334695,392462.7363736308,117917.83191752997,-1,0.0,5,10,3,72.25838672318315,4.2,2.4849066497880004,0
5226,Warung Makan Pondok Jatim,nasi restaurant,F&B,Indonesia.Batam.Kuliner.202406162232.db,places,1.0449128,103.9774895,386232.90036316804,115512.90253423351,2,313.71252480807175,50,136,1,90.71174217204317,0.0,0.0,0
5227,RM Tabik Disiko,padang restaurant,F&B,Indonesia.Batam.Kuliner.202406162232.db,places,1.1177846,104.1367856,403960.3508794561,123563.05474610404,8,759.3748779779668,8,25,0,57.49991241603615,0.0,0.0,0
5228,Lalapan Bandeng Presto,javanese restaurant,F&B,Indonesia.Batam.Kuliner.202406162232.db,places,1.1126106,104.1340505,403655.85714898346,122991.19399054196,8,151.07556827409638,22,30,0,12.380255019756616,4.8,2.6390573296152584,0
5229,Pondok Ayam Bakar Villa Good,chicken restaurant,F&B,Indonesia.Batam.Kuliner.202406162232.db,places,1.0388164,103.9911975,387758.03092252155,114838.46668727131,2,1954.5363678142462,26,61,2,23.801581881437787,3.8,2.1972245773362196,0
5231,Pusat Kuliner Punggur,coffee shop,F&B,Indonesia.Batam.Kuliner.202406162232.db,places,1.0746914,104.1206516,402163.7723242976,118799.91204507051,3,498.3949744173335,31,63,4,11.563662228680638,5.0,0.6931471805599453,0
5232,Punggur Indah Restaurant,seafood restaurant,F&B,Indonesia.Batam.Kuliner.202406162232.db,places,1.0342926,104.1322959,403458.17172075564,114333.7299039781,14,111.1960779635472,21,22,1,40.374753872677275,4.3,3.332204510175204,0
5233,Penyet Lamongan,hawker stall,F&B,Indonesia.Batam.Kuliner.202406162232.db,places,1.1079296,104.1279159,402973.125997476,122473.94163844829,8,718.6438211255686,6,24,2,104.55993138342954,0.0,0.0,0
5234,Oriental Palace Panbil Mall,chinese restaurant,F&B,Indonesia.Batam.Kuliner.202406162232.db,places,1.0721029,104.0233213,391333.7173792184,118517.05247216889,13,424.7570069853649,27,41,0,36.90618117391528,4.5,2.8903717578961645,0
5236,AYAM GEPREK MAK KENZIE,restaurant,F&B,Indonesia.Batam.Kuliner.202406162232.db,places,1.0599113,104.0230625,391304.49264788895,117169.32177269591,-1,0.0,0,32,0,643.0303653406341,4.7,1.3862943611198906,0
5237,GM (GEPREK MANTUL) punggur,restaurant,F&B,Indonesia.Batam.Kuliner.202406162232.db,places,1.0698987,104.120221,402115.70776488853,118270.12379311203,3,100.19894703620433,44,76,13,13.905342204990182,4.7,2.995732273553991,0
5238,Bestie Pujasera CNN,dessert restaurant,F&B,Indonesia.Batam.Kuliner.202406162232.db,places,1.1125349,104.1339685,403646.7308063292,122982.8285506784,8,140.19039100694837,22,30,0,10.470113480739782,4.0,0.6931471805599453,0
5239,RM  Tampil Beda,padang restaurant,F&B,Indonesia.Batam.Kuliner.202406162232.db,places,1.0462625,103.9803028,386545.9969828177,115662.00745763525,2,523.4956374776423,59,142,4,117.34018132435908,5.0,1.0986122886681098,0
5240,RUJAK MAE PUNGGUR,restaurant,F&B,Indonesia.Batam.Kuliner.202406162232.db,places,1.0664269,104.1184806,401921.94526080124,117886.39412518954,3,446.7127412426811,24,71,8,280.05279033254567,4.4,3.258096538021482,0
5241,Ayam Bakar Semarang,chicken restaurant,F&B,Indonesia.Batam.Kuliner.202406162232.db,places,1.1327189,104.1048424,400406.6299394935,125215.01670021252,15,442.2075298182008,10,39,0,7.511190252584203,0.0,0.0,0
5242,Rm  Khas Batak Aurora,restaurant,F&B,Indonesia.Batam.Kuliner.202406162232.db,places,1.0667109,104.0328206,392390.53301608434,117920.65142295702,-1,0.0,5,16,3,1.9558432490532736,0.0,0.0,0
5243,Sunbread Punggur,cafe,F&B,Indonesia.Batam.Kuliner.202406162232.db,places,1.071114,104.1240599,402542.89605833514,118404.34501155335,3,520.8769142413727,27,68,0,11.024257962319009,4.3,5.552959584921617,2
5244,Ayam Batoko,restaurant,F&B,Indonesia.Batam.Kuliner.202406162232.db,places,1.1426113,104.1169121,401749.9219962915,126308.14710379335,15,2125.2551142355683,11,38,4,80.03191817059835,5.0,1.0986122886681098,0
5245,Ayam Penyet Kita,ayam penyet restaurant,F&B,Indonesia.Batam.Kuliner.202406162232.db,places,1.0719457,104.0242732,391439.6315267144,118499.64078326206,13,459.5839726576934,26,41,2,10.921872846795823,2.4,2.772588722239781,0
5246,RM Talago Surya,padang restaurant,F&B,Indonesia.Batam.Kuliner.202406162232.db,places,1.0710149,104.124071,402544.1280104445,118393.38980468082,3,520.4377027456433,27,67,0,11.024257962319009,4.3,4.718498871295094,2
5247,Cahaya Seafood,seafood restaurant,F&B,Indonesia.Batam.Kuliner.202406162232.db,places,1.017514,104.0741244,396984.8531617908,112480.76977004652,4,2201.7659718722307,8,21,0,34.106782060320555,5.0,0.6931471805599453,0
5249,Edelweiss Foodcourt,restaurant,F&B,Indonesia.Batam.Kuliner.202406162232.db,places,1.0976823,104.0371547,392873.8823975094,121344.26906623322,0,4760.476491390305,18,26,5,226.24527832744718,0.0,0.0,0
5250,Salero Basamo Truck Cafe,indonesian restaurant,F&B,Indonesia.Batam.Kuliner.202406162232.db,places,1.043676,104.1349602,403754.91171053774,115370.91897542326,-1,0.0,0,8,0,502.90891077132477,4.1,3.2188758248682006,0
5251,Morning Bakery Pelabuhan Punggur,restaurant,F&B,Indonesia.Batam.Kuliner.202406162232.db,places,1.0350993,104.1332728,403566.89552753494,114422.87534870506,14,244.2770211136811,17,23,1,0.5200291265362724,4.0,2.0794415416798357,0
5252,Koemahku food,restaurant,F&B,Indonesia.Batam.Kuliner.202406162232.db,places,1.0275432,104.0576453,395151.5093897082,113589.98304426382,4,322.07349993648165,72,173,17,1.8993103683961976,0.0,0.0,0
5253,RuriHanania,food producer,F&B,Indonesia.Batam.Kuliner.202406162232.db,places,1.0470669,103.9756943,386033.21821068414,115751.0994624333,2,3.1596126432932072,46,163,0,83.74877488085751,0.0,0.0,0
5254,Kedai Kopi Punggur,coffee shop,F&B,Indonesia.Batam.Kuliner.202406162232.db,places,1.0325728,104.12814,402995.6931578805,114143.74429063506,14,391.52371568158907,13,22,1,37.9759138184638,5.0,1.3862943611198906,0
5255,Nasi Uduk Arek Lamongan,indonesian restaurant,F&B,Indonesia.Batam.Kuliner.202406162232.db,places,1.1361213,104.1100016,400980.7940415216,125590.95445534599,15,1075.123132626515,28,46,7,18.480961078619504,5.0,1.0986122886681098,0
5256,Indomaret Muka Kuning Indah 1,convenience store,F&B,Indonesia.Batam.Kuliner.202406162232.db,places,1.0471979,103.9773772,386220.4865665932,115765.52013424167,2,190.55291430710292,51,150,0,6.1655076943894995,4.3,5.3981627015177525,0
5258,Warung Nasi Mak Inong  Punggur,nasi restaurant,F&B,Indonesia.Batam.Kuliner.202406162232.db,places,1.0746695,104.1180844,401878.1225111324,118797.57349221547,3,500.68678872571013,31,63,1,22.14641348304194,5.0,1.791759469228055,0
5259,warung berkat muhammad,asian restaurant,F&B,Indonesia.Batam.Kuliner.202406162232.db,places,1.1056683,104.1303552,403244.4668543037,122223.8903698563,8,774.6510015408195,5,23,0,26.688517773890805,0.0,0.0,0
5260,SAN FRIED CHICKEN PUNGGUR,restaurant,F&B,Indonesia.Batam.Kuliner.202406162232.db,places,1.0700245,104.1196713,402054.5472420119,118284.04771641159,3,44.276159257404565,42,76,12,7.913815018223627,5.0,0.6931471805599453,0
5261,Indomaret Muka Kuning Paradise,convenience store,F&B,Indonesia.Batam.Kuliner.202406162232.db,places,1.0569483,103.9647085,384811.1402702463,116843.87570555173,2,1636.3597434282876,10,75,0,18.165825758333305,4.4,4.574710978503383,0
5263,Angkringan JP Punggur,coffee shop,F&B,Indonesia.Batam.Kuliner.202406162232.db,places,1.0732883,104.1222339,402339.78821463924,118644.75784108987,3,449.50776700528843,39,62,5,12.541677244047163,5.0,0.6931471805599453,0
5264,Mister Donut Batam,bakery,F&B,Indonesia.Batam.Kuliner.202406162232.db,places,1.0695472,104.0246118,391477.2238165959,118234.48288394875,13,319.9055831308495,38,44,0,27.0285723862836,4.4,2.0794415416798357,0
5265,Soto kudus  rawon mbah soes arira,restaurant,F&B,Indonesia.Batam.Kuliner.202406162232.db,places,1.1439771,104.1193785,402024.3953606376,126459.04334958877,15,2427.378626801964,10,19,5,19.057882420899496,0.0,0.0,0
5266,Punggur  Kabil,restaurant,F&B,Indonesia.Batam.Kuliner.202406162232.db,places,1.0735628,104.1181231,401882.393311942,118675.23363702295,3,384.13777270132806,49,64,12,0.0,0.0,0.0,0
5267,Burger & Pizza Genit,hamburger restaurant,F&B,Indonesia.Batam.Kuliner.202406162232.db,places,1.0672931,104.0239617,391404.8067712442,117985.32286037534,13,264.99244129734734,21,56,0,0.20028966131260748,0.0,0.0,0
5268,Rumah makan ombilin singkarak,brunch restaurant,F&B,Indonesia.Batam.Kuliner.202406162232.db,places,1.0677831,104.022389,391229.82643084304,118039.54628237858,13,97.48582076764306,29,54,0,16.014936354740552,0.0,0.0,0
5274,Wedang Ronde Pertama,fast food restaurant,F&B,Indonesia.Batam.Kuliner.202406162232.db,places,1.0461888,103.9776366,386249.31476197636,115653.95660934213,2,240.08508351278434,51,148,1,33.42519756860184,0.0,0.0,0
5277,THE SAMBEL LESTARI,restaurant,F&B,Indonesia.Batam.Kuliner.202406162232.db,places,1.083619,104.1149055,401524.6978802538,119786.98671960278,-1,0.0,2,7,1,36.63946593408641,5.0,0.6931471805599453,0
5279,Seblak Prasmanan Teh Liza,restaurant,F&B,Indonesia.Batam.Kuliner.202406162232.db,places,1.0445865,103.9798843,386499.3685075254,115476.7440754037,2,544.0448864374649,58,127,20,122.9932378812145,4.5,3.1354942159291497,0
5280,WARUNG NASI BU WID,east javanese restaurant,F&B,Indonesia.Batam.Kuliner.202406162232.db,places,1.0339741,104.1321183,403438.4005793566,114298.52730864682,14,90.41588748970835,21,22,0,11.198706115755265,4.6,2.6390573296152584,0
5282,HomeMade Mak Naufal,restaurant,F&B,Indonesia.Batam.Kuliner.202406162232.db,places,1.0708827,104.1170667,401764.76347337913,118378.99955016907,3,270.59369400572075,38,68,10,88.2078331579213,4.7,1.3862943611198906,0
5283,WARUNG SAHABAT,soup kitchen,F&B,Indonesia.Batam.Kuliner.202406162232.db,places,1.0733673,104.122153,402330.78908271104,118653.49336011468,3,449.7670015068277,40,62,2,12.541677244047163,0.0,0.0,0
5284,Salman Seafood Batam,seafood restaurant,F&B,Indonesia.Batam.Kuliner.202406162232.db,places,1.0723509,104.122671,402388.3940529054,118541.12043579652,3,422.0140453094221,32,62,0,90.70045670652163,0.0,0.0,0
5285,Bandrek Aceh Pintu Satu Batamindo,cafe,F&B,Indonesia.Batam.Kuliner.202406162232.db,places,1.0672363,104.0228618,391282.4166513372,117979.08267364193,13,177.1098938490309,21,54,0,25.201142606858372,5.0,1.0986122886681098,0
5287,Nady Coffee,coffee shop,F&B,Indonesia.Batam.Kuliner.202406162232.db,places,1.0742556,104.1218406,402296.05694449105,118751.69912839949,3,507.5893890193804,29,62,4,104.16666621209552,4.9,3.091042453358316,0
5288,Mbak Yul,restaurant,F&B,Indonesia.Batam.Kuliner.202406162232.db,places,1.1332444,104.1055325,400483.4332387884,125273.08388029566,15,526.0419844533924,9,41,2,34.07740519279031,3.5,1.0986122886681098,0
5290,KedaiJamelBatam,brunch restaurant,F&B,Indonesia.Batam.Kuliner.202406162232.db,places,1.0355119,104.1331584,403554.17873877974,114468.48892587627,14,257.7889264892891,17,23,0,43.6656186255161,0.0,0.0,0
5291,Peptis Amanah,restaurant,F&B,Indonesia.Batam.Kuliner.202406162232.db,places,1.0467023,103.9782459,386317.1327124452,115710.70097432417,2,289.781514254137,55,148,19,29.643306947749682,0.0,0.0,0
5292,Edelweiss Foodcourt,asian restaurant,F&B,Indonesia.Batam.Kuliner.202406162232.db,places,1.0811851,104.0290972,391976.73176968156,119520.85263159095,-1,0.0,5,5,0,74.57353639657846,4.7,1.3862943611198906,0
5293,Komplek Pasar dan Pertokoan Punggur Centre,produce market,F&B,Indonesia.Batam.Kuliner.202406162232.db,places,1.0629314,104.1228844,402411.84176392166,117499.84948680624,3,905.2674247440176,5,42,0,23.503584835173363,4.3,5.293304824724492,0
5296,AYAM GEPREK SYATHIR,ayam penyet restaurant,F&B,Indonesia.Batam.Kuliner.202406162232.db,places,1.0737528,104.1164629,401697.67084462417,118696.29025850561,3,501.1975644645282,29,63,0,18.93569959471599,5.0,0.6931471805599453,0
5297,Catering Budhe Zumroh,restaurant,F&B,Indonesia.Batam.Kuliner.202406162232.db,places,1.0739422,104.1165509,401707.4685551268,118717.22439728309,3,510.87449712020475,30,63,6,10.618236580122609,0.0,0.0,0
5299,Karel,soup kitchen,F&B,Indonesia.Batam.Kuliner.202406162232.db,places,1.0326453,104.1300507,403208.2988375025,114151.70043376739,14,213.5917476823399,21,22,0,3.953768841283947,0.0,0.0,0
5300,Lapo Regar Ceria,restaurant,F&B,Indonesia.Batam.Kuliner.202406162232.db,places,1.0581982,104.1250652,402654.3493598505,116976.55667035133,-1,0.0,1,8,0,418.84834600707023,5.0,1.0986122886681098,0
5301,Sederhana Padang Restaurant,padang restaurant,F&B,Indonesia.Batam.Kuliner.202406162232.db,places,1.0732376,104.0242665,391438.9315368108,118642.4561233806,13,582.3434337104615,20,40,0,13.022852950190511,4.3,5.075173815233827,0
5302,Pondok Teh Poci Soto Medan,soup shop,F&B,Indonesia.Batam.Kuliner.202406162232.db,places,1.0490791,103.9696403,385359.6355532801,115973.7657049522,2,706.3015785066434,64,159,0,5.037949381685066,5.0,0.6931471805599453,0
5303,Rm Padang Piaman,family restaurant,F&B,Indonesia.Batam.Kuliner.202406162232.db,places,1.0581946,104.1117697,401174.9674269299,116976.57912490315,-1,0.0,0,7,0,648.8213170453337,0.0,0.0,0
5304,WARUNG MAE Pecal Ulek Madiun,indonesian restaurant,F&B,Indonesia.Batam.Kuliner.202406162232.db,places,1.1487996,104.1388652,404192.76014390844,126991.47919210816,11,630.5378505287971,8,37,0,147.3595158771149,4.0,0.6931471805599453,0
5305,Cemilan mak e,soup kitchen,F&B,Indonesia.Batam.Kuliner.202406162232.db,places,1.0753566,104.1162043,401668.94800513476,118873.58850789341,3,660.2070240126309,21,61,3,160.8455211198488,0.0,0.0,0
5307,SABANA FRIED CHICKEN SIMPANG 3 SD IBNU SINA,brunch restaurant,F&B,Indonesia.Batam.Kuliner.202406162232.db,places,1.069728,104.1173425,401795.4147143733,118251.34598351264,3,243.37836842949483,40,74,0,43.43760253057176,0.0,0.0,0
5310,Moro Mampir Plaza Batamindo Lt4,food court,F&B,Indonesia.Batam.Kuliner.202406162232.db,places,1.0675722,104.0240375,391413.2509825106,118016.17373027984,13,258.1619802360619,30,56,1,9.014551154191732,4.0,0.6931471805599453,0
5311,NASI PADANG UNI 66 (Kantin ASDP),padang restaurant,F&B,Indonesia.Batam.Kuliner.202406162232.db,places,1.0340095,104.132024,403427.9089061908,114302.44340528107,14,79.48093359832102,21,22,0,11.198706115755265,3.5,1.0986122886681098,0
5312,Rumah Makan Soto Betawi dan Pindang  Babe  Panasera,restaurant,F&B,Indonesia.Batam.Kuliner.202406162232.db,places,1.0566077,104.0349182,392623.58798314934,116803.70774418727,-1,0.0,5,9,3,3.234462624154223,5.0,1.3862943611198906,0
5313,Pempek ananda01,soup kitchen,F&B,Indonesia.Batam.Kuliner.202406162232.db,places,1.0732041,104.1179061,401858.2365406053,118635.5886068068,3,358.6602177833273,48,64,4,17.43580484399498,0.0,0.0,0
5315,Warung Dyan,restaurant,F&B,Indonesia.Batam.Kuliner.202406162232.db,places,1.1121446,104.1336835,403615.0070699415,122939.69285793338,8,105.61285553251567,21,32,8,26.402691785561075,4.0,0.6931471805599453,0
5316,Sate ayam Blora,satay restaurant,F&B,Indonesia.Batam.Kuliner.202406162232.db,places,1.0629558,104.1230993,402435.75425006705,117502.53995682983,3,913.2304003793099,5,42,1,3.133434801207032,1.0,0.6931471805599453,0
5317,Buk Tari,restaurant,F&B,Indonesia.Batam.Kuliner.202406162232.db,places,1.0833263,104.114751,401507.49743490235,119754.63559684563,-1,0.0,2,7,1,36.63946593408641,0.0,0.0,0
5319,Yumna-Kafi,restaurant,F&B,Indonesia.Batam.Kuliner.202406162232.db,places,1.0374527,104.0702437,396553.68052043027,114685.01846461717,-1,0.0,6,15,3,205.51156682910118,0.0,0.0,0
5320,Ikan asap Putra jaba,snack bar,F&B,Indonesia.Batam.Kuliner.202406162232.db,places,1.032628,104.1300196,403204.83781975665,114149.78898295366,14,217.31433820644824,21,22,0,2.6710055130539128,0.0,0.0,0
5321,La Bella Vita,restaurant,F&B,Indonesia.Batam.Kuliner.202406162232.db,places,1.0823464,104.0295839,392030.9285883416,119649.21284378773,-1,0.0,5,5,1,32.99997615249302,4.2,1.9459101490553132,0
5323,Nasi Mie Goreng Chef Ali Brebes,hawker stall,F&B,Indonesia.Batam.Kuliner.202406162232.db,places,1.1086236,104.1285544,403044.19271035114,122550.63780244642,8,614.652406370961,9,27,2,104.55993138342954,0.0,0.0,0
5324,Santan Arvino Punggur,soup kitchen,F&B,Indonesia.Batam.Kuliner.202406162232.db,places,1.0714933,104.1180853,401878.12143333006,118446.4648513902,3,196.69553521907682,45,70,4,48.35151507565339,0.0,0.0,0
5325,Siomay & Batagor Padjadjaran Bandung,sundanese restaurant,F&B,Indonesia.Batam.Kuliner.202406162232.db,places,1.0470746,103.9772237,386203.4015090078,115751.8951216287,2,173.02267767966822,49,150,0,21.85269231466893,4.2,2.302585092994046,0
5326,PT  Kaliban Punggur,corporate office,F&B,Indonesia.Batam.Kuliner.202406162232.db,places,1.0606375,104.1188888,401967.18260196457,117246.40012739185,3,1075.4911753653223,7,18,0,143.07647453490668,5.0,0.6931471805599453,0
5330,Sushi Rio Panbil Mall,japanese restaurant,F&B,Indonesia.Batam.Kuliner.202406162232.db,places,1.0719503,104.0239102,391399.24000461015,118500.16216949576,13,438.27866553130207,28,41,1,7.566537074206359,2.8,2.6390573296152584,0
5331,Banana Snack Liya,coffee shop,F&B,Indonesia.Batam.Kuliner.202406162232.db,places,1.0709148,104.1203058,402125.17558579764,118382.44437990112,3,114.70971511401507,50,73,5,13.792578102899446,0.0,0.0,0
5332,Da Jia Chinese Restaurant Best Western,chinese restaurant,F&B,Indonesia.Batam.Kuliner.202406162232.db,places,1.0818069,104.0293571,392005.67317516555,119589.58113644377,-1,0.0,5,5,0,20.153870517973143,0.0,0.0,0
5334,Bakso Catur,bakso restaurant,F&B,Indonesia.Batam.Kuliner.202406162232.db,places,1.0638896,104.1189651,401975.77493798453,117605.89647219656,3,716.1951309349381,12,51,0,108.7770660754578,4.3,5.5093883366279774,0
5339,Tekwan  pempek  gorengan ojax s,coffee shop,F&B,Indonesia.Batam.Kuliner.202406162232.db,places,1.0709306,104.1263245,402794.86937037774,118383.99943433156,3,768.654602109016,9,50,1,82.69059499190217,0.0,0.0,0
5340,Villa Mart,convenience store,F&B,Indonesia.Batam.Kuliner.202406162232.db,places,1.0392178,103.9910833,387745.337584914,114882.84457250744,2,1922.8517848221888,28,65,0,13.696117291210781,4.1,2.1972245773362196,0
5342,Kedai Kopi,coffee shop,F&B,Indonesia.Batam.Kuliner.202406162232.db,places,1.0707965,104.1202664,402120.7878401975,118369.36833694948,3,104.27635655432096,50,73,5,13.792578102899446,0.0,0.0,0
5344,Richeese Factory Panbil,fast food restaurant,F&B,Indonesia.Batam.Kuliner.202406162232.db,places,1.0720063,104.0239493,391403.5927076009,118506.35139076904,13,445.81950934411685,27,41,0,7.566537074206359,3.8,2.772588722239781,2
5345,RM Prasmanan - Ibu Sinar,buffet restaurant,F&B,Indonesia.Batam.Kuliner.202406162232.db,places,1.1377874,104.1127476,401286.3889834843,125775.03754089748,15,1421.1574873537902,33,42,0,27.31375074787092,4.8,1.791759469228055,0
5346,Ayam Penyet Pacitan,ayam penyet restaurant,F&B,Indonesia.Batam.Kuliner.202406162232.db,places,1.0330199,104.1304519,403252.95165412076,114193.09770814239,14,153.1590690674137,21,22,0,60.8901334998063,4.5,2.1972245773362196,0
5348,Sup Keluarga Bahagia,soup restaurant,F&B,Indonesia.Batam.Kuliner.202406162232.db,places,1.0456264,104.0304534,392126.4033414247,115589.9198763509,-1,0.0,3,7,0,0.0,5.0,0.6931471805599453,0
5349,Batong Milkshake,coffee shop,F&B,Indonesia.Batam.Kuliner.202406162232.db,places,1.0669207,104.0225606,391248.89041782124,117944.20481101112,13,191.4617262167606,22,54,0,24.214655472895224,5.0,0.6931471805599453,0
5350,Warung Makan Bakmi Djawa Langgeng,noodle shop,F&B,Indonesia.Batam.Kuliner.202406162232.db,places,1.0275625,104.0596875,395378.75030328427,113592.04961244213,4,304.46446056510547,90,171,3,18.038998303177767,4.3,3.091042453358316,1
5351,RM Bukit indah,restaurant,F&B,Indonesia.Batam.Kuliner.202406162232.db,places,1.0699669,104.1176662,401831.4400762658,118277.7444964301,3,201.93008518088385,39,76,12,15.752524042725899,4.2,3.7612001156935624,0
5353,EXPERIENCE DRINKS,cafe,F&B,Indonesia.Batam.Kuliner.202406162232.db,places,1.0747152,104.1205504,402152.5126888474,118802.54622305758,3,498.0172311162773,32,63,0,11.563662228680638,0.0,0.0,0
5354,Hendrik Moge,restaurant,F&B,Indonesia.Batam.Kuliner.202406162232.db,places,1.0456264,104.0304535,392126.41446868156,115589.9198729145,-1,0.0,3,7,0,0.0,0.0,0.0,0
5355,Hidea Coffee,coffee shop,F&B,Indonesia.Batam.Kuliner.202406162232.db,places,1.044096,103.9808764,386609.7461798967,115422.48445868552,2,666.7588778227548,46,116,0,62.885026265964704,4.5,4.663439094112067,2
5356,PEMPEK CINDO Home Made,deli,F&B,Indonesia.Batam.Kuliner.202406162232.db,places,1.0800195,104.1146447,401495.5629461527,119389.09308432927,3,1194.6224077305612,4,23,0,365.7372834132295,0.0,0.0,0
5360,Warung ari punggur,convenience store,F&B,Indonesia.Batam.Kuliner.202406162232.db,places,1.0735628,104.1181231,401882.393311942,118675.23363702295,3,384.13777270132806,49,64,2,0.0,0.0,0.0,0
5363,H1 KTV ENTERTAINMENT,karaoke bar,F&B,Indonesia.Batam.Kuliner.202406162232.db,places,1.0624025,104.1222806,402344.6408879999,117441.40212912043,3,933.7317229530747,7,41,0,89.06206456794561,4.2,3.7612001156935624,0
5364,Bakso Lapangan Tembak Senayan - Food Street Panbil Mall,bakso restaurant,F&B,Indonesia.Batam.Kuliner.202406162232.db,places,1.0720891,104.0241431,391425.16011048784,118515.49777348574,13,464.8404466647111,24,41,0,8.151347976402416,4.3,5.0689042022202315,2
5365,Toko Pelita Baru,general store,F&B,Indonesia.Batam.Kuliner.202406162232.db,places,1.032308,104.1288937,403079.5493098125,114114.4494462841,14,334.3617877938727,14,22,0,27.806421293837584,4.5,1.0986122886681098,0
5366,Ayam Bakar Semarang (Tanison),indonesian restaurant,F&B,Indonesia.Batam.Kuliner.202406162232.db,places,1.1506793,104.1324064,403474.18178432493,127199.48469904423,11,122.97205788400694,32,39,6,22.721432553027345,4.2,2.5649493574615367,0
5368,Angkringan Kabil Centre,restaurant,F&B,Indonesia.Batam.Kuliner.202406162232.db,places,1.0700148,104.1201729,402110.3594116589,118282.9594333208,3,89.55930422483122,44,76,13,6.109793132326926,3.4,2.4849066497880004,0
5369,Riverside Restaurant,seafood restaurant,F&B,Indonesia.Batam.Kuliner.202406162232.db,places,1.032251,104.1286503,403052.46447381005,114108.15590007458,14,360.08442791455275,13,22,1,27.806421293837584,4.4,6.163314804034641,2
5370,Fresh seafood panbil,restaurant,F&B,Indonesia.Batam.Kuliner.202406162232.db,places,1.0719834,104.023631,391368.1740657737,118503.83116510535,13,426.70946332983294,28,41,9,13.161503189713597,4.3,2.4849066497880004,0
5371,Dae Jang Geum Best Western Premier,noodle shop,F&B,Indonesia.Batam.Kuliner.202406162232.db,places,1.0819202,104.029499,392021.4665818405,119602.10099277104,-1,0.0,5,5,0,20.153870517973143,4.5,1.9459101490553132,0
5374,Batam Banana Terminal Ferry Punggur (Oleh Oleh Batam),cake shop,F&B,Indonesia.Batam.Kuliner.202406162232.db,places,1.0354338,104.1320445,403430.2330116965,114459.88941702241,14,168.39349056472182,19,23,0,58.26445269598672,0.0,0.0,0
5377,BINTANG WIJAYA,snack bar,F&B,Indonesia.Batam.Kuliner.202406162232.db,places,1.0721821,104.1183687,401909.6769555784,118522.5982072632,3,234.95760503795947,48,70,0,82.41382687904252,0.0,0.0,0
5379,Gorengan Tempe Mendoan Cilacap,traditional restaurant,F&B,Indonesia.Batam.Kuliner.202406162232.db,places,1.0654039,104.0211601,391093.00051732664,117776.57717980261,13,355.633912528636,19,54,0,228.91195648282002,5.0,1.0986122886681098,0
5382,Genta Frozen Food Batam,frozen food store,F&B,Indonesia.Batam.Kuliner.202406162232.db,places,1.0472525,103.9773659,386219.2311357938,115771.55647242285,2,189.81157217193714,52,151,0,6.1655076943894995,0.0,0.0,0
5385,Telaga Punggur Ferry Terminal,ferry service,F&B,Indonesia.Batam.Kuliner.202406162232.db,places,1.0350946,104.133273,403566.9176394913,114422.35578989815,14,244.06213775951358,17,23,1,0.5200291265362724,4.2,1.6094379124341003,0
5386,Martabak Dua Putra786,murtabak restaurant,F&B,Indonesia.Batam.Kuliner.202406162232.db,places,1.0703724,104.1238564,402520.2294434518,118322.37247192032,3,491.36091333267643,29,66,0,35.730880025185854,4.8,2.5649493574615367,0
5387,Warung Bakso PAKDHE,bakso restaurant,F&B,Indonesia.Batam.Kuliner.202406162232.db,places,1.0270463,104.0592207,395326.7916067137,113535.0013718916,4,349.5822092080114,92,168,6,3.4585588189680347,4.6,2.1972245773362196,0
5388,Lestarishop,general store,F&B,Indonesia.Batam.Kuliner.202406162232.db,places,1.0630807,104.1150768,401543.1012665701,117516.60148664398,3,938.9449835853528,7,37,0,31.537183267533266,0.0,0.0,0
5389,YFC Batam - Yummy Fried Chicken,fried chicken takeaway,F&B,Indonesia.Batam.Kuliner.202406162232.db,places,1.0256833,104.0664488,396131.0340795892,113384.09248794065,4,980.3056115596471,42,117,0,57.09219103961799,4.8,1.791759469228055,0
5391,Warkop bude,coffee shop,F&B,Indonesia.Batam.Kuliner.202406162232.db,places,1.0339232,104.131411,403359.6978974795,114292.92218295769,14,22.162090427131705,21,22,1,1.7611552678786664,0.0,0.0,0
5392,Kedai Rafa Punggur,nasi restaurant,F&B,Indonesia.Batam.Kuliner.202406162232.db,places,1.0702546,104.1266427,402830.25377527974,118309.26203813765,3,801.4536460117877,9,42,0,82.69059499190217,0.0,0.0,0
5393,Verdela Patisserie,pastry shop,F&B,Indonesia.Batam.Kuliner.202406162232.db,places,1.0770039,104.1201084,402103.4048757579,119055.56141159833,3,739.2078226606415,19,62,0,207.9451866999119,5.0,1.6094379124341003,0
5398,Minimarket Zaki Mubarak Fresh Mart Punggur,convenience store,F&B,Indonesia.Batam.Kuliner.202406162232.db,places,1.0643785,104.114737,401505.3331142132,117660.0759415872,3,842.4687403031504,10,45,0,148.3622342569324,5.0,0.6931471805599453,0
5401,Najma Toast & BBQ,hamburger restaurant,F&B,Indonesia.Batam.Kuliner.202406162232.db,places,1.073924,104.1164572,401697.0420818676,118715.21551614025,3,515.957627977653,29,63,0,10.618236580122609,5.0,1.791759469228055,1
5407,Roti O Terminal Ferry Telaga Punggur,bakery,F&B,Indonesia.Batam.Kuliner.202406162232.db,places,1.0352563,104.1328592,403520.8791084932,114440.24320278887,14,214.19677357930445,18,23,0,41.636098615618465,1.0,0.6931471805599453,0
5409,Rumah Makan Khas Batak,batak restaurant,F&B,Indonesia.Batam.Kuliner.202406162232.db,places,1.02899,104.0519974,394523.1013766355,113750.10639198717,4,775.0095634660753,33,121,0,71.11062745282253,0.0,0.0,0
5410,Warung ari naswa,convenience store,F&B,Indonesia.Batam.Kuliner.202406162232.db,places,1.0729594,104.1171946,401779.0609475621,118608.5614185151,3,381.5816550859902,42,65,2,69.35555893902179,0.0,0.0,0
5412,MIE AYAM BATAM,restaurant,F&B,Indonesia.Batam.Kuliner.202406162232.db,places,1.0342767,104.0508477,394395.34573054756,114334.56620454864,4,999.586226765576,41,116,12,31.93881036812567,0.0,0.0,0
5413,KUBE,cake shop,F&B,Indonesia.Batam.Kuliner.202406162232.db,places,1.0707953,104.1201209,402104.5981833057,118369.24033086152,3,90.26048293713251,50,73,0,16.19016293410365,3.0,0.6931471805599453,0
5414,Lontong Medan & Nasi Uduk Kak Ar,breakfast restaurant,F&B,Indonesia.Batam.Kuliner.202406162232.db,places,1.0378901,104.0495948,394256.0524420932,114734.05379057623,4,1337.1100358571657,20,99,0,11.32128124857244,4.5,1.0986122886681098,0
5415,Pelabuhan punggur,transportation service,F&B,Indonesia.Batam.Kuliner.202406162232.db,places,1.0347755,104.1330089,403537.521659868,114387.08950600389,14,202.74813292297543,17,22,0,45.91115766047344,4.1,3.784189633918261,0
5417,Sate Madura Asli,indonesian restaurant,F&B,Indonesia.Batam.Kuliner.202406162232.db,places,1.038076,104.0549881,394856.18263011915,114754.42438578304,4,972.6373640181848,33,106,1,17.805642819914148,4.4,4.543294782270004,0
5421,Pelabuhan Telaga Punggur,ferry terminal,F&B,Indonesia.Batam.Kuliner.202406162232.db,places,1.035031,104.133429,403584.27379676286,114415.32050353214,14,256.7723894638408,17,23,0,18.727825540788153,4.0,3.332204510175204,0
5422,Dermaga RoRo Punggur Batam,ferry service,F&B,Indonesia.Batam.Kuliner.202406162232.db,places,1.0339391,104.131412,403359.80964814813,114294.67978918937,14,20.695860415805306,21,22,1,1.7611552678786664,3.8,3.713572066704308,0
5423,Rumah Makan Moroseneng,restaurant,F&B,Indonesia.Batam.Kuliner.202406162232.db,places,1.0330575,104.0476674,394041.42580518615,114199.89480682203,4,1285.194637327572,16,82,7,186.46943975677675,2.7,1.3862943611198906,0
5425,Punggur batam,port authority,F&B,Indonesia.Batam.Kuliner.202406162232.db,places,1.0326056,104.1300286,403205.8385713842,114147.31254062025,14,218.5159106530457,21,22,0,2.6710055130539128,4.2,3.828641396489095,0
5427,Seblak & Cilok Teteh Zahra,seblak restaurant,F&B,Indonesia.Batam.Kuliner.202406162232.db,places,1.0317337,104.0556498,394929.60260423983,114053.28957430388,4,395.9822109916866,61,180,1,71.54620912008937,0.0,0.0,0
5428,Ayam Geprek Kautsar,chicken shop,F&B,Indonesia.Batam.Kuliner.202406162232.db,places,1.0274734,104.0576583,395152.95365405234,113582.2665454983,4,328.50171617241614,71,174,0,1.13878535065668,0.0,0.0,0
5429,Seblak prasmanan huu haa,fast food restaurant,F&B,Indonesia.Batam.Kuliner.202406162232.db,places,1.0377037,104.0545502,394807.44429415767,114713.2828415288,4,959.3226525115094,34,112,1,58.86621318003019,5.0,0.6931471805599453,0
5430,JEJE Bubur & Nasi goreng,fast food restaurant,F&B,Indonesia.Batam.Kuliner.202406162232.db,places,1.0362942,104.0573787,395122.13083575486,114557.3750912001,4,694.8742220016414,45,142,2,117.3715271551185,0.0,0.0,0
5431,RM  Pondok Barangin Batam,restaurant,F&B,Indonesia.Batam.Kuliner.202406162232.db,places,1.0443952,104.0535033,394691.17557742255,115453.0334742943,4,1679.872582512531,10,41,2,286.7535940539187,4.6,3.871201010907891,0
5432,Alfamart,convenience store,F&B,Indonesia.Batam.Kuliner.202406162232.db,places,1.070106,104.1202027,402113.6781157034,118293.04005363438,3,89.02326708973196,45,76,2,6.600688077959516,4.1,3.295836866004329,0
5434,RM Soalagogo,barbecue restaurant,F&B,Indonesia.Batam.Kuliner.202406162232.db,places,1.0350588,104.0554425,394906.6451644047,114420.87132999784,4,659.2126918931925,62,162,0,67.94426207247007,4.8,3.044522437723423,0
5435,Bak Mie Jawa,noodle shop,F&B,Indonesia.Batam.Kuliner.202406162232.db,places,1.039001,104.0502286,394326.6136719395,114856.83781358706,4,1368.0753366795357,26,92,2,134.16268918146216,0.0,0.0,0
5436,Warung Bu ERA,breakfast restaurant,F&B,Indonesia.Batam.Kuliner.202406162232.db,places,1.0417964,104.0545439,394806.878765516,115165.71283629588,4,1370.2092247899313,23,66,0,6.835930435123046,4.9,4.204692619390966,0
5437,Bakso Lembu,bakso restaurant,F&B,Indonesia.Batam.Kuliner.202406162232.db,places,1.0320122,104.0524765,394576.5113839805,114084.18150610533,4,738.383910441556,55,144,5,1.9539114087223415,4.7,1.3862943611198906,0
5438,Coto makassar,asian restaurant,F&B,Indonesia.Batam.Kuliner.202406162232.db,places,1.0292042,103.9472428,382866.62300374307,113777.44130412828,5,542.0092714233526,18,51,0,107.02173438371861,0.0,0.0,0
5439,Warung makan SUKOMORO,restaurant,F&B,Indonesia.Batam.Kuliner.202406162232.db,places,1.0386099,104.0533169,394670.2424098847,114813.50029773648,4,1116.8053424082916,37,109,10,68.9535666040412,5.0,0.6931471805599453,0
5442,Rumah Makan 88,nasi goreng restaurant,F&B,Indonesia.Batam.Kuliner.202406162232.db,places,1.0402547,104.0541064,394758.14616873604,114995.29934440517,4,1232.1659696059387,27,97,1,52.61193856909705,0.0,0.0,0
5443,Mamak Nisa,restaurant,F&B,Indonesia.Batam.Kuliner.202406162232.db,places,1.029714,103.9463051,382762.29807926744,113833.8337488373,5,591.0750432996578,17,52,0,99.8829072366886,0.0,0.0,0
5445,Bakaran Raden,snack bar,F&B,Indonesia.Batam.Kuliner.202406162232.db,places,1.0382338,104.0569239,395071.5882051833,114771.80415774089,4,915.1744580252118,31,105,0,32.04210325460713,5.0,0.6931471805599453,0
5446,Ayam Penyet Sido Mampir,ayam penyet restaurant,F&B,Indonesia.Batam.Kuliner.202406162232.db,places,1.0392258,104.0545884,394811.74521065596,114881.5429540741,4,1106.4153939069902,30,105,0,28.211219743516754,4.4,3.9512437185814275,0
5447,Bakso Solo Ojo Lali Pakde Dalim,bakso restaurant,F&B,Indonesia.Batam.Kuliner.202406162232.db,places,1.0378838,103.9494241,383109.6667091312,114736.88326917416,5,611.4192217109078,11,54,0,116.5900371472575,4.2,4.5217885770490405,1
5449,Masakan kampung,restaurant,F&B,Indonesia.Batam.Kuliner.202406162232.db,places,1.0431447,103.9484881,383005.70653331827,115318.50586048592,5,1201.3154759813344,2,33,1,405.8645969049682,0.0,0.0,0
5450,BAKMIE NICO,noodle shop,F&B,Indonesia.Batam.Kuliner.202406162232.db,places,1.0386693,104.0546391,394817.3682957189,114820.02266733066,4,1048.656226078306,31,106,2,33.72443786834907,3.7,1.9459101490553132,0
5454,Warung Deli Serdang,restaurant,F&B,Indonesia.Batam.Kuliner.202406162232.db,places,1.0487473,103.9528604,383492.4426992972,115937.70539638589,2,2544.6867396265106,6,40,3,79.26953665090198,5.0,0.6931471805599453,0
5455,Lalapan Putra Rahayu,fast food restaurant,F&B,Indonesia.Batam.Kuliner.202406162232.db,places,1.0350373,104.0587322,395272.69624342903,114418.38577317668,4,536.2865765487655,37,164,1,58.89359681586336,4.0,2.3978952727983707,0
5458,Ayam Penyet Nyonya,ayam penyet restaurant,F&B,Indonesia.Batam.Kuliner.202406162232.db,places,1.0462549,103.9363959,381660.25471787556,115662.78936259766,-1,0.0,4,17,0,75.9251316020811,5.0,1.0986122886681098,0
5460,MARTABAK SIMADU SOEKABOEMI,murtabak restaurant,F&B,Indonesia.Batam.Kuliner.202406162232.db,places,1.0469158,103.9365815,381680.9322817339,115735.84457433288,-1,0.0,5,17,0,75.9251316020811,4.5,2.772588722239781,0
5461,Puri Agung 2 Foodcourt,restaurant,F&B,Indonesia.Batam.Kuliner.202406162232.db,places,1.0329586,104.0547783,394832.6690776386,114188.72560258726,4,547.8157094332078,66,173,20,56.24148389831879,3.8,3.828641396489095,2
5462,Warung Wahyu Sederhana,restaurant,F&B,Indonesia.Batam.Kuliner.202406162232.db,places,1.0354947,104.054946,394851.4129049099,114469.07458794257,4,730.6488273868077,64,134,20,73.3086390910655,4.5,1.0986122886681098,0
5463,DIMSUM BATAM,dim sum restaurant,F&B,Indonesia.Batam.Kuliner.202406162232.db,places,1.0393563,103.9382447,381865.72416610026,114900.08283260207,5,1589.4407952603544,10,29,0,72.66810527693718,5.0,2.1972245773362196,0
5465,Sego Pecel Ponorogo  2N,diner,F&B,Indonesia.Batam.Kuliner.202406162232.db,places,1.0308264,104.0535528,394696.2348053096,113953.06090329672,4,594.7480240615089,56,166,7,49.41325552247088,5.0,0.6931471805599453,0
5470,Mamades kitchen,restaurant,F&B,Indonesia.Batam.Kuliner.202406162232.db,places,1.0275387,104.0591216,395315.7805491501,113589.43717192735,4,294.28115096515154,88,172,20,4.307770221742567,0.0,0.0,0
5471,Mie Ayam Bakso GPA,diner,F&B,Indonesia.Batam.Kuliner.202406162232.db,places,1.0324571,104.0546932,394823.18332366773,114133.28982909497,4,527.1661713070023,63,172,7,51.534083847482016,4.7,1.3862943611198906,0
5473,CwieMie & Oskab Malang Bu Poc,restaurant,F&B,Indonesia.Batam.Kuliner.202406162232.db,places,1.0334633,104.0502139,394324.7944331279,114244.6694392097,4,1027.9564207894227,36,110,10,33.079503982439306,0.0,0.0,0
5474,RM MASAKAN PADANG AMPERA SASUAI,padang restaurant,F&B,Indonesia.Batam.Kuliner.202406162232.db,places,1.027356,104.0592562,395330.7518513587,113569.23611774736,4,316.1238476371816,90,167,3,22.211148190962586,4.6,2.1972245773362196,0
5475,Seblak putra Bandung,seblak restaurant,F&B,Indonesia.Batam.Kuliner.202406162232.db,places,1.0335688,104.055718,394937.2516313295,114256.14938867115,4,511.790259143421,61,174,1,21.57421896172934,4.5,1.0986122886681098,0
5476,Nasi goreng seven seven,nasi goreng restaurant,F&B,Indonesia.Batam.Kuliner.202406162232.db,places,1.0409338,104.0538131,394725.5326060631,115070.38062986953,4,1313.981302079665,25,81,1,42.71576909053942,4.4,2.9444389791664403,0
5477,Sego Pecel Lumintu,indonesian restaurant,F&B,Indonesia.Batam.Kuliner.202406162232.db,places,1.0341566,104.0505462,394361.79315456667,114321.29970297545,4,1023.8614323105221,38,114,0,3.2812714389929627,5.0,0.6931471805599453,0
5479,warung bakso mas wawan,bakso restaurant,F&B,Indonesia.Batam.Kuliner.202406162232.db,places,1.0285196,104.0615901,395590.48794820625,113697.79028748327,4,355.3738902874661,92,169,6,1.4314429833661457,4.0,1.0986122886681098,0
5480,Bakso Berkah Solo,bakso restaurant,F&B,Indonesia.Batam.Kuliner.202406162232.db,places,1.033184,104.0501072,394312.9124396726,114213.79757798863,4,1028.72428490395,33,108,4,33.079503982439306,4.2,1.791759469228055,0
5481,Warung Sate Kendal Pintu 4,satay restaurant,F&B,Indonesia.Batam.Kuliner.202406162232.db,places,1.0317315,104.0542971,394779.08453131374,114053.09108066864,4,535.6360349770711,61,172,0,16.11587640518269,5.0,0.6931471805599453,0
5482,Bakmi Siantar,noodle shop,F&B,Indonesia.Batam.Kuliner.202406162232.db,places,1.0421855,104.0521535,394540.90718565916,115208.80605130563,4,1521.825565229322,20,52,2,124.27366802203022,5.0,0.6931471805599453,0
5483,Musia Warah,restaurant,F&B,Indonesia.Batam.Kuliner.202406162232.db,places,1.0385087,104.0570152,395081.75640144444,114802.19007825966,4,942.4717742564548,31,103,10,32.04210325460713,5.0,1.0986122886681098,0
5484,PONDOK CABE IJO KEMUNING,restaurant,F&B,Indonesia.Batam.Kuliner.202406162232.db,places,1.0403201,104.0482351,394104.8364909806,115002.72547222875,4,1628.5959719272334,13,57,3,107.5380718952038,4.6,2.995732273553991,0
5485,Breakfast Place,restaurant,F&B,Indonesia.Batam.Kuliner.202406162232.db,places,1.0410831,104.0523723,394565.21685356647,115086.93322984864,4,1404.2080397835753,29,71,8,83.32206318638998,5.0,1.3862943611198906,0
5486,Warung Kopi & Sarapan MAJU JAYA - Batam,cafe,F&B,Indonesia.Batam.Kuliner.202406162232.db,places,1.029402,104.0611981,395546.8979596761,113795.3483170743,4,274.2833460655227,83,175,4,27.352454019080895,4.5,1.0986122886681098,0
5487,Bubur Ayam Asmi Pancur,porridge restaurant,F&B,Indonesia.Batam.Kuliner.202406162232.db,places,1.0311586,104.0505915,394366.73480942246,113989.88226116587,4,926.2922044550525,38,109,0,104.25716742162939,0.0,0.0,0
5489,RM Danau Kota,restaurant,F&B,Indonesia.Batam.Kuliner.202406162232.db,places,1.0388565,104.0538861,394733.58663626044,114840.7418713378,4,1106.6341675658014,35,106,10,68.9535666040412,5.0,1.6094379124341003,0
5490,Nasi Goreng Kambing GMP,indonesian restaurant,F&B,Indonesia.Batam.Kuliner.202406162232.db,places,1.0272751,104.0595298,395361.1933151576,113560.28403410026,4,330.49135189393576,89,168,4,6.209076541149729,5.0,0.6931471805599453,0
5491,Sambal Goang Indonesia,traditional restaurant,F&B,Indonesia.Batam.Kuliner.202406162232.db,places,1.0308588,104.0526954,394600.8309476543,113956.67094843951,4,689.9472730865873,57,152,0,95.47213458096357,4.9,3.2188758248682006,0
5493,Sate XP,satay restaurant,F&B,Indonesia.Batam.Kuliner.202406162232.db,places,1.0374422,104.0494731,394242.495734423,114684.54443448264,4,1316.8534164716607,19,102,1,12.705450885968508,4.9,2.1972245773362196,0
5495,Mie ayam & Bakso Berkah Solo,restaurant,F&B,Indonesia.Batam.Kuliner.202406162232.db,places,1.0320281,104.0509544,394407.14423973445,114085.9896745149,4,902.8918961319442,40,118,12,77.60006540544758,0.0,0.0,0
5496,Batam Asri Harmoni PT,bakso restaurant,F&B,Indonesia.Batam.Kuliner.202406162232.db,places,1.0268668,104.0628135,395726.56468984426,113515.04104787692,4,572.9732655534572,87,146,6,42.97697199921367,0.0,0.0,0
5497,warung makan sragen batam,restaurant,F&B,Indonesia.Batam.Kuliner.202406162232.db,places,1.0264369,104.0630568,395753.62328657135,113467.50969945728,4,624.5014097510635,87,141,25,4.3517561193684,0.0,0.0,0
5498,Dapur IBU NADINE,restaurant,F&B,Indonesia.Batam.Kuliner.202406162232.db,places,1.0286712,103.9595084,384231.46835442,113718.0709429831,5,1057.1166144727313,22,50,12,42.87448377337245,0.0,0.0,0
5499,MASAKAN UNI HELGA,restaurant,F&B,Indonesia.Batam.Kuliner.202406162232.db,places,1.0264155,103.9590095,384175.8716911859,113468.72421088566,5,1135.060446727277,15,45,9,30.270695677892775,0.0,0.0,0
5500,Sate Jawa Ayam Kambing,satay restaurant,F&B,Indonesia.Batam.Kuliner.202406162232.db,places,1.0282454,104.0621481,395652.56890827283,113667.46051525783,4,424.2260117716349,89,168,1,1.391023313450371,5.0,0.6931471805599453,0
5502,FOOD COURT N GALERY GMP DURIANGKANG,indonesian restaurant,F&B,Indonesia.Batam.Kuliner.202406162232.db,places,1.0285256,104.0615787,395589.2196404869,113698.45393237595,4,353.94536984134925,92,169,4,1.4314429833661457,5.0,1.0986122886681098,0
5503,Warung Nasi TETEH,restaurant,F&B,Indonesia.Batam.Kuliner.202406162232.db,places,1.036603,103.9746995,385922.14600338123,114594.37012445882,2,1163.164036854821,12,22,5,151.68402235572177,5.0,0.6931471805599453,0
5504,Bakso Raya Solo,bakso restaurant,F&B,Indonesia.Batam.Kuliner.202406162232.db,places,1.037984,104.0551686,394876.26419592765,114744.24819535055,4,954.7182472293995,35,107,3,16.599729990827253,3.7,1.3862943611198906,0
5506,Langgiung Cafe,restaurant,F&B,Indonesia.Batam.Kuliner.202406162232.db,places,1.029215,104.0525961,394589.72758124216,113774.95936356894,4,705.2429940523185,35,139,5,71.11062745282253,5.0,0.6931471805599453,0
5508,Salero kampuang khansa dan nabila,restaurant,F&B,Indonesia.Batam.Kuliner.202406162232.db,places,1.035804,104.056003,394969.03772258345,114503.23126978485,4,697.5107545524385,55,143,17,81.26024513295867,4.1,2.0794415416798357,0
5510,Bakso Remaja Malang,bakso restaurant,F&B,Indonesia.Batam.Kuliner.202406162232.db,places,1.0317829,104.0527379,394605.5904251209,114058.82473550312,4,703.67173144486,56,148,6,36.62932710519016,4.6,3.332204510175204,0
5511,Soto medan,restaurant,F&B,Indonesia.Batam.Kuliner.202406162232.db,places,1.0273494,103.9524441,383445.33524194633,113572.20446456384,5,601.0342498410429,7,54,2,183.62089083675713,0.0,0.0,0
5512,Bakso Maknyuz,bakso restaurant,F&B,Indonesia.Batam.Kuliner.202406162232.db,places,1.037242,104.0569033,395069.2633149904,114662.16583809572,4,809.6416789776332,36,116,2,109.66296662512924,0.0,0.0,0
5513,Pabrik Mie Pak Sujarno,noodle shop,F&B,Indonesia.Batam.Kuliner.202406162232.db,places,1.0236945,104.0567029,395046.520942048,113164.55762428936,4,756.8643047895773,28,134,1,51.78366718218986,0.0,0.0,0
5515,Bakso Bakar & Goreng Nadila & Kania,bakso restaurant,F&B,Indonesia.Batam.Kuliner.202406162232.db,places,1.0320455,104.0563395,395006.35729107837,114087.73488831263,4,347.6117483039009,60,186,5,15.305977953720696,5.0,0.6931471805599453,0
5518,Pempek Palembang 99 sari rasa,pempek restaurant,F&B,Indonesia.Batam.Kuliner.202406162232.db,places,1.0366784,104.0551638,394875.6869981214,114599.9201088401,4,827.0310231468103,45,120,0,75.4238427401767,4.4,2.302585092994046,0
5522,Ampera Ilham,restaurant,F&B,Indonesia.Batam.Kuliner.202406162232.db,places,1.034909,104.0560347,394972.535591498,114404.29199448542,4,609.2844612079067,57,169,17,67.94426207247007,5.0,0.6931471805599453,0
5523,Warung Nasi Asifa,nasi restaurant,F&B,Indonesia.Batam.Kuliner.202406162232.db,places,1.0328838,104.0527632,394608.44186797104,114180.52355405696,4,740.9843025645662,59,146,1,101.49554675640441,0.0,0.0,0
5524,Warung Soto Babat Chamelli,country food restaurant,F&B,Indonesia.Batam.Kuliner.202406162232.db,places,1.0416901,104.0536906,394711.92688435107,115153.99034316491,4,1395.5884730350244,22,63,0,24.13138675513,0.0,0.0,0
5525,RUMAH MAKAN KUMPULAN,restaurant,F&B,Indonesia.Batam.Kuliner.202406162232.db,places,1.0395771,103.9376296,381797.28650354804,114924.51518551634,5,1661.3091804133292,9,30,4,72.66810527693718,0.0,0.0,0
5526,Upin Ipin Fried Chicken,fried chicken takeaway,F&B,Indonesia.Batam.Kuliner.202406162232.db,places,1.0330534,104.0508795,394398.84377469687,114199.33463245675,4,942.8203752232414,40,119,0,86.82482185482863,3.4,3.6109179126442243,0
5527,Bekakak Bakar Tulang Lunak   Jajanan Bandung Ummu Akbar,chicken restaurant,F&B,Indonesia.Batam.Kuliner.202406162232.db,places,1.0325045,104.0517987,394501.1072101591,114138.62559727997,4,826.4114776680756,55,128,1,93.00509928771484,4.5,3.044522437723423,0
5528,Mirada,restaurant,F&B,Indonesia.Batam.Kuliner.202406162232.db,places,1.041279,104.0536406,394706.3496412368,115108.54672463267,4,1356.6847182308704,24,75,6,23.81713555315048,4.4,3.1354942159291497,0
5529,Yanggood,restaurant,F&B,Indonesia.Batam.Kuliner.202406162232.db,places,1.0345833,104.0506906,394377.8749883663,114368.46473604192,4,1030.7461428069637,33,114,10,7.141328832734657,0.0,0.0,0
5530,Pempek Cek Zahra Batam,restaurant,F&B,Indonesia.Batam.Kuliner.202406162232.db,places,1.03755,104.0496793,394265.44365081727,114696.45437005292,4,1306.1217061268899,21,102,10,25.854466386425,5.0,0.6931471805599453,0
5531,Ampera Masakan Padang,padang restaurant,F&B,Indonesia.Batam.Kuliner.202406162232.db,places,1.0414237,104.0530403,394639.5578707685,115124.5627312406,4,1400.7582050146839,22,68,3,62.93034885344467,3.8,1.791759469228055,0
5532,TPU Muslim Sei Temiang,cemetery,F&B,Indonesia.Batam.Kuliner.202406162232.db,places,1.0666392,103.9677966,385155.1243591302,117915.07554321755,-1,0.0,2,3,1,153.39175884692943,4.3,2.0794415416798357,0
5534,Ramiro Garden  Sei Temiang  Batu Aji Batam Island,plant nursery,F&B,Indonesia.Batam.Kuliner.202406162232.db,places,1.0803278,103.9547171,383700.2306394143,119428.827041879,-1,0.0,1,1,0,482.3042908793494,5.0,1.6094379124341003,0
5535,PERUMAHAN KAVLING PLUS SEI TEMIANG,gated community,F&B,Indonesia.Batam.Kuliner.202406162232.db,places,1.0760263,103.953993,383619.49379496864,118953.32836580346,-1,0.0,1,1,0,482.3042908793494,4.6,2.3978952727983707,0
5536,BPK,indonesian restaurant,F&B,Indonesia.Batam.Kuliner.202406162232.db,places,1.062632,103.9676294,385136.371026964,117472.09190477757,-1,0.0,3,11,0,106.96385070818208,4.3,2.8903717578961645,2
5538,RM Nasi Lemak Mak Nga,restaurant,F&B,Indonesia.Batam.Kuliner.202406162232.db,places,1.0865533,103.9430835,382405.9517390097,120117.49991307073,-1,0.0,0,0,0,1466.0928331957475,4.0,1.3862943611198906,0
5539,Pertamina Petrol Station,petrol station,F&B,Indonesia.Batam.Kuliner.202406162232.db,places,1.0619939,103.968352,385216.7541503792,117401.52407337874,-1,0.0,1,15,0,106.96385070818208,4.4,5.627621113690637,0
5540,WARUNG ABDULL,coffee shop,F&B,Indonesia.Batam.Kuliner.202406162232.db,places,1.0683803,103.9588226,384156.61544656765,118107.88842414103,-1,0.0,0,1,0,864.3102642308894,0.0,0.0,0
5544,Smart Vegetarian Sungai Panas,vegetarian restaurant,F&B,Indonesia.Batam.Kuliner.202406162232.db,places,1.1331497,104.0336447,392484.61020238226,125265.18429912066,0,1394.120507815505,44,122,2,67.6968450145489,4.5,4.330733340286331,1
5547,Nasi Uduk Pak Itam,chicken restaurant,F&B,Indonesia.Batam.Kuliner.202406162232.db,places,1.135756,104.0277146,391824.8685490323,125553.52240278447,0,674.3796351100615,48,140,4,27.49179253343639,4.4,5.659482215759621,1
5548,RM  Pangek Ombilin,padang restaurant,F&B,Indonesia.Batam.Kuliner.202406162232.db,places,1.1412739,104.027565,391808.4283767373,126163.51253691595,0,711.5205049108441,52,215,2,21.580060949274316,4.5,0.6931471805599453,2
5554,Pisang keju 79 sungai panas batam,restaurant,F&B,Indonesia.Batam.Kuliner.202406162232.db,places,1.1414535,104.027641,391816.8915448665,126183.36382946307,0,729.0567108156126,50,221,12,21.580060949274316,4.0,0.6931471805599453,0
5558,Meat ball Gogon,bakso restaurant,F&B,Indonesia.Batam.Kuliner.202406162232.db,places,1.1432431,104.0278877,391844.40856696316,126381.18855267671,0,870.262529065035,57,244,1,15.708494256465166,4.5,4.0943445622221,1
5559,CIMOT STAND NATURAL FOOD & TOKE GONGGONG SEI PANAS,restaurant,F&B,Indonesia.Batam.Kuliner.202406162232.db,places,1.1400214,104.0277126,391824.80492640834,126025.04749738312,0,667.0509556124781,52,198,11,42.390405797852665,4.0,1.6094379124341003,0
5560,Sudi Mampir,satay restaurant,F&B,Indonesia.Batam.Kuliner.202406162232.db,places,1.134376,104.0317,392268.27013165975,125400.81955467076,0,1143.0965541822402,69,121,2,16.50031821697534,4.3,3.4965075614664802,0
5561,Bejo’s Bakso,bakso restaurant,F&B,Indonesia.Batam.Kuliner.202406162232.db,places,1.137518,104.028306,391890.73877958825,125748.28316134244,0,695.6380553255116,53,153,1,14.602815576326302,4.2,5.099866427824199,0
5562,Ikan bakar Wai cabang sei panas,restaurant,F&B,Indonesia.Batam.Kuliner.202406162232.db,places,1.1345847,104.0286742,391931.59912339586,125424.00343228212,0,825.0638257064517,50,115,11,58.242978847965034,5.0,1.0986122886681098,0
5563,Borneo 77 Resto,indonesian restaurant,F&B,Indonesia.Batam.Kuliner.202406162232.db,places,1.1335774,104.0343823,392566.69816756644,125312.43757321821,0,1453.764116288038,47,123,3,24.904971525295828,4.2,3.1354942159291497,0
5564,BPK  Lopiga,batak restaurant,F&B,Indonesia.Batam.Kuliner.202406162232.db,places,1.134745,104.034203,392546.79066392273,125441.5180617823,0,1396.4887485315344,45,132,0,18.92846680634607,4.5,2.995732273553991,0
5565,RM & Restaurant Bundo Kanduang,padang restaurant,F&B,Indonesia.Batam.Kuliner.202406162232.db,places,1.1369355,104.0281138,391869.3311433623,125683.8970375795,0,682.220523931791,52,152,1,8.140245364423256,4.4,5.10594547390058,2
5567,Kedai Makan Makmur,restaurant,F&B,Indonesia.Batam.Kuliner.202406162232.db,places,1.1331785,104.0357295,392716.5853591484,125268.29073339359,0,1609.8017929335042,35,122,9,119.4910507818953,0.0,0.0,0
5569,Ampera Densiko,padang restaurant,F&B,Indonesia.Batam.Kuliner.202406162232.db,places,1.1362961,104.0343319,392561.19053829805,125612.98160241227,0,1376.9012706939911,46,126,0,21.756581425501523,4.6,5.003946305945459,0
5571,Kedai Star 889,coffee shop,F&B,Indonesia.Batam.Kuliner.202406162232.db,places,1.1376868,104.0281127,391869.23671260185,125766.95065024222,0,673.0323576671032,53,163,2,16.470932775045423,4.8,2.302585092994046,0
5572,Nasi Uduk Seafood Lamongan,food court,F&B,Indonesia.Batam.Kuliner.202406162232.db,places,1.1349504,104.0276205,391814.36815153196,125464.46966786099,0,702.4777198220795,46,121,0,89.66966011431215,4.6,3.295836866004329,0
5573,Rumah Makan Bu Pammaki,indonesian restaurant,F&B,Indonesia.Batam.Kuliner.202406162232.db,places,1.1362129,104.0345091,392580.90435294504,125603.77756268026,0,1397.695632477217,46,128,4,6.357914270411812,0.0,0.0,0
5574,Warung mas arif,restaurant,F&B,Indonesia.Batam.Kuliner.202406162232.db,places,1.1788277,104.0153441,390450.0611925528,130315.43214039154,1,275.7135796098055,11,97,5,150.81904626916125,5.0,1.791759469228055,0
5575,Missou,indonesian restaurant,F&B,Indonesia.Batam.Kuliner.202406162232.db,places,1.1310238,104.0315202,392248.1400773007,125030.25272158359,0,1302.6255064763554,37,124,3,38.817009270401215,4.5,3.044522437723423,0
5576,Angkringan Narimo,restaurant,F&B,Indonesia.Batam.Kuliner.202406162232.db,places,1.1853255,104.0186737,390820.7930902634,131033.61254113221,1,1066.920641762729,33,67,13,46.17150597515212,4.5,3.5553480614894135,1
5577,Nasi Goreng Gila Braling,asian restaurant,F&B,Indonesia.Batam.Kuliner.202406162232.db,places,1.1375346,104.0280995,391867.76229127153,125750.12597039538,0,672.5882374187939,52,159,1,0.9517198473556185,5.0,0.6931471805599453,0
5578,Cahaya Baru,restaurant,F&B,Indonesia.Batam.Kuliner.202406162232.db,places,1.1826321,104.018533,390805.0323224043,130735.87124640336,1,789.6045520940202,45,66,19,51.61760668340375,5.0,0.6931471805599453,0
5582,Sate Mawar,satay restaurant,F&B,Indonesia.Batam.Kuliner.202406162232.db,places,1.133529,104.0346009,392591.01983610576,125307.07902433445,0,1478.478402344058,44,123,2,16.593140854863417,4.6,2.0794415416798357,0
5584,Warung Subena,restaurant,F&B,Indonesia.Batam.Kuliner.202406162232.db,places,1.1837309,104.020494,391023.27137352334,130857.26296165795,1,1008.8922329338579,32,58,11,8.337991059365136,1.0,0.6931471805599453,0
5585,Ayam Bakar Pak Roso,chicken restaurant,F&B,Indonesia.Batam.Kuliner.202406162232.db,places,1.1363964,104.0298376,392061.1171029278,125624.23695481806,0,881.7385186046442,58,127,4,62.68653876425395,4.7,3.828641396489095,0
5586,WARKUM & KOST,restaurant,F&B,Indonesia.Batam.Kuliner.202406162232.db,places,1.1317229,104.0325712,392365.10998573666,125107.49666041379,0,1357.7654908321715,38,127,9,123.56194532164197,4.1,2.0794415416798357,0
5588,Mie Aceh 99 terowongan,noodle shop,F&B,Indonesia.Batam.Kuliner.202406162232.db,places,1.138798,104.0236807,391376.13253736676,125889.95654743208,0,200.62158218418168,33,171,2,55.16520962747497,4.2,0.6931471805599453,0
5589,Waroeng Berkat,restaurant,F&B,Indonesia.Batam.Kuliner.202406162232.db,places,1.1287214,104.0309983,392189.9836749077,124775.7501165849,0,1426.3029396695097,23,96,9,109.90033401466096,4.8,2.1972245773362196,0
5590,Mie Ayam Sengkuang,noodle shop,F&B,Indonesia.Batam.Kuliner.202406162232.db,places,1.1840118,104.0207378,391050.4094114792,130888.30596647822,1,1049.9602746320325,32,58,1,21.46366200787317,4.8,1.6094379124341003,0
5592,Kopitiam Take Five,restaurant,F&B,Indonesia.Batam.Kuliner.202406162232.db,places,1.1351032,104.0285813,391921.28144701297,125481.32524435346,0,791.1391839897867,51,116,11,38.02742480583584,4.6,4.0943445622221,0
5593,GEPREK GOLD CHICK KUDA PUTIH,restaurant,F&B,Indonesia.Batam.Kuliner.202406162232.db,places,1.1377283,104.0285264,391915.2703541277,125771.52282709905,0,718.8219303139606,54,156,13,3.750280913144346,3.2,4.477336814478207,0
5596,Mie Gacoor Batam,restaurant,F&B,Indonesia.Batam.Kuliner.202406162232.db,places,1.1336814,104.0332803,392444.08329781797,125323.97529932985,0,1334.71507734099,55,124,15,71.40596403073927,0.0,0.0,0
5597,Bubur Ayam Special Sengkuang,porridge restaurant,F&B,Indonesia.Batam.Kuliner.202406162232.db,places,1.1851297,104.0175747,390698.50216080353,131012.01081853584,1,1007.7420585668268,35,76,0,35.81388055096389,2.5,1.0986122886681098,0
5598,OK 899 SEAFOOD IKAN BAKAR,seafood restaurant,F&B,Indonesia.Batam.Kuliner.202406162232.db,places,1.1326482,104.0341782,392543.95387312147,125209.72554397881,0,1470.4663964503188,41,124,1,17.517369335473706,4.4,6.363028103540465,2
5599,Tahu Kalasam Simpang Kuda,deli,F&B,Indonesia.Batam.Kuliner.202406162232.db,places,1.1377524,104.0278465,391839.61927335535,125774.21247816869,0,643.1235895429242,53,171,1,6.610187552007586,4.6,3.1780538303479458,0
5600,WARUNG AYAM BAKAR TOPAN,chicken restaurant,F&B,Indonesia.Batam.Kuliner.202406162232.db,places,1.1779192,104.0201339,390982.9774138386,130214.8124050451,1,578.6900694882833,14,85,0,35.229484943437086,4.1,3.4011973816621555,2
5601,Warung Makan Mimi,brunch restaurant,F&B,Indonesia.Batam.Kuliner.202406162232.db,places,1.1377422,104.0319041,392291.104864885,125772.93309961082,0,1094.4324498331455,59,138,0,6.3914782834478405,4.7,3.4657359027997265,0
5602,Rumah Makan Padang SALERO AMBO,restaurant,F&B,Indonesia.Batam.Kuliner.202406162232.db,places,1.164664,104.0119273,390069.32793923427,128749.81162397283,1,1340.3291184073082,26,71,6,18.35878545948048,3.8,2.302585092994046,0
5603,Ayam Cabe Ijo Podo Seneng,asian restaurant,F&B,Indonesia.Batam.Kuliner.202406162232.db,places,1.137581,104.0288179,391947.6998618038,125755.2284146736,0,752.0135639723582,58,144,1,14.540313422283088,3.0,0.6931471805599453,0
5604,Warung Makan DELAM,restaurant,F&B,Indonesia.Batam.Kuliner.202406162232.db,places,1.1759507,104.0132337,390215.1283643923,129997.47152526102,1,220.29524497775532,6,82,1,210.91575105301084,5.0,1.3862943611198906,0
5605,Warung Pak Dhe,indonesian restaurant,F&B,Indonesia.Batam.Kuliner.202406162232.db,places,1.1843018,104.022184,391211.3360467125,130920.30771972443,1,1175.9683090120357,24,54,0,27.91416379764521,0.0,0.0,0
5606,Langgeng Mie Ayam Baso,noodle shop,F&B,Indonesia.Batam.Kuliner.202406162232.db,places,1.1335908,104.0347368,392606.1436001355,125313.90574279953,0,1490.5081319857889,44,123,3,16.593140854863417,4.4,5.541263545158426,0
5607,Warung Bu Eka,restaurant,F&B,Indonesia.Batam.Kuliner.202406162232.db,places,1.1712914,104.0183344,390782.49328410486,129482.20056813334,1,659.5058530679278,37,76,12,38.79334276702553,5.0,0.6931471805599453,0
5608,Nasi Campur Budhe Saidah,diner,F&B,Indonesia.Batam.Kuliner.202406162232.db,places,1.1332592,104.0323047,392335.51339817536,125277.33889411465,0,1252.5973102614419,51,124,3,26.61775263908214,5.0,1.3862943611198906,0
5609,RM SOPOPARPILOAN,diner,F&B,Indonesia.Batam.Kuliner.202406162232.db,places,1.134145,104.0230286,391303.3997912415,125375.60757496604,0,437.1635664617842,9,107,0,43.93033412456749,4.8,1.6094379124341003,0
5610,WAROENG BABANG,restaurant,F&B,Indonesia.Batam.Kuliner.202406162232.db,places,1.1823927,104.0195342,390916.4243187893,130709.3669729678,1,826.438342477193,35,63,12,12.730425534329315,0.0,0.0,0
5611,Ikanbakar Tanjungbatu,bakso restaurant,F&B,Indonesia.Batam.Kuliner.202406162232.db,places,1.1334391,104.0321457,392317.8282232358,125297.23209252296,0,1228.2747906073544,54,121,1,26.61775263908214,5.0,1.6094379124341003,0
5612,Warung Makan PakTole -Soto  Rawon  AyamPenyet,diner,F&B,Indonesia.Batam.Kuliner.202406162232.db,places,1.1660673,104.0114734,390018.87748040946,128904.96001532263,1,1207.9561991686578,29,71,3,33.88641002395085,4.9,3.091042453358316,0
5613,Warung Bude Tini,brunch restaurant,F&B,Indonesia.Batam.Kuliner.202406162232.db,places,1.1843552,104.0219388,391184.0553008736,130926.22054028622,1,1162.549608449965,28,54,0,27.91416379764521,3.8,1.791759469228055,0
5614,Mie Aceh Simpang Koin,noodle shop,F&B,Indonesia.Batam.Kuliner.202406162232.db,places,1.1337726,104.030272,392109.3552129476,125334.16905795035,0,1024.228904416655,64,121,3,59.02610901759745,4.7,3.6635616461296463,0
5615,WARUNG TULUNG AGUNG,restaurant,F&B,Indonesia.Batam.Kuliner.202406162232.db,places,1.1719776,104.0201106,390980.15450700384,129557.98860122572,1,730.772648538705,28,61,9,31.794762827195733,0.0,0.0,0
5616,Seblak Wak,seblak restaurant,F&B,Indonesia.Batam.Kuliner.202406162232.db,places,1.1416404,104.0274279,391793.187076522,126204.03298951562,0,720.4078241197316,48,225,1,31.450214574371653,4.0,0.6931471805599453,0
5617,Warung Ponorogo,restaurant,F&B,Indonesia.Batam.Kuliner.202406162232.db,places,1.1702871,104.017326,390670.25140779663,129371.21767368205,1,710.5622102231868,37,82,12,12.76560387973975,3.9,2.4849066497880004,1
5618,Onang Tok MG Kedai Makan,chinese restaurant,F&B,Indonesia.Batam.Kuliner.202406162232.db,places,1.1377233,104.0303249,392115.38788129715,125770.90277856131,0,918.8389522156456,62,141,0,32.0239465970346,4.3,1.9459101490553132,0
5619,Warung Raishakila,restaurant,F&B,Indonesia.Batam.Kuliner.202406162232.db,places,1.166039,104.0120039,390077.9044397055,128901.81081258236,1,1192.1100311023163,29,72,7,25.777162938609973,5.0,0.6931471805599453,0
5620,Nasi Campur Melcem,restaurant,F&B,Indonesia.Batam.Kuliner.202406162232.db,places,1.1701217,104.017157,390651.44064689934,129352.93980972559,1,721.8410603098198,36,81,11,26.22832507702581,0.0,0.0,0
5621,Ayam geprek mania,chicken restaurant,F&B,Indonesia.Batam.Kuliner.202406162232.db,places,1.1375379,104.0281074,391868.6414414649,125750.49047774149,0,673.4383139441052,52,159,4,0.9517198473556185,3.0,1.3862943611198906,0
5622,Lontong Sayur Tanjung Sengkoang Batam,restaurant,F&B,Indonesia.Batam.Kuliner.202406162232.db,places,1.1848106,104.0176303,390704.6761398276,130976.7331198704,1,975.4856741166466,36,76,14,35.81388055096389,3.8,2.8903717578961645,1
5623,Sate Madura Cak Iqbal,satay restaurant,F&B,Indonesia.Batam.Kuliner.202406162232.db,places,1.1319158,104.0339608,392519.73695524444,125128.76950638425,0,1483.1336210273676,40,124,2,53.60754730250665,4.6,4.770684624465665,0
5624,SeaFood Cibi Cibi 87,seafood restaurant,F&B,Indonesia.Batam.Kuliner.202406162232.db,places,1.1655218,104.0117878,390053.8392046006,128844.6443203697,1,1253.854972799526,29,71,0,34.618132937483736,4.9,2.0794415416798357,0
5625,Rumah Camilan Tsamara,breakfast restaurant,F&B,Indonesia.Batam.Kuliner.202406162232.db,places,1.1377444,104.0318467,392284.7180972781,125773.17844464001,0,1088.041602001029,61,138,1,6.3914782834478405,4.1,2.0794415416798357,0
5626,Sop Ayam Merah,soto ayam restaurant,F&B,Indonesia.Batam.Kuliner.202406162232.db,places,1.163159,104.0120169,390079.2393406825,128583.43484029295,1,1498.8408956066462,17,70,0,45.98816321865082,4.6,1.791759469228055,0
5627,Morning Bakery,cake shop,F&B,Indonesia.Batam.Kuliner.202406162232.db,places,1.131948,104.0300017,392079.21158572997,125132.47614201966,0,1106.0688353421363,35,123,0,10.364989354258654,4.3,5.278114659230517,2
5628,Warung Bakso Mbak Dyah,bakso restaurant,F&B,Indonesia.Batam.Kuliner.202406162232.db,places,1.1846127,104.0170209,390636.8617861825,130954.87994041116,1,937.354349302434,37,77,0,71.24849481061266,4.8,1.9459101490553132,0
5629,Selera Bersama,indonesian restaurant,F&B,Indonesia.Batam.Kuliner.202406162232.db,places,1.136713,104.03527,392665.58748236595,125659.033458481,0,1475.3037466881035,37,125,2,0.0,0.0,0.0,0
5630,Rm Sahfira,restaurant,F&B,Indonesia.Batam.Kuliner.202406162232.db,places,1.1697828,104.0158933,390510.8176273438,129315.5247538036,1,729.1979075776434,41,79,11,1.21515855218526,4.5,1.9459101490553132,0
5631,Nasi goreng padang uda hen,nasi goreng restaurant,F&B,Indonesia.Batam.Kuliner.202406162232.db,places,1.1433815,104.0279197,391847.9743570477,126396.4869817751,0,883.1844143564663,57,247,3,15.708494256465166,4.4,4.30406509320417,0
5632,Warung Ibu Fatih,restaurant,F&B,Indonesia.Batam.Kuliner.202406162232.db,places,1.1850365,104.0157706,390497.7602592963,131001.77910751945,1,963.7159326472913,27,77,11,71.47813095992746,5.0,1.0986122886681098,0
5633,GEPREK MANTUL,fast food restaurant,F&B,Indonesia.Batam.Kuliner.202406162232.db,places,1.1378018,104.0291863,391988.69966639887,125779.6232768569,0,791.9543346201191,59,148,0,33.821820381503926,5.0,1.3862943611198906,0
5634,RM  Baringin,padang restaurant,F&B,Indonesia.Batam.Kuliner.202406162232.db,places,1.1658059,104.0119979,390077.2277849783,128876.04253232264,1,1216.9412592893775,29,73,2,24.019900648934275,4.5,4.204692619390966,0
5635,Tungku Emak Btm - Morning Bakery Sungai Panas,restaurant,F&B,Indonesia.Batam.Kuliner.202406162232.db,places,1.1319299,104.0300931,392089.3809426286,125130.47185047848,0,1115.398185889163,35,123,9,10.364989354258654,0.0,0.0,0
5636,Warung pojok persero,restaurant,F&B,Indonesia.Batam.Kuliner.202406162232.db,places,1.179293,104.0192157,390880.86462572566,130366.71754711377,1,555.606086053487,21,74,9,103.81802552556876,3.9,2.5649493574615367,0
5637,Warung Ani (Warung ayam penyet),ayam penyet restaurant,F&B,Indonesia.Batam.Kuliner.202406162232.db,places,1.1809899,104.0195293,390915.8243736811,130554.29211585224,1,706.3820467278533,39,65,0,87.0433891912007,5.0,1.6094379124341003,0
5638,RM  MARAPI,padang restaurant,F&B,Indonesia.Batam.Kuliner.202406162232.db,places,1.185388,104.0193867,390900.1294173472,131040.493615723,1,1104.6026692656342,34,60,1,34.097517382954656,4.5,2.8903717578961645,0
5639,Masakan Nusantara Ami,deli,F&B,Indonesia.Batam.Kuliner.202406162232.db,places,1.1355977,104.029431,392015.845360256,125535.95871321886,0,860.2504870266907,56,127,1,50.51015056479424,4.8,2.1972245773362196,0
5640,Pondok Bakar Minang Barokah,padang restaurant,F&B,Indonesia.Batam.Kuliner.202406162232.db,places,1.1681545,104.0119142,390068.00579017604,129135.67658212526,1,974.8716601847281,39,71,3,4.0304817663778305,4.1,3.332204510175204,0
5641,Bakso Bakar Dragon,hawker stall,F&B,Indonesia.Batam.Kuliner.202406162232.db,places,1.1295643,104.0353071,392669.45241020375,124868.77015735435,0,1742.0139365240057,29,103,0,38.060271749124304,4.4,2.4849066497880004,0
5642,RM Padang Metta Vegetarian,vegetarian restaurant,F&B,Indonesia.Batam.Kuliner.202406162232.db,places,1.132312,104.0342386,392550.66215433646,125172.55764620441,0,1491.8512082853563,40,124,2,37.768421489754196,4.6,4.68213122712422,0
5643,Kulinernya Batam,shopping mall,F&B,Indonesia.Batam.Kuliner.202406162232.db,places,1.1819763,104.0219527,391185.5092181611,130663.24040287916,1,978.236182788894,30,56,0,83.21683448426087,4.0,0.6931471805599453,0
5644,Lele Bebek Ayam Mas Budiman  Sei Panas,buffet restaurant,F&B,Indonesia.Batam.Kuliner.202406162232.db,places,1.1441553,104.0281429,391872.83857694897,126482.01944427908,0,960.428530213364,67,239,0,9.739781536593224,5.0,0.6931471805599453,0
5645,Mie Ayam Tarmudiono,noodle shop,F&B,Indonesia.Batam.Kuliner.202406162232.db,places,1.1845971,104.0204389,391017.1743572368,130953.02073998016,1,1084.573414357521,31,58,1,24.50969826376843,4.3,2.833213344056216,0
5646,Nasi Ayam Tanjung Batu,restaurant,F&B,Indonesia.Batam.Kuliner.202406162232.db,places,1.134334,104.0315577,392252.4349583541,125396.18190573606,0,1129.9174612016209,68,119,18,16.50031821697534,4.0,0.6931471805599453,0
5647,Pempek Cek Dila,family restaurant,F&B,Indonesia.Batam.Kuliner.202406162232.db,places,1.179773,104.0175689,390697.64725347934,130419.84465683888,1,463.6762987255261,27,78,0,190.76450215013617,5.0,1.6094379124341003,0
5648,Mie ayam mama diva,snack bar,F&B,Indonesia.Batam.Kuliner.202406162232.db,places,1.1690602,104.015931,390514.98444406595,129235.64208612649,1,809.0709525741339,39,79,0,0.0,0.0,0.0,0
5649,RM AKU TAHU,tofu restaurant,F&B,Indonesia.Batam.Kuliner.202406162232.db,places,1.1339847,104.0313874,392233.47287544067,125357.57439999221,0,1126.8047085173469,65,118,0,43.01278982089982,4.0,1.791759469228055,0
5650,Warung fatur wong kendal,restaurant,F&B,Indonesia.Batam.Kuliner.202406162232.db,places,1.1821606,104.0143044,390334.5063339983,130683.91507074184,1,650.7758485905226,28,83,12,26.205367412899154,4.1,2.0794415416798357,0
5651,Seleraku,indonesian restaurant,F&B,Indonesia.Batam.Kuliner.202406162232.db,places,1.1372882,104.0279816,391854.6344688509,125722.89173475678,0,662.0979967734016,52,158,4,30.2331492293882,5.0,0.6931471805599453,0
5652,Warung Kediri (Bu Warti),chicken restaurant,F&B,Indonesia.Batam.Kuliner.202406162232.db,places,1.1845132,104.0214843,391133.4903142649,130943.70477381244,1,1144.2140046138245,29,55,1,53.502488659280395,4.2,3.258096538021482,1
5653,Tanjung uma,restaurant,F&B,Indonesia.Batam.Kuliner.202406162232.db,places,1.1453667,103.9935953,388028.7877298315,126617.26212592947,0,3272.0157020455235,37,68,14,16.81008640498684,0.0,0.0,0
5654,Nasi Ayam Hainan XiongDi,chicken restaurant,F&B,Indonesia.Batam.Kuliner.202406162232.db,places,1.1386281,104.0274321,391793.5419237056,125871.03359169052,0,600.8027318120511,47,183,3,107.22616366517856,5.0,2.3978952727983707,0
5655,Pempek Wak Ali,restaurant,F&B,Indonesia.Batam.Kuliner.202406162232.db,places,1.1695404,104.0118398,390059.7813091449,129288.88664339711,1,838.2574803946114,33,73,8,24.351057135373747,5.0,1.6094379124341003,0
5656,Rumah Makan Putra Pasaman,restaurant,F&B,Indonesia.Batam.Kuliner.202406162232.db,places,1.1421782,103.9952173,388209.14445965656,126264.7178187848,0,3023.835308821791,33,84,13,23.79527763970598,0.0,0.0,0
5657,AMENK ZAHRA,restaurant,F&B,Indonesia.Batam.Kuliner.202406162232.db,places,1.1736146,104.0202756,390998.57710254507,129738.94723722125,1,642.4641423464954,23,62,6,181.89398002088387,0.0,0.0,0
5658,Dapur Kita,restaurant,F&B,Indonesia.Batam.Kuliner.202406162232.db,places,1.1370091,104.0281115,391869.0779627423,125692.03334473734,0,680.6375464766654,53,153,13,8.140245364423256,5.0,0.6931471805599453,0
5659,Gerai Pak Itam,nasi goreng restaurant,F&B,Indonesia.Batam.Kuliner.202406162232.db,places,1.1441598,103.9948714,388170.73276866274,126483.79239894846,0,3102.6385895432845,42,78,2,16.844520694625654,4.6,4.672828834461906,0
5661,Nasi Goreng 88,snack bar,F&B,Indonesia.Batam.Kuliner.202406162232.db,places,1.1367486,104.0329165,392403.7169349665,125663.05649528044,0,1214.4223383882013,54,130,0,109.98072514008526,0.0,0.0,0
5662,Cendol Manis Dingin,cendol restaurant,F&B,Indonesia.Batam.Kuliner.202406162232.db,places,1.1846928,104.0202402,390995.06920576375,130963.60788252823,1,1081.8129709483903,31,58,0,24.50969826376843,4.0,1.0986122886681098,0
5663,Warung Soto Ecu,javanese restaurant,F&B,Indonesia.Batam.Kuliner.202406162232.db,places,1.136713,104.03527,392665.58748236595,125659.033458481,0,1475.3037466881035,37,125,0,0.0,3.0,0.6931471805599453,0
5664,warung makan bang iyan,restaurant,F&B,Indonesia.Batam.Kuliner.202406162232.db,places,1.1478315,103.9980884,388528.8306294052,126889.56442168471,0,2882.201445227387,32,162,15,8.17428157622098,5.0,1.0986122886681098,0
5665,Warung nasi jawa kendal,nasi restaurant,F&B,Indonesia.Batam.Kuliner.202406162232.db,places,1.1636564,104.0119824,390075.4198200076,128638.42228016074,1,1446.3835370454096,19,69,0,46.73658107495612,4.8,2.70805020110221,0
5666,Risollaku batam,restaurant,F&B,Indonesia.Batam.Kuliner.202406162232.db,places,1.1360184,104.0345232,392582.4660630633,125582.2757888581,0,1402.4130970574563,45,127,13,15.741235384452047,4.0,0.6931471805599453,0
5667,Warung Mak Gadis Menyediakan Masakan Khas Melayu,malaysian restaurant,F&B,Indonesia.Batam.Kuliner.202406162232.db,places,1.1482208,103.9974609,388459.0238515706,126932.625037518,0,2963.1388156395833,34,127,0,20.48738767879338,4.2,3.5553480614894135,0
5668,Ayam Cabe Ijo Bude Tribun,indonesian restaurant,F&B,Indonesia.Batam.Kuliner.202406162232.db,places,1.1656784,104.0121727,390096.6726130529,128861.9409619018,1,1224.987490236071,29,75,1,24.019900648934275,5.0,0.6931471805599453,0
5670,RM SAMI RAOS,padang restaurant,F&B,Indonesia.Batam.Kuliner.202406162232.db,places,1.1738021,104.0167832,390609.9913383201,129759.81113126953,1,332.67626587985455,28,74,1,153.8103672035531,4.3,1.6094379124341003,0
5671,Bakmi Jawa Gunungkidul JOGOBOYO,noodle shop,F&B,Indonesia.Batam.Kuliner.202406162232.db,places,1.1340788,104.0280596,391863.1941754817,125368.10093311092,0,793.7444693683703,45,120,2,88.34209819065455,4.5,6.329720905522696,1
5673,KING SEMPOL,snack bar,F&B,Indonesia.Batam.Kuliner.202406162232.db,places,1.1802199,104.0193658,390897.6020559915,130469.17749466463,1,633.5651981798467,29,69,0,87.0433891912007,5.0,0.6931471805599453,0
5674,Mie Ayam Uni,restaurant,F&B,Indonesia.Batam.Kuliner.202406162232.db,places,1.1443431,104.0300877,392089.2415367369,126502.70683546376,0,1135.9678353879037,60,222,16,94.60519366187268,4.3,1.3862943611198906,0
5675,Tg  Uma Mee Rebus,restaurant,F&B,Indonesia.Batam.Kuliner.202406162232.db,places,1.1478118,103.9989972,388629.9519349139,126887.35122656726,0,2787.987439676532,31,186,13,2.5743479861838092,4.5,4.248495242049359,1
5676,Gia burger,hamburger restaurant,F&B,Indonesia.Batam.Kuliner.202406162232.db,places,1.1765662,104.0192648,390886.22180087725,130065.27659466302,1,455.6956910566109,12,92,0,17.841098398824244,5.0,0.6931471805599453,0
5678,Warung Barongsai,restaurant,F&B,Indonesia.Batam.Kuliner.202406162232.db,places,1.1470195,103.9955377,388244.9828771446,126799.8993433193,0,3116.8801869142176,45,94,20,75.51412315430774,5.0,1.0986122886681098,0
5679,MAMi GiLANG (Bebek bakar PEDAS MAMPUS),chicken restaurant,F&B,Indonesia.Batam.Kuliner.202406162232.db,places,1.1702184,104.0240988,391423.84640552243,129363.36002623585,1,1201.5265633865088,3,53,0,172.01032291843063,5.0,0.6931471805599453,0
5680,Warung Ibu Goreng,restaurant,F&B,Indonesia.Batam.Kuliner.202406162232.db,places,1.1483511,103.9966821,388372.3718962728,126947.05978188814,0,3048.789812245796,36,106,17,87.84601984132829,0.0,0.0,0
5681,Pempek Tekwan Mak Okta,restaurant,F&B,Indonesia.Batam.Kuliner.202406162232.db,places,1.1827229,104.0220483,391196.17548625084,130745.77083524577,1,1040.5646383293456,28,55,9,83.21683448426087,5.0,1.0986122886681098,0
5683,Roti Bakar Yaya,bakery,F&B,Indonesia.Batam.Kuliner.202406162232.db,places,1.1696388,104.011644,390037.9987505976,129299.77214415465,1,838.5042600753503,35,73,1,14.705435251911949,4.7,2.302585092994046,0
5684,Lims Nasi Lemak,diner,F&B,Indonesia.Batam.Kuliner.202406162232.db,places,1.1372773,104.0320033,392302.1255257367,125721.53639643082,0,1107.883008095436,64,134,3,52.49188534133995,5.0,1.6094379124341003,0
5686,Pempek Mang Han,pempek restaurant,F&B,Indonesia.Batam.Kuliner.202406162232.db,places,1.1724228,104.0169648,390630.1440865083,129607.32671960803,1,476.546903553515,35,79,1,136.95215242503033,5.0,0.6931471805599453,0
5687,Seblak nasi goreng  mie goreng,restaurant,F&B,Indonesia.Batam.Kuliner.202406162232.db,places,1.1690602,104.015931,390514.98444406595,129235.64208612649,1,809.0709525741339,39,79,11,0.0,5.0,0.6931471805599453,0
5688,Kedai izza,restaurant,F&B,Indonesia.Batam.Kuliner.202406162232.db,places,1.146532,103.998569,388582.2566630074,126745.88924631641,0,2780.6992555698257,36,185,16,37.91946318825372,4.5,1.0986122886681098,0
5689,Koko Abang Vegetarian,breakfast restaurant,F&B,Indonesia.Batam.Kuliner.202406162232.db,places,1.130362,104.032227,392326.7609070929,124957.06692011663,0,1409.350264351399,38,128,0,106.5414612539718,4.9,2.4849066497880004,0
5690,Mie Ayam Lumintu,restaurant,F&B,Indonesia.Batam.Kuliner.202406162232.db,places,1.1719656,104.0198251,390948.3869678526,129556.67315471913,1,708.1181144608427,29,65,10,31.794762827195733,4.5,1.0986122886681098,0
5692,Tanjung uma Nasi goreng CIPTA RASA,nasi goreng restaurant,F&B,Indonesia.Batam.Kuliner.202406162232.db,places,1.1399148,104.0004834,388795.0171218205,126014.30050082594,0,2411.555006218877,34,205,0,1.066406245742507,0.0,0.0,0
5693,Ngunyah Maklambe,restaurant,F&B,Indonesia.Batam.Kuliner.202406162232.db,places,1.1833066,104.0177134,390713.8635845976,130810.46736233326,1,820.3375528850128,43,77,18,73.18824568450692,5.0,1.6094379124341003,0
5694,Ayam Bakar Cahaya,chicken restaurant,F&B,Indonesia.Batam.Kuliner.202406162232.db,places,1.1346388,104.0231926,391321.66642838647,125430.1893476891,0,389.90358365735545,11,108,0,38.718391909571906,0.0,0.0,0
5695,Rm  Boru Hasian,restaurant,F&B,Indonesia.Batam.Kuliner.202406162232.db,places,1.1632074,104.0124274,390124.91706369777,128588.76932961876,1,1483.5567999644752,17,70,4,45.98816321865082,1.0,0.6931471805599453,0
5696,Warung Soto Medan Original food,restaurant,F&B,Indonesia.Batam.Kuliner.202406162232.db,places,1.1383056,104.0237612,391385.07129176345,125835.52035521515,0,191.46819638205827,36,169,15,55.16520962747497,5.0,0.6931471805599453,0
5697,Warung Ayam Reagge,restaurant,F&B,Indonesia.Batam.Kuliner.202406162232.db,places,1.1451281,103.995135,388200.101085238,126590.82535724572,0,3099.578858409046,51,80,23,77.70256560603012,0.0,0.0,0
5698,Mie ayam bakso BCA,diner,F&B,Indonesia.Batam.Kuliner.202406162232.db,places,1.168992,104.0159359,390515.5270174539,129228.10259587268,1,816.626132189902,39,80,2,7.558987972515072,0.0,0.0,0
5699,Warung Adi,restaurant,F&B,Indonesia.Batam.Kuliner.202406162232.db,places,1.145832,103.9943483,388112.5921920203,126668.67052255802,0,3204.496731629338,44,72,19,32.909797616601956,0.0,0.0,0
5700,Sarapan khas Selatpanjang,breakfast restaurant,F&B,Indonesia.Batam.Kuliner.202406162232.db,places,1.137376,104.0336836,392489.0947076746,125732.38467014281,0,1293.845148154791,42,131,1,66.66585043912806,5.0,1.9459101490553132,0
5701,Junior fried chicken tj  Uma,fast food restaurant,F&B,Indonesia.Batam.Kuliner.202406162232.db,places,1.1445975,103.994677,388149.1188091123,126532.18666504677,0,3134.679266983547,44,75,0,24.9525585641584,0.0,0.0,0
5702,Miso ceker medan,restaurant,F&B,Indonesia.Batam.Kuliner.202406162232.db,places,1.1777148,104.0205387,391028.0107457413,130192.2008135233,1,615.8152584233375,13,82,4,28.93806533006038,3.0,1.0986122886681098,0
5703,Jomtea Sei Panas,restaurant,F&B,Indonesia.Batam.Kuliner.202406162232.db,places,1.1442323,104.0278404,391839.1825790817,126490.54292753593,0,943.2756301461135,69,240,20,30.93968665594098,4.5,5.4680601411351315,0
5704,PONDOK HANG BIAN,soup kitchen,F&B,Indonesia.Batam.Kuliner.202406162232.db,places,1.1440075,103.9948761,388171.2498404522,126466.95581633213,0,3098.464502763517,42,76,0,16.844520694625654,0.0,0.0,0
5705,Bthree_cookies,restaurant,F&B,Indonesia.Batam.Kuliner.202406162232.db,places,1.1832318,104.0166727,390598.0641951412,130802.23947763312,1,779.9329921450264,39,79,16,116.09132906945969,0.0,0.0,0
5706,Warung Aysha,restaurant,F&B,Indonesia.Batam.Kuliner.202406162232.db,places,1.1480435,103.9975145,388464.981046068,126913.02287213707,0,2950.18161651469,34,128,15,20.48738767879338,0.0,0.0,0
5707,Ayam Kremes Larasati,restaurant,F&B,Indonesia.Batam.Kuliner.202406162232.db,places,1.1797324,104.0216175,391148.12496480084,130415.1977341037,1,808.9937494765496,23,64,9,159.0454290771593,0.0,0.0,0
5708,Warung OMA,restaurant,F&B,Indonesia.Batam.Kuliner.202406162232.db,places,1.1478163,103.9990199,388632.4779349781,126887.8478060972,0,2785.8557320119767,33,187,15,2.5743479861838092,5.0,0.6931471805599453,0
5709,Atc,restaurant,F&B,Indonesia.Batam.Kuliner.202406162232.db,places,1.134805,104.0343667,392565.00764360215,125448.14475773764,0,1412.4407101626634,45,132,14,19.38482519716832,4.0,0.6931471805599453,0
5710,Ayam Geprek Bu Ida,chicken restaurant,F&B,Indonesia.Batam.Kuliner.202406162232.db,places,1.1830948,104.0184707,390798.1184264948,130787.02371812346,1,831.9401373870362,43,69,1,51.61760668340375,5.0,0.6931471805599453,0
5711,Padi Rimbun,indonesian restaurant,F&B,Indonesia.Batam.Kuliner.202406162232.db,places,1.17026,104.0169334,390626.56639380235,129368.23715992582,1,699.9424645434657,35,80,1,1.0458765121625084,5.0,0.6931471805599453,0
5712,Warung mie ayam dan bakso solo,restaurant,F&B,Indonesia.Batam.Kuliner.202406162232.db,places,1.1450952,103.9942891,388105.976417823,126587.22134809823,0,3189.784067153831,43,71,18,11.861890954687917,4.6,3.6109179126442243,0
5713,Pempek Pak Dhe Aza,pempek restaurant,F&B,Indonesia.Batam.Kuliner.202406162232.db,places,1.1345158,104.0308283,392171.28185979597,125416.30640932155,0,1046.9776244495115,76,117,0,43.84378251652085,0.0,0.0,0
5714,Pasar Tanjung Uma,farmers' market,F&B,Indonesia.Batam.Kuliner.202406162232.db,places,1.1478959,103.9981245,388532.8499667195,126896.6822729645,0,2881.1837006058363,32,162,0,3.2102201231177925,4.4,4.820281565605037,0
5715,Angkringan PUTRA ALAS ROBAN,diner,F&B,Indonesia.Batam.Kuliner.202406162232.db,places,1.1652622,104.0119618,390073.18989901035,128815.93951669613,1,1275.6926825136788,29,73,3,34.618132937483736,0.0,0.0,0
5716,RM Ampera Mato Aia,restaurant,F&B,Indonesia.Batam.Kuliner.202406162232.db,places,1.1361576,104.0344934,392579.1553848544,125597.6649376723,0,1396.8346250178283,46,128,13,6.357914270411812,4.4,2.3978952727983707,0
5717,Ayam Gerpek Duo Sri,diner,F&B,Indonesia.Batam.Kuliner.202406162232.db,places,1.1405168,103.9943592,388113.599259619,126081.0874059976,0,3096.2184471559294,24,81,0,123.28968234491884,5.0,0.6931471805599453,0
5718,BATAGOR & SIOMAY BANDUNG ABAH,restaurant,F&B,Indonesia.Batam.Kuliner.202406162232.db,places,1.1850549,104.0150675,390419.5285590923,131003.84097732611,1,963.5478294833739,25,77,11,7.961011749354217,0.0,0.0,0
5719,Martabak Bukit,murtabak restaurant,F&B,Indonesia.Batam.Kuliner.202406162232.db,places,1.1428288,103.9943697,388114.8569877817,126336.67308353615,0,3128.580148369715,34,74,0,49.35525623880183,0.0,0.0,0
5720,Nasi Ayam Merah,soto ayam restaurant,F&B,Indonesia.Batam.Kuliner.202406162232.db,places,1.1435846,103.9949377,388178.0877099411,126420.20283662711,0,3082.0344104060773,41,77,0,20.56596469797968,4.7,1.3862943611198906,0
5722,Coto Makassar daeng caya,south sulawesi restaurant,F&B,Indonesia.Batam.Kuliner.202406162232.db,places,1.1823821,104.0142205,390325.1796420375,130708.40453987275,1,676.4023830640891,27,83,0,26.205367412899154,5.0,0.6931471805599453,0
5723,Sate Ayam Pak Amat,satay restaurant,F&B,Indonesia.Batam.Kuliner.202406162232.db,places,1.1476923,103.9989639,388626.24202469934,126874.14210159586,0,2786.283079814407,31,187,0,13.720219251525009,5.0,0.6931471805599453,0
5724,Bakso Tiara Teluk Tering,bakso restaurant,F&B,Indonesia.Batam.Kuliner.202406162232.db,places,1.1713412,104.0187357,390827.1471758042,129487.69016282908,1,679.8650162699419,37,72,1,25.4024458009908,0.0,0.0,0
5725,RM DAMFA,restaurant,F&B,Indonesia.Batam.Kuliner.202406162232.db,places,1.144496,103.9944767,388126.8274659708,126520.97389554734,0,3153.7741331049224,42,72,17,24.9525585641584,0.0,0.0,0
5726,Bakso SidoDadi,indonesian restaurant,F&B,Indonesia.Batam.Kuliner.202406162232.db,places,1.1376867,104.0307625,392164.07792181044,125766.84042043287,0,967.6355136308039,64,139,5,30.431417420928447,5.0,1.0986122886681098,0
5727,Go cofee,brunch restaurant,F&B,Indonesia.Batam.Kuliner.202406162232.db,places,1.1690873,104.0168292,390614.9268135695,129238.60289773568,1,822.5408821224356,34,79,1,24.68793457739063,5.0,0.6931471805599453,0
5728,Nasi goreng Cak Har,nasi goreng restaurant,F&B,Indonesia.Batam.Kuliner.202406162232.db,places,1.1429723,103.9950106,388186.1756132911,126352.51170459557,0,3061.1656352349223,34,82,2,39.02505245757666,5.0,2.4849066497880004,0
5729,Fish N Chicks Batam (Didalam De Peri),fast food restaurant,F&B,Indonesia.Batam.Kuliner.202406162232.db,places,1.1328029,104.0342123,392547.7538543105,125226.8257887548,0,1467.1878718468645,41,125,0,7.285916548197217,0.0,0.0,0
5730,Ketoprak Si Eneng Khas Cirebon,restaurant,F&B,Indonesia.Batam.Kuliner.202406162232.db,places,1.1852368,104.0181764,390765.4561695554,131023.82664755391,1,1038.7112309388115,33,72,13,56.19553813756444,5.0,0.6931471805599453,0
5731,Ayam penyet ayu 70,ayam penyet restaurant,F&B,Indonesia.Batam.Kuliner.202406162232.db,places,1.1476113,103.9943601,388113.97427798813,126865.36744025184,0,3262.0303924157997,33,88,1,52.00884681335115,4.3,2.0794415416798357,0
5732,Almara,deli,F&B,Indonesia.Batam.Kuliner.202406162232.db,places,1.1408792,103.9957549,388268.9131727689,126121.09562100864,0,2945.67885873372,26,99,0,85.07739829018159,5.0,0.6931471805599453,0
5733,DE  RAFFI KETOPRAK,restaurant,F&B,Indonesia.Batam.Kuliner.202406162232.db,places,1.1849917,104.0150332,390415.7095873697,130996.85576701752,1,956.6173852036393,25,77,11,7.961011749354217,0.0,0.0,0
5734,Ayam Tubruk bro,restaurant,F&B,Indonesia.Batam.Kuliner.202406162232.db,places,1.1426513,103.9947767,388160.13709676184,126317.03503248355,0,3080.6228536796802,34,82,14,3.088881782793994,0.0,0.0,0
5735,Caffe Soto Uni Er,soto restaurant,F&B,Indonesia.Batam.Kuliner.202406162232.db,places,1.1364482,104.0289908,391966.8961990249,125629.99491939382,0,788.3638871794175,54,127,0,62.286583768112074,5.0,0.6931471805599453,0
5736,Pondok Seafood Gemilang 89,indonesian restaurant,F&B,Indonesia.Batam.Kuliner.202406162232.db,places,1.1789725,104.0139963,390300.09968895436,130331.49240676657,1,319.28838734260677,11,86,0,135.22654780015208,5.0,0.6931471805599453,0
5737,SARAPAN KITA,breakfast restaurant,F&B,Indonesia.Batam.Kuliner.202406162232.db,places,1.1479336,103.9940196,388076.0993620919,126901.01026411176,0,3309.540433072538,29,83,1,52.00884681335115,0.0,0.0,0
5738,Lontong Medan Beby,restaurant,F&B,Indonesia.Batam.Kuliner.202406162232.db,places,1.1307235,104.0313394,392228.01148807,124997.0623599664,0,1306.558621393371,35,125,7,38.817009270401215,4.5,2.8903717578961645,0
5739,Tresno Roso Warung Kediri,asian restaurant,F&B,Indonesia.Batam.Kuliner.202406162232.db,places,1.1846918,104.0207374,391050.3914627857,130963.47777966413,1,1111.5429964846085,30,58,0,34.82421255388303,5.0,0.6931471805599453,0
5740,NASIROH KETRING,restaurant,F&B,Indonesia.Batam.Kuliner.202406162232.db,places,1.1424282,103.9949132,388175.31685235375,126292.36654947487,0,3061.5928966767256,33,82,13,11.291840759337408,5.0,1.3862943611198906,0
5741,Sumber Sari Sekawan  PT,bakery,F&B,Indonesia.Batam.Kuliner.202406162232.db,places,1.1674539,104.0185713,390808.7044309878,129057.9679095367,1,1052.4285242591934,31,81,0,257.0513729787467,4.7,1.9459101490553132,0
5742,Kwitiau Acek Sancheez,restaurant,F&B,Indonesia.Batam.Kuliner.202406162232.db,places,1.1367423,104.0308205,392170.49648248416,125662.43823980325,0,983.1172621005012,67,136,18,104.59929847442788,4.7,4.574710978503383,0
5743,PONDOK BANG BIAN,soup kitchen,F&B,Indonesia.Batam.Kuliner.202406162232.db,places,1.1476027,103.9993386,388667.93137814465,126864.22246101192,0,2744.0017943083235,33,194,0,42.60403223597093,0.0,0.0,0
5744,Gehu pedas hot jelotot,indonesian restaurant,F&B,Indonesia.Batam.Kuliner.202406162232.db,places,1.1375148,104.0281748,391876.1401310773,125747.93432841613,0,681.1064590377772,53,159,4,7.922388861773084,3.0,0.6931471805599453,0
5745,Hisana Fried Chicken,fried chicken takeaway,F&B,Indonesia.Batam.Kuliner.202406162232.db,places,1.1836564,104.0205057,391024.5702971781,130849.02676761913,1,1003.0029278056406,32,58,0,8.337991059365136,3.7,3.091042453358316,0
5746,Warkop Bunda,coffee shop,F&B,Indonesia.Batam.Kuliner.202406162232.db,places,1.137867,104.030075,392087.58704707,125786.79764477411,0,890.6814663701898,59,141,2,32.0239465970346,0.0,0.0,0
5747,Pisang Keju 89 Tanjung Uma,restaurant,F&B,Indonesia.Batam.Kuliner.202406162232.db,places,1.1385432,104.0008307,388833.6086552097,125862.66028523669,0,2364.2297757585006,35,188,14,35.43612477080362,4.4,3.1780538303479458,0
5748,Sate Padang UDA RAO,satay restaurant,F&B,Indonesia.Batam.Kuliner.202406162232.db,places,1.1708657,104.0181541,390762.41512652644,129435.14780736365,1,689.9166476211242,37,78,0,15.524386504073167,5.0,1.0986122886681098,0
5751,juice alif 08,diner,F&B,Indonesia.Batam.Kuliner.202406162232.db,places,1.1707578,104.0182434,390772.347210556,129423.21632450703,1,705.1577134127069,37,78,2,15.524386504073167,4.0,2.302585092994046,0
5752,Delicious s home,diner,F&B,Indonesia.Batam.Kuliner.202406162232.db,places,1.1360527,104.0293895,392011.24457574805,125586.25889305939,0,841.7378384294584,57,124,4,50.51015056479424,0.0,0.0,0
5753,Mi Ayam pak Kunani,noodle shop,F&B,Indonesia.Batam.Kuliner.202406162232.db,places,1.1714575,104.0189326,390849.0604003258,129500.53908666485,1,682.6505869779629,37,71,0,25.4024458009908,4.0,0.6931471805599453,0
5754,Nasi uduk seafood lamongan mas iman,indonesian restaurant,F&B,Indonesia.Batam.Kuliner.202406162232.db,places,1.1360042,104.0277301,391826.60245487187,125580.95946216118,0,666.4955919613848,48,145,4,27.49179253343639,4.7,1.3862943611198906,0
5755,Bertiga store,restaurant,F&B,Indonesia.Batam.Kuliner.202406162232.db,places,1.1426398,103.994802,388162.9517882376,126315.76275006037,0,3077.6345577848106,34,82,14,3.088881782793994,0.0,0.0,0
5756,Ayam Bakar Citra Rasa,chicken restaurant,F&B,Indonesia.Batam.Kuliner.202406162232.db,places,1.1335746,104.0295515,392029.178298493,125312.30772513586,0,964.3661601933723,51,122,3,83.10388368715354,5.0,0.6931471805599453,0
5757,Pempek bunda raihan,pempek restaurant,F&B,Indonesia.Batam.Kuliner.202406162232.db,places,1.1713239,104.0175331,390693.3352478989,129485.82458310023,1,613.3716582023085,37,79,1,85.67476425560112,4.4,1.791759469228055,0
5758,Warung Soto Bibik,restaurant,F&B,Indonesia.Batam.Kuliner.202406162232.db,places,1.1470458,103.9989055,388619.7188568493,126802.67543975853,0,2765.5881935176812,31,193,16,67.33102421282277,0.0,0.0,0
5759,Seblak kering (Sebring),seblak restaurant,F&B,Indonesia.Batam.Kuliner.202406162232.db,places,1.1839446,104.0175377,390694.33880885557,130881.0031861294,1,880.8588936592073,40,76,0,73.18824568450692,0.0,0.0,0
5760,Tinutuan Roa,asian restaurant,F&B,Indonesia.Batam.Kuliner.202406162232.db,places,1.1328028,104.0194274,390902.6453224611,125227.36720726884,0,643.5233145270996,11,108,0,78.97230796347223,5.0,1.6094379124341003,0
5761,SATE MADURA MZ BRAMZ,satay restaurant,F&B,Indonesia.Batam.Kuliner.202406162232.db,places,1.1424952,103.9949898,388183.8427412532,126299.77025707366,0,3054.3820597962203,33,82,1,11.291840759337408,4.6,2.302585092994046,0
5762,Rumah makan lubuak bareh melcem,padang restaurant,F&B,Indonesia.Batam.Kuliner.202406162232.db,places,1.1697806,104.015904,390512.00811432576,129315.2811330886,1,729.570960292902,41,79,2,1.21515855218526,5.0,2.302585092994046,0
5763,Restoran Seafood Teluk Air ( kampung berkah),restaurant,F&B,Indonesia.Batam.Kuliner.202406162232.db,places,0.9592778,104.072576,396810.7616430706,106043.10162677031,-1,0.0,0,0,0,1583.247022661668,4.3,1.6094379124341003,0
5764,Kuliner Co rasa,staple food package,F&B,Indonesia.Batam.Kuliner.202406162232.db,places,1.148674,104.0042419,389213.5617313823,126982.46137515854,0,2309.355219776827,60,278,0,40.56257897757019,0.0,0.0,0
5765,MARTABAK RELASI CHAERONI,murtabak restaurant,F&B,Indonesia.Batam.Kuliner.202406162232.db,places,1.1682212,104.0117309,390047.61284208414,129143.05724225036,1,975.8607646504979,38,71,1,6.857213362066091,5.0,0.6931471805599453,0
5766,Merindu Dimsum,dim sum restaurant,F&B,Indonesia.Batam.Kuliner.202406162232.db,places,1.14245,104.0251107,391535.3844733204,126293.61881612858,0,598.7783372125461,54,248,0,232.86289041708164,5.0,0.6931471805599453,0
5767,Sekre PPTU (pemuda Peduli Tg Uma),cafe,F&B,Indonesia.Batam.Kuliner.202406162232.db,places,1.1461904,103.9958045,388274.6375675472,126708.2339352645,0,3060.35303816138,53,92,0,78.60176063917972,5.0,0.6931471805599453,0
5769,SOTO MEDAN 99,soto restaurant,F&B,Indonesia.Batam.Kuliner.202406162232.db,places,1.1697655,104.0165605,390585.05525048636,129313.58626730007,1,742.8828110905793,35,80,0,52.23917680647248,4.5,1.0986122886681098,0
5770,Angkringan Egyra,restaurant,F&B,Indonesia.Batam.Kuliner.202406162232.db,places,1.1438721,103.9947544,388157.7030190391,126451.99241449326,0,3108.520089980989,41,76,16,20.184641809801068,3.6,1.791759469228055,0
5773,Habib batagor siomay,restaurant,F&B,Indonesia.Batam.Kuliner.202406162232.db,places,1.1690938,104.0159372,390515.67561026814,129239.3562204979,1,805.449064885752,40,79,11,3.777896881584262,5.0,0.6931471805599453,0
5774,Seblak Jontor cabang sei panas,restaurant,F&B,Indonesia.Batam.Kuliner.202406162232.db,places,1.1410728,104.0280033,391857.19013332616,126141.2651540235,0,743.3517530243257,49,216,11,17.03307764097394,0.0,0.0,0
5775,Ayam Penyet Sri Solo,ayam penyet restaurant,F&B,Indonesia.Batam.Kuliner.202406162232.db,places,1.1703143,104.0174375,390682.6588839554,129374.22020224718,1,712.0219198902004,37,82,0,12.76560387973975,5.0,1.3862943611198906,0
5777,Nasi Meteor  Sei Panas,indonesian restaurant,F&B,Indonesia.Batam.Kuliner.202406162232.db,places,1.1442478,104.0281446,391873.0311981461,126492.24493011383,0,967.8551310519946,68,237,4,0.5717039538908893,2.8,2.772588722239781,0
5778,Warung Ayam Penyet OK,ayam penyet restaurant,F&B,Indonesia.Batam.Kuliner.202406162232.db,places,1.147561,103.9959514,388291.036285607,126859.74469706339,0,3093.293929555276,41,99,1,6.792076512579569,4.7,3.1354942159291497,0
5780,MARTABAK RELASI CHAERONI PASAR MELCEM,murtabak restaurant,F&B,Indonesia.Batam.Kuliner.202406162232.db,places,1.1709367,104.018279,390776.31528759,129442.99176586434,1,689.8933384352067,37,78,0,1.3833106252284697,0.0,0.0,0
5781,Ayam penyet D so apik,chicken restaurant,F&B,Indonesia.Batam.Kuliner.202406162232.db,places,1.1455414,103.9944125,388119.72445785475,126636.54287771386,0,3189.0506379518406,46,70,0,32.909797616601956,5.0,0.6931471805599453,0
5783,Sate Padang Sutan Mudo,satay restaurant,F&B,Indonesia.Batam.Kuliner.202406162232.db,places,1.1416283,103.9959302,388288.4477532973,126203.8999920491,0,2936.5119887501887,32,99,1,82.47974426310572,4.7,2.772588722239781,0
5784,WARUNG NGAPAK KRESNA ARIMBI,indonesian restaurant,F&B,Indonesia.Batam.Kuliner.202406162232.db,places,1.1697525,104.0189202,390847.6147331539,129312.0572574748,1,838.9430908428567,36,74,1,134.24432256711867,5.0,1.3862943611198906,0
5786,Ayam Geprek Azahra,restaurant,F&B,Indonesia.Batam.Kuliner.202406162232.db,places,1.1419699,103.9952712,388215.133874869,126241.68866023821,0,3014.454146182182,33,85,13,23.79527763970598,0.0,0.0,0
5787,Sate Madura H  Cakdin,satay restaurant,F&B,Indonesia.Batam.Kuliner.202406162232.db,places,1.1840417,104.0205472,391029.20295301854,130891.61880609774,1,1040.3044285658616,32,58,0,2.9654552384090147,4.4,3.367295829986474,2
5788,Asia Prata,breakfast restaurant,F&B,Indonesia.Batam.Kuliner.202406162232.db,places,1.1478889,103.9981525,388535.9652526066,126895.9073490453,0,2878.008058503156,32,162,2,3.2102201231177925,4.8,1.6094379124341003,0
5790,Miso Medan (Kuliner Deli),restaurant,F&B,Indonesia.Batam.Kuliner.202406162232.db,places,1.1658028,104.0285553,391919.543844262,128875.05883255597,-1,0.0,4,20,1,79.49186030193668,4.3,4.2626798770413155,1
5792,Nge Soto Kuy,soto restaurant,F&B,Indonesia.Batam.Kuliner.202406162232.db,places,1.1456896,104.000193,388762.9264774155,126652.70094698695,0,2579.23298695456,30,209,0,76.3574531384741,5.0,1.791759469228055,0
5793,Warung Madura tj Sengkuang,restaurant,F&B,Indonesia.Batam.Kuliner.202406162232.db,places,1.1831733,104.0204762,391021.2690407862,130795.62278284591,1,958.4301939149229,35,59,12,53.5059238161861,0.0,0.0,0
5794,Sahabat Fried Chicken,fried chicken takeaway,F&B,Indonesia.Batam.Kuliner.202406162232.db,places,1.1434017,103.9949715,388181.8415630242,126399.9823645508,0,3074.345005732935,39,78,0,9.040213627747058,5.0,1.3862943611198906,0
5796,Depan perumahan gmp tanjung sengkuang,bakso restaurant,F&B,Indonesia.Batam.Kuliner.202406162232.db,places,1.1690602,104.015931,390514.98444406595,129235.64208612649,1,809.0709525741339,39,79,1,0.0,0.0,0.0,0
5797,Wargeng d TegarS Resto,diner,F&B,Indonesia.Batam.Kuliner.202406162232.db,places,1.1826465,104.0141022,390312.027018587,130737.63783546769,1,707.3859694218258,27,82,0,32.055843070674385,4.3,2.6390573296152584,0
5798,Rumah elvrida,restaurant,F&B,Indonesia.Batam.Kuliner.202406162232.db,places,1.1458464,103.9985199,388576.76680674957,126670.09980687383,0,2761.039285453184,41,178,19,75.98800992757201,0.0,0.0,0
5800,Kawasan Kuliner jodoh murah meriah,soup kitchen,F&B,Indonesia.Batam.Kuliner.202406162232.db,places,1.1561152,104.0044037,389231.8526661182,127805.05954390949,0,2807.768577412027,21,93,1,106.40068963862609,0.0,0.0,0
5801,Hisana Fried Chicken Melcem,fried chicken takeaway,F&B,Indonesia.Batam.Kuliner.202406162232.db,places,1.1704376,104.0175155,390691.34259073366,129387.84758970175,1,702.4583887345416,37,82,0,16.158974356317895,4.0,1.3862943611198906,0
5802,Gorengan Cecan Juli,fast food restaurant,F&B,Indonesia.Batam.Kuliner.202406162232.db,places,1.1410213,104.0012241,388877.4773347677,126136.59258303948,0,2343.8692703343013,46,224,2,100.32283628292795,5.0,2.833213344056216,0
5804,Warung syalsa,brunch restaurant,F&B,Indonesia.Batam.Kuliner.202406162232.db,places,1.1764946,104.0194085,390902.2082383452,130057.35582392028,1,471.30703871418496,12,92,0,17.841098398824244,0.0,0.0,0
5805,NASGOR ABAH KAMPUNG TUA,nasi goreng restaurant,F&B,Indonesia.Batam.Kuliner.202406162232.db,places,1.1450549,103.9943879,388116.9683439605,126582.76242257655,0,3178.0319177637193,44,71,2,11.861890954687917,5.0,1.0986122886681098,0
5807,Pisang Keju 89 Simpang Melcem,restaurant,F&B,Indonesia.Batam.Kuliner.202406162232.db,places,1.1681265,104.0119374,390070.5861341718,129132.58035730581,1,976.7900788985178,39,71,10,4.0304817663778305,4.6,3.332204510175204,0
5809,Mie Yummien Gacoor,asian restaurant,F&B,Indonesia.Batam.Kuliner.202406162232.db,places,1.1779601,104.0204479,391017.91714485106,130219.32148545663,1,613.3953824484234,13,84,0,28.93806533006038,0.0,0.0,0
5810,Angkringan SAERAH,coffee shop,F&B,Indonesia.Batam.Kuliner.202406162232.db,places,1.1449335,103.993507,388018.9457614071,126569.37633549178,0,3269.9438987804115,37,66,2,44.08272643849139,4.8,2.302585092994046,0
5811,Kedai Sarapan Pagi Jana,breakfast restaurant,F&B,Indonesia.Batam.Kuliner.202406162232.db,places,1.1411845,103.9934717,388014.8726695539,126154.9345873035,0,3201.9004249567915,30,68,0,123.28968234491884,0.0,0.0,0
5814,Blom ada com,restaurant,F&B,Indonesia.Batam.Kuliner.202406162232.db,places,1.1465864,103.9981414,388534.67974208726,126751.91967488943,0,2827.5083940338677,42,166,19,47.95757993287675,5.0,1.3862943611198906,0
5815,Warung Makan ¨Mama Bahir¨,restaurant,F&B,Indonesia.Batam.Kuliner.202406162232.db,places,1.1817205,104.0142463,390328.02439565543,130635.2656417839,1,603.7837526144938,26,83,11,49.07934863681919,0.0,0.0,0
5816,Miso ayam dan minuman es,restaurant,F&B,Indonesia.Batam.Kuliner.202406162232.db,places,1.1448043,104.001059,388859.252096992,126554.79973275073,0,2456.6938785059656,38,215,17,67.13049011215831,5.0,0.6931471805599453,0
5818,kedai kopi kona,restaurant,F&B,Indonesia.Batam.Kuliner.202406162232.db,places,1.1429183,104.0029355,389067.97759046283,126346.23480513833,0,2198.0696443291135,74,277,27,139.0309631177512,4.5,2.3978952727983707,0
5819,Omah Bakso Radja Purworejo,restaurant,F&B,Indonesia.Batam.Kuliner.202406162232.db,places,1.1700558,104.0215581,391141.1410526202,129345.48360493999,1,993.4103746786753,20,54,7,266.59902722231453,5.0,1.0986122886681098,0
5821,Warung Prayogi,nasi restaurant,F&B,Indonesia.Batam.Kuliner.202406162232.db,places,1.1689139,104.016021,390524.99293864355,129219.46556444648,1,826.2383536239124,39,80,0,12.814131879515028,0.0,0.0,0
5822,Sarapan pagi nasi kuning belande,breakfast restaurant,F&B,Indonesia.Batam.Kuliner.202406162232.db,places,1.1464368,103.9988964,388618.6827567066,126735.35238785176,0,2742.8626113678065,30,192,1,37.91946318825372,0.0,0.0,0
5853,Nasi Mangkok TAaaa,asian restaurant,F&B,Indonesia.Batam.Kuliner.202406162232.db,places,1.1073555,103.9789354,386396.10261604725,122415.77188216653,7,991.7662934055637,23,168,0,5.111777766492532,0.0,0.0,0
5871,Warung Oma Cheryl,restaurant,F&B,Indonesia.Batam.Kuliner.202406162232.db,places,1.1088113,103.9866623,387255.94497829536,122576.41242245316,7,1781.8840634874855,27,129,7,23.55823463060373,5.0,1.791759469228055,0
5873,Warung Sudi Mampir,restaurant,F&B,Indonesia.Batam.Kuliner.202406162232.db,places,1.1106419,103.9869812,387291.49884760956,122778.76916188085,7,1801.0569381134078,38,133,12,4.241762861022407,5.0,1.0986122886681098,0
5884,RM GANDEM MARAEM,diner,F&B,Indonesia.Batam.Kuliner.202406162232.db,places,1.1107249,103.9762746,386100.15853057156,122788.35514341455,7,610.0980320703018,93,165,2,68.4155614938109,0.0,0.0,0
5891,Mentarau Nelayan2 tiban,restaurant,F&B,Indonesia.Batam.Kuliner.202406162232.db,places,1.1094099,103.9880778,387413.4727622957,122642.53246538762,7,1930.8073375750037,25,86,6,142.3194307376647,0.0,0.0,0
5899,Pondok Bakso Dan Mie Ayam Mba  Darsi,bakso restaurant,F&B,Indonesia.Batam.Kuliner.202406162232.db,places,1.1082918,103.9865312,387241.33759349334,122518.98780335441,7,1776.276468516908,25,129,2,4.525059720909039,0.0,0.0,0
5902,Warung Sahabat Kita,snack bar,F&B,Indonesia.Batam.Kuliner.202406162232.db,places,1.1026964,103.9867155,387261.63390684465,121900.4213466685,7,1995.7412600611265,2,27,0,84.08783952165945,0.0,0.0,0
5921,Mari Rasa,indonesian restaurant,F&B,Indonesia.Batam.Kuliner.202406162232.db,places,1.1121293,103.9840307,386963.24812539597,122943.31086579621,7,1477.3736213968966,81,165,6,37.22997278644057,0.0,0.0,0
5924,Lapangan parkir kuliner Tiban ayu,soup kitchen,F&B,Indonesia.Batam.Kuliner.202406162232.db,places,1.1112885,103.9809454,386619.90918489546,122850.48040801282,7,1129.352685027311,118,184,1,28.309593780116007,0.0,0.0,0
5927,Kedai Makan Melayu Mak Ngah,malaysian restaurant,F&B,Indonesia.Batam.Kuliner.202406162232.db,places,1.1126964,103.9838793,386946.42317081837,123006.00840871975,7,1467.184457503616,88,167,0,10.79863438478345,4.8,2.833213344056216,0
5929,Tuti s Kitchen,pempek restaurant,F&B,Indonesia.Batam.Kuliner.202406162232.db,places,1.1100628,103.9773405,386218.738081665,122715.12013335557,7,735.4726929003716,98,168,2,0.0,5.0,1.0986122886681098,0
5935,Mie Kocok Bang Yan Khas Tapak Tuan,restaurant,F&B,Indonesia.Batam.Kuliner.202406162232.db,places,1.1128064,103.9839284,386951.8908007126,123018.1668016427,7,1474.1847825186383,82,168,22,13.331222566926543,5.0,1.3862943611198906,0
5937,Kedai sarapan mie lendir & lontong medan bu edi,breakfast restaurant,F&B,Indonesia.Batam.Kuliner.202406162232.db,places,1.1074058,103.9800335,386518.2923956885,122421.29038679073,7,1102.4024598599815,22,171,0,122.31433334674212,0.0,0.0,0
5938,Kedai Makan Berkah,restaurant,F&B,Indonesia.Batam.Kuliner.202406162232.db,places,1.112477,103.9791109,386415.8262983965,122981.93732912313,7,938.7702218495062,107,193,30,13.944825212326327,0.0,0.0,0
5942,Ketoprak Jakarta khas Cirebon,indonesian restaurant,F&B,Indonesia.Batam.Kuliner.202406162232.db,places,1.1157515,103.9777996,386270.0410143318,123343.97780526741,7,938.3047518600592,96,175,3,49.617432322041594,4.9,2.772588722239781,0
5947,Sari Raos Mie Ayam Bakso Pakde,noodle shop,F&B,Indonesia.Batam.Kuliner.202406162232.db,places,1.1073369,103.9645878,384799.6107890259,122414.2694392281,7,802.1436358082995,82,132,1,27.720379809786472,4.4,5.017279836814924,0
5948,Cak Idris,brunch restaurant,F&B,Indonesia.Batam.Kuliner.202406162232.db,places,1.1053191,103.98619,387203.25932260166,122190.37514582677,7,1824.78395986151,17,62,0,252.92729180702295,5.0,0.6931471805599453,0
5949,Gudeg Jogja,javanese restaurant,F&B,Indonesia.Batam.Kuliner.202406162232.db,places,1.1086872,103.963688,384699.5399053992,122563.57826907153,7,832.2396489110873,75,123,1,3.90684418481959,4.0,1.6094379124341003,0
5951,Soto Kwali  Pak Dhe,soto ayam restaurant,F&B,Indonesia.Batam.Kuliner.202406162232.db,places,1.1076354,103.9655489,384906.56638381194,122447.23085640048,7,693.7283439996053,79,131,0,72.17069566308747,4.5,3.258096538021482,0
5952,Warung buk fajar,restaurant,F&B,Indonesia.Batam.Kuliner.202406162232.db,places,1.1102771,103.976699,386147.36525349837,122738.83530531885,7,661.5590976717631,97,168,25,26.036948038307735,0.0,0.0,0
5959,Kedai Kopi Ana,restaurant,F&B,Indonesia.Batam.Kuliner.202406162232.db,places,1.1068024,103.9747951,385935.3813221608,122354.78664380737,7,644.1768515807676,21,134,5,52.39858697740288,4.7,1.9459101490553132,0
5961,RM  Janjang Sambilan,padang restaurant,F&B,Indonesia.Batam.Kuliner.202406162232.db,places,1.1081846,103.9659656,384952.9548422658,122507.92795080833,7,622.4909005762923,76,133,3,41.15895314981143,4.7,3.6375861597263857,0
5963,Sate Padang Batang Tabik Asli,satay restaurant,F&B,Indonesia.Batam.Kuliner.202406162232.db,places,1.1083208,103.9865025,387238.1451899182,122522.1947840047,7,1772.5870830315268,25,129,0,4.525059720909039,4.4,2.4849066497880004,0
5967,Bunda,restaurant,F&B,Indonesia.Batam.Kuliner.202406162232.db,places,1.107297,103.9686289,385249.27266489965,122409.7018047912,7,477.1157956773421,41,126,12,74.17196348644869,0.0,0.0,0
5970,RM Minang Saiyo Sakato,padang restaurant,F&B,Indonesia.Batam.Kuliner.202406162232.db,places,1.1100837,103.9856833,387147.0581166137,122717.11086033187,7,1659.3796977871257,43,153,3,22.303934364914046,0.0,0.0,0
5972,D WARNYET PROTELON (Seafood),seafood restaurant,F&B,Indonesia.Batam.Kuliner.202406162232.db,places,1.1096691,103.9849748,387068.2063377101,122671.30474634586,7,1584.363058914127,45,156,0,46.73276749130343,4.8,1.9459101490553132,0
5977,Bakso Bakar Hijrah,country food restaurant,F&B,Indonesia.Batam.Kuliner.202406162232.db,places,1.1144231,103.9837125,386927.92885380366,123196.89796296778,7,1485.3195966559335,71,179,0,37.30076433131534,5.0,0.6931471805599453,0
5979,RM Bulango,padang restaurant,F&B,Indonesia.Batam.Kuliner.202406162232.db,places,1.1138317,103.9841324,386974.6292813737,123131.50379131777,7,1515.815244996881,68,176,3,5.491226944755892,3.9,3.2188758248682006,0
5980,Ronde Jogja - Angkringan 5758,restaurant,F&B,Indonesia.Batam.Kuliner.202406162232.db,places,1.108525,103.9642291,384759.74322105554,122545.62621260459,7,781.3612595142289,77,125,25,18.87659033937657,4.8,3.6635616461296463,0
5985,Pujasera,coffee shop,F&B,Indonesia.Batam.Kuliner.202406162232.db,places,1.1127028,103.979845,386497.5196195511,123006.87083762686,7,1023.5821441770133,119,194,2,3.2745817044069843,5.0,0.6931471805599453,0
5989,HABIB QORNER,restaurant,F&B,Indonesia.Batam.Kuliner.202406162232.db,places,1.1016004,103.9656149,384913.6781516656,121780.06760442724,7,1190.3567319676492,31,107,10,9.966866560584583,4.7,2.0794415416798357,0
5996,Seblak Ayam Geprek,restaurant,F&B,Indonesia.Batam.Kuliner.202406162232.db,places,1.1021162,103.9662723,384986.8486521966,121837.06316562818,7,1105.625517145213,27,112,9,47.888420367182064,5.0,1.3862943611198906,0
5997,Warung RE 10,diner,F&B,Indonesia.Batam.Kuliner.202406162232.db,places,1.1067731,103.9671895,385089.0868803314,122351.8411915116,7,617.799108486053,79,125,2,60.76038328704092,0.0,0.0,0
5999,Bakso Mangkok Solo,bakso restaurant,F&B,Indonesia.Batam.Kuliner.202406162232.db,places,1.1076956,103.9638479,384717.29404589336,122453.952004752,7,856.3375030223508,75,129,1,9.752016417955753,4.2,3.2188758248682006,0
6006,Joko,restaurant,F&B,Indonesia.Batam.Kuliner.202406162232.db,places,1.108513,103.9649162,384836.1981297866,122544.27289621923,7,710.8524049309243,76,128,25,22.735612721359285,5.0,0.6931471805599453,0
6011,Mie Ayam Bakso Super,noodle shop,F&B,Indonesia.Batam.Kuliner.202406162232.db,places,1.1066562,103.9738634,385831.703350986,122338.6603353108,7,590.639170290513,13,140,0,52.60127361373088,4.3,2.5649493574615367,0
6019,Mie Tarempa Berkat Tiban,halal restaurant,F&B,Indonesia.Batam.Kuliner.202406162232.db,places,1.1092297,103.9663861,384999.7852662487,122623.44591798789,7,529.4276396849823,68,126,1,0.0,4.2,6.3561076606958915,2
6028,D TERAS Masakan Rumah,restaurant,F&B,Indonesia.Batam.Kuliner.202406162232.db,places,1.1082724,103.9620655,384518.9840259111,122517.7859041657,7,1018.1785285929809,65,132,21,101.71196148425545,4.7,2.0794415416798357,0
6033,Ketoprak Khas Cirebon,indonesian restaurant,F&B,Indonesia.Batam.Kuliner.202406162232.db,places,1.107967,103.9636759,384698.16564942384,122483.96160108938,7,861.4769257160193,74,128,5,2.910483723600854,5.0,1.3862943611198906,0
6040,Seblak Muwara,seblak restaurant,F&B,Indonesia.Batam.Kuliner.202406162232.db,places,1.1089424,103.9633166,384658.2231457947,122591.80475555906,7,863.7046230443126,73,123,0,26.764837966418167,4.5,1.9459101490553132,0
6044,WARUNG BUDE LANA,cafe,F&B,Indonesia.Batam.Kuliner.202406162232.db,places,1.1067472,103.9743274,385883.33717211173,122348.70237204361,7,614.1029025099789,19,133,0,52.39858697740288,4.6,1.791759469228055,0
6045,Angkringan  Banyu Biru,restaurant,F&B,Indonesia.Batam.Kuliner.202406162232.db,places,1.1283316,103.9764195,386116.9613074253,124734.73882597171,7,2013.447688448659,11,41,4,14.482492358262968,4.6,2.70805020110221,0
6046,Sate paklek cipta puri (cabang ke 2),breakfast restaurant,F&B,Indonesia.Batam.Kuliner.202406162232.db,places,1.1075365,103.9638826,384721.1490565815,122436.36236545205,7,860.574725838539,76,129,2,18.00712409320758,5.0,1.0986122886681098,0
6052,Morning Bakery Tiban,coffee shop,F&B,Indonesia.Batam.Kuliner.202406162232.db,places,1.1092585,103.9577842,384042.6304672848,122626.96541793026,7,1461.2599488457504,18,118,1,9.638928333461728,4.2,6.035481432524756,0
6054,Ikan bakar tiga rasa,seafood restaurant,F&B,Indonesia.Batam.Kuliner.202406162232.db,places,1.1063473,103.9625588,384573.80034539226,122304.94938948039,7,1052.3974176243914,66,131,1,98.99919857890691,0.0,0.0,0
6056,Seblak Alfatra,restaurant,F&B,Indonesia.Batam.Kuliner.202406162232.db,places,1.1053515,103.9759463,386063.4225804301,122194.34797456051,7,848.8449033161723,9,114,1,127.02674322583184,4.3,2.3978952727983707,0
6058,Roti Bakar Putri 54,snack bar,F&B,Indonesia.Batam.Kuliner.202406162232.db,places,1.1085992,103.9639607,384729.88053272985,122553.83936935167,7,806.6168963083941,75,125,0,11.773478228769836,4.9,2.3978952727983707,0
6064,Bunda Zidane,restaurant,F&B,Indonesia.Batam.Kuliner.202406162232.db,places,1.108015,103.96345,384673.0310230326,122489.27673002578,7,882.649933575228,73,128,23,17.92454434963494,0.0,0.0,0
6066,Dapur Zhasy,snack bar,F&B,Indonesia.Batam.Kuliner.202406162232.db,places,1.1023828,103.96009,384298.93684773985,121866.77493582727,7,1526.950770942652,15,118,0,229.33018192616737,5.0,0.6931471805599453,0
6067,Angkringan Si Gondut,restaurant,F&B,Indonesia.Batam.Kuliner.202406162232.db,places,1.1128451,103.9846217,387029.03694677545,123022.41844352882,7,1551.218810770797,55,163,17,4.934156471240291,5.0,1.0986122886681098,0
6070,Wedang Ronde - Angkringan Sukowati,hawker stall,F&B,Indonesia.Batam.Kuliner.202406162232.db,places,1.1031436,103.9657212,384925.5657014825,121950.66206131705,7,1037.9232235949628,35,118,1,38.534297925995084,0.0,0.0,0
6072,NABILA WARUNG MISO MEDAN,soup shop,F&B,Indonesia.Batam.Kuliner.202406162232.db,places,1.1076947,103.9733849,385778.4993042902,122453.48318040227,7,466.7146628110399,18,156,0,60.105039469588874,4.9,2.0794415416798357,0
6073,Inspirasi Geprek Tiban,chicken restaurant,F&B,Indonesia.Batam.Kuliner.202406162232.db,places,1.1211518,103.9796425,386475.3113374156,123940.89954443817,7,1490.963263705834,21,142,0,50.32282580277782,4.2,3.1354942159291497,0
6074,Naysha,restaurant,F&B,Indonesia.Batam.Kuliner.202406162232.db,places,1.1042064,103.9581573,384083.9501577759,122068.44697851829,7,1595.6450516386278,8,127,2,61.92300086076627,0.0,0.0,0
6075,2by2 cafe and resto,coffee shop,F&B,Indonesia.Batam.Kuliner.202406162232.db,places,1.107387,103.9578754,384052.7057477408,122420.06965952546,7,1493.093818918035,20,135,1,203.7942421586892,5.0,1.0986122886681098,0
6080,Az-Zikra Food,restaurant,F&B,Indonesia.Batam.Kuliner.202406162232.db,places,1.108978,103.9717709,385598.9550564666,122595.41216599161,7,250.19202283211877,17,183,3,57.28401266985962,4.0,1.0986122886681098,0
6082,Warung Tiban Riau Bertuah 3,health food restaurant,F&B,Indonesia.Batam.Kuliner.202406162232.db,places,1.1163677,103.9557996,383822.0766625289,123412.9577390671,-1,0.0,4,40,0,39.526383193196416,0.0,0.0,0
6083,Zam zam Nasi Briyani,indian restaurant,F&B,Indonesia.Batam.Kuliner.202406162232.db,places,1.1070591,103.9667232,385037.2115127881,122383.47614716883,7,630.3736665922189,80,127,0,60.76038328704092,0.0,0.0,0
6096,Bakso Meteor - Mie Ayam Bakso,bakso restaurant,F&B,Indonesia.Batam.Kuliner.202406162232.db,places,1.1138696,103.9841005,386971.0811592671,123135.69478199726,7,1513.2082805321609,68,176,1,5.491226944755892,4.4,4.394449154672439,0
6097,IkanBakar Tanjungpinang Tiban,restaurant,F&B,Indonesia.Batam.Kuliner.202406162232.db,places,1.113035,103.984061,386966.65413442877,123043.4329804622,7,1492.371639352119,75,168,22,29.26321606649834,4.5,1.0986122886681098,0
6102,Dokar Bubur Ayam & Bakmi Jowo,restaurant,F&B,Indonesia.Batam.Kuliner.202406162232.db,places,1.1254194,103.9734413,385785.45924063603,124412.91675770155,7,1618.847682072042,9,42,4,52.82617947389323,5.0,1.3862943611198906,0
6103,Hwaga Indonesia Cab Tiban,korean restaurant,F&B,Indonesia.Batam.Kuliner.202406162232.db,places,1.1108125,103.9801875,386535.55805567536,122797.88862674999,7,1044.8764838680702,104,185,1,0.0,4.9,3.332204510175204,0
6107,Batagor Simpang Tiban,indonesian restaurant,F&B,Indonesia.Batam.Kuliner.202406162232.db,places,1.1145572,103.9840793,386968.7484111192,123211.70836355693,7,1528.563481159531,52,179,3,11.443248591679485,0.0,0.0,0
6113,RM  Padang Talago Surya,padang restaurant,F&B,Indonesia.Batam.Kuliner.202406162232.db,places,1.1148674,103.9773909,386224.53026136145,123246.2579639289,7,847.895826253665,98,181,1,73.34708955361559,4.4,5.929589143389895,0
6127,Mimi Ikan Bakar,ikan bakar restaurant,F&B,Indonesia.Batam.Kuliner.202406162232.db,places,1.1335346,103.9764646,386122.1824710518,125309.91946155333,-1,0.0,6,17,0,196.10576724685723,4.2,3.7612001156935624,0
6128,Bubur ayam Bandung Tiban  cabang seni panas,porridge restaurant,F&B,Indonesia.Batam.Kuliner.202406162232.db,places,1.1283753,103.9762968,386103.31000721373,124739.57458728108,7,2013.8513452701864,11,41,0,14.482492358262968,3.5,1.6094379124341003,0
6132,RAWON SURABAYA,indonesian restaurant,F&B,Indonesia.Batam.Kuliner.202406162232.db,places,1.1216986,103.9725279,385683.6790865407,124001.62422895622,7,1196.1687236959406,5,46,1,26.259177289833822,4.2,2.4849066497880004,0
6146,Croqie id Nasi Kotak Batam,diner,F&B,Indonesia.Batam.Kuliner.202406162232.db,places,1.1205866,103.9626886,384588.797408286,123879.08030849602,-1,0.0,0,21,0,500.92724967045547,5.0,1.6094379124341003,0
6150,Bakso Rawit Batam,bakso restaurant,F&B,Indonesia.Batam.Kuliner.202406162232.db,places,1.1192324,103.9772648,386210.66681542114,123728.80566247329,7,1158.4313862060073,26,162,1,62.575130306323466,4.4,3.8066624897703196,0
6151,Kamu Manis Batam,restaurant,F&B,Indonesia.Batam.Kuliner.202406162232.db,places,1.1137466,103.9832278,386873.9696672043,123122.13086939545,7,1415.4157191765582,94,183,28,78.76945310236528,0.0,0.0,0
6161,Perum Tiban Poin,gated community,F&B,Indonesia.Batam.Kuliner.202406162232.db,places,1.1286424,103.9791118,386416.54920919257,124768.99192338834,7,2156.639103360311,7,34,0,247.03058761202644,4.5,4.5217885770490405,0
6166,Bubur Ayam,porridge restaurant,F&B,Indonesia.Batam.Kuliner.202406162232.db,places,1.1071426,103.9634382,384671.68427629396,122392.8345385304,7,924.4336853613024,77,130,0,3.7489026310511546,0.0,0.0,0
6168,Kedai Makan Pak Ambok,restaurant,F&B,Indonesia.Batam.Kuliner.202406162232.db,places,1.1083075,103.9649243,384837.0914975115,122521.55484216692,7,719.1908669494245,76,129,25,22.735612721359285,0.0,0.0,0
6169,Nasi Goreng MU 88,asian restaurant,F&B,Indonesia.Batam.Kuliner.202406162232.db,places,1.1240434,103.9824173,386784.17874567246,124260.4527192185,7,1935.0053795128924,12,41,0,81.70966562064649,5.0,1.3862943611198906,0
6170,TALAGO TIBAN,restaurant,F&B,Indonesia.Batam.Kuliner.202406162232.db,places,1.1018673,103.9648024,384823.2792608898,121809.60442320026,7,1211.967119423842,34,108,10,24.22690578573292,5.0,0.6931471805599453,0
6172,NASI id,brunch restaurant,F&B,Indonesia.Batam.Kuliner.202406162232.db,places,1.1041123,103.9671116,385080.3164373421,122057.69668257887,7,866.8182981853903,41,121,0,72.79494457865961,0.0,0.0,0
6173,Lontong dan Miso Medan Cipta Puri,hawker stall,F&B,Indonesia.Batam.Kuliner.202406162232.db,places,1.1076763,103.9634766,384675.9777765997,122451.83286374972,7,894.7120853440243,74,129,2,23.37166043645711,4.0,1.6094379124341003,0
6177,Surga bubur Aqila  Tiban,brunch restaurant,F&B,Indonesia.Batam.Kuliner.202406162232.db,places,1.1160956,103.9775133,386238.1971130164,123382.02850222879,7,934.3720974400173,93,171,3,49.617432322041594,5.0,0.6931471805599453,0
6179,Sikembar Masakan Khas Cirebon,javanese restaurant,F&B,Indonesia.Batam.Kuliner.202406162232.db,places,1.1079488,103.963657,384696.0618933738,122481.9503512324,7,864.200584624038,74,128,1,2.910483723600854,0.0,0.0,0
6180,Warung Karindangan Masakan Khas Banjar,breakfast restaurant,F&B,Indonesia.Batam.Kuliner.202406162232.db,places,1.1003256,103.9632053,384645.50616374693,121639.23334834521,7,1453.1111933496095,31,94,0,11.657684498050868,5.0,0.6931471805599453,0
6182,WARUNG BU AMI,restaurant,F&B,Indonesia.Batam.Kuliner.202406162232.db,places,1.1002274,103.9625521,384572.81891758123,121628.4027349391,7,1505.1370825132612,27,93,8,62.81961510581725,0.0,0.0,0
6183,RM BOGA RASA BATAM,restaurant,F&B,Indonesia.Batam.Kuliner.202406162232.db,places,1.0986646,103.9614458,384449.65755312575,121455.68001613904,7,1717.1488867435899,11,45,3,38.37367298958972,5.0,0.6931471805599453,0
6187,Rumah Makan Lubuak Mato Aiae,restaurant,F&B,Indonesia.Batam.Kuliner.202406162232.db,places,1.1041485,103.9652508,384873.2616596443,122061.77053990065,7,978.818232319877,68,121,17,1.9256822524903745,1.0,0.6931471805599453,0
6189,Tiban Maimbau,restaurant,F&B,Indonesia.Batam.Kuliner.202406162232.db,places,1.100462,103.963579,384687.09408585966,121654.2977356108,7,1416.8843516319148,31,94,11,42.80301799194442,3.8,1.9459101490553132,0
6191,Ketoprak Cirebon Blok S,indonesian restaurant,F&B,Indonesia.Batam.Kuliner.202406162232.db,places,1.1027959,103.9656967,384922.8261618361,121912.22526853754,7,1071.8114721592676,30,113,1,28.497603401224087,4.8,1.791759469228055,0
6193,Bakso Arek Malang,restaurant,F&B,Indonesia.Batam.Kuliner.202406162232.db,places,1.099422,103.9617756,384486.3845017755,121539.39685685004,7,1628.4521999593471,16,66,5,28.48590329258508,4.7,1.3862943611198906,0
6196,Warung Makan Sido Seneng 02 Cipta Puri,diner,F&B,Indonesia.Batam.Kuliner.202406162232.db,places,1.1079373,103.9648111,384824.48114335025,122480.63414813355,7,748.3806242775248,80,128,2,30.37101611796584,5.0,1.0986122886681098,0
6198,Ayam penyet jontor,nasi restaurant,F&B,Indonesia.Batam.Kuliner.202406162232.db,places,1.0992838,103.9613279,384436.5622651578,121524.13634879906,7,1671.4629728899058,13,62,0,27.749925243868137,0.0,0.0,0
6200,Kedai Kopi MOTU Batam,restaurant,F&B,Indonesia.Batam.Kuliner.202406162232.db,places,1.1041586,103.9652649,384874.83099322993,122062.8865346294,7,976.962318894882,68,121,17,1.9256822524903745,4.9,2.4849066497880004,0
6201,WARUNG TIGA RASA,restaurant,F&B,Indonesia.Batam.Kuliner.202406162232.db,places,1.1082137,103.9643345,384771.4593153517,122511.20832243416,7,783.3742615942275,77,126,25,13.877229051704527,0.0,0.0,0
6203,Sambal Tumbuk Mentah Tiban Centre,restaurant,F&B,Indonesia.Batam.Kuliner.202406162232.db,places,1.1131281,103.9798441,386497.43573596317,123053.88697585637,7,1033.0691391728787,121,193,34,3.995646721610298,0.0,0.0,0
6204,Mie Pangsit Ayam Asli Kalimantan,indonesian restaurant,F&B,Indonesia.Batam.Kuliner.202406162232.db,places,1.1071664,103.9634622,384674.3557396129,122395.46466298995,7,920.8483947308237,77,130,5,3.7489026310511546,5.0,1.6094379124341003,0
6205,Surabi Bandung Tiban Centre,family restaurant,F&B,Indonesia.Batam.Kuliner.202406162232.db,places,1.1103201,103.9799245,386506.27475356276,122743.46484864083,7,1018.2983354252872,99,184,2,42.010028167048524,0.0,0.0,0
6206,Warung Nasi Uda,nasi restaurant,F&B,Indonesia.Batam.Kuliner.202406162232.db,places,1.1025594,103.9655948,384911.4783861392,121886.08446926999,7,1100.0010293813139,30,112,0,16.84831236401973,4.7,2.4849066497880004,0
6210,Toko Udin,restaurant,F&B,Indonesia.Batam.Kuliner.202406162232.db,places,1.1029173,103.9649329,384837.84070841875,121925.67541161156,7,1108.2857610484116,35,112,9,38.05208483372488,0.0,0.0,0
6211,RM Puti minang,brunch restaurant,F&B,Indonesia.Batam.Kuliner.202406162232.db,places,1.0992604,103.9615762,384464.1904537214,121521.53989973618,7,1656.2102555028296,14,63,0,27.749925243868137,5.0,1.0986122886681098,0
6212,Reza Rumah Makan Melayu & Seafood,seafood restaurant,F&B,Indonesia.Batam.Kuliner.202406162232.db,places,1.1025312,103.965446,384894.91991864174,121882.97275211528,7,1111.4382631081721,29,112,0,16.84831236401973,3.0,2.3978952727983707,2
6213,Salero Bundo Pecel,breakfast restaurant,F&B,Indonesia.Batam.Kuliner.202406162232.db,places,1.1048102,103.964827,384826.1297664867,122134.93697078575,7,955.3908672390215,76,126,2,80.04474011112262,5.0,1.0986122886681098,0
6216,R M  Podo Seneng,chicken restaurant,F&B,Indonesia.Batam.Kuliner.202406162232.db,places,1.1026,103.965925,384948.2222021829,121890.55997780617,7,1077.2279209782066,29,115,0,19.109334611538678,4.7,2.833213344056216,2
6217,Kopitiam 118,restaurant,F&B,Indonesia.Batam.Kuliner.202406162232.db,places,1.1080035,103.9645462,384795.0075964332,122487.96276684158,7,771.5514475289528,76,129,25,30.37101611796584,4.5,3.4011973816621555,0
6218,Budhe Warung Jawa,javanese restaurant,F&B,Indonesia.Batam.Kuliner.202406162232.db,places,1.1031152,103.9652127,384868.98242968356,121947.54215249488,7,1072.3379401227796,39,114,0,38.05208483372488,4.3,1.3862943611198906,0
6219,Rumah Makan Ampera 1701,padang restaurant,F&B,Indonesia.Batam.Kuliner.202406162232.db,places,1.1076371,103.9632355,384649.14842962037,122447.50874034814,7,920.9622026648319,74,129,3,27.17557547742471,4.8,1.791759469228055,0
6221,Omoshiroi tiban,breakfast restaurant,F&B,Indonesia.Batam.Kuliner.202406162232.db,places,1.1070722,103.9615909,384466.127530454,122385.12383462228,7,1113.6882954891753,55,138,2,75.01580626055032,0.0,0.0,0
6223,Ayam Bakar Batam Noviana Resep,chicken restaurant,F&B,Indonesia.Batam.Kuliner.202406162232.db,places,1.1064106,103.9602828,384320.5460241342,122312.03577452191,7,1276.3040063885576,50,145,0,162.89824895185532,5.0,0.6931471805599453,0
6225,Ayam Penyet Bang Har,ayam penyet restaurant,F&B,Indonesia.Batam.Kuliner.202406162232.db,places,1.1004306,103.9631956,384644.43085074064,121650.84133308825,7,1444.3158936997995,31,95,0,11.657684498050868,4.0,1.0986122886681098,0
6226,RM Pondok Salero,padang restaurant,F&B,Indonesia.Batam.Kuliner.202406162232.db,places,1.1024929,103.9660598,384963.21765397163,121878.7150170655,7,1080.0706803302903,29,116,0,19.109334611538678,4.3,1.3862943611198906,0
6228,Monschick,restaurant,F&B,Indonesia.Batam.Kuliner.202406162232.db,places,1.1024637,103.96575,384928.7442401763,121875.49897110766,7,1100.0898004975897,29,113,9,20.252468663702054,3.5,1.0986122886681098,0
6229,Nasi Goreng Kang Ajie Cipta Puri,nasi goreng restaurant,F&B,Indonesia.Batam.Kuliner.202406162232.db,places,1.1074677,103.9641244,384748.05211603234,122428.74721478717,7,840.1253855166931,78,130,0,13.675623296236948,2.5,1.0986122886681098,0
6230,Pempek Cek Tin,pempek restaurant,F&B,Indonesia.Batam.Kuliner.202406162232.db,places,1.1079277,103.9638816,384721.0529046817,122479.60903405272,7,842.2180000747032,74,128,0,16.304018627276413,5.0,1.6094379124341003,0
6231,AMPERA NURUL,restaurant,F&B,Indonesia.Batam.Kuliner.202406162232.db,places,1.108624,103.9638422,384716.69569187274,122556.58558957624,7,818.1767756197205,75,124,24,13.467804347744297,0.0,0.0,0
6232,Nona manis meleleh,restaurant,F&B,Indonesia.Batam.Kuliner.202406162232.db,places,1.113206,103.9797716,386489.37150628923,123062.50146322002,7,1027.2043480021366,120,193,34,9.054313461307023,3.0,0.6931471805599453,0
6233,RM Sido Seneng,padang restaurant,F&B,Indonesia.Batam.Kuliner.202406162232.db,places,1.1084502,103.9644824,384787.92566966044,122537.34731829855,7,758.1130718710001,77,126,3,29.373295700321535,4.4,3.332204510175204,1
6234,Bubur Ayam Cirebon  Mang Jaja,fast food restaurant,F&B,Indonesia.Batam.Kuliner.202406162232.db,places,1.107467,103.9642473,384761.7274925094,122428.66505183323,7,828.0963947564148,80,130,3,9.919528678548934,4.3,2.4849066497880004,0
6241,Terminal Kuliner Batam,restaurant,F&B,Indonesia.Batam.Kuliner.202406162232.db,places,1.1074978,103.9671058,385079.80127857276,122431.9589552149,7,566.0865961858659,73,124,22,45.09420031439827,5.0,0.6931471805599453,0
6242,Tahu Bakso Sapi,restaurant,F&B,Indonesia.Batam.Kuliner.202406162232.db,places,1.1085662,103.9640613,384741.0732771839,122550.18734783078,7,797.2984031463728,75,125,24,0.5596420468279903,5.0,0.6931471805599453,0
6244,RM Pado Suko,padang restaurant,F&B,Indonesia.Batam.Kuliner.202406162232.db,places,1.0990117,103.9614421,384449.2591827093,121494.05162126214,7,1687.0438181035743,13,54,1,31.281756784130522,0.0,0.0,0
6246,Tahu Kriuk Si Subur,hawker stall,F&B,Indonesia.Batam.Kuliner.202406162232.db,places,1.1057593,103.9643646,384774.713860093,122239.87660143939,7,922.3788616834239,91,130,3,116.85855343966058,5.0,1.791759469228055,0
6247,KAZA Rice bowl,indonesian restaurant,F&B,Indonesia.Batam.Kuliner.202406162232.db,places,1.107189,103.962255,384540.02825154935,122398.01005247358,7,1040.7807453273492,61,133,4,75.01580626055032,0.0,0.0,0
6249,Takoyaki Factory Tiban Center,takoyaki restaurant,F&B,Indonesia.Batam.Kuliner.202406162232.db,places,1.1127089,103.9795161,386460.92253512645,123007.55783829345,7,987.7447387837003,112,195,0,10.405353047051493,0.0,0.0,0
6251,HOYYA - TIBAN CENTER,doner kebab restaurant,F&B,Indonesia.Batam.Kuliner.202406162232.db,places,1.113168,103.9801307,386529.32777140755,123058.28681406961,7,1065.136298398841,119,193,0,3.4639493460426563,0.0,0.0,0
6252,Pempek Selamat Tiban,restaurant,F&B,Indonesia.Batam.Kuliner.202406162232.db,places,1.1092705,103.9576984,384033.0837309065,122628.29536677894,7,1470.547669436429,19,117,11,8.085529085043103,0.0,0.0,0
6257,Dimsum goreng batam  dimsum kukus n goreng erni,dumpling restaurant,F&B,Indonesia.Batam.Kuliner.202406162232.db,places,1.1092883,103.9713586,385553.0894127587,122629.73126905126,7,201.19450424381648,21,173,0,57.28401266985962,4.8,1.791759469228055,0
6259,Nasi goreng tanaya,nasi restaurant,F&B,Indonesia.Batam.Kuliner.202406162232.db,places,1.1082437,103.9642134,384757.9853659884,122514.5294931177,7,794.4796834959033,76,126,0,13.877229051704527,5.0,0.6931471805599453,0
6261,Nusantara Rumah Makan,padang restaurant,F&B,Indonesia.Batam.Kuliner.202406162232.db,places,1.1082135,103.963723,384703.4161214818,122511.21001022987,7,846.2951431336428,75,126,3,27.74965328646517,5.0,1.0986122886681098,0
6266,Mayam BeTuJak 0105,chicken restaurant,F&B,Indonesia.Batam.Kuliner.202406162232.db,places,1.1071526,103.9734263,385783.08522206824,122393.5533453635,7,517.8159704819639,14,153,1,60.105039469588874,4.3,1.6094379124341003,0
6267,Bakmie Terang Bulan (Nonhalal),restaurant,F&B,Indonesia.Batam.Kuliner.202406162232.db,places,1.111789,103.963687,384699.5488177986,122906.47812015,7,795.9839363221997,59,109,22,137.2626717511948,5.0,0.6931471805599453,0
6268,Otak Otak Abang Adek,restaurant,F&B,Indonesia.Batam.Kuliner.202406162232.db,places,1.1091707,103.96171,384479.4614206742,122617.10568486285,7,1031.8405888943644,64,131,24,106.89459837820074,5.0,1.0986122886681098,0
6270,Warung BUBUR ayam,porridge restaurant,F&B,Indonesia.Batam.Kuliner.202406162232.db,places,1.1063966,103.9764208,386116.261109701,122309.8637021436,7,807.6977620827325,15,116,0,127.02674322583184,0.0,0.0,0
6272,Nadia Seafood,seafood restaurant,F&B,Indonesia.Batam.Kuliner.202406162232.db,places,1.1080941,103.9640402,384738.707171191,122497.9981566022,7,818.680965394343,76,127,1,25.395548461005014,0.0,0.0,0
6273,Risol Mejik & Jeruk Peras Cipta Puri,restaurant,F&B,Indonesia.Batam.Kuliner.202406162232.db,places,1.1078666,103.9633851,384665.80369053053,122472.87383531033,7,895.6003803344855,73,128,23,17.92454434963494,4.3,1.3862943611198906,0
6274,Warung Driver Tiban Family,restaurant,F&B,Indonesia.Batam.Kuliner.202406162232.db,places,1.1090191,103.9668528,385051.70799461694,122600.14626163902,7,491.668850825925,67,120,20,15.065247897663752,0.0,0.0,0
6278,Savory Pasta Batam,takeaways,F&B,Indonesia.Batam.Kuliner.202406162232.db,places,1.1046813,103.9584524,384116.805199095,122120.93511332534,7,1542.224046670053,9,134,0,61.92300086076627,5.0,2.3978952727983707,0
6279,Tungku Emak Btm - Morning Bakery Tiban,restaurant,F&B,Indonesia.Batam.Kuliner.202406162232.db,places,1.1092164,103.9576495,384027.6403858518,122622.3165897133,7,1476.7370605191861,18,116,10,8.085529085043103,5.0,0.6931471805599453,0
6280,Mixue Tiban,ice cream shop,F&B,Indonesia.Batam.Kuliner.202406162232.db,places,1.1125754,103.9755709,386021.92734060506,122992.95179251772,7,558.1096827688554,89,166,0,109.28053298397404,4.1,4.564348191467836,0
6282,Prasmanan Istimewa,buffet restaurant,F&B,Indonesia.Batam.Kuliner.202406162232.db,places,1.1079118,103.9669954,385067.53274741094,122477.7303299089,7,545.1292879060908,73,125,1,41.683474504613564,0.0,0.0,0
6283,Sate Jumbo Padang Tiban Centre,satay restaurant,F&B,Indonesia.Batam.Kuliner.202406162232.db,places,1.1127672,103.9781915,386313.5340120626,123014.05381229465,7,844.9254565525906,108,183,0,16.38955163660579,4.1,3.5263605246161616,0
6291,RM Dendeang Baka,padang restaurant,F&B,Indonesia.Batam.Kuliner.202406162232.db,places,1.105992,104.0835352,398034.91093521286,122261.24068202218,12,433.3877882146517,25,53,0,22.79615101165979,4.6,5.5134287461649825,1
6294,Steak On You Belian  Batam Center,restaurant,F&B,Indonesia.Batam.Kuliner.202406162232.db,places,1.1129482,104.0903802,398796.7807898951,123029.97587776021,15,2291.8751962161577,15,39,4,214.74089737185818,4.5,4.48863636973214,0
6298,Warung Makan Bude Jowo,restaurant,F&B,Indonesia.Batam.Kuliner.202406162232.db,places,1.1154502,104.0938411,399181.95384250407,123306.43936865791,15,1837.8115477335614,26,36,7,89.7697521674243,4.5,2.6390573296152584,0
6299,Dapur Anjun Sundanese Bistro - Mega Mall Batam Centre,sundanese restaurant,F&B,Indonesia.Batam.Kuliner.202406162232.db,places,1.1294979,104.0563105,395006.4774745107,124860.66260993785,0,3923.491339268576,29,62,1,12.243401190700784,3.5,1.6094379124341003,0
6301,Mie Nyonyor Batam,indonesian restaurant,F&B,Indonesia.Batam.Kuliner.202406162232.db,places,1.1234572,104.0986698,399719.5054083394,124191.40202196628,15,809.0883073274681,18,42,0,17.799434171631557,3.5,3.4011973816621555,0
6303,TSC Botania 1,restaurant,F&B,Indonesia.Batam.Kuliner.202406162232.db,places,1.1265294,104.0983797,399687.33162193716,124531.0260015502,15,625.5245500450177,22,42,8,60.15628012942457,4.1,4.2626798770413155,0
6306,Warung Nasi Goreng | Belian - Kota Batam | Mas Kembar,nasi goreng restaurant,F&B,Indonesia.Batam.Kuliner.202406162232.db,places,1.1339841,104.0960029,399423.1275338115,125355.18266936943,-1,0.0,3,22,0,356.07708270386115,4.4,4.060443010546419,0
6308,Ayam Bakar Taliwang,chicken restaurant,F&B,Indonesia.Batam.Kuliner.202406162232.db,places,1.1165237,104.0933351,399125.68879954977,123425.12611196426,15,1777.7641414705938,26,42,1,35.6628958955852,4.8,1.9459101490553132,0
6309,Bintang coffee,restaurant,F&B,Indonesia.Batam.Kuliner.202406162232.db,places,1.1066428,104.0822012,397886.50072724273,122333.22905512858,12,307.9016628066698,24,59,5,46.205633991551615,4.2,4.718498871295094,0
6310,Bakso Gunung Botania,bakso restaurant,F&B,Indonesia.Batam.Kuliner.202406162232.db,places,1.1266441,104.0989082,399746.14039001364,124543.68723515271,15,567.1782933935211,22,41,0,4.84154764871113,4.3,6.095824562432225,2
6311,Mie Tarempa KBC,noodle shop,F&B,Indonesia.Batam.Kuliner.202406162232.db,places,1.1050527,104.0748658,397070.2446243344,122157.70506307305,12,536.8876275247287,27,51,1,43.814284371910944,4.3,6.322565239927284,0
6312,K5 KULINER  BAGJA,hawker center,F&B,Indonesia.Batam.Kuliner.202406162232.db,places,1.1283202,104.1013436,400017.17820282426,124728.88660196983,15,245.2843543056572,13,36,0,60.78416546065211,0.0,0.0,0
6313,Dapur Agent Nasi Bungkus Batam,indonesian restaurant,F&B,Indonesia.Batam.Kuliner.202406162232.db,places,1.1135083,104.0831738,397994.9559537151,123092.14022530256,-1,0.0,1,37,0,201.69191754446732,4.7,3.1780538303479458,0
6315,Rumah Makan Talago Batam,padang restaurant,F&B,Indonesia.Batam.Kuliner.202406162232.db,places,1.1236149,104.0986375,399715.9168439298,124208.83595618402,15,798.4422204024564,18,41,0,17.799434171631557,5.0,1.0986122886681098,0
6316,RUMAH MAKAN DUNSANAK BATAM,restaurant,F&B,Indonesia.Batam.Kuliner.202406162232.db,places,1.1053797,104.0736989,396940.4160832066,122193.89373636658,12,664.411327219938,26,45,9,33.46821804094861,4.3,1.3862943611198906,0
6318,AYAMLOENAK,chicken restaurant,F&B,Indonesia.Batam.Kuliner.202406162232.db,places,1.1283974,104.0973349,399571.1433839064,124737.55869928298,15,683.4620180426542,15,39,2,30.405122417814322,4.8,4.007333185232471,0
6319,S-One Seafood & Ikan Bakar,restaurant,F&B,Indonesia.Batam.Kuliner.202406162232.db,places,1.1070092,104.0872903,398452.7703668803,122373.55787121778,12,863.884502378408,15,40,7,8.712283377310564,3.4,3.332204510175204,0
6320,Royal Martabak Har-Indian Food (Botania),indian restaurant,F&B,Indonesia.Batam.Kuliner.202406162232.db,places,1.1067952,104.0843044,398120.526204761,122350.00373869542,12,534.7261009940192,24,46,0,47.81300197436882,4.6,5.786897381366708,2
6321,Raja Sambal,restaurant,F&B,Indonesia.Batam.Kuliner.202406162232.db,places,1.1161835,104.0592273,395330.5521675268,123388.71088535995,6,388.0981624773633,19,37,5,29.982715411317205,4.6,2.302585092994046,0
6322,Rm sambal gunung sam rio,indonesian restaurant,F&B,Indonesia.Batam.Kuliner.202406162232.db,places,1.1282481,104.0975644,399596.67413644,124721.0465175885,15,659.838083101259,15,39,1,30.405122417814322,4.8,2.4849066497880004,0
6325,Batam Steak House,steak house,F&B,Indonesia.Batam.Kuliner.202406162232.db,places,1.1356695,104.1095567,400931.27607899293,125541.02596777809,15,1004.8519938268018,28,45,0,4.1280565089491175,4.2,5.135798437050262,0
6328,Steak Corner,restaurant,F&B,Indonesia.Batam.Kuliner.202406162232.db,places,1.107026,104.0873668,398461.2829812849,122375.4124001728,12,872.5944688335184,15,41,7,8.712283377310564,4.5,5.170483995038151,2
6329,Tareempa,restaurant,F&B,Indonesia.Batam.Kuliner.202406162232.db,places,1.1208486,104.0871319,398435.61932876194,123903.43395461915,-1,0.0,0,33,0,536.517823339577,0.0,0.0,0
6330,CITA RASA SEAFOOD,seafood restaurant,F&B,Indonesia.Batam.Kuliner.202406162232.db,places,1.116585,104.0923707,399018.38402637077,123431.93559326627,15,1842.529815572081,27,36,0,56.86660468855131,4.3,2.5649493574615367,0
6332,BAKSO BALUNG TARAS BATAM,bakso restaurant,F&B,Indonesia.Batam.Kuliner.202406162232.db,places,1.1182619,104.0956043,399378.23719704594,123617.1964878446,15,1471.0257835946054,22,48,0,218.1105878749422,4.7,1.3862943611198906,0
6334,Nasi padang salero uni,padang restaurant,F&B,Indonesia.Batam.Kuliner.202406162232.db,places,1.1152219,104.0624444,395688.481881235,123282.29616238378,6,739.676877623785,14,27,1,115.63760877093799,4.6,3.4339872044851463,0
6335,Ikan Bakar 73,ikan bakar restaurant,F&B,Indonesia.Batam.Kuliner.202406162232.db,places,1.1168397,104.0942456,399227.0090556105,123460.02690496948,15,1687.5225630123207,25,42,0,72.79764331602543,4.7,2.302585092994046,0
6338,Recipebyying,country food restaurant,F&B,Indonesia.Batam.Kuliner.202406162232.db,places,1.1157812,104.0605922,395482.4091000855,123344.18991996317,6,533.6838610858891,16,35,0,34.52123749980162,3.8,2.833213344056216,0
6339,Sate Khas Brebes Batam,satay restaurant,F&B,Indonesia.Batam.Kuliner.202406162232.db,places,1.101881,104.0755572,397147.06704919634,121807.06575146058,12,609.2277264489577,25,48,0,219.1503494639028,3.7,1.3862943611198906,0
6340,Seafood Glory,seafood restaurant,F&B,Indonesia.Batam.Kuliner.202406162232.db,places,1.1309976,104.0972019,399556.43411850004,125025.00053280604,15,730.4756810099442,6,37,0,194.92513960939198,4.7,2.833213344056216,0
6341,Geprek Bensu Batam Botania,chicken restaurant,F&B,Indonesia.Batam.Kuliner.202406162232.db,places,1.1260057,104.0997238,399836.8683027179,124473.08776418254,15,528.6653461750428,20,41,3,2.2147221309125813,4.3,6.478509642208569,2
6342,KAMPOENG PENYET KBC,restaurant,F&B,Indonesia.Batam.Kuliner.202406162232.db,places,1.1055233,104.0739637,396969.8850693762,122209.75880721331,12,634.7643218147082,26,46,9,22.515707319761127,4.3,3.295836866004329,0
6343,Sambalado Warunk  Batu Aji,health food restaurant,F&B,Indonesia.Batam.Kuliner.202406162232.db,places,1.049471,103.9683271,385213.5240876039,116017.13778957972,2,858.6577137761806,59,156,0,35.16076369983433,4.6,4.736198448394496,2
6344,Waroeng SoloKerto,restaurant,F&B,Indonesia.Batam.Kuliner.202406162232.db,places,1.1331246,104.1009096,399969.0526663211,125259.9999287701,15,539.1576041355677,9,28,0,367.53893848005123,4.3,4.477336814478207,1
6345,Rumah Makan Prasmanan Sunda,sundanese restaurant,F&B,Indonesia.Batam.Kuliner.202406162232.db,places,1.0507153,103.9690786,385297.19228045025,116154.66561947999,2,836.2482832099744,63,156,0,76.56832022376366,0.0,0.0,0
6346,Sate Arya,satay restaurant,F&B,Indonesia.Batam.Kuliner.202406162232.db,places,1.1266878,104.0989053,399745.81920843147,124548.51811768347,15,565.2917376595169,22,40,1,4.84154764871113,3.0,0.6931471805599453,0
6347,Restoran SEDERHANA Masakan Padang,padang restaurant,F&B,Indonesia.Batam.Kuliner.202406162232.db,places,1.0513495,103.9681938,385198.75975166657,116224.8079510309,2,956.3882712140517,57,151,2,49.459484838654035,4.4,6.52795791762255,2
6348,Warung Mas Karyo,restaurant,F&B,Indonesia.Batam.Kuliner.202406162232.db,places,1.0569554,103.9645454,384792.99167164875,116844.66665082594,2,1650.4498305049938,9,74,3,18.165825758333305,4.7,2.302585092994046,0
6351,Dadar Beredar - Batam,restaurant,F&B,Indonesia.Batam.Kuliner.202406162232.db,places,1.1052351,104.0753481,397123.9159347154,122177.8517518668,12,481.75955781380196,27,52,9,15.232234004846786,4.4,5.652489180268651,0
6352,Masakan kampung ibu arif,diner,F&B,Indonesia.Batam.Kuliner.202406162232.db,places,1.0477204,103.9604743,384339.64179712243,115823.900504848,2,1692.2455366378024,47,95,1,23.160054740493315,4.7,3.1354942159291497,0
6354,Mie Ayam Jakarta,noodle shop,F&B,Indonesia.Batam.Kuliner.202406162232.db,places,1.1065744,104.0816704,397827.4369521062,122325.68607355104,12,251.36537733585777,25,58,2,59.543480788909676,4.0,2.1972245773362196,0
6355,Jomtea Botania,restaurant,F&B,Indonesia.Batam.Kuliner.202406162232.db,places,1.1265387,104.0993468,399794.938683616,124532.02078636427,15,529.9727402306253,20,40,6,50.17349385717144,4.8,2.8903717578961645,0
6356,Pondok Nasi Bakar,chicken restaurant,F&B,Indonesia.Batam.Kuliner.202406162232.db,places,1.0530576,103.9674279,385113.5970936477,116413.66398556657,2,1130.3295404650632,39,137,1,48.70432636178759,4.4,3.4657359027997265,0
6358,Ayam Penyet BROTHERHOOD,ayam penyet restaurant,F&B,Indonesia.Batam.Kuliner.202406162232.db,places,1.1114853,104.0750187,397087.4797133608,122868.79122857284,-1,0.0,0,33,0,505.66195199632307,5.0,1.0986122886681098,0
6360,Sate Padang Pesisir Selatan Syafrudin (PSS),satay restaurant,F&B,Indonesia.Batam.Kuliner.202406162232.db,places,1.04832,103.9635443,384681.2775338382,115890.07227818911,2,1356.0997751898963,58,121,1,22.907777540494692,5.0,1.6094379124341003,0
6361,Kwetiaw Liang Seafood And Resto,seafood restaurant,F&B,Indonesia.Batam.Kuliner.202406162232.db,places,1.1156347,104.0602939,395449.21236877155,123328.00561522253,6,499.8562552457642,17,35,1,26.89914148126247,4.4,5.942799375126701,2
6362,Malaya Cafe Mega Mall,restaurant,F&B,Indonesia.Batam.Kuliner.202406162232.db,places,1.1291979,104.0564288,395019.62979232485,124827.49466914916,0,3944.306180113753,30,64,2,29.557080956568804,4.0,5.049856007249537,0
6363,Lesehan Sunda,cafe,F&B,Indonesia.Batam.Kuliner.202406162232.db,places,1.0528253,103.9682513,385205.21198489703,116387.95324223099,2,1041.4982583088006,50,137,1,28.85513774928985,4.8,1.6094379124341003,0
6364,Rumah Makan Melayu,restaurant,F&B,Indonesia.Batam.Kuliner.202406162232.db,places,1.0495677,103.9677685,385151.369635552,116027.84833350398,2,921.1310986140671,62,148,18,11.03010997520286,0.0,0.0,0
6365,Truffle Belly Batam Centre,restaurant,F&B,Indonesia.Batam.Kuliner.202406162232.db,places,1.1144526,104.0847248,398167.56565836596,123196.4739181496,-1,0.0,1,42,0,201.69191754446732,4.9,2.3978952727983707,0
6366,Guriboi Niaga Mas,restaurant,F&B,Indonesia.Batam.Kuliner.202406162232.db,places,1.1158774,104.0602765,395447.2848563689,123354.8356079241,6,499.353290164558,17,35,5,26.89914148126247,3.5,1.9459101490553132,0
6368,DIMSUM BTS,chinese restaurant,F&B,Indonesia.Batam.Kuliner.202406162232.db,places,1.1236974,104.0984386,399693.7885399752,124217.96268454353,15,806.8377791438847,18,42,0,23.936562126919615,5.0,0.6931471805599453,0
6369,Ayam Gepuk Om Tarzan,chicken restaurant,F&B,Indonesia.Batam.Kuliner.202406162232.db,places,1.1248376,104.0988817,399743.13009263005,124343.9900000253,15,683.6168670117601,20,37,3,27.50826680503512,3.5,1.9459101490553132,0
6370,Seafood 88,seafood restaurant,F&B,Indonesia.Batam.Kuliner.202406162232.db,places,1.0534011,103.9678502,385160.60087637627,116451.6218214641,2,1115.931969398605,41,132,1,50.42386747848007,4.5,1.0986122886681098,0
6371,SAMBAL COBEK,restaurant,F&B,Indonesia.Batam.Kuliner.202406162232.db,places,1.1223195,104.0996354,399826.906621861,124065.60275933411,15,849.123367441017,17,44,6,52.29750676840172,5.0,2.3978952727983707,0
6372,ANGKRINGAN DUDE,cafe,F&B,Indonesia.Batam.Kuliner.202406162232.db,places,1.0495065,103.9675069,385122.2579693066,116021.09237523346,2,947.0131387439089,62,145,2,0.0,5.0,1.791759469228055,0
6373,Angkringan Samping Oemah,indonesian restaurant,F&B,Indonesia.Batam.Kuliner.202406162232.db,places,1.0525842,103.9678629,385161.98416244396,116361.31431130816,2,1060.5569605012518,48,140,3,24.595742684014404,5.0,1.791759469228055,0
6377,Dapur Iboek Batam,restaurant,F&B,Indonesia.Batam.Kuliner.202406162232.db,places,1.1028631,104.0807023,397719.5907607246,121915.45462198314,12,315.50818315565124,17,58,3,159.09549281035623,0.0,0.0,0
6378,Rumah Makan Dua Saudara,restaurant,F&B,Indonesia.Batam.Kuliner.202406162232.db,places,1.0495813,103.9676703,385140.44296731165,116029.35539927249,2,932.0104310679203,62,146,17,5.227470151444738,5.0,0.6931471805599453,0
6379,Bakso Cinta,bakso restaurant,F&B,Indonesia.Batam.Kuliner.202406162232.db,places,1.0480991,103.9603922,384330.52002081356,115865.76833821528,2,1703.6302289558207,47,96,3,23.12731927320946,4.0,3.295836866004329,0
6380,Katupek (Ketupat) Pitalah Ummirita Batam,restaurant,F&B,Indonesia.Batam.Kuliner.202406162232.db,places,1.1062625,104.0837347,398057.1182702952,122291.13616446187,12,459.8135942545806,24,52,8,23.033012811363044,4.6,3.1780538303479458,0
6381,MIE AYAM SEGAR & BAKSO BAROKAH 354,diner,F&B,Indonesia.Batam.Kuliner.202406162232.db,places,1.0479222,103.9660213,384956.89053433866,115846.00495128572,2,1077.5550113600546,58,132,1,67.92161518726402,4.4,2.4849066497880004,0
6383,Sate Kendal Mbak Yanti,satay restaurant,F&B,Indonesia.Batam.Kuliner.202406162232.db,places,1.0483213,103.9540754,383627.6262386084,115890.5663402175,2,2406.7178155104907,8,42,0,26.80696880801603,4.8,1.6094379124341003,0
6384,Malaya Cafe Mall Botania 2,restaurant,F&B,Indonesia.Batam.Kuliner.202406162232.db,places,1.1073726,104.0864887,398363.58987639326,122413.75724135668,12,786.0035157281354,19,43,8,97.82202841420829,3.1,2.0794415416798357,0
6385,Penjuru Coffee & Eatery,cafe,F&B,Indonesia.Batam.Kuliner.202406162232.db,places,1.0477217,103.9669775,385063.28408284637,115823.80487374654,2,969.7218016257135,62,132,1,108.68500635693866,4.5,4.143134726391533,0
6386,Warung Santai Black Red,indonesian restaurant,F&B,Indonesia.Batam.Kuliner.202406162232.db,places,1.113967,104.092583,399041.9170064977,123142.52302890997,15,2052.692276965007,21,38,3,164.4390193220326,4.8,2.302585092994046,0
6387,Ayam Bakar Taliwang Botania,chicken restaurant,F&B,Indonesia.Batam.Kuliner.202406162232.db,places,1.1233515,104.0976514,399606.18689586647,124179.75246660088,15,895.772381265256,20,48,2,95.57232238349035,4.6,2.772588722239781,0
6388,Tenaga Muda,padang restaurant,F&B,Indonesia.Batam.Kuliner.202406162232.db,places,1.0475609,103.9603251,384323.03372970305,115806.27349166726,2,1708.1931053573028,47,92,3,12.825557263831316,4.4,4.3694478524670215,1
6389,Kantin Bandit,restaurant,F&B,Indonesia.Batam.Kuliner.202406162232.db,places,1.0529008,103.9666845,385030.86989431933,116396.35739061814,2,1188.9442761547948,40,137,11,84.51809118421937,5.0,1.0986122886681098,0
6390,Risol Olive,fast food restaurant,F&B,Indonesia.Batam.Kuliner.202406162232.db,places,1.1061768,104.0827839,397951.3210729277,122281.69516669215,12,354.1542214260633,21,56,0,19.930875711236098,4.3,1.3862943611198906,0
6391,Warung Makan Prasmanan Sederhana Mbak San,javanese restaurant,F&B,Indonesia.Batam.Kuliner.202406162232.db,places,1.048699,103.9615426,384458.55263547436,115932.04402674078,2,1582.0497149604314,49,118,0,8.72647782263089,4.2,2.772588722239781,0
6393,Echa,restaurant,F&B,Indonesia.Batam.Kuliner.202406162232.db,places,1.0550148,103.96236,384549.74082234135,116630.21708037122,2,1721.2498409373313,10,95,3,40.31983426634216,3.6,1.791759469228055,0
6394,Bakso Ojo Lali CJDW,bakso restaurant,F&B,Indonesia.Batam.Kuliner.202406162232.db,places,1.1076057,104.0907524,398838.01319974696,122439.37930226343,12,1254.6441824776625,5,37,0,283.3545079648106,4.5,3.9889840465642745,0
6395,Warung Risdini,restaurant,F&B,Indonesia.Batam.Kuliner.202406162232.db,places,1.0465338,103.9629798,384618.39757640107,115692.63110592101,2,1413.250411147023,51,109,13,16.438149192410567,0.0,0.0,0
6396,Cinta Sejati Grill & Steamboat Halal,barbecue restaurant,F&B,Indonesia.Batam.Kuliner.202406162232.db,places,1.1055842,104.0763185,397231.9033368193,122216.40938329579,12,372.81403253318666,28,55,0,43.30882089594561,4.3,2.3978952727983707,0
6397,Warung Bu Siti Gesya,restaurant,F&B,Indonesia.Batam.Kuliner.202406162232.db,places,1.1255577,104.0920351,398981.35003513034,124423.82916522902,15,1325.0862767055046,2,40,0,321.7666597881782,5.0,0.6931471805599453,0
6398,Dear Butter,dessert restaurant,F&B,Indonesia.Batam.Kuliner.202406162232.db,places,1.1157007,104.0597114,395384.4004646486,123335.32231990331,6,435.35059654044284,17,36,0,4.636659582069744,4.9,2.4849066497880004,0
6399,Dapur Azzdin,restaurant,F&B,Indonesia.Batam.Kuliner.202406162232.db,places,1.0505914,103.9589565,384170.85430254886,116141.342119506,2,1899.7481696066034,29,84,5,0.7739214848860371,0.0,0.0,0
6400,Sun Bread KDA Tunas Bizpark,cafe,F&B,Indonesia.Batam.Kuliner.202406162232.db,places,1.1061014,104.0770577,397314.17109844554,122273.55762238978,12,297.50468423746696,28,54,0,57.3756726941663,4.1,6.061456918928017,2
6402,RM  Putri Aila,restaurant,F&B,Indonesia.Batam.Kuliner.202406162232.db,places,1.0467933,103.9603672,384327.69026094204,115721.41473581512,2,1702.9730892370535,46,89,10,39.93374904079033,4.2,2.9444389791664403,0
6403,Fried Chicken,fried chicken takeaway,F&B,Indonesia.Batam.Kuliner.202406162232.db,places,1.0482443,103.9533681,383548.9184956898,115882.08036728324,2,2484.8429980520314,7,39,0,59.66599642418634,0.0,0.0,0
6404,KebabHoyya Batam Official,kebab shop,F&B,Indonesia.Batam.Kuliner.202406162232.db,places,1.1053927,104.0847953,398175.1001647604,122194.94801298468,12,570.6309846607732,25,42,0,136.58068161451763,0.0,0.0,0
6405,Seafood tumpah putri pagaruyung,seafood restaurant,F&B,Indonesia.Batam.Kuliner.202406162232.db,places,1.0549752,103.9627668,384595.00586065935,116625.82426097573,2,1680.1831616758336,11,102,1,27.411635949786,5.0,0.6931471805599453,0
6407,Nasi Uduk Tenda Kuning,betawi restaurant,F&B,Indonesia.Batam.Kuliner.202406162232.db,places,1.1065436,104.0780139,397420.581584923,122322.40748854516,12,216.05213908883968,30,54,0,36.767741410418964,4.5,3.1354942159291497,0
6408,Rahmat,noodle shop,F&B,Indonesia.Batam.Kuliner.202406162232.db,places,1.047065,103.9573396,383990.80406216247,115751.56270662858,2,2039.5759931565046,28,70,1,62.5513182462569,2.0,0.6931471805599453,0
6409,Richeese Factory Botania,fast food restaurant,F&B,Indonesia.Batam.Kuliner.202406162232.db,places,1.1260008,104.0997431,399839.0155969671,124472.54543446298,15,527.3197003396085,20,41,0,2.2147221309125813,3.7,3.258096538021482,2
6410,Lontong Medan Pesona,restaurant,F&B,Indonesia.Batam.Kuliner.202406162232.db,places,1.123386,104.0988671,399741.4560711203,124183.52450206992,15,800.878876025739,18,41,7,23.321383240244845,4.5,1.0986122886681098,0
6411,Sulistiawati,bakso restaurant,F&B,Indonesia.Batam.Kuliner.202406162232.db,places,1.0508944,103.9684139,385223.23465129244,116174.48926070062,2,910.8066719926528,62,154,2,26.3201604066215,0.0,0.0,0
6412,Ayam Geprek Viral Kopkar,chicken restaurant,F&B,Indonesia.Batam.Kuliner.202406162232.db,places,1.0472802,103.9632006,384642.9943489597,115775.13647787241,2,1387.5703547926087,51,113,1,3.25101751109992,4.4,4.060443010546419,1
6413,Mister RHP vol  II,asian restaurant,F&B,Indonesia.Batam.Kuliner.202406162232.db,places,1.1149119,104.0953914,399354.4343239956,123246.88028967471,15,1794.3939427544424,18,37,0,182.47410880692476,4.6,3.5263605246161616,0
6414,Waroeng Gerobak Hijau,restaurant,F&B,Indonesia.Batam.Kuliner.202406162232.db,places,1.0463456,103.955562,383792.9750035031,115672.09967303876,2,2238.848507859159,13,60,4,167.22558680329823,0.0,0.0,0
6415,D Penyetz Mall Botania 2,restaurant,F&B,Indonesia.Batam.Kuliner.202406162232.db,places,1.1088638,104.0864185,398355.82966042723,122578.60375250214,12,837.0612113600056,14,43,7,165.02906770829415,3.2,2.995732273553991,0
6416,Taka Resto,indonesian restaurant,F&B,Indonesia.Batam.Kuliner.202406162232.db,places,1.0527879,103.967774,385152.09931553295,116383.83630854917,2,1081.6551771634145,45,139,2,24.595742684014404,4.7,1.3862943611198906,0
6419,Pondok jatim makanan khas surabaya,east javanese restaurant,F&B,Indonesia.Batam.Kuliner.202406162232.db,places,1.1054746,104.0759154,397187.047057386,122204.30761579216,12,417.63176602917,27,55,0,38.520520441537585,0.0,0.0,0
6420,Bakso Berkah Wonogiri,bakso restaurant,F&B,Indonesia.Batam.Kuliner.202406162232.db,places,1.048758,103.9615947,384464.35221818683,115938.56447577057,2,1577.0437995412997,49,118,3,8.72647782263089,4.5,3.6109179126442243,0
6422,Shakeel Kebab,kebab shop,F&B,Indonesia.Batam.Kuliner.202406162232.db,places,1.049553,103.9680218,385179.55495079677,116026.21396986295,2,893.7724234821951,60,150,0,8.54874771562345,4.2,2.70805020110221,0
6424,Geprek Goldchick,restaurant,F&B,Indonesia.Batam.Kuliner.202406162232.db,places,1.1250427,104.0990217,399758.7145433946,124366.65781061616,15,656.9064849974666,19,37,6,27.50826680503512,2.6,3.091042453358316,0
6425,Warung Buk Tin,restaurant,F&B,Indonesia.Batam.Kuliner.202406162232.db,places,1.0481165,103.9600547,384292.96537932975,115867.70435411684,2,1741.2305808250774,46,91,10,28.100310275185823,0.0,0.0,0
6426,Rumah makan Jawa Melayu dus,restaurant,F&B,Indonesia.Batam.Kuliner.202406162232.db,places,0.9857086,104.0974485,399579.19918594975,108964.13233078016,17,135.35340629953706,8,10,3,0.0,4.6,2.3978952727983707,0
6427,Hidaya Baru,indonesian restaurant,F&B,Indonesia.Batam.Kuliner.202406162232.db,places,1.1161051,104.0929632,399084.29395859153,123378.86498870618,15,1839.783545680496,26,36,3,29.99293202968304,0.0,0.0,0
6428,Nasi Goreng Tegal Bahari 1,restaurant,F&B,Indonesia.Batam.Kuliner.202406162232.db,places,1.129845,104.0958761,399408.87620471086,124897.633063922,15,848.3313811248431,8,32,2,1.7525961594636936,5.0,0.6931471805599453,0
6430,Bakso Ini Dia,bakso restaurant,F&B,Indonesia.Batam.Kuliner.202406162232.db,places,1.0486385,103.9627567,384593.64917196136,115925.31104029034,2,1447.0877586985348,53,120,3,30.779010420084955,0.0,0.0,0
6431,Rumah Makan Mutiara Bunda,padang restaurant,F&B,Indonesia.Batam.Kuliner.202406162232.db,places,1.0495358,103.9673381,385103.47588622826,116024.33764666234,2,965.9469009493123,66,145,3,19.060389067618576,0.0,0.0,0
6432,LIKE SEAFOOD RESTOURANT,seafood restaurant,F&B,Indonesia.Batam.Kuliner.202406162232.db,places,0.988025,104.0948715,399292.519536753,109220.27486343967,17,278.27861842667113,8,11,5,130.89744122685843,4.1,3.4657359027997265,0
6433,Mpek mpek Es Campur Sikok Nak Duo,restaurant,F&B,Indonesia.Batam.Kuliner.202406162232.db,places,1.1256488,104.0994016,399801.00574751606,124433.64560765584,15,581.3223815302528,20,43,6,53.308597590662345,4.5,2.4849066497880004,0
6434,Warung Makan Prasmanan Semarang,buffet restaurant,F&B,Indonesia.Batam.Kuliner.202406162232.db,places,1.0502335,103.9591099,384187.9106875181,116101.77102719025,2,1875.2843874326713,28,87,0,43.09050493182023,3.0,0.6931471805599453,0
6435,Dapur Anatha s,restaurant,F&B,Indonesia.Batam.Kuliner.202406162232.db,places,1.0186055,104.0986806,399717.2986376255,112600.65494974739,-1,0.0,4,5,2,0.0,5.0,1.6094379124341003,0
6437,Talago Zam Zam,padang restaurant,F&B,Indonesia.Batam.Kuliner.202406162232.db,places,1.0497429,103.9538549,383603.1426151593,116047.73093359981,2,2445.1276486420456,8,44,0,143.75291518435745,5.0,0.6931471805599453,0
6438,Piayu Live Seafood Restaurant,seafood restaurant,F&B,Indonesia.Batam.Kuliner.202406162232.db,places,0.9897191,104.0939701,399192.26960618916,109407.57527058266,17,490.2024487810908,4,11,2,212.44173576297595,4.2,5.5134287461649825,2
6439,Donburo Itadakimas   BATAM KOTA,japanese restaurant,F&B,Indonesia.Batam.Kuliner.202406162232.db,places,1.1160463,104.0599385,395409.6818803506,123373.51874767283,6,463.86685539548273,17,34,0,41.98861174539503,4.6,5.0689042022202315,2
6441,Rumah Makan Rantau Minang Indah,restaurant,F&B,Indonesia.Batam.Kuliner.202406162232.db,places,1.0458492,103.9653897,384886.5338084698,115616.86101539379,2,1151.8586364535504,43,113,13,93.76253166910304,0.0,0.0,0
6442,OCEAN-RESTO,restaurant,F&B,Indonesia.Batam.Kuliner.202406162232.db,places,1.1054727,104.0752028,397107.7567312542,122204.12226430979,12,496.91925673084836,27,53,9,19.906128899462388,5.0,0.6931471805599453,0
6443,rumah makan jawa melayu,restaurant,F&B,Indonesia.Batam.Kuliner.202406162232.db,places,1.0186055,104.0986806,399717.2986376255,112600.65494974739,-1,0.0,4,5,2,0.0,5.0,0.6931471805599453,0
6444,Langgeng Seafood,seafood restaurant,F&B,Indonesia.Batam.Kuliner.202406162232.db,places,1.0552033,103.9626702,384584.265144413,116651.04399134619,2,1702.5426208425035,10,99,1,27.411635949786,4.0,3.4965075614664802,2
6446,Ayam Penyet Mandiri Semarang,ayam penyet restaurant,F&B,Indonesia.Batam.Kuliner.202406162232.db,places,1.0482631,103.960261,384315.9267730371,115883.90317619058,2,1719.4823058995094,46,96,1,15.283396588091868,4.5,4.330733340286331,0
6447,RM PASUNDAN AA KIPLY,restaurant,F&B,Indonesia.Batam.Kuliner.202406162232.db,places,1.049551,103.967945,385171.00899019383,116025.99569279475,2,901.8453092044083,61,149,18,5.570919095063559,0.0,0.0,0
6448,Like seafood,seafood restaurant,F&B,Indonesia.Batam.Kuliner.202406162232.db,places,1.0186055,104.0986806,399717.2986376255,112600.65494974739,-1,0.0,4,5,0,0.0,5.0,1.0986122886681098,0
6449,Rumah Makan Padang & Soto Padang,padang restaurant,F&B,Indonesia.Batam.Kuliner.202406162232.db,places,1.0495065,103.9675069,385122.2579693066,116021.09237523346,2,947.0131387439089,62,145,3,0.0,0.0,0.0,0
6450,Ayam balado nabila,restaurant,F&B,Indonesia.Batam.Kuliner.202406162232.db,places,1.0464047,103.9630531,384626.54930585844,115678.35658120998,2,1405.786465834383,51,109,13,16.132085343546713,5.0,2.302585092994046,0
6451,Nelayan Seafood Piayu Laut,restaurant,F&B,Indonesia.Batam.Kuliner.202406162232.db,places,0.9831385,104.0963232,399453.9072330181,108680.05661931561,17,308.1883949367385,7,9,3,175.10495586836228,4.9,4.143134726391533,0
6452,Angkringan Sederhana,restaurant,F&B,Indonesia.Batam.Kuliner.202406162232.db,places,1.0530705,103.9681624,385195.3286574443,116415.06299717256,2,1065.9815602555898,48,136,15,28.85513774928985,0.0,0.0,0
6453,Pelantar Biru Piayu Laut,port authority,F&B,Indonesia.Batam.Kuliner.202406162232.db,places,1.0009854,104.0879853,398526.669973769,110653.18495810444,-1,0.0,0,0,0,1003.1095141065074,4.4,2.4849066497880004,0
6455,Pondok Bunda,restaurant,F&B,Indonesia.Batam.Kuliner.202406162232.db,places,1.047256,103.963184,384641.1463018894,115772.4618121207,2,1389.377130044164,51,113,13,3.25101751109992,0.0,0.0,0
6456,Warung Nasi AMROE,nasi restaurant,F&B,Indonesia.Batam.Kuliner.202406162232.db,places,1.0186055,104.0986806,399717.2986376255,112600.65494974739,-1,0.0,4,5,0,0.0,3.9,2.0794415416798357,0
6458,Bakso Tenis Argo Lawu,restaurant,F&B,Indonesia.Batam.Kuliner.202406162232.db,places,1.0495668,103.96753,385124.83061300206,116027.75759980363,2,946.463418920978,63,145,17,7.144488375984101,5.0,0.6931471805599453,0
6460,Nasi Goreng Embung Fatimah,nasi goreng restaurant,F&B,Indonesia.Batam.Kuliner.202406162232.db,places,1.0495631,103.9678964,385165.6014869713,116027.3351137376,2,907.4044209919267,61,148,1,5.570919095063559,5.0,1.3862943611198906,0
6461,SASOGU (SATE SOTO GULAI),satay restaurant,F&B,Indonesia.Batam.Kuliner.202406162232.db,places,1.0483742,103.9633456,384659.1692182536,115896.07133260265,2,1378.707685552961,56,121,1,21.34121769695126,5.0,2.3978952727983707,0
6463,Warung Soto Dindae,soto restaurant,F&B,Indonesia.Batam.Kuliner.202406162232.db,places,1.0553674,103.9613063,384432.5037887027,116669.23567288819,2,1842.1821250638968,9,86,0,75.31383440209056,5.0,1.3862943611198906,0
6464,Nuril Snack & Katering,restaurant,F&B,Indonesia.Batam.Kuliner.202406162232.db,places,1.0286565,104.0704135,396572.2899772032,113712.6365933176,4,1296.679071401031,4,74,3,57.53708457862137,3.9,2.9444389791664403,1
6465,Seblak muntaz,seblak restaurant,F&B,Indonesia.Batam.Kuliner.202406162232.db,places,1.0477456,103.960235,384313.01463497255,115826.69516873252,2,1718.9677236165112,46,92,1,15.885408279964558,0.0,0.0,0
6466,Mak Cik,restaurant,F&B,Indonesia.Batam.Kuliner.202406162232.db,places,1.0225119,104.0669928,396191.4640601763,113033.49195940251,4,1240.5414395572018,26,97,9,90.90079165441503,5.0,0.6931471805599453,0
6467,Warung Ayam Penyet Kali Jogo Pak Didik,ayam penyet restaurant,F&B,Indonesia.Batam.Kuliner.202406162232.db,places,1.0465823,103.9570463,383958.14934246585,115698.2116363874,2,2072.941179805691,30,67,1,62.5513182462569,5.0,1.0986122886681098,0
6468,Sopo Ngiro,soup shop,F&B,Indonesia.Batam.Kuliner.202406162232.db,places,1.0480965,103.9638502,384715.3083121946,115865.3534001776,2,1319.9059944610499,59,123,0,9.038324027760524,4.0,2.1972245773362196,0
6469,BAKSO BERANAK,bakso restaurant,F&B,Indonesia.Batam.Kuliner.202406162232.db,places,1.0344586,104.0564823,395022.32618483756,114354.4874884034,4,541.2022887133634,57,172,4,58.30639491659916,4.0,3.713572066704308,0
6470,RM  Cipta Rasa Toraja,restaurant,F&B,Indonesia.Batam.Kuliner.202406162232.db,places,1.0484426,103.9538668,383604.4187290721,115903.98368264425,2,2430.6868189706893,8,41,2,26.80696880801603,3.7,1.3862943611198906,0
6471,Kadai Maak Unchu,restaurant,F&B,Indonesia.Batam.Kuliner.202406162232.db,places,1.048863,103.9629203,384611.8619510792,115950.12317762761,2,1432.2195542289273,54,121,13,30.779010420084955,0.0,0.0,0
6472,Kelong Mak Uteh,restaurant,F&B,Indonesia.Batam.Kuliner.202406162232.db,places,0.9852756,104.0977995,399618.24286603904,108916.25612540761,17,186.64928550070633,8,9,3,33.797574725038544,4.4,5.1647859739235145,0
6473,Pempek JAUZA,restaurant,F&B,Indonesia.Batam.Kuliner.202406162232.db,places,1.0484291,103.9653485,384882.04341774585,115902.06673147276,2,1158.0373387214456,57,134,16,78.77100756601696,0.0,0.0,0
6474,Seblak Kacida,seblak restaurant,F&B,Indonesia.Batam.Kuliner.202406162232.db,places,1.0466614,103.9643077,384766.1640922539,115706.68828489383,2,1265.0450764175937,54,118,1,129.3658525819822,5.0,0.6931471805599453,0
6475,Dapoer azela,breakfast restaurant,F&B,Indonesia.Batam.Kuliner.202406162232.db,places,1.0152725,104.0724008,396792.99327037204,112233.03831051878,4,2233.5530617566615,8,21,1,68.53336825269463,5.0,1.0986122886681098,0
6476,Batu aji,soup kitchen,F&B,Indonesia.Batam.Kuliner.202406162232.db,places,1.0466142,103.9658786,384940.9639279666,115701.41271337908,2,1090.612526234973,52,124,0,67.0109418957499,0.0,0.0,0
6477,Caffee town kita punya (Ayam bakar kita punya),chicken restaurant,F&B,Indonesia.Batam.Kuliner.202406162232.db,places,1.0469209,103.9631714,384639.73198731826,115735.41743110277,2,1390.7526219194756,51,111,1,37.07136969020033,5.0,1.0986122886681098,0
6478,Warung Bang Jali Oyee,restaurant,F&B,Indonesia.Batam.Kuliner.202406162232.db,places,1.0323614,104.0561151,394981.398169469,114122.6636198205,4,388.6209508138784,63,180,16,16.58105783106889,4.7,1.9459101490553132,0
6479,New Sunbread,coffee shop,F&B,Indonesia.Batam.Kuliner.202406162232.db,places,1.0509024,103.9681775,385196.92964684125,116175.38233665098,2,934.6011018482095,61,152,1,26.3201604066215,4.1,4.477336814478207,0
6480,ChopSnack’s,restaurant,F&B,Indonesia.Batam.Kuliner.202406162232.db,places,1.0341847,104.0505367,394360.7369965948,114324.40635271349,4,1026.15035587303,36,114,11,3.2812714389929627,5.0,0.6931471805599453,0
6481,Kambing Batam Com (Shofiyyah Catering),staple food package,F&B,Indonesia.Batam.Kuliner.202406162232.db,places,1.0480132,103.9647737,384818.06750906806,115856.1107227055,2,1216.7329039904369,54,131,0,69.48205900393641,5.0,1.791759469228055,0
6482,Ayam penyet bumbu kuning,ayam penyet restaurant,F&B,Indonesia.Batam.Kuliner.202406162232.db,places,1.01779,104.0742614,397000.10620213364,112511.27579146542,4,2194.363170828373,9,21,0,34.106782060320555,4.4,2.70805020110221,0
6483,Sarapan Anak Bu  Aji,breakfast restaurant,F&B,Indonesia.Batam.Kuliner.202406162232.db,places,1.0473173,103.963228,384646.04463585315,115779.23682334695,2,1384.5936211404887,51,114,1,5.1104875641036385,5.0,1.0986122886681098,0
6484,Sate Madura Cak Mus,satay restaurant,F&B,Indonesia.Batam.Kuliner.202406162232.db,places,1.0377877,104.0495964,394256.2270763101,114722.73385630082,4,1329.7922621760222,20,99,1,11.32128124857244,4.6,2.8903717578961645,0
6485,Toko ARIF Puskopkar,grocery store,F&B,Indonesia.Batam.Kuliner.202406162232.db,places,1.0480139,103.9632347,384646.8156583238,115856.2447487846,2,1387.4492470144949,52,118,2,22.282009392802447,4.7,2.3978952727983707,0
6486,Sego Pecel Nganjuk,restaurant,F&B,Indonesia.Batam.Kuliner.202406162232.db,places,1.0341734,104.0593411,395340.4214667406,114322.86550364373,4,443.83826256154384,34,176,11,19.8945404492233,5.0,1.3862943611198906,0
6487,Garage Mie Ayam & Bakso,restaurant,F&B,Indonesia.Batam.Kuliner.202406162232.db,places,1.039827,104.0543138,394781.209815049,114948.01209137913,4,1179.5569986833634,28,100,8,52.61193856909705,4.8,2.5649493574615367,0
6488,Warung lontong sayur padang elma,restaurant,F&B,Indonesia.Batam.Kuliner.202406162232.db,places,1.0494489,103.9603642,384327.4538875428,116014.98804353568,2,1723.0389776787142,45,102,9,126.12662007321866,5.0,1.0986122886681098,0
6489,Bubur Ayam   Asmi  Seblak dan Batagor,restaurant,F&B,Indonesia.Batam.Kuliner.202406162232.db,places,1.0238609,104.0699109,396516.2105776487,113182.52301933021,4,1414.6456495495274,14,71,6,80.51561782110129,5.0,1.3862943611198906,0
6490,Alfamart Puskopkar Batam,grocery store,F&B,Indonesia.Batam.Kuliner.202406162232.db,places,1.0483083,103.9603908,384330.37191328773,115888.89518324277,2,1705.4717844718343,46,96,2,15.283396588091868,4.4,4.912654885736052,0
6491,Nasi Pecel Bu Mur Berkah,diner,F&B,Indonesia.Batam.Kuliner.202406162232.db,places,1.0105195,104.0733982,396903.8260059158,111707.58640218878,-1,0.0,3,10,1,263.2893865584771,5.0,1.0986122886681098,0
6492,Bambu Kuning Mart,supermarket,F&B,Indonesia.Batam.Kuliner.202406162232.db,places,1.0465084,103.9631551,384637.9031309742,115689.81672225501,2,1393.8863065904573,51,109,1,16.132085343546713,4.5,3.6635616461296463,0
6493,Gajah Mungkur Wonogiri,bakso restaurant,F&B,Indonesia.Batam.Kuliner.202406162232.db,places,1.0257467,104.0626084,395703.7064751622,113391.22596349832,4,644.1932108482008,85,138,6,22.03285043146146,4.5,2.772588722239781,0
6494,Bude Sum,restaurant,F&B,Indonesia.Batam.Kuliner.202406162232.db,places,1.0562949,103.9640532,384738.1980413946,116771.6675634856,2,1645.7404653449792,11,83,4,91.27545490959325,0.0,0.0,0
6495,Rumah Makan Kasih Ibu Tarusan,restaurant,F&B,Indonesia.Batam.Kuliner.202406162232.db,places,1.0213354,104.0692268,396440.00840202876,112903.36352326459,4,1512.7043780349468,14,60,6,35.837144839959656,1.0,0.6931471805599453,0
6496,Bandeng Presto Batam,food shop,F&B,Indonesia.Batam.Kuliner.202406162232.db,places,1.050423,103.957849,384047.6111633468,116122.76678102156,2,2017.0469363273098,27,72,0,124.63512570776732,5.0,0.6931471805599453,0
6497,Warung Simpang,indonesian restaurant,F&B,Indonesia.Batam.Kuliner.202406162232.db,places,1.0346438,104.0583754,395232.9814669369,114374.89793264524,4,495.54080020034013,39,166,3,46.99001163678207,4.8,1.6094379124341003,0
6498,Indonesia batam,soup kitchen,F&B,Indonesia.Batam.Kuliner.202406162232.db,places,1.0548417,103.9608758,384384.58065619704,116611.13621485983,2,1856.3222972934414,9,90,0,46.37767848992725,0.0,0.0,0
6499,Rumah makan Pagaruyung,diner,F&B,Indonesia.Batam.Kuliner.202406162232.db,places,1.0315329,104.0517421,394494.7771757751,114031.22133402181,4,805.8620161620063,52,134,5,97.39230266342203,5.0,1.0986122886681098,0
6501,MIE AYAM KENDAL,brunch restaurant,F&B,Indonesia.Batam.Kuliner.202406162232.db,places,1.0269562,104.0647657,395943.79308551823,113524.86017399759,4,747.9629959471752,67,134,2,20.12992043361952,5.0,0.6931471805599453,0
6502,Warung Lagu Lama,restaurant,F&B,Indonesia.Batam.Kuliner.202406162232.db,places,1.0270501,104.0646107,395926.54894382565,113535.24541708332,4,727.8529612373055,69,135,22,20.12992043361952,2.0,0.6931471805599453,0
6503,Rumah Makan Lesehan Pas Mantap,chicken restaurant,F&B,Indonesia.Batam.Kuliner.202406162232.db,places,1.0495055,103.9718266,385602.93048213463,116020.82348700105,2,504.69508023111,60,168,3,47.28697594718623,4.5,3.332204510175204,0
6504,Resto and Cafe 99,restaurant,F&B,Indonesia.Batam.Kuliner.202406162232.db,places,1.0392802,104.0489506,394184.4171034474,114887.7449596558,4,1492.0136169341172,13,71,4,33.0295058864869,4.5,1.6094379124341003,0
6505,Soto Padang Oma,padang restaurant,F&B,Indonesia.Batam.Kuliner.202406162232.db,places,1.0475109,103.9604749,384339.7008786587,115800.74052546643,2,1691.367410497613,47,95,3,17.56153664372085,5.0,1.3862943611198906,0
6506,Kedai Eok,restaurant,F&B,Indonesia.Batam.Kuliner.202406162232.db,places,1.0264808,104.0629138,395737.71278435487,113472.36729912536,4,609.4201899748176,87,145,25,2.0958774385112795,0.0,0.0,0
6507,Ayam Bakar Pak Camat  Piayu,buffet restaurant,F&B,Indonesia.Batam.Kuliner.202406162232.db,places,1.0380489,104.0494809,394243.38381094846,114751.61225866902,4,1358.0717287901027,19,97,0,21.651651596284403,3.9,3.6635616461296463,0
6508,Yosan snack kripik pisang,creperie,F&B,Indonesia.Batam.Kuliner.202406162232.db,places,1.0545029,103.9611216,384411.919460805,116573.67318208455,2,1814.871849671814,11,95,0,46.37767848992725,0.0,0.0,0
6509,TAHU TEK TEK CAK JI,restaurant,F&B,Indonesia.Batam.Kuliner.202406162232.db,places,1.047361,103.9602927,384319.4210907564,115784.17599710914,2,1711.2521782114093,46,91,10,9.574697859571959,4.7,3.4965075614664802,0
6510,AYAM GEPREK PRINGGONDANI PIAYU,chicken restaurant,F&B,Indonesia.Batam.Kuliner.202406162232.db,places,1.0343436,104.059283,395333.96213731647,114341.68224627034,4,461.8176592797722,34,172,1,19.8945404492233,5.0,0.6931471805599453,0
6511,I- Mart,convenience store,F&B,Indonesia.Batam.Kuliner.202406162232.db,places,1.0480424,103.9639111,384722.08296757465,115859.37047900878,2,1312.6555823516117,59,124,2,9.038324027760524,4.4,3.9889840465642745,0
6512,Nasi Pecel Madiun,pecel lele restaurant,F&B,Indonesia.Batam.Kuliner.202406162232.db,places,1.0395529,104.0488293,394170.928864266,114917.89484627069,4,1522.3540684222558,12,66,0,33.0295058864869,4.3,2.3978952727983707,0
6513,Dessert box Batam,health food store,F&B,Indonesia.Batam.Kuliner.202406162232.db,places,1.0476466,103.9652809,384874.49267025245,115815.56497436191,2,1157.6069805604636,53,130,0,19.970074076414146,5.0,0.6931471805599453,0
6514,PAWON JAWA TIMUR,family restaurant,F&B,Indonesia.Batam.Kuliner.202406162232.db,places,1.032721,104.0670309,396196.03313788853,114162.05719274047,4,951.3450722942342,5,98,0,44.18639032163678,4.3,1.3862943611198906,0
6515,Berkah Kuliner Nusantara,indonesian restaurant,F&B,Indonesia.Batam.Kuliner.202406162232.db,places,1.0464772,103.9601935,384308.3502171694,115686.47669037287,2,1723.2943675389479,45,84,0,39.93374904079033,5.0,0.6931471805599453,0
6516,Abdusshomad,bakso restaurant,F&B,Indonesia.Batam.Kuliner.202406162232.db,places,1.026487,104.062896,395735.7323400602,113473.05326022694,4,607.493867902258,87,145,6,2.0958774385112795,0.0,0.0,0
6517,Ampera Bunga Tanjung,padang restaurant,F&B,Indonesia.Batam.Kuliner.202406162232.db,places,1.0484032,103.9591262,384189.65714528644,115899.43300840886,2,1846.5787343441066,44,85,3,108.07080421801406,4.8,1.791759469228055,0
6518,Warung Mie Ayam Bakso Solo,brunch restaurant,F&B,Indonesia.Batam.Kuliner.202406162232.db,places,1.0259837,104.0656482,396041.9593119661,113417.32625925758,4,886.8577575185044,51,122,3,42.591487405024125,1.0,0.6931471805599453,0
6519,Batam,convenience store,F&B,Indonesia.Batam.Kuliner.202406162232.db,places,1.0471415,103.9593317,384212.4778124937,115759.94603404902,2,1817.917333321411,44,83,1,109.65380009592361,0.0,0.0,0
6520,Ampera Tiga Saudara,padang restaurant,F&B,Indonesia.Batam.Kuliner.202406162232.db,places,1.0207236,104.0697836,396501.9451760477,112835.71412135297,4,1603.742891836097,16,55,0,91.72025705846431,4.4,2.6390573296152584,0
6521,RM Putri Sikumbang,restaurant,F&B,Indonesia.Batam.Kuliner.202406162232.db,places,1.0475317,103.9633726,384662.1428149986,115802.93312542776,2,1369.1666539502996,52,116,13,13.625780788848449,0.0,0.0,0
6522,Indomaret Puskopkar,convenience store,F&B,Indonesia.Batam.Kuliner.202406162232.db,places,1.0482661,103.9631867,384641.4836977551,115884.12688043914,2,1395.1205748127932,53,120,2,21.34121769695126,4.4,3.367295829986474,0
6523,Waroeng Podjok Pancur,restaurant,F&B,Indonesia.Batam.Kuliner.202406162232.db,places,1.0301522,104.0664155,396127.4731367865,113878.10886632404,4,840.7270819229004,18,111,7,265.20558351131325,5.0,0.6931471805599453,0
6524,Talitha,indonesian restaurant,F&B,Indonesia.Batam.Kuliner.202406162232.db,places,1.0333906,104.0597603,395387.0410823559,114236.31675832656,4,367.96267843428325,36,178,3,1.604177880389758,0.0,0.0,0
6525,Jus Thailand,juice shop,F&B,Indonesia.Batam.Kuliner.202406162232.db,places,1.0505984,103.9589564,384170.84343289415,116142.11596465547,2,1899.9173555965556,29,84,0,0.7739214848860371,0.0,0.0,0
6526,Warung 3Z,restaurant,F&B,Indonesia.Batam.Kuliner.202406162232.db,places,1.0365162,104.0558222,394948.9431907461,114581.9677748464,4,776.9657683112301,49,122,15,75.4238427401767,0.0,0.0,0
6527,HEBRON MART,supermarket,F&B,Indonesia.Batam.Kuliner.202406162232.db,places,1.0499197,103.9654292,384891.0777748104,116066.84743105518,2,1181.8761916291078,66,134,1,21.703656779034528,4.2,2.772588722239781,0
6528,KEMANGI RESTAURANT,family restaurant,F&B,Indonesia.Batam.Kuliner.202406162232.db,places,0.992567,104.0913503,398900.84425228095,109722.47431209729,-1,0.0,2,4,0,152.01132189421386,5.0,1.0986122886681098,0
6529,Rumah Makan Murah Rezeki,restaurant,F&B,Indonesia.Batam.Kuliner.202406162232.db,places,1.046509,103.9765934,386133.2448785167,115689.3919717076,2,120.67422760488108,51,150,18,37.27085683109001,4.5,1.6094379124341003,0
6530,Alfamart Embung Fatimah,convenience store,F&B,Indonesia.Batam.Kuliner.202406162232.db,places,1.0495722,103.9676242,385135.31287666864,116028.3511014189,2,936.6138842820957,63,146,1,5.227470151444738,3.8,2.6390573296152584,0
6531,Dapur Ila Barokah,restaurant,F&B,Indonesia.Batam.Kuliner.202406162232.db,places,1.0259047,104.0627291,395717.1421491963,113408.68818447345,4,639.940964166039,86,138,25,22.03285043146146,4.2,1.791759469228055,0
6533,Warung Suroboyo bude Pri,restaurant,F&B,Indonesia.Batam.Kuliner.202406162232.db,places,1.0256624,104.0647896,395946.4106710134,113381.83599345197,4,828.0045161979004,56,129,18,17.988216664939447,0.0,0.0,0
6534,Toko Uncle Sam,grocery store,F&B,Indonesia.Batam.Kuliner.202406162232.db,places,1.0467561,103.9626936,384586.5588373814,115717.21659971906,2,1444.2517595704483,51,111,2,40.22625768891302,0.0,0.0,0
6535,Rumah Makan Anak Bundo,padang restaurant,F&B,Indonesia.Batam.Kuliner.202406162232.db,places,1.0379214,104.055033,394861.173638451,114737.33255287776,4,955.1070708936114,35,108,3,16.599729990827253,4.7,1.3862943611198906,0
6537,Rumah Risoles Dona,breakfast restaurant,F&B,Indonesia.Batam.Kuliner.202406162232.db,places,1.04974,103.9615667,384461.2725559315,116047.12431766374,2,1596.5301441197305,50,117,1,108.60351555762583,0.0,0.0,0
6540,Sarapan pagi mak uwo,breakfast restaurant,F&B,Indonesia.Batam.Kuliner.202406162232.db,places,1.0274691,104.057649,395151.91868115705,113581.7915053096,4,329.35798015518935,70,174,2,1.13878535065668,0.0,0.0,0
6541,Bpk Tiga Lingga,restaurant,F&B,Indonesia.Batam.Kuliner.202406162232.db,places,1.0230567,104.0663809,396123.394110702,113093.7367591944,4,1149.6819789255308,32,109,11,90.90079165441503,4.3,2.772588722239781,0
6542,Rm simpang ampek,restaurant,F&B,Indonesia.Batam.Kuliner.202406162232.db,places,1.0385152,104.0721802,396769.19234008284,114802.40926945928,-1,0.0,5,12,3,41.26667149653694,4.8,2.1972245773362196,0
6544,Warung Bakso Pak Kari,restaurant,F&B,Indonesia.Batam.Kuliner.202406162232.db,places,1.0284824,104.0699262,396518.0615757091,113693.40649781075,4,1245.707399245116,5,87,3,20.345184181324946,5.0,1.0986122886681098,0
6545,Warung Makan Mbak Khansa,restaurant,F&B,Indonesia.Batam.Kuliner.202406162232.db,places,1.0396605,104.0775217,397363.58549401537,114928.84230159674,-1,0.0,3,7,1,137.47842157922526,0.0,0.0,0
6547,RUJAK UDA (Depan Pasar pancur),restaurant,F&B,Indonesia.Batam.Kuliner.202406162232.db,places,1.0279478,104.0623873,395679.17554782674,113634.55441749578,4,464.0716438360927,87,161,25,40.96206451868143,4.5,1.0986122886681098,0
6549,Kavka,bakso restaurant,F&B,Indonesia.Batam.Kuliner.202406162232.db,places,1.021326,104.068754,396387.398613333,112902.33963846047,4,1473.6700071549074,12,63,1,15.537624724502578,1.0,0.6931471805599453,0
6550,Rumah Makan Padang,padang restaurant,F&B,Indonesia.Batam.Kuliner.202406162232.db,places,1.1329312,104.0205989,391033.0026121859,125241.51732471204,0,581.7030670664752,10,99,0,8.861220945922756,4.7,2.3978952727983707,0
6552,Empek empek cek nilan,snack bar,F&B,Indonesia.Batam.Kuliner.202406162232.db,places,1.0317088,104.0682291,396329.3262625501,114050.12432244657,4,1055.9935630512282,8,90,0,130.05539755287523,0.0,0.0,0
6553,Rumah Makan Mulia Raso,padang restaurant,F&B,Indonesia.Batam.Kuliner.202406162232.db,places,1.038387,104.054754,394830.1441206102,114788.81183575117,4,1015.0312021581612,30,106,3,33.72443786834907,0.0,0.0,0
6556,Selero Kampuang Pizarro,restaurant,F&B,Indonesia.Batam.Kuliner.202406162232.db,places,1.0259121,104.0646721,395933.34425895446,113409.44295575873,4,801.0331158319196,65,133,21,2.244974658140656,5.0,0.6931471805599453,0
6557,Mie Ayam Bakso Billa,restaurant,F&B,Indonesia.Batam.Kuliner.202406162232.db,places,1.0392226,104.0786781,397492.245454752,114880.39716868164,-1,0.0,3,7,1,137.47842157922526,5.0,1.0986122886681098,0
6559,Buana Garden 2,restaurant,F&B,Indonesia.Batam.Kuliner.202406162232.db,places,1.0186055,104.0986806,399717.2986376255,112600.65494974739,-1,0.0,4,5,2,0.0,0.0,0.0,0
6560,Koto Tinggi,padang restaurant,F&B,Indonesia.Batam.Kuliner.202406162232.db,places,1.1420598,104.0155876,390475.740530819,126250.84468542032,0,850.771194014024,99,359,4,41.80399407384925,4.5,5.117993812416755,0
6561,103 Kampung Seafood,seafood restaurant,F&B,Indonesia.Batam.Kuliner.202406162232.db,places,0.9912835,104.09086,398846.2483858082,109580.60559338835,-1,0.0,2,8,1,152.01132189421386,3.8,3.5263605246161616,0
6563,Rm talago rezki,padang restaurant,F&B,Indonesia.Batam.Kuliner.202406162232.db,places,1.025505,104.0644182,395905.07910029526,113364.44825255423,4,806.5211237228934,64,130,2,7.443921232081074,5.0,1.3862943611198906,0
6565,Singgang Kinantan,restaurant,F&B,Indonesia.Batam.Kuliner.202406162232.db,places,1.0267684,104.0640852,395868.0663208784,113504.12194022367,4,693.489291408035,77,137,23,66.24868299538923,4.0,1.0986122886681098,0
6568,Kedai DenPhi,bakso restaurant,F&B,Indonesia.Batam.Kuliner.202406162232.db,places,1.03119,104.0538111,394724.9883964864,113993.24673184073,4,572.622163120519,62,166,7,4.432104089244986,4.2,3.1780538303479458,0
6571,Market Center,restaurant,F&B,Indonesia.Batam.Kuliner.202406162232.db,places,1.025916,104.0646919,395935.5475737667,113409.87343810909,4,802.5591982184769,65,133,21,2.244974658140656,3.0,1.0986122886681098,0
6573,Soto Bunda Narami,restaurant,F&B,Indonesia.Batam.Kuliner.202406162232.db,places,1.03888,104.0722589,396777.9612438633,114842.7335115835,-1,0.0,5,12,3,41.26667149653694,5.0,1.3862943611198906,0
6575,Warung Sego Pecel (SGPC) Madiun,restaurant,F&B,Indonesia.Batam.Kuliner.202406162232.db,places,1.0271469,104.0603935,395457.29500365147,113546.08384743499,4,376.97963126353756,98,165,26,75.96561993974348,5.0,1.3862943611198906,0
6576,Bakso Tenis,bakso restaurant,F&B,Indonesia.Batam.Kuliner.202406162232.db,places,1.140561,104.021119,391091.15988803434,126084.9470723213,0,304.31969664403994,55,210,0,35.86968105443618,5.0,0.6931471805599453,0
6577,Ketoprak Cirebon Bu Manda,restaurant,F&B,Indonesia.Batam.Kuliner.202406162232.db,places,1.0345187,104.0506909,394377.9062335472,114361.32347556243,4,1027.3694175162445,33,114,10,7.141328832734657,5.0,1.6094379124341003,0
6578,RM  Putri Sakato,padang restaurant,F&B,Indonesia.Batam.Kuliner.202406162232.db,places,1.149947,104.022482,391243.17389973,127122.48660260458,0,1323.6674388306021,67,278,3,76.12182730215689,5.0,0.6931471805599453,0
6579,PECEL RAWON MENDOL,east javanese restaurant,F&B,Indonesia.Batam.Kuliner.202406162232.db,places,1.0299269,104.0611421,395540.6838068273,113853.37539824337,4,255.56760090159815,79,178,0,17.528102371040973,5.0,1.3862943611198906,0
6580,Warung Dwiaesri,restaurant,F&B,Indonesia.Batam.Kuliner.202406162232.db,places,1.0288186,104.0614582,395575.82086975494,113730.84765519698,4,326.3297162509987,91,171,25,2.9873640166711684,0.0,0.0,0
6581,Sambal Bakar BuKit CinTa (BuCin) Abang Ganteng,indonesian restaurant,F&B,Indonesia.Batam.Kuliner.202406162232.db,places,1.1430567,104.0223231,391225.2331671606,126360.79287193733,0,561.8779219094309,54,291,2,26.909989892390385,0.0,0.0,0
6583,Masakan Pada Kawa Daun,padang restaurant,F&B,Indonesia.Batam.Kuliner.202406162232.db,places,1.028397,104.0611042,395536.4168104979,113684.25333020283,4,318.66326272683074,92,171,4,20.287238437848725,4.5,4.290459441148391,2
6584,Rm Salah tiga,restaurant,F&B,Indonesia.Batam.Kuliner.202406162232.db,places,1.1436467,104.0174631,390684.4864760139,126426.20006008366,0,809.4841144251994,83,333,31,25.661746363266467,0.0,0.0,0
6585,Soto Kwali Asli Solo Sei Pancur,brunch restaurant,F&B,Indonesia.Batam.Kuliner.202406162232.db,places,1.025396,104.0639414,395852.0209961256,113352.41433141036,4,774.7808853736791,66,132,2,0.21909541091465282,0.0,0.0,0
6587,AYAM GORENG & JEROAN SAPI TOJOYO 7,indonesian restaurant,F&B,Indonesia.Batam.Kuliner.202406162232.db,places,1.0286413,104.0627213,395716.36295721366,113711.20666239104,4,462.41656044071186,87,161,5,8.277369224048327,0.0,0.0,0
6588,Kios Kelapa Muda pak Raden,brunch restaurant,F&B,Indonesia.Batam.Kuliner.202406162232.db,places,1.0181475,104.0725596,396810.75459988054,112550.85001861268,4,2023.681219212583,10,22,1,93.79381577377438,3.5,1.0986122886681098,0
6589,Nasi Bebek AlbFaiz,diner,F&B,Indonesia.Batam.Kuliner.202406162232.db,places,1.0328021,104.0553985,394901.6749693138,114171.40470916979,4,481.5379252732137,61,176,7,32.97275181945647,5.0,0.6931471805599453,0
6591,Pempek Bu Hasna,pempek restaurant,F&B,Indonesia.Batam.Kuliner.202406162232.db,places,1.0323696,104.0503451,394339.3572391472,114123.76126042695,4,977.6894683070755,38,110,1,77.60006540544758,4.9,3.1780538303479458,0
6593,Warung Es Oyen&Nasi Goreng Ahada Assyara,brunch restaurant,F&B,Indonesia.Batam.Kuliner.202406162232.db,places,1.0320634,104.0562031,394991.18034767616,114089.71815584016,4,361.10155621768615,62,187,0,15.305977953720696,5.0,0.6931471805599453,0
6595,NASI GORENG 94 BREBES,nasi goreng restaurant,F&B,Indonesia.Batam.Kuliner.202406162232.db,places,1.0334754,104.0590289,395305.6594666046,114245.71510688336,4,363.92283310507935,41,181,1,56.085925691315026,0.0,0.0,0
6596,Salero kampung latif,nasi restaurant,F&B,Indonesia.Batam.Kuliner.202406162232.db,places,1.0339063,104.0503079,394335.26868019794,114293.63805023703,4,1036.6009120820763,35,113,2,38.3238146947532,4.0,0.6931471805599453,0
6598,RM Minang Raya,padang restaurant,F&B,Indonesia.Batam.Kuliner.202406162232.db,places,1.0285604,104.0611872,395545.6577151003,113702.31372127178,4,315.30781257739136,91,171,4,20.287238437848725,1.0,0.6931471805599453,0
6599,Dapur Mama  Baloi Indah,indonesian restaurant,F&B,Indonesia.Batam.Kuliner.202406162232.db,places,1.1337142,104.0181795,390763.8259218548,125328.1665823217,0,640.2428335225924,9,145,0,72.60465740610148,4.5,1.0986122886681098,0
6600,Rumah Makan Misso Azzahra,restaurant,F&B,Indonesia.Batam.Kuliner.202406162232.db,places,1.1395593,104.0195874,390920.7019332939,125974.27038419277,0,326.86474141732384,55,188,27,12.095671648150878,0.0,0.0,0
6601,RM BPK SUKSES GMP,grill,F&B,Indonesia.Batam.Kuliner.202406162232.db,places,1.0289657,104.0581252,395204.955370843,113747.218172013,4,157.9052419130565,82,178,0,106.50161620953286,0.0,0.0,0
6602,Arjuna 988 Arj,restaurant,F&B,Indonesia.Batam.Kuliner.202406162232.db,places,1.0201031,104.0704261,396573.4177233796,112767.10025529203,4,1702.6834909905651,16,40,5,99.07667554952393,0.0,0.0,0
6604,Kedai Nasi & Lesehan Mas Noer,restaurant,F&B,Indonesia.Batam.Kuliner.202406162232.db,places,1.143422,104.017521,390690.92047294386,126401.3579806635,0,786.2551741918977,84,329,32,25.661746363266467,4.0,0.6931471805599453,0
6605,warung Neovin Arzeta,nasi restaurant,F&B,Indonesia.Batam.Kuliner.202406162232.db,places,1.0375398,104.0494128,394235.78925916814,114695.33571206557,4,1328.7534782054206,19,101,1,12.705450885968508,5.0,0.6931471805599453,0
6606,Sate Padang Uda Surya,satay restaurant,F&B,Indonesia.Batam.Kuliner.202406162232.db,places,1.0376138,104.0746909,397048.5324005396,114702.68219338052,-1,0.0,7,10,0,41.41919072333399,4.2,1.9459101490553132,0
6607,Warung FJB,coffee shop,F&B,Indonesia.Batam.Kuliner.202406162232.db,places,1.0325095,104.054233,394771.977551777,114139.0976447834,4,575.2832058287462,65,168,1,51.534083847482016,5.0,0.6931471805599453,0
6608,SALSA Ice Kepal Milo & Jasuke,restaurant,F&B,Indonesia.Batam.Kuliner.202406162232.db,places,1.0313494,104.0539376,394739.0695827373,114010.86351171328,4,562.5777104808351,61,167,15,3.850698372455336,5.0,0.6931471805599453,0
6609,Hw,restaurant,F&B,Indonesia.Batam.Kuliner.202406162232.db,places,1.0333962,104.0597736,395388.52118397044,114236.93537442927,4,368.96339979460583,36,178,12,1.604177880389758,2.0,0.6931471805599453,0
6610,Warung Prasmanan Cilacap,restaurant,F&B,Indonesia.Batam.Kuliner.202406162232.db,places,1.0255127,104.0635484,395808.2947918404,113365.32775180903,4,734.3334129047378,72,132,20,35.67044172629937,5.0,0.6931471805599453,0
6611,Ampera Pasista Masakan Padang,restaurant,F&B,Indonesia.Batam.Kuliner.202406162232.db,places,1.0280471,104.0632867,395779.25693930377,113645.50219294758,4,546.4633276443701,86,152,24,87.50728396540903,0.0,0.0,0
6612,Jimmy Bandeng Pressto,restaurant,F&B,Indonesia.Batam.Kuliner.202406162232.db,places,1.0234414,104.0570945,395090.08702198404,113136.56575286493,4,771.2158395333278,25,130,7,15.281618803043052,0.0,0.0,0
6613,Warkop Agem Medan,noodle shop,F&B,Indonesia.Batam.Kuliner.202406162232.db,places,1.0285706,104.0626968,395713.63449462625,113703.39191139178,4,462.84674125815695,87,161,3,8.277369224048327,0.0,0.0,0
6614,Lapo Anugerah,batak restaurant,F&B,Indonesia.Batam.Kuliner.202406162232.db,places,1.0257558,104.0633376,395784.84647351736,113392.20816811477,4,698.7614561139512,79,133,0,35.67044172629937,0.0,0.0,0
6615,Mie Pedas Jahanam Perumnas,restaurant,F&B,Indonesia.Batam.Kuliner.202406162232.db,places,1.033856,104.0586956,395268.5849513457,114287.79968100465,4,405.9230743404487,37,182,13,51.94591219228223,5.0,1.3862943611198906,0
6616,Sabana Fried Chicken GMP,restaurant,F&B,Indonesia.Batam.Kuliner.202406162232.db,places,1.027176,104.0587922,395279.1156469787,113549.3531487804,4,333.018058511434,89,169,22,30.64903642070744,4.3,3.7612001156935624,1
6617,Kobar Fried Chicken,fried chicken takeaway,F&B,Indonesia.Batam.Kuliner.202406162232.db,places,1.0271522,104.0578735,395176.88899031345,113546.7522887097,4,353.06100482435363,72,171,0,23.240444179268206,5.0,0.6931471805599453,0
6618,MADINA pizza Batam,pizza restaurant,F&B,Indonesia.Batam.Kuliner.202406162232.db,places,1.0333837,104.0682939,396336.5909391154,114235.27421731528,4,1107.5896965430682,6,70,0,121.04015986328943,5.0,0.6931471805599453,0
6619,Pawon Bude,fast food restaurant,F&B,Indonesia.Batam.Kuliner.202406162232.db,places,1.0306441,104.0541879,394766.8978822471,113932.88745197696,4,522.315665862986,53,171,0,7.123030866221943,5.0,1.6094379124341003,0
6620,JamzSerra Pondok Kopi Aren,restaurant,F&B,Indonesia.Batam.Kuliner.202406162232.db,places,1.0273709,104.0589881,395300.9202357163,113570.8920285912,4,311.7134702235912,91,170,22,20.02480966295087,5.0,1.9459101490553132,0
6622,Arka Aldebaran,restaurant,F&B,Indonesia.Batam.Kuliner.202406162232.db,places,1.0233329,104.0570094,395080.6142069477,113124.57435392535,4,785.2501662894823,24,128,7,5.268647001308669,5.0,0.6931471805599453,0
6623,Hendrik Supplier Kepiting Batam,restaurant,F&B,Indonesia.Batam.Kuliner.202406162232.db,places,1.0272921,104.0976443,399602.258136773,113560.94040038885,-1,0.0,1,6,0,59.44910826527718,5.0,1.3862943611198906,0
6624,RUMAH MAKAN SIKOSIKO,padang restaurant,F&B,Indonesia.Batam.Kuliner.202406162232.db,places,1.1472286,104.0077984,389609.23660143506,126822.53886284326,0,1888.740115214762,106,389,3,79.5183215813063,4.9,2.772588722239781,0
6625,martabak 5 milyar manis & telor,murtabak restaurant,F&B,Indonesia.Batam.Kuliner.202406162232.db,places,1.0252931,104.0638983,395847.22183818195,113341.04062797934,4,779.1440020374727,66,130,0,12.344757863348388,4.5,1.0986122886681098,0
6626,Warung Podjok,restaurant,F&B,Indonesia.Batam.Kuliner.202406162232.db,places,1.0255589,104.0644583,395909.54285628966,113370.4053362142,4,806.152741018016,65,131,21,7.443921232081074,0.0,0.0,0
6628,RM simpang ampek,padang restaurant,F&B,Indonesia.Batam.Kuliner.202406162232.db,places,1.0393312,104.0543575,394786.05598824954,114893.20214665208,4,1128.121159208797,30,105,3,28.211219743516754,4.4,3.9889840465642745,0
6632,Rumah Makan Mona,restaurant,F&B,Indonesia.Batam.Kuliner.202406162232.db,places,1.1416722,104.0134246,390235.04976220964,126208.07919641757,0,1045.0738193308955,105,450,28,44.73643386855874,0.0,0.0,0
6633,Sop Ayam Tua Poh Tie,soup restaurant,F&B,Indonesia.Batam.Kuliner.202406162232.db,places,1.1430494,104.0110755,389973.71861287334,126360.41438688559,0,1345.695829989352,135,471,3,0.0,4.5,4.90527477843843,0
6635,Mie Apoh,family restaurant,F&B,Indonesia.Batam.Kuliner.202406162232.db,places,1.1407506,104.0117707,390050.98590029415,126106.26225269397,0,1186.3263167481134,75,464,0,1.2553383650469911,4.2,2.4849066497880004,0
6636,Sate Kampuang Jao (Padang Pariaman),satay restaurant,F&B,Indonesia.Batam.Kuliner.202406162232.db,places,1.1457433,104.0110296,389968.71400983125,126658.21885465321,0,1498.6210795840761,168,418,7,28.700394515266,0.0,0.0,0
6641,RM  CIREBON,restaurant,F&B,Indonesia.Batam.Kuliner.202406162232.db,places,1.1463664,104.011985,390075.04467071727,126727.06402805616,0,1455.6519605071653,184,402,45,17.955911543555473,3.6,2.70805020110221,0
6642,Garden Corner,restaurant,F&B,Indonesia.Batam.Kuliner.202406162232.db,places,1.1442551,104.0151735,390429.7470462671,126493.54411077902,0,1034.5037069579046,166,374,47,26.760901525636342,4.0,0.6931471805599453,0
6643,Warung Febri Ikan Bakar,ikan bakar restaurant,F&B,Indonesia.Batam.Kuliner.202406162232.db,places,1.1430193,104.0050984,389308.6470904476,126357.31662273734,0,1968.9817442056312,89,325,1,17.017853844569782,3.8,1.6094379124341003,0
6644,Miekost ( Makanan & Minuman Termurah di Batam ),snack bar,F&B,Indonesia.Batam.Kuliner.202406162232.db,places,1.1466026,104.0092916,389775.36036141857,126753.27880049188,0,1711.8730480161132,141,408,0,60.33535325996619,5.0,1.0986122886681098,0
6647,Restoran Sido Mampir Solo,indonesian restaurant,F&B,Indonesia.Batam.Kuliner.202406162232.db,places,1.1463814,104.0061638,389427.3227682191,126728.9463784268,0,1998.8468660579263,95,357,4,52.86644107238409,5.0,0.6931471805599453,0
6648,Chachic batam,fast food restaurant,F&B,Indonesia.Batam.Kuliner.202406162232.db,places,1.1447214,104.0146617,390372.8170427596,126545.11169975133,0,1111.3167159670784,195,390,3,5.721154640869045,4.4,2.302585092994046,0
6651,Eaten Eaten,bakso restaurant,F&B,Indonesia.Batam.Kuliner.202406162232.db,places,1.142319,104.007777,389606.66763340565,126279.79733441053,0,1661.2393426944113,114,392,1,38.4577515876988,3.4,2.4849066497880004,0
6652,o-luak,restaurant,F&B,Indonesia.Batam.Kuliner.202406162232.db,places,1.1418226,104.0113587,390005.1835118134,126224.78442684095,0,1265.3783389900523,106,463,23,19.525234054017698,4.2,1.9459101490553132,0
6654,D PENYETZ,chicken restaurant,F&B,Indonesia.Batam.Kuliner.202406162232.db,places,1.1466925,104.0122793,390107.80371385807,126763.10211240227,0,1454.177623555165,190,396,2,21.103904202985014,3.2,4.30406509320417,0
6655,Babi bakar rempah,brunch restaurant,F&B,Indonesia.Batam.Kuliner.202406162232.db,places,1.1401697,104.0117281,390046.22376252885,126042.04711211947,0,1176.0313754840977,72,444,0,63.917435354626534,5.0,0.6931471805599453,0
6658,Kedai Kopi New Siang Malam,restaurant,F&B,Indonesia.Batam.Kuliner.202406162232.db,places,1.1433177,104.0114129,390011.2711985458,126390.06123236114,0,1324.5992138697222,132,465,30,34.38571400579717,3.7,1.3862943611198906,0
6661,Aneka Makanan 93,restaurant,F&B,Indonesia.Batam.Kuliner.202406162232.db,places,1.1397849,104.0110653,389972.4595699487,125999.53393078629,0,1240.7489252994553,79,395,18,85.13827983971979,4.8,1.9459101490553132,0
6662,GOLDEN Seafood,asian restaurant,F&B,Indonesia.Batam.Kuliner.202406162232.db,places,1.1448224,104.0064321,389457.1166636126,126556.59291913275,0,1897.4160279344471,89,367,2,21.990651830105353,4.3,2.9444389791664403,0
6664,Sate Padang Pariaman Mak Utiah,satay restaurant,F&B,Indonesia.Batam.Kuliner.202406162232.db,places,1.1455029,104.011127,389979.5424912968,126631.6396026983,0,1474.6004133996087,169,420,7,22.615191916192188,4.5,1.9459101490553132,0
6665,Ayam Cabe Ijo 888,chicken restaurant,F&B,Indonesia.Batam.Kuliner.202406162232.db,places,1.1450234,104.0063355,389446.3757083549,126578.81663338678,0,1916.1988685477377,90,363,1,9.495015398331299,4.8,2.8903717578961645,0
6667,Warung Mbak Umi,indonesian restaurant,F&B,Indonesia.Batam.Kuliner.202406162232.db,places,1.1430089,104.0107615,389938.77840204,126355.94926385723,0,1375.7228317311685,141,461,3,35.224361693805285,0.0,0.0,0
6669,Soup Ikan Pha khong Special Ikan Asam Pedas dan Sup Ikan,soup restaurant,F&B,Indonesia.Batam.Kuliner.202406162232.db,places,1.1414317,104.0122475,390104.0651440088,126181.537606881,0,1157.7389559987816,101,466,3,0.0,4.6,6.745236349484363,2
6670,De express,restaurant,F&B,Indonesia.Batam.Kuliner.202406162232.db,places,1.1457601,104.0122722,390106.9781517632,126660.02834924519,0,1388.6818856391897,183,406,43,14.06313042899547,5.0,1.3862943611198906,0
6675,Restoran Yipinxiang,chinese restaurant,F&B,Indonesia.Batam.Kuliner.202406162232.db,places,1.1416475,104.0113357,390002.6176531513,126205.42851988235,0,1261.4360590784033,100,461,5,19.525234054017698,0.0,0.0,0
6677,Kedai kopi damar komplek pasar angkasa kecamatan lubuk baja,restaurant,F&B,Indonesia.Batam.Kuliner.202406162232.db,places,1.1422017,104.0050048,389298.2009304851,126266.93679495281,0,1955.4566214620058,84,328,29,25.55447811970462,4.8,3.044522437723423,0
6678,Shuang Hong Bak Kut Teh Nagoya Hill,restaurant,F&B,Indonesia.Batam.Kuliner.202406162232.db,places,1.1465563,104.0121464,390093.0108071903,126748.05071097489,0,1455.4378263299348,187,400,48,0.0,3.7,2.772588722239781,0
6679,Win sambalado,restaurant,F&B,Indonesia.Batam.Kuliner.202406162232.db,places,1.1411768,104.0115975,390031.73017273046,126153.38401677985,0,1217.782639797604,86,464,19,29.355029859800553,3.8,3.9512437185814275,0
6681,Sari Laut 21 Lamongan,diner,F&B,Indonesia.Batam.Kuliner.202406162232.db,places,1.1419523,104.0152274,390435.657173957,126238.97462125879,0,879.0153686592361,99,371,2,39.90306992145731,4.7,3.091042453358316,0
6682,Kube Cafe,chinese restaurant,F&B,Indonesia.Batam.Kuliner.202406162232.db,places,1.1423991,104.0060577,389415.364513929,126288.7182774566,0,1847.5470508603123,84,348,5,0.0,4.5,5.58724865840025,0
6684,Hongta Karivan - Nasi Kari Special,chinese restaurant,F&B,Indonesia.Batam.Kuliner.202406162232.db,places,1.1400909,104.0130027,390188.04514547414,126033.28735929003,0,1035.6562855223926,71,440,5,35.47564200249977,5.0,1.0986122886681098,0
6685,Sate Simpang Damai,satay restaurant,F&B,Indonesia.Batam.Kuliner.202406162232.db,places,1.1430508,104.0116659,390039.4122557997,126360.5465380017,0,1286.32725419247,131,465,5,19.129274355524785,2.0,1.6094379124341003,0
6687,Point Cafe & Foodbar,bakso restaurant,F&B,Indonesia.Batam.Kuliner.202406162232.db,places,1.1011973,104.0628128,395728.9828746154,121731.92896449393,9,416.8810871468394,74,109,1,9.804582201964049,4.1,5.2574953720277815,1
6688,French Bakery,indonesian restaurant,F&B,Indonesia.Batam.Kuliner.202406162232.db,places,1.1471477,104.0094603,389794.15238988824,126813.53153432126,0,1730.8906592899443,143,408,6,63.11523007894612,4.0,1.0986122886681098,0
6690,Serabi Bandung,pancake restaurant,F&B,Indonesia.Batam.Kuliner.202406162232.db,places,1.146111,104.005278,389328.749691872,126699.08862553468,0,2073.496245050518,90,331,0,23.924011700661232,5.0,0.6931471805599453,0
6695,Warung Amak,restaurant,F&B,Indonesia.Batam.Kuliner.202406162232.db,places,1.1084585,104.0587158,395273.3656607453,122534.76533143684,9,714.4813017695956,11,137,4,70.86004758797324,4.5,5.308267697401205,0
6698,JB Lok Lok,fast food restaurant,F&B,Indonesia.Batam.Kuliner.202406162232.db,places,1.143462,104.0117194,390045.3808260951,126406.00142819341,0,1301.504737556249,130,452,3,6.515163616685705,5.0,1.791759469228055,0
6700,Woon s Miso & Mie Sagu,restaurant,F&B,Indonesia.Batam.Kuliner.202406162232.db,places,1.1416392,104.0067514,389492.52336294285,126204.68677334268,0,1751.9442913256714,89,349,29,0.0,5.0,2.302585092994046,0
6706,Ketoprak Bu Dewi,restaurant,F&B,Indonesia.Batam.Kuliner.202406162232.db,places,1.1455637,104.0115985,390032.0083957159,126638.34276321692,0,1435.4958851435977,171,415,39,28.488464969307962,4.5,1.0986122886681098,0
6710,Restoran Dimsum Mama Tjoe,dim sum restaurant,F&B,Indonesia.Batam.Kuliner.202406162232.db,places,1.141566,104.0078225,389611.70167763013,126196.55357499834,0,1634.232756852121,105,375,1,82.7202270400101,4.5,4.820281565605037,0
6712,Pancake Durian Batam,pancake restaurant,F&B,Indonesia.Batam.Kuliner.202406162232.db,places,1.146127,104.0108166,389945.02824440796,126700.64394418543,0,1542.486172144796,165,416,0,48.58913155741496,3.9,2.70805020110221,0
6713,Warung Li,restaurant,F&B,Indonesia.Batam.Kuliner.202406162232.db,places,1.1078539,104.0552205,394884.42426940997,122468.0533175793,9,780.3087665270683,17,103,6,69.74551811187861,0.0,0.0,0
6714,Rumah Makan Chika,restaurant,F&B,Indonesia.Batam.Kuliner.202406162232.db,places,1.1069328,104.0566325,395041.5043944989,122366.17976892371,9,612.242990511332,19,126,6,0.8120539512353796,4.7,1.3862943611198906,0
6715,Sate Madura Cak Nur,hawker stall,F&B,Indonesia.Batam.Kuliner.202406162232.db,places,1.1456684,104.0112775,389996.29486998485,126649.92936080949,0,1471.2938811581585,173,419,1,2.4770310173277195,4.7,1.3862943611198906,0
6724,Moro seneng 1988,restaurant,F&B,Indonesia.Batam.Kuliner.202406162232.db,places,1.1012439,104.0562927,395003.49540546397,121737.30926162949,9,329.4923633269518,69,122,23,111.39151521613118,4.6,1.791759469228055,0
6727,Mie Pangsit Akhu,noodle shop,F&B,Indonesia.Batam.Kuliner.202406162232.db,places,1.1432507,104.0056978,389375.3510857558,126382.87415465353,0,1912.7407239738316,89,350,0,8.724853290284054,4.3,3.367295829986474,0
6728,Tempat makan baloi,restaurant,F&B,Indonesia.Batam.Kuliner.202406162232.db,places,1.1281886,104.013204,390209.99515114026,124717.516437417,0,1464.627290347262,49,151,24,2.514789870111652,0.0,0.0,0
6734,Warung Penawar Rindu,restaurant,F&B,Indonesia.Batam.Kuliner.202406162232.db,places,1.1011898,104.062725,395719.2131496673,121731.10294597503,9,407.5305681830765,74,110,31,9.804582201964049,4.6,2.8903717578961645,0
6735,Aneka Rasa Kuliner,murtabak restaurant,F&B,Indonesia.Batam.Kuliner.202406162232.db,places,1.1004049,104.058731,395274.77501887723,121644.47583771117,9,183.6202058044236,89,124,0,13.68849792399072,0.0,0.0,0
6736,Moon Vegetarian,vegetarian restaurant,F&B,Indonesia.Batam.Kuliner.202406162232.db,places,1.1463461,104.0087786,389718.26925487886,126724.94321898057,0,1744.3774473107278,137,400,2,6.102146088331363,4.4,4.890349128221754,0
6738,DPC PERADI BATAM RAYA,coffee shop,F&B,Indonesia.Batam.Kuliner.202406162232.db,places,1.1450161,104.0069877,389518.94553580845,126577.98449459636,0,1849.784764912043,95,377,4,9.45945008907392,0.0,0.0,0
6739,Sego Gudeg Sukowati,restaurant,F&B,Indonesia.Batam.Kuliner.202406162232.db,places,1.1035049,104.0536755,394712.35958502773,121987.34524183243,9,631.6181259079693,32,112,9,17.81999836821787,4.6,4.356708826689592,0
6745,Johny Kopitiam,restaurant,F&B,Indonesia.Batam.Kuliner.202406162232.db,places,1.1404655,104.0122299,390102.0701283567,126074.72775714415,0,1128.9590593720761,73,450,17,60.03351369299105,4.5,3.4965075614664802,0
6748,SATE SUMATRA SIANG MALAM  1,restaurant,F&B,Indonesia.Batam.Kuliner.202406162232.db,places,1.1439265,104.0118925,390064.65927112475,126457.34389124901,0,1309.4980909403102,131,434,30,48.14858921896873,4.0,1.3862943611198906,0
6749,Ayam bakar kukus ABKBATAM,chicken restaurant,F&B,Indonesia.Batam.Kuliner.202406162232.db,places,1.1005974,104.0620173,395640.4470979994,121665.64064378817,9,354.7940143073386,82,118,3,6.102634563293555,4.4,3.8918202981106265,0
6751,Rumah Makan Yoyo,padang restaurant,F&B,Indonesia.Batam.Kuliner.202406162232.db,places,1.116007,104.05003,394307.1694099092,123369.52851846878,6,644.6709077325113,14,77,0,45.35777901414459,5.0,0.6931471805599453,0
6753,Bakso Gres Batam,bakso restaurant,F&B,Indonesia.Batam.Kuliner.202406162232.db,places,1.1451692,104.0089397,389736.1497816098,126594.83410300655,0,1663.2604013671194,143,407,4,40.33382781085859,4.5,5.91350300563827,1
6755,Kebab Turki Baba Rafi,kebab shop,F&B,Indonesia.Batam.Kuliner.202406162232.db,places,1.1005122,104.0588625,395289.41072424664,121656.3327489045,9,168.76750773951798,87,124,0,18.835875735061755,4.3,4.442651256490317,0
6758,Pizza Hut Restoran,pizza restaurant,F&B,Indonesia.Batam.Kuliner.202406162232.db,places,1.1398917,104.0154704,390462.6177256843,126011.17241131833,0,764.2425628003095,70,340,0,104.92219913032727,4.5,1.0986122886681098,2
6762,XIANG GE LOU,chinese restaurant,F&B,Indonesia.Batam.Kuliner.202406162232.db,places,1.1445849,104.014814,390389.7581966517,126530.01622178219,0,1088.6264772104857,192,386,3,7.562982411580061,3.9,3.4339872044851463,0
6763,Soto Kwali Solo Mas Lis,soup shop,F&B,Indonesia.Batam.Kuliner.202406162232.db,places,1.101362,104.060452,395466.30343356216,121750.21848093622,9,161.20148673756887,86,126,0,36.95109406220455,4.5,3.4011973816621555,0
6764,Carbone Restaurant & Cotta Cafe,restaurant,F&B,Indonesia.Batam.Kuliner.202406162232.db,places,1.1449816,104.0086288,389701.548880165,126574.10742249375,0,1684.0995250870574,141,403,37,40.33382781085859,4.7,3.5553480614894135,0
6767,Sugar Cafe Batam,restaurant,F&B,Indonesia.Batam.Kuliner.202406162232.db,places,1.1002333,104.0629655,395745.94024813623,121625.35792760518,9,467.3587141228017,70,102,29,2.902307692323582,5.0,1.791759469228055,0
6769,Warung Lestari,restaurant,F&B,Indonesia.Batam.Kuliner.202406162232.db,places,1.1027395,104.0532478,394664.74259913724,121902.7487519776,9,662.1417336560601,28,107,8,14.178090555173338,0.0,0.0,0
6773,Warmindo Bro Sis,indonesian restaurant,F&B,Indonesia.Batam.Kuliner.202406162232.db,places,1.1041293,104.0687106,396385.3291053758,122055.8416727832,9,1088.8157646657403,6,75,0,51.91961990912536,5.0,0.6931471805599453,0
6776,RM JAWA MELAYU,diner,F&B,Indonesia.Batam.Kuliner.202406162232.db,places,1.1029235,104.0665815,396148.3838976301,121922.620544077,9,832.559885501625,18,100,0,214.06868179716224,0.0,0.0,0
6778,Bakso Sabar Legenda Malaka,bakso restaurant,F&B,Indonesia.Batam.Kuliner.202406162232.db,places,1.1015003,104.0531602,394654.95182002767,121765.76369327569,9,669.3438605694226,28,106,1,12.909791565905435,4.6,3.1354942159291497,0
6780,Pondok Indomie Batam,noodle shop,F&B,Indonesia.Batam.Kuliner.202406162232.db,places,1.099514,104.0580736,395201.59523841785,121546.01395555807,9,301.02308944643755,71,122,2,32.58105541078907,3.0,0.6931471805599453,0
6784,Tomboluwe,family restaurant,F&B,Indonesia.Batam.Kuliner.202406162232.db,places,1.1019384,104.061231,395553.00251064426,121813.90952803724,9,231.20747634692876,85,126,2,11.854205691845868,5.0,0.6931471805599453,0
6787,Medan Food,indonesian restaurant,F&B,Indonesia.Batam.Kuliner.202406162232.db,places,1.133098,104.010142,389869.4708647175,125260.35196812855,0,1432.879403240183,109,229,3,21.41046910759689,3.8,2.772588722239781,0
6789,Kedai Kopi 73,restaurant,F&B,Indonesia.Batam.Kuliner.202406162232.db,places,1.1392436,104.0034737,389127.72234011366,125939.98583749347,0,2074.0305607060527,66,233,28,48.76675487285411,4.2,4.30406509320417,0
6793,Rujak Pakdhe Gaol Indah Industrial Park,restaurant,F&B,Indonesia.Batam.Kuliner.202406162232.db,places,1.1153041,104.0547137,394828.29649438587,123291.658120483,6,123.44859455907476,16,51,5,122.43795696838117,4.0,0.6931471805599453,0
6794,Bakso PSG  Mega Legenda,bakso restaurant,F&B,Indonesia.Batam.Kuliner.202406162232.db,places,1.0999298,104.0583802,395235.7250379112,121591.96800181066,9,245.5965736724554,75,123,2,4.490019973419303,4.3,5.170483995038151,0
6795,D’Penyetz,indonesian restaurant,F&B,Indonesia.Batam.Kuliner.202406162232.db,places,1.1355944,104.0072807,389551.18839142227,125536.43086757768,0,1666.721382950095,97,282,3,8.588459867618523,3.7,3.367295829986474,0
6796,BPK Ingat Khas Karo Bandar Baru,diner,F&B,Indonesia.Batam.Kuliner.202406162232.db,places,1.1101964,104.049011,394193.578763994,122727.22783063404,6,957.5400137325905,3,81,0,28.460404850139476,4.8,3.4965075614664802,0
6800,Sharon Food Court,restaurant,F&B,Indonesia.Batam.Kuliner.202406162232.db,places,1.112667,104.0492945,394225.21161414555,123000.33207202934,6,789.6968018451657,13,73,2,39.62686010677935,4.0,1.3862943611198906,0
6802,Bubur Ayam 52 IGESS,porridge restaurant,F&B,Indonesia.Batam.Kuliner.202406162232.db,places,1.1009041,104.0552642,394889.04256731435,121699.78212575715,9,449.7967405142886,53,122,0,20.212560481478572,3.0,0.6931471805599453,0
6804,RM  PANJAITAN SIDOK MAULIATE cabang batuaji,restaurant,F&B,Indonesia.Batam.Kuliner.202406162232.db,places,1.103475,104.0611485,395543.8763434859,121983.77646207508,9,274.6822032711899,82,127,33,37.52102057481036,5.0,0.6931471805599453,0
6805,Kuliner Eyang,food producer,F&B,Indonesia.Batam.Kuliner.202406162232.db,places,1.1020925,104.0574765,395135.2461626957,121831.07650079501,9,186.91185595258688,80,123,0,55.39255119910472,0.0,0.0,0
6806,Titik Ngopi,restaurant,F&B,Indonesia.Batam.Kuliner.202406162232.db,places,1.1329466,104.010262,389882.81755341124,125243.61057964612,0,1426.962495601573,108,228,37,21.41046910759689,3.3,2.6390573296152584,0
6807,Warung Kita Kesturi,restaurant,F&B,Indonesia.Batam.Kuliner.202406162232.db,places,1.1072479,104.0564192,395017.7816922638,122401.0202194627,9,654.0998120111107,18,128,6,22.912924176300347,4.1,2.3978952727983707,0
6808,Si Fang Yuan Dimsum,chinese restaurant,F&B,Indonesia.Batam.Kuliner.202406162232.db,places,1.1346393,104.0100839,389863.06433397427,125430.7403882616,0,1383.9995036051807,110,278,4,29.916408843835764,4.8,0.6931471805599453,0
6811,Kopitiam Mega,restaurant,F&B,Indonesia.Batam.Kuliner.202406162232.db,places,1.1356252,104.0099525,389848.48076855927,125539.73376065244,0,1373.3324285615122,111,299,34,19.695058143318754,4.6,3.6109179126442243,0
6812,Rumah Makan Siang Malam,padang restaurant,F&B,Indonesia.Batam.Kuliner.202406162232.db,places,1.1016762,104.053323,394673.07272392395,121785.20291589604,9,649.900668048834,28,107,0,26.575374580650042,3.0,0.6931471805599453,0
6814,Ayam Goreng Sambal Jeber,indonesian restaurant,F&B,Indonesia.Batam.Kuliner.202406162232.db,places,1.1021536,104.073576,396926.63003131823,121837.26879441607,12,773.3711785713244,23,39,1,222.49652279252638,4.4,1.791759469228055,0
6816,Sabana Fried Chicken,fried chicken takeaway,F&B,Indonesia.Batam.Kuliner.202406162232.db,places,1.1027797,104.0531268,394651.2803698708,121907.19696903252,9,676.051896297379,28,106,0,14.178090555173338,4.3,1.9459101490553132,0
6817,Cwie Mie Express,noodle shop,F&B,Indonesia.Batam.Kuliner.202406162232.db,places,1.1352491,104.0061539,389425.7961507332,125498.30199718631,0,1796.6500123758058,86,257,2,47.85081360660644,4.6,2.1972245773362196,0
6818,Mie Sop Mc-D,restaurant,F&B,Indonesia.Batam.Kuliner.202406162232.db,places,1.1016879,104.0698251,396509.2542955335,121785.91801511124,9,1187.866081496545,6,68,2,297.0121777413091,0.0,0.0,0
6819,Nasi Ayam Marga Zhang,restaurant,F&B,Indonesia.Batam.Kuliner.202406162232.db,places,1.1408113,104.0041028,389197.78225723514,126113.26661297942,0,2023.6685891836457,77,287,30,22.113033353969115,4.9,2.4849066497880004,0
6821,Shin Fu Kopitiam,restaurant,F&B,Indonesia.Batam.Kuliner.202406162232.db,places,1.1331239,104.0119758,390073.5188080677,125263.14548300755,0,1244.9961743638066,78,226,23,12.208830796605652,5.0,0.6931471805599453,0
6823,Pangsit Penguin,brunch restaurant,F&B,Indonesia.Batam.Kuliner.202406162232.db,places,1.1357824,104.0098217,389833.93261028326,125557.11674802376,0,1384.470040476425,111,305,1,22.667535357324226,0.0,0.0,0
6824,RM BONG FAMILY BALOI,restaurant,F&B,Indonesia.Batam.Kuliner.202406162232.db,places,1.1274361,104.0083228,389666.834614531,124634.51437391734,0,1923.247828698429,42,183,19,4.28762798421509,0.0,0.0,0
6825,Mie Pangsit Eka,noodle shop,F&B,Indonesia.Batam.Kuliner.202406162232.db,places,1.1355179,104.0100938,389864.19915213145,125527.8666745254,0,1360.2224573189399,112,299,3,19.695058143318754,4.3,4.74493212836325,0
6826,Rasa Singapura,restaurant,F&B,Indonesia.Batam.Kuliner.202406162232.db,places,1.0999307,104.0532407,394663.853958111,121592.24841451312,9,697.0126424383476,21,102,6,10.473405576139116,3.9,2.6390573296152584,0
6827,Pas mantap 2,indonesian restaurant,F&B,Indonesia.Batam.Kuliner.202406162232.db,places,1.1362849,104.0079667,389627.5458446118,125612.73747073465,0,1580.5400341245643,94,301,3,49.35459032421351,3.0,1.0986122886681098,0
6828,Pempek Dutamas Batam,restaurant,F&B,Indonesia.Batam.Kuliner.202406162232.db,places,1.1093198,104.0434915,393579.3941977675,122630.5213407599,0,3964.7230419456496,48,82,10,33.93893766538636,5.0,1.6094379124341003,0
6829,Mie Ayam & Bakso  Kendal,noodle shop,F&B,Indonesia.Batam.Kuliner.202406162232.db,places,1.1409394,104.0114793,390018.5690769855,126127.14466966788,0,1223.0960129762839,78,468,4,3.784722026751901,4.5,6.745236349484363,0
6830,Seblak Njotos & Fun Drink,seblak restaurant,F&B,Indonesia.Batam.Kuliner.202406162232.db,places,1.1052518,104.0541846,394769.06844810914,122180.43935280858,9,658.9270918382339,28,109,0,10.028350122536086,0.0,0.0,0
6832,Waroeng SM SidoMangan,restaurant,F&B,Indonesia.Batam.Kuliner.202406162232.db,places,1.100852,104.0589866,395303.23114264867,121693.89173770513,9,129.40376499495935,88,124,32,36.41305981717631,0.0,0.0,0
6834,Sate kendal d’byo mega legenda 2,satay restaurant,F&B,Indonesia.Batam.Kuliner.202406162232.db,places,1.1007627,104.0620053,395639.1176101619,121683.9142113626,9,345.91240440820025,82,120,2,0.9732864184967882,4.7,2.0794415416798357,0
6835,Restaurant Nature Vegetarian,vegetarian restaurant,F&B,Indonesia.Batam.Kuliner.202406162232.db,places,1.1315062,104.0079735,389628.12146158534,125084.46555090735,0,1724.1885724287927,116,206,4,37.566284289730575,4.5,6.601230118728877,2
6836,Sate Kediri Bu Joko,satay restaurant,F&B,Indonesia.Batam.Kuliner.202406162232.db,places,1.101329,104.0583966,395237.5986924339,121746.6426516313,9,113.05624565876532,83,124,2,46.424762188734285,4.6,2.4849066497880004,0
6838,Surabi Bandung,takeaways,F&B,Indonesia.Batam.Kuliner.202406162232.db,places,1.0999403,104.0604312,395463.9395158243,121593.05680395263,9,269.3538004498102,85,121,0,20.83876143065098,4.7,1.3862943611198906,0
6839,Shaburi & Kintan Buffet,authentic japanese restaurant,F&B,Indonesia.Batam.Kuliner.202406162232.db,places,1.1355753,104.006701,389486.6844095977,125534.34157410452,0,1730.7650377517293,92,270,1,3.2965547829259108,4.8,1.0986122886681098,0
6841,Anglo,restaurant,F&B,Indonesia.Batam.Kuliner.202406162232.db,places,1.1405913,104.0045105,389243.13860502676,126088.93051604075,0,1975.1617970227296,79,290,30,1.3432960695824736,5.0,1.0986122886681098,0
6842,Bakso Malang Campur Sam Kino,diner,F&B,Indonesia.Batam.Kuliner.202406162232.db,places,1.099922,104.0592289,395330.1593594,121591.07596602214,9,231.00723988211135,87,123,0,18.898275322815397,4.4,2.4849066497880004,0
6843,Roti Srikaya Opa Sam,restaurant,F&B,Indonesia.Batam.Kuliner.202406162232.db,places,1.1041527,104.0680681,396313.8394316143,122058.45083083355,9,1019.7129314766264,6,84,2,71.53727112669347,4.4,3.258096538021482,0
6844,Alam Pari Pepes,restaurant,F&B,Indonesia.Batam.Kuliner.202406162232.db,places,1.1410681,104.0042161,389210.39896893885,126141.65079166328,0,2015.8266975657216,79,290,29,31.061922248500142,5.0,1.3862943611198906,0
6845,Sin Sin Kopi Tiam and Bowlholic,seafood restaurant,F&B,Indonesia.Batam.Kuliner.202406162232.db,places,1.1349545,104.0074389,389568.7670314001,125465.68569025821,0,1662.1225215571026,107,277,5,30.159552413945548,4.5,4.007333185232471,0
6846,Puyuh Ungkep Batam,restaurant,F&B,Indonesia.Batam.Kuliner.202406162232.db,places,1.1019744,104.0635313,395808.95701468707,121817.8086006292,9,487.0400867932004,60,109,25,94.42354358776674,4.8,1.791759469228055,0
6847,Aphe Kwetiau Selat Panjang,restaurant,F&B,Indonesia.Batam.Kuliner.202406162232.db,places,1.1389101,104.0078244,389611.8119058221,125902.95130366525,0,1588.550017586414,107,346,36,108.32621379432393,4.7,3.9889840465642745,0
6848,Rumah Pizza Purissimo,pizza restaurant,F&B,Indonesia.Batam.Kuliner.202406162232.db,places,1.1002208,104.0631386,395765.2005736033,121623.97006267513,9,485.4644003624718,70,101,0,7.221498951692564,4.5,5.579729825986222,1
6849,Mie Tiau Bagan,noodle shop,F&B,Indonesia.Batam.Kuliner.202406162232.db,places,1.137493,104.0076729,389594.90061373124,125746.30072348454,0,1602.9845098112085,97,310,2,34.885294738464864,4.4,5.262690188904886,0
6850,Pisang Goreng Madu Bang Anes,restaurant,F&B,Indonesia.Batam.Kuliner.202406162232.db,places,1.1014326,104.0543803,394790.70973145566,121758.23665157049,9,535.0302551308096,43,120,15,57.238136961276574,4.9,3.6109179126442243,0
6851,Nyonya Laksa,asian restaurant,F&B,Indonesia.Batam.Kuliner.202406162232.db,places,1.1320235,104.010409,389899.1394130048,125141.55899620976,0,1455.1589006089312,97,213,1,5.405653399370592,3.8,1.6094379124341003,0
6852,Pondok Surabi Kang Cepot,restaurant,F&B,Indonesia.Batam.Kuliner.202406162232.db,places,1.107223,104.0552256,394884.9695130752,122398.30993075273,9,723.2872125403383,20,112,7,69.74551811187861,1.0,0.6931471805599453,0
6855,Onang Kanduang,restaurant,F&B,Indonesia.Batam.Kuliner.202406162232.db,places,1.1000182,104.0629035,395739.0340682177,121601.58179399106,9,471.7291749906732,70,102,29,24.342292609622653,4.6,2.302585092994046,0
6856,Dua7 Khas Makassar,restaurant,F&B,Indonesia.Batam.Kuliner.202406162232.db,places,1.1001337,104.0614641,395578.87664017436,121614.40011665682,9,330.2888908379223,85,123,34,29.544505400162752,0.0,0.0,0
6857,Nasi Uduk Cak Ri (Khas Surabaya),restaurant,F&B,Indonesia.Batam.Kuliner.202406162232.db,places,1.1327447,104.0066188,389477.43061353307,125221.42982810072,0,1814.1723424796344,105,224,37,77.39301203417054,4.7,3.58351893845611,0
6858,Lucky Seafood,seafood restaurant,F&B,Indonesia.Batam.Kuliner.202406162232.db,places,1.1365239,104.0074286,389567.68052851106,125639.17880979877,0,1637.1982741337656,87,295,5,65.44463678063319,4.2,4.6913478822291435,2
6860,Ayam Geprek Jogja Mega Legenda 2,chicken restaurant,F&B,Indonesia.Batam.Kuliner.202406162232.db,places,1.1004312,104.0631023,395761.1687930558,121647.23006688041,9,472.7041908605152,70,102,3,17.28959434235001,4.4,3.912023005428146,0
6862,Kimukatsu,authentic japanese restaurant,F&B,Indonesia.Batam.Kuliner.202406162232.db,places,1.1356138,104.0071513,389536.79078268004,125538.58042776809,0,1680.6046595829991,93,280,1,9.364564967023854,4.9,1.791759469228055,2
6863,Lontong Medan Buk Sri,restaurant,F&B,Indonesia.Batam.Kuliner.202406162232.db,places,1.0999793,104.0611657,395545.66841852874,121597.3423543384,9,317.0166196448761,85,122,34,4.163149777942151,5.0,1.0986122886681098,0
6865,warung pacitan,restaurant,F&B,Indonesia.Batam.Kuliner.202406162232.db,places,1.1378392,104.0023503,389002.6678313326,125784.77640542206,0,2194.3803567776945,46,205,19,45.96579745863306,2.8,1.6094379124341003,0
6866,Pondok Balado Tradisional Kampung,restaurant,F&B,Indonesia.Batam.Kuliner.202406162232.db,places,1.1004732,104.0620269,395641.510968463,121651.91057450866,9,361.9918010461625,82,118,34,7.912337195877526,2.0,0.6931471805599453,0
6867,Ketoprak Cirebon,takeaways,F&B,Indonesia.Batam.Kuliner.202406162232.db,places,1.1357743,104.0079551,389626.23573406495,125556.29253865019,0,1589.4982058165974,106,292,0,5.417869524302511,5.0,0.6931471805599453,0
6868,Kedai makan melayu,restaurant,F&B,Indonesia.Batam.Kuliner.202406162232.db,places,1.1011979,104.0338252,392503.5328957845,121733.02500388853,0,4271.330905518231,22,42,6,1.7478205793760389,5.0,1.0986122886681098,0
6869,Buu Ilma,indonesian restaurant,F&B,Indonesia.Batam.Kuliner.202406162232.db,places,1.1353219,104.0092836,389774.0407928229,125506.2303238298,0,1452.8893317532868,107,297,3,20.040748653515013,0.0,0.0,0
6870,Gehu pedas gila,indonesian restaurant,F&B,Indonesia.Batam.Kuliner.202406162232.db,places,1.1029691,104.0549453,394853.63105141127,121928.07000115886,9,480.17946425981677,45,123,2,15.653255743314384,4.0,1.0986122886681098,0
6872,Warung Kopi Oma,restaurant,F&B,Indonesia.Batam.Kuliner.202406162232.db,places,1.1050581,104.0546611,394822.0816177613,122159.00979121796,9,602.885620466351,34,115,9,52.29465416328939,5.0,1.3862943611198906,0
6873,Koky Kopitiam,hawker center,F&B,Indonesia.Batam.Kuliner.202406162232.db,places,1.1355477,104.0087285,389712.2833706378,125531.2130340259,0,1508.7817196177775,111,299,0,33.42367745895007,5.0,0.6931471805599453,0
6876,Moro Tresno Chinese Food and Jakarta Food,indonesian restaurant,F&B,Indonesia.Batam.Kuliner.202406162232.db,places,1.1071631,104.0562313,394996.87116803136,122391.6526119435,9,655.9285774284957,20,128,1,22.912924176300347,0.0,0.0,0
6877,Aroma Rice Bowl,fast food restaurant,F&B,Indonesia.Batam.Kuliner.202406162232.db,places,1.141773,104.0069773,389517.6643274942,126219.46930548018,0,1731.0201625820753,93,360,1,29.16489936497422,3.7,2.0794415416798357,0
6878,Kupat Tahu Magelang Sukajadi,diner,F&B,Indonesia.Batam.Kuliner.202406162232.db,places,1.1068436,104.029457,392017.6846556659,122357.29477580935,0,3538.8081138308303,16,45,1,36.240042649952635,4.0,4.969813299576001,2
6879,Chop Buntut Cak Yo - Grand Batam Mall,restaurant,F&B,Indonesia.Batam.Kuliner.202406162232.db,places,1.1352766,104.007565,389582.8104068538,125501.28811687132,0,1641.5255776792794,104,285,33,2.328515193260257,3.9,3.6888794541139363,2
6881,Sate Taichan Aa Batam,satay restaurant,F&B,Indonesia.Batam.Kuliner.202406162232.db,places,1.1005427,104.0620099,395639.6218016092,121659.59407166163,9,356.7638031101381,82,118,2,6.102634563293555,4.4,3.4339872044851463,0
6884,Kopitiam Segar,food court,F&B,Indonesia.Batam.Kuliner.202406162232.db,places,1.1065805,104.0297211,392047.0616526261,122328.20040117185,0,3573.988788339346,15,44,1,16.166869834500627,4.2,3.4011973816621555,0
6885,New 100 Sea Food,chinese restaurant,F&B,Indonesia.Batam.Kuliner.202406162232.db,places,1.1397477,104.0095046,389798.7993907482,125995.48125463385,0,1411.8494797174965,98,365,6,22.07632283058734,4.6,4.844187086458591,0
6887,BPK Sukajadi,batak restaurant,F&B,Indonesia.Batam.Kuliner.202406162232.db,places,1.1058494,104.0292769,391997.608900084,122247.39608328677,0,3641.333129227223,15,43,0,46.21066149602664,4.4,5.424950017481403,0
6888,Tua Poh Tie,chinese restaurant,F&B,Indonesia.Batam.Kuliner.202406162232.db,places,1.1337005,104.011075,389973.30855128285,125326.92110829678,0,1311.8172721022618,101,231,3,38.426683007513454,4.6,1.791759469228055,0
6889,Rumah Makan Sinar Baloi,restaurant,F&B,Indonesia.Batam.Kuliner.202406162232.db,places,1.1343393,104.023373,391341.72828106047,125397.07385374216,0,427.7781628391517,11,110,3,38.718391909571906,0.0,0.0,0
6890,NASI TEMPONG SINTA,diner,F&B,Indonesia.Batam.Kuliner.202406162232.db,places,1.1011974,104.0338095,392501.7859315806,121732.97029696018,0,4270.848950984283,22,42,0,1.7478205793760389,4.4,1.791759469228055,0
6891,Pempek Pak Raden - Batam,pempek restaurant,F&B,Indonesia.Batam.Kuliner.202406162232.db,places,1.1346516,104.0081613,389649.13704280154,125432.17338630244,0,1590.878359472784,108,280,0,52.90444260973854,4.3,5.37989735354046,0
6892,Wulandari seafood,seafood restaurant,F&B,Indonesia.Batam.Kuliner.202406162232.db,places,1.1000992,104.0600492,395421.440041369,121610.63585538743,9,233.55819482595356,85,121,1,18.785063856446637,0.0,0.0,0
6893,Rumah Makan Salero Basamo,padang restaurant,F&B,Indonesia.Batam.Kuliner.202406162232.db,places,1.1064541,104.0295444,392027.3956017034,122314.23376614561,0,3582.9472677631766,15,44,0,24.120954642193666,4.3,4.356708826689592,0
6895,Nyonya Laksa,asian restaurant,F&B,Indonesia.Batam.Kuliner.202406162232.db,places,1.1355909,104.0066277,389478.5289056321,125536.06891297679,0,1738.561929132729,91,269,2,6.849914041420537,3.5,2.1972245773362196,0
6899,Hari Hari Vegetarian,vegetarian restaurant,F&B,Indonesia.Batam.Kuliner.202406162232.db,places,1.1370919,104.0126394,390147.5073283112,125701.77077819536,0,1054.042685426225,72,322,1,56.157425922406645,4.4,4.605170185988092,0
6901,Seafood 79,seafood restaurant,F&B,Indonesia.Batam.Kuliner.202406162232.db,places,1.1405848,104.0045207,389244.2733100476,126088.21156621893,0,1973.9340992796847,79,290,5,1.3432960695824736,4.7,2.772588722239781,0
6903,Ayam Goreng Kremes & Bakso,bakso restaurant,F&B,Indonesia.Batam.Kuliner.202406162232.db,places,1.1325721,104.0100937,389864.07666099304,125202.21709673281,0,1460.6762697274526,109,219,0,14.783078121236237,3.6,2.4849066497880004,0
6904,Duck Kitchen,restaurant,F&B,Indonesia.Batam.Kuliner.202406162232.db,places,1.1355438,104.0074809,389573.4627351325,125530.82953169614,0,1645.6358982696706,99,285,30,0.0,4.0,4.867534450455582,0
6905,Mie Pohong Selatpanjang,chinese restaurant,F&B,Indonesia.Batam.Kuliner.202406162232.db,places,1.1398967,104.0093725,389784.10631288524,126011.95782869017,0,1428.7575315008276,98,368,6,22.07632283058734,5.0,1.3862943611198906,0
6907,Hong Kong Town Restaurant BCS Mall,restaurant,F&B,Indonesia.Batam.Kuliner.202406162232.db,places,1.1320673,104.0103874,389896.7376315788,125146.40177791617,0,1455.1210443847397,98,213,34,5.405653399370592,2.6,3.6375861597263857,0
6908,Soto Lamongan,soto restaurant,F&B,Indonesia.Batam.Kuliner.202406162232.db,places,1.13473,104.009783,389829.5866224268,125440.77846678211,0,1413.713002667202,111,281,0,34.95025308690302,0.0,0.0,0
6910,Bakcang Batam,chinese restaurant,F&B,Indonesia.Batam.Kuliner.202406162232.db,places,1.1338744,104.0061651,389426.99017611047,125346.33231908616,0,1827.1293396021688,92,235,2,113.7180433099744,5.0,1.791759469228055,0
6912,KFC,fast food restaurant,F&B,Indonesia.Batam.Kuliner.202406162232.db,places,1.132164,104.010207,389876.6681568731,125157.09853096295,0,1468.3701202358973,107,215,0,22.74212700491456,4.2,6.118097198041348,2
6913,Salero Basamo Baloi,padang restaurant,F&B,Indonesia.Batam.Kuliner.202406162232.db,places,1.1336109,104.0075703,389583.33698460384,125317.1495054393,0,1684.2458707812093,109,245,1,72.58100844565091,4.0,6.082218910376446,2
6914,TAYA CAFE,restaurant,F&B,Indonesia.Batam.Kuliner.202406162232.db,places,1.108045,104.0275253,391802.78713701386,122490.17572344902,0,3364.43664291622,17,38,0,212.4993926063331,4.9,2.3978952727983707,0
6915,Lucky Vegetarian,vegetarian restaurant,F&B,Indonesia.Batam.Kuliner.202406162232.db,places,1.134206,104.0104521,389904.01756416925,125382.82632909204,0,1358.4989035830479,108,257,3,63.031136190832484,4.6,3.7376696182833684,0
6917,Rawon Maknyoos,restaurant,F&B,Indonesia.Batam.Kuliner.202406162232.db,places,1.1419886,104.0049158,389288.2897554463,126243.38260294117,0,1959.6142318118289,82,330,30,25.55447811970462,0.0,0.0,0
6921,Malaya Cafe DC Mall,restaurant,F&B,Indonesia.Batam.Kuliner.202406162232.db,places,1.1408814,104.0031913,389096.36235713813,126121.05109798079,0,2125.084644101357,72,266,28,7.337444790358896,4.5,4.290459441148391,0
6925,A&W,restaurant,F&B,Indonesia.Batam.Kuliner.202406162232.db,places,1.1359417,104.0059276,389400.6420544044,125574.87565652656,0,1810.3609304220254,88,264,27,6.729643308272315,4.0,3.7612001156935624,2
6927,The Ayam Kosek Grand Batam,restaurant,F&B,Indonesia.Batam.Kuliner.202406162232.db,places,1.1356504,104.0072272,389545.23756958835,125542.62355377986,0,1671.6345335376734,94,283,27,8.588459867618523,3.2,3.58351893845611,0
6929,Ayam Penyet Ria Grand Batam Mall,ayam penyet restaurant,F&B,Indonesia.Batam.Kuliner.202406162232.db,places,1.1352257,104.0074094,389565.4948540498,125495.66720885213,0,1659.5760274568029,104,279,0,18.20502611554251,3.2,4.174387269895637,0
6931,Yi Steamboat,restaurant,F&B,Indonesia.Batam.Kuliner.202406162232.db,places,1.1347326,104.0076927,389596.9989599363,125441.14558575334,0,1639.6658623060032,109,277,35,37.406664085198756,4.5,4.290459441148391,0
6936,PENANG CHENDUL BATAM,asian restaurant,F&B,Indonesia.Batam.Kuliner.202406162232.db,places,1.135412,104.0073514,389559.0482606732,125516.26436211707,0,1662.2792614101588,100,280,2,7.769493833531178,3.0,1.9459101490553132,0
6938,Abun Cha Kue,restaurant,F&B,Indonesia.Batam.Kuliner.202406162232.db,places,1.1350285,104.0104837,389907.5647936936,125473.75008797992,0,1329.974516546083,109,284,31,13.179569727174975,4.6,3.4011973816621555,0
6941,Marugame Udon Grand Batam Mall,japanese restaurant,F&B,Indonesia.Batam.Kuliner.202406162232.db,places,1.1354553,104.0074064,389565.1697572576,125521.04895342626,0,1655.435825701919,99,279,2,7.769493833531178,4.6,6.895682697747868,2
6943,Sawaty Masakan Padang,padang restaurant,F&B,Indonesia.Batam.Kuliner.202406162232.db,places,1.1326362,104.0102103,389877.0531713973,125209.29873329979,0,1445.9388373897505,109,224,2,14.783078121236237,4.0,2.8903717578961645,0
6945,Ahong Durian Batam,extremaduran restaurant,F&B,Indonesia.Batam.Kuliner.202406162232.db,places,1.1394704,104.0090389,389746.9704860344,125964.8443635051,0,1459.4098614891936,96,365,0,59.98956774006826,4.8,2.302585092994046,0
6947,Genki Sushi,sushi restaurant,F&B,Indonesia.Batam.Kuliner.202406162232.db,places,1.1351999,104.0075908,389585.6782643262,125492.80816419836,0,1640.2705871799242,105,285,0,8.951770987777476,4.7,5.327876168789581,2
6949,Cubaba Nyonya House,asian restaurant,F&B,Indonesia.Batam.Kuliner.202406162232.db,places,1.1421648,104.0046007,389253.2353571736,126262.87317075736,0,1998.202203755737,83,316,2,12.961923440063876,4.7,1.9459101490553132,0
6950,Sate Padang Merapi Indah,satay restaurant,F&B,Indonesia.Batam.Kuliner.202406162232.db,places,1.1056187,104.0296742,392041.8083083319,122221.87857381653,0,3676.1355811097883,15,50,0,25.647708245618183,4.0,1.6094379124341003,0
6951,The Grill Estate,steak house,F&B,Indonesia.Batam.Kuliner.202406162232.db,places,1.1355559,104.0066785,389484.1800959809,125532.19781881406,0,1733.569211460646,91,270,1,3.2965547829259108,3.9,3.7376696182833684,0
6952,Oluak Adi 789,restaurant,F&B,Indonesia.Batam.Kuliner.202406162232.db,places,1.1405639,104.0045385,389246.25311615015,126085.90044323434,0,1971.6386935792245,79,289,30,3.043176244278362,5.0,1.0986122886681098,0
6954,Kek Leng Ta Mie,restaurant,F&B,Indonesia.Batam.Kuliner.202406162232.db,places,1.1351013,104.0105775,389918.0046698245,125481.79434335658,0,1317.89226856754,105,284,29,13.179569727174975,5.0,2.5649493574615367,0
6958,Lele Bebek Ayam Mas Budiman  Windsor,buffet restaurant,F&B,Indonesia.Batam.Kuliner.202406162232.db,places,1.1409366,104.0114454,390014.79692752333,126126.83643395508,0,1226.6485617910455,78,466,0,3.784722026751901,4.3,3.6888794541139363,0
6959,Wiji s Waroeng,indonesian restaurant,F&B,Indonesia.Batam.Kuliner.202406162232.db,places,1.1116312,104.0290001,391967.0188578321,122886.56351192796,0,3013.114408302394,15,42,2,0.0,4.5,5.459585514144159,2
6960,Yuyo Traditional Grill and Suki - BCS Batam,restaurant,F&B,Indonesia.Batam.Kuliner.202406162232.db,places,1.1323382,104.0105242,389911.9695989159,125176.34378250946,0,1428.20766333758,104,219,36,7.463961129168565,2.8,3.258096538021482,0
6963,Hong Hong,restaurant,F&B,Indonesia.Batam.Kuliner.202406162232.db,places,1.132076,104.01059,389919.2812781211,125147.35584458917,0,1434.57823950253,97,213,33,7.935439164293788,0.0,0.0,0
6966,Nasi padang Asli Minang,padang restaurant,F&B,Indonesia.Batam.Kuliner.202406162232.db,places,1.1393294,104.0020632,388970.7791945593,125949.52511719195,0,2231.2597446678756,43,220,0,96.01883365293223,4.3,3.1354942159291497,0
6969,Coffee Town Grand Batam,restaurant,F&B,Indonesia.Batam.Kuliner.202406162232.db,places,1.1355438,104.0074809,389573.4627351325,125530.82953169614,0,1645.6358982696706,99,285,30,0.0,3.4,3.6109179126442243,0
6972,Bak Kut Teh Simpang Empat - Penuin Centre,soup restaurant,F&B,Indonesia.Batam.Kuliner.202406162232.db,places,1.133442,104.011483,390018.6969533283,125298.32919907919,0,1280.5040220780731,90,230,0,27.940501376463665,4.5,4.912654885736052,0
6973,Happy Kuliner,coffee shop,F&B,Indonesia.Batam.Kuliner.202406162232.db,places,1.1352628,104.0047554,389270.1853957304,125499.87001604539,0,1949.98963376523,70,239,1,0.0,5.0,0.6931471805599453,0
6974,Hongkong Town,chinese restaurant,F&B,Indonesia.Batam.Kuliner.202406162232.db,places,1.140527,104.0029348,389067.80802941415,126081.88301529502,0,2147.8173586163234,68,253,2,38.923901952214024,3.3,4.30406509320417,0
6977,Bakso Lapangan Tembak Senayan Jakarta,bakso restaurant,F&B,Indonesia.Batam.Kuliner.202406162232.db,places,1.14092,104.002826,389055.71690619644,126125.33230896357,0,2165.9108650512107,70,256,0,25.47087452543868,4.0,3.713572066704308,2
6982,Han Cheng Shaokao,restaurant,F&B,Indonesia.Batam.Kuliner.202406162232.db,places,1.1349353,104.0092402,389769.19703315437,125463.49446688202,0,1466.8330109608469,111,292,35,16.571479180636725,3.7,1.3862943611198906,0
6985,Mie Ayam Bakso 28,restaurant,F&B,Indonesia.Batam.Kuliner.202406162232.db,places,1.1357273,104.0079689,389627.7694771029,125551.09629553849,0,1588.7870958239778,108,293,33,5.417869524302511,5.0,0.6931471805599453,0
6990,Malaya Cafe Grand Batam,restaurant,F&B,Indonesia.Batam.Kuliner.202406162232.db,places,1.135906,104.0072312,389545.69235536945,125570.87925888908,0,1667.0736956175745,93,288,24,28.259364842926434,4.0,4.867534450455582,0
6992,Dapur kita  Masakan kita,restaurant,F&B,Indonesia.Batam.Kuliner.202406162232.db,places,1.1316761,104.0094583,389793.3418114963,125103.1910516179,0,1566.9303001100402,110,210,39,55.50420818276696,4.5,1.0986122886681098,0
6995,Oriental Palace BCS MALL,restaurant,F&B,Indonesia.Batam.Kuliner.202406162232.db,places,1.1324241,104.0103149,389888.68401457253,125185.84772534591,0,1445.1324127064363,107,217,37,7.441046262208098,4.6,3.332204510175204,0
6999,ZOYA Kitchen Cafe Resto,family restaurant,F&B,Indonesia.Batam.Kuliner.202406162232.db,places,1.0999794,104.0612473,395554.7480229881,121597.35055267358,9,323.4828066205703,85,122,2,5.03960206617043,4.8,3.1780538303479458,0
7000,Kyochicken Batam - Online Order Only,chicken wings restaurant,F&B,Indonesia.Batam.Kuliner.202406162232.db,places,1.1400163,104.0060908,389418.9565295406,126025.30509343227,0,1792.3065804272085,94,322,0,26.547103570949673,5.0,0.6931471805599453,0
7003,I seafood a2,seafood restaurant,F&B,Indonesia.Batam.Kuliner.202406162232.db,places,1.1338044,104.0089869,389740.96952459886,125338.48638998478,0,1527.307251110784,112,253,5,63.75947452470077,4.1,2.4849066497880004,0
7006,OPPA BBQ & Steamboat Batam,korean restaurant,F&B,Indonesia.Batam.Kuliner.202406162232.db,places,1.133089,104.0118717,390061.9342859727,125259.29134273382,0,1257.1116899278118,81,229,0,10.53777530197502,4.4,3.828641396489095,0
7009,Kaki Lima 五角巷,restaurant,F&B,Indonesia.Batam.Kuliner.202406162232.db,places,1.1373713,104.0459501,393853.9745368908,125731.41103702872,0,2657.8520837232436,17,41,6,67.01304710346712,4.5,2.772588722239781,0
7012,Bite Restaurant,buffet restaurant,F&B,Indonesia.Batam.Kuliner.202406162232.db,places,1.1032454,104.0316986,392266.9786422082,121959.44540801975,0,3986.4566559206146,16,51,0,66.3641152575688,4.4,2.1972245773362196,0
7018,Kez s Bakery & Restaurant,italian restaurant,F&B,Indonesia.Batam.Kuliner.202406162232.db,places,1.1116762,104.0415725,393365.9517631009,122891.08107374987,0,3628.220971563171,53,109,1,0.0,4.5,6.732210706467206,2
7033,Tahu Tek  Rujak Cingur  Tahu Campur Surabaya Budhe Liz,indonesian restaurant,F&B,Indonesia.Batam.Kuliner.202406162232.db,places,1.0999304,104.0586592,395266.7693073207,121592.02453587377,9,236.43775071084212,82,123,3,31.0443208859476,0.0,0.0,0
7044,Ikan Bakar Pak N dut,ikan bakar restaurant,F&B,Indonesia.Batam.Kuliner.202406162232.db,places,1.1278487,104.033711,392491.7923487916,124679.1759417537,0,1712.2786696824194,26,89,0,37.42128399681593,0.0,0.0,0
7047,Rumah Makan Pondok Kepiting,seafood restaurant,F&B,Indonesia.Batam.Kuliner.202406162232.db,places,1.1302941,104.0352066,392658.296632232,124949.45051783108,0,1690.6182880627703,31,108,2,74.96684839959808,4.2,4.770684624465665,2
7048,Sarapan Pagi 1919,breakfast restaurant,F&B,Indonesia.Batam.Kuliner.202406162232.db,places,1.1367827,104.0136137,390255.9058171161,125667.55259823852,0,950.31441057606,45,302,0,113.6710878576406,4.4,3.367295829986474,0
7051,PPKN ( Pecel Pincoek Khas Nganjuk Mbak Vir ),restaurant,F&B,Indonesia.Batam.Kuliner.202406162232.db,places,1.1250741,104.0544648,394800.9500510573,124371.69765314928,0,3876.5250882900673,26,109,5,13.107378642130282,3.7,1.3862943611198906,0
7056,D Penyet Kepri Mall,asian restaurant,F&B,Indonesia.Batam.Kuliner.202406162232.db,places,1.1014859,104.0373999,392901.3014953131,121764.73361674866,0,4380.068226710474,21,46,1,0.0,5.0,0.6931471805599453,0
7063,1D Prata KDA,restaurant,F&B,Indonesia.Batam.Kuliner.202406162232.db,places,1.1058014,104.0832341,398001.4014239194,122240.18120958057,12,397.95370373355274,25,54,9,0.0,4.5,5.87493073085203,1
7073,Oleh Oleh Khas Batam  TOK NGAH Nagoya,deli,F&B,Indonesia.Batam.Kuliner.202406162232.db,places,1.1462079,104.0122961,390109.6545616129,126709.53038482749,0,1417.8306549197887,185,404,0,7.518471112756497,4.6,4.110873864173311,0
7078,RM Teh Arimbi kabil,soup kitchen,F&B,Indonesia.Batam.Kuliner.202406162232.db,places,1.116366,104.1355241,403819.9418684988,123406.27955502804,8,550.244550021446,16,25,0,147.32179808599838,0.0,0.0,0
7080,Sala Tachi,restaurant,F&B,Indonesia.Batam.Kuliner.202406162232.db,places,1.1064562,104.0873525,398459.67246036173,122312.42459516806,12,861.2220318464191,15,36,7,61.521673701205074,5.0,1.0986122886681098,0
7081,Burger Batam,hamburger restaurant,F&B,Indonesia.Batam.Kuliner.202406162232.db,places,1.1001284,104.0605946,395482.12752128433,121613.84467070285,9,262.61023683181867,85,121,0,14.007765307373212,0.0,0.0,0
7092,Kedaikopi 283,restaurant,F&B,Indonesia.Batam.Kuliner.202406162232.db,places,1.1161135,104.0587844,395281.26861318725,123380.98847009051,6,338.24986876295947,20,39,6,49.884911806406095,4.3,5.5134287461649825,2
7094,Nasi goreng kambing BRO KDA  BELIAN,nasi restaurant,F&B,Indonesia.Batam.Kuliner.202406162232.db,places,1.1061982,104.0835378,398035.20727261435,122284.034906841,12,436.9993281692782,25,52,0,22.79615101165979,4.0,3.1354942159291497,0
7096,Holycow  Steakhouse By Chef Afit,steak house,F&B,Indonesia.Batam.Kuliner.202406162232.db,places,1.1358035,104.0068456,389502.78272990265,125559.56291424861,0,1711.1384920422697,91,281,1,29.92109482129071,4.6,6.180016653652572,2
7098,Warung Songolas,indonesian restaurant,F&B,Indonesia.Batam.Kuliner.202406162232.db,places,1.1104535,104.0490244,394195.0789188701,122755.64867121946,6,939.1577407351307,3,82,0,28.460404850139476,4.8,4.6443908991413725,0
7101,Warung makan juragan,brunch restaurant,F&B,Indonesia.Batam.Kuliner.202406162232.db,places,1.1014296,104.0548947,394847.9467995876,121757.88685954608,9,478.295571842627,48,123,0,48.92814686332417,1.0,0.6931471805599453,0
7102,Abizara Restaurant,padang restaurant,F&B,Indonesia.Batam.Kuliner.202406162232.db,places,1.1242097,104.0578612,395178.8327006318,124276.01986971022,0,4263.376601532712,5,70,0,383.54553127386697,4.2,6.2324480165505225,2
7106,Warong Sate Kendal D’byo,satay restaurant,F&B,Indonesia.Batam.Kuliner.202406162232.db,places,1.1227889,104.0995768,399820.40231875126,124117.49421581057,15,808.0625212525947,17,41,1,52.29750676840172,4.6,6.208590026096629,2
7108,The Kind Bowl Batam,vietnamese restaurant,F&B,Indonesia.Batam.Kuliner.202406162232.db,places,1.1352681,104.0076664,389594.09286799363,125500.34459371475,0,1630.6052143464422,106,290,0,11.296164160269855,4.2,3.9512437185814275,0
7110,Ayam Penyet SidoMulyo Batam,seafood restaurant,F&B,Indonesia.Batam.Kuliner.202406162232.db,places,1.1581543,104.0240298,391415.707301907,128029.71702101422,0,2240.791146490167,8,99,0,166.57603728837967,4.2,6.393590753950631,1
7112,Durian Bolone,diner,F&B,Indonesia.Batam.Kuliner.202406162232.db,places,1.1128236,103.978874,386389.47924646287,123020.26243048086,7,920.3508614314393,108,193,2,7.258641107425931,4.3,5.318119993844216,0
7113,SHABU JIN,shabu-shabu restaurant,F&B,Indonesia.Batam.Kuliner.202406162232.db,places,1.129565,104.0462753,393889.8749413075,124868.4447275421,0,2849.330248835691,34,126,0,13.034929592204069,4.1,4.820281565605037,0
7117,Mas BrOo Takoyaki - KDA Batam Kota,indonesian restaurant,F&B,Indonesia.Batam.Kuliner.202406162232.db,places,1.106498,104.0839785,398084.2536092356,122317.16105954627,12,491.58775168026233,24,51,2,35.0961633939343,5.0,0.6931471805599453,0
7119,Golden Lamian BCS Batam,restaurant,F&B,Indonesia.Batam.Kuliner.202406162232.db,places,1.1320599,104.0105205,389911.5474003539,125145.57867565747,0,1442.2758023136487,96,214,32,7.875511979915742,4.1,2.995732273553991,0
7120,Sambal Gami Makmur,restaurant,F&B,Indonesia.Batam.Kuliner.202406162232.db,places,1.124348,104.0489408,394186.2740223083,124291.63011801291,0,3348.106850174464,66,136,20,18.817949771757984,4.7,4.477336814478207,0
7126,Mr  Daeng Cafe & Resto Batam,south sulawesi restaurant,F&B,Indonesia.Batam.Kuliner.202406162232.db,places,1.1345269,104.0431249,393539.51395178656,125417.07808857318,0,2373.5465494860487,17,77,0,27.30951495986926,4.4,4.882801922586371,0
7127,HokBen Grand Batam Mall,japanese restaurant,F&B,Indonesia.Batam.Kuliner.202406162232.db,places,1.1355951,104.0064123,389454.56148989405,125536.5414483562,0,1762.1854859343468,90,261,2,23.972073478209094,4.5,5.43372200355424,0
7128,Aneka Seblak Bandung,seblak restaurant,F&B,Indonesia.Batam.Kuliner.202406162232.db,places,1.1377472,104.0327523,392385.4835305601,125773.45417837532,0,1188.773685600551,49,132,0,26.49362235800193,4.5,5.288267030694535,1
7129,Bakso Lava Batam - Bandara,bakso restaurant,F&B,Indonesia.Batam.Kuliner.202406162232.db,places,1.1302163,104.1025104,400147.0695782793,124938.44923236918,15,172.84286148048818,11,38,0,185.85703799578684,4.4,5.135798437050262,2
7134,RUMAH MAKAN SIMPANG TIGO,restaurant,F&B,Indonesia.Batam.Kuliner.202406162232.db,places,1.1573145,104.1005964,399935.04282634053,127934.06364318807,10,52.598362729323284,28,38,9,13.891442012394656,5.0,0.6931471805599453,0
7139,Angkringan Onthel Duta Mas,javanese restaurant,F&B,Indonesia.Batam.Kuliner.202406162232.db,places,1.1073888,104.044767,393721.2500117377,122417.01133226283,0,4220.654278454579,20,72,1,0.0,4.2,6.556778356158042,0
7141,Rumah Makan Berkah,restaurant,F&B,Indonesia.Batam.Kuliner.202406162232.db,places,1.1610958,104.1021954,400113.0899691357,128352.00788137512,10,484.44863742976116,15,35,4,20.011978943037967,4.3,1.3862943611198906,0
7143,Bakwan Subur B2,bakso restaurant,F&B,Indonesia.Batam.Kuliner.202406162232.db,places,1.1794037,104.1130938,401326.34949344856,130375.45055239802,-1,0.0,2,10,0,225.17532108955325,4.5,1.0986122886681098,0
7147,Bakso Solo Merdeka,indonesian restaurant,F&B,Indonesia.Batam.Kuliner.202406162232.db,places,1.1288007,104.1016092,400046.74720149563,124781.99393751136,15,205.78708007362187,14,35,1,60.78416546065211,4.2,4.204692619390966,0
7148,RM Nuansa Jaya,restaurant,F&B,Indonesia.Batam.Kuliner.202406162232.db,places,1.1546205,104.0990873,399767.0364844575,127636.3107359262,10,311.73109073704876,19,39,3,22.695551640621776,4.8,2.3978952727983707,0
7152,Ulil Steak & Shake Batam,restaurant,F&B,Indonesia.Batam.Kuliner.202406162232.db,places,1.1147353,104.0526792,394601.8988926647,123228.85252759219,6,358.1325963106305,16,52,5,29.44984524199503,4.5,3.9889840465642745,0
7154,KEDAI BASO ACI BATAM,bakso restaurant,F&B,Indonesia.Batam.Kuliner.202406162232.db,places,1.1101949,104.0547403,394831.07528495044,122726.85759807835,9,1029.4777605531058,10,70,1,264.2456617382708,4.6,1.791759469228055,0
7158,Ayam Gunting Crunchy Batam,diner,F&B,Indonesia.Batam.Kuliner.202406162232.db,places,1.137618,104.0289433,391961.6544028209,125759.31393782487,0,765.7182622607859,58,143,2,14.540313422283088,5.0,1.0986122886681098,0
7161,Seloka Coffee House,cafe,F&B,Indonesia.Batam.Kuliner.202406162232.db,places,1.1200296,104.0428723,393510.88068225863,123814.46897998525,0,3048.7533584983953,30,123,0,15.058797136290183,4.5,5.424950017481403,0
7162,Pempek Serumpun Batam,pempek restaurant,F&B,Indonesia.Batam.Kuliner.202406162232.db,places,1.1016874,103.9655914,384911.0665801554,121789.68623859658,7,1183.2317006195656,31,107,0,9.966866560584583,4.9,3.4011973816621555,0
7203,Warung mamak pulau ngenang,nasi restaurant,F&B,Indonesia.Batam.Kuliner.202406162232.db,places,0.9968988,104.1721487,407891.5026555253,110198.9598558087,-1,0.0,0,0,0,2773.8812787858333,0.0,0.0,0
7209,Waroeng Ni iS,bakso restaurant,F&B,Indonesia.Batam.Kuliner.202406162232.db,places,1.1438545,104.1246604,402612.0874987159,126445.31090994523,-1,0.0,3,14,1,0.0,4.9,3.4011973816621555,0
7253,Batu Besar Indah Restaurant,restaurant,F&B,Indonesia.Batam.Kuliner.202406162232.db,places,1.1498946,104.132195,403450.63387901534,127112.7485664853,11,169.72574499394173,31,38,12,55.869369820823295,4.2,4.248495242049359,0
7255,My Makan Place,restaurant,F&B,Indonesia.Batam.Kuliner.202406162232.db,places,1.1123785,104.1344814,403703.79453111877,122965.52285689548,8,194.22915384777352,21,30,8,24.835336595547165,4.3,4.624972813284271,1
7257,RM Cirebon,javanese restaurant,F&B,Indonesia.Batam.Kuliner.202406162232.db,places,1.1372502,104.1116961,401169.37386829226,125715.68938570798,15,1295.8066878350235,32,47,0,5.168377304628117,4.4,6.208590026096629,2
7258,Rm Dendeang Baka Kabil,restaurant,F&B,Indonesia.Batam.Kuliner.202406162232.db,places,1.1182072,104.1370869,403993.88924321695,123609.76039976712,8,816.8709530168371,8,24,2,57.49991241603615,4.4,4.465908118654584,0
7259,Kedai 19,restaurant,F&B,Indonesia.Batam.Kuliner.202406162232.db,places,1.1496212,104.1332281,403565.57311941066,127082.49113015777,11,120.15490881107598,28,40,12,86.1192590361434,4.4,4.127134385045092,0
7261,SOP Tulang Sapi,soup restaurant,F&B,Indonesia.Batam.Kuliner.202406162232.db,places,1.1372768,104.1116579,401165.1243874654,125718.6311601156,15,1294.8840287823366,32,48,0,5.168377304628117,4.5,4.189654742026425,0
7262,Zack Coffee,restaurant,F&B,Indonesia.Batam.Kuliner.202406162232.db,places,1.1532506,104.1290778,403103.910129084,127483.83763710737,11,569.8653109910407,13,43,4,52.97073712525266,4.2,3.970291913552122,1
7263,Restaurant Cahaya Baru Seafood,seafood restaurant,F&B,Indonesia.Batam.Kuliner.202406162232.db,places,1.1461183,104.1423417,404579.48523013946,126694.96405073516,-1,0.0,5,17,1,80.4294898164495,4.5,2.70805020110221,0
7264,Rumah Makan Surga,restaurant,F&B,Indonesia.Batam.Kuliner.202406162232.db,places,1.1125007,104.1342941,403682.9582024368,122979.03734359943,8,175.05790284543707,21,30,8,24.835336595547165,4.2,3.4011973816621555,0
7266,RESTAURANT PONDOK KAMPOENG,restaurant,F&B,Indonesia.Batam.Kuliner.202406162232.db,places,1.159621,104.119715,402062.3705394827,128188.36517502974,16,464.06944398987696,7,22,2,238.50029594394894,4.3,1.6094379124341003,0
7267,Sate sahabat,indonesian restaurant,F&B,Indonesia.Batam.Kuliner.202406162232.db,places,1.1515738,104.130433,403254.64052990865,127298.4325308689,11,356.8111217325963,26,41,6,95.17836718925635,4.8,1.9459101490553132,0
7268,Dapur Raja Batam,nasi restaurant,F&B,Indonesia.Batam.Kuliner.202406162232.db,places,1.1550965,104.1158158,401628.3678253698,127688.34523304654,-1,0.0,2,21,0,143.11038225288416,4.7,1.3862943611198906,0
7269,Dimsum Kaviqo,dim sum restaurant,F&B,Indonesia.Batam.Kuliner.202406162232.db,places,1.1612548,104.12804,402988.71075184055,128368.68427420405,-1,0.0,0,14,0,741.6967735400021,5.0,3.295836866004329,0
7270,Rm Buk Ria Batu Besar,indonesian restaurant,F&B,Indonesia.Batam.Kuliner.202406162232.db,places,1.1369412,104.1145264,401484.28124857566,125681.43460570773,15,1514.847862542186,29,42,7,21.757449207132805,0.0,0.0,0
7271,Warung Makan Serba 10 000,hawker stall,F&B,Indonesia.Batam.Kuliner.202406162232.db,places,1.1363386,104.1103895,401023.9618029909,125614.9623505716,15,1122.148173841184,30,47,2,4.292639997134669,4.3,2.1972245773362196,0
7272,Warung Barokah Madiun,family restaurant,F&B,Indonesia.Batam.Kuliner.202406162232.db,places,1.1528805,104.1293802,403137.54430504475,127442.91525693423,11,520.5893569926073,19,42,0,52.97073712525266,5.0,1.0986122886681098,0
7273,Bakso Malang,bakso restaurant,F&B,Indonesia.Batam.Kuliner.202406162232.db,places,1.1232241,104.1156124,401604.65507635707,124165.0582446938,-1,0.0,2,2,0,35.85353847624281,4.1,2.5649493574615367,0
7274,Bakso ujang mak inyong,fast food restaurant,F&B,Indonesia.Batam.Kuliner.202406162232.db,places,1.1580773,104.1212125,402228.93770689215,128017.66728427963,16,239.5252751069208,9,20,0,20.88578124473493,3.7,2.0794415416798357,0
7275,Katupek sabana,breakfast restaurant,F&B,Indonesia.Batam.Kuliner.202406162232.db,places,1.1380099,104.1125739,401267.0695422544,125799.63948522076,15,1424.2964941740138,33,42,1,3.967329716005641,5.0,0.6931471805599453,0
7276,RM  DENDENG BATOKOK 969,indonesian restaurant,F&B,Indonesia.Batam.Kuliner.202406162232.db,places,1.1529509,104.1302084,403229.6967668993,127450.66934396858,11,445.70130897091616,22,43,5,2.5908097548183022,5.0,0.6931471805599453,0
7278,Sarapan Pagi Bu Marsih,breakfast restaurant,F&B,Indonesia.Batam.Kuliner.202406162232.db,places,1.150454,104.128762,403068.6779761721,127174.70285678748,11,529.0033364794639,19,42,0,223.36316536193436,5.0,1.3862943611198906,0
7279,Warung Berkah,restaurant,F&B,Indonesia.Batam.Kuliner.202406162232.db,places,1.1484089,104.1313051,403351.56871958205,126948.54453932513,11,350.3554485573431,27,40,12,167.79238768899597,5.0,0.6931471805599453,0
7280,SENANG Caffee,indonesian restaurant,F&B,Indonesia.Batam.Kuliner.202406162232.db,places,1.1327776,104.1048084,400402.84886505886,125221.50680461309,15,446.99894180842546,10,39,0,7.511190252584203,5.0,0.6931471805599453,0
7281,Ye-Loe Café,restaurant,F&B,Indonesia.Batam.Kuliner.202406162232.db,places,1.1507861,104.1330815,403549.3007076979,127211.26788076248,11,49.54270937667771,31,40,12,1.360164272554777,5.0,0.6931471805599453,0
7282,Warung Lariza,restaurant,F&B,Indonesia.Batam.Kuliner.202406162232.db,places,1.1432385,104.1184529,401921.38232300966,126377.42743122138,15,2296.4193603735775,10,33,5,131.42619241339145,5.0,1.3862943611198906,0
7283,Mie Tarempa Summerland,restaurant,F&B,Indonesia.Batam.Kuliner.202406162232.db,places,1.149047,104.1337512,403623.75685919554,127018.99956220122,11,181.38538800645503,26,40,12,38.66879866114733,4.4,4.007333185232471,0
7284,Rumah Makan Pusako Lintau,padang restaurant,F&B,Indonesia.Batam.Kuliner.202406162232.db,places,1.1574574,104.1221748,402335.9873172827,127949.10816249544,16,165.6761705375241,10,21,0,38.4744050586813,4.3,4.976733742420574,0
7285,Aneka Kuliner Summerland,food court,F&B,Indonesia.Batam.Kuliner.202406162232.db,places,1.1491288,104.1343353,403688.74978931516,127028.02229579331,11,193.46055347844234,26,41,0,40.98122914791406,4.5,1.9459101490553132,0
7286,Mie ayam pakDE & buDe INDRA,noodle shop,F&B,Indonesia.Batam.Kuliner.202406162232.db,places,1.1325286,104.10466,400386.32833532285,125193.98643551076,15,415.55975187541156,10,38,0,17.847759694187776,4.5,3.9318256327243257,0
7287,Warung Sarapan Pagi Pak Haji,breakfast restaurant,F&B,Indonesia.Batam.Kuliner.202406162232.db,places,1.1499907,104.1382705,404126.63033919653,127123.1669889927,11,534.8024418187125,11,40,0,147.3595158771149,4.3,1.3862943611198906,0
7288,Bakso Rudal Puri Selebriti,restaurant,F&B,Indonesia.Batam.Kuliner.202406162232.db,places,1.131772,104.1053962,400468.21731496125,125110.32352727049,15,377.71354692404947,9,37,2,100.01806797055072,4.0,1.6094379124341003,0
7289,LAPAK jajanan Pasar MTC (Assorted Traditional Snacks & Breakfast),hawker stall,F&B,Indonesia.Batam.Kuliner.202406162232.db,places,1.1379815,104.1125957,401269.4941880632,125796.49929449768,15,1423.8284432848877,33,42,2,3.967329716005641,4.6,2.8903717578961645,0
7290,Soto Medan SS Batam,diner,F&B,Indonesia.Batam.Kuliner.202406162232.db,places,1.1423044,104.1160052,401649.0041582491,126274.25226741143,15,2030.631029001258,11,43,0,56.98123560282519,5.0,1.0986122886681098,0
7291,Bakso Waroeng Pojok,asian restaurant,F&B,Indonesia.Batam.Kuliner.202406162232.db,places,1.1124668,104.1339031,403639.45174059726,122975.30269668234,8,131.54138038060222,22,30,0,10.470113480739782,0.0,0.0,0
7292,RM  JALAK LENTENG BATAM,brunch restaurant,F&B,Indonesia.Batam.Kuliner.202406162232.db,places,1.1483733,104.1341743,403670.8107385405,126944.51234567739,11,264.3795138169292,25,41,0,44.83869909537529,4.7,3.58351893845611,0
7293,Nasi kampung Ayam taliwang iga bakar cobek,restaurant,F&B,Indonesia.Batam.Kuliner.202406162232.db,places,1.1373654,104.1125113,401260.082340706,125728.39613383113,15,1370.124455022403,33,44,6,53.54867232147139,4.1,3.970291913552122,0
7294,Es Duren Podo Moro,restaurant,F&B,Indonesia.Batam.Kuliner.202406162232.db,places,1.150753,104.131891,403416.8380182675,127207.64918181152,11,180.54713837561735,32,38,13,57.922070789204355,4.6,5.7430031878094825,1
7296,Lontong Medan Bu Melur,breakfast restaurant,F&B,Indonesia.Batam.Kuliner.202406162232.db,places,1.1319818,104.1043736,400354.4427823887,125133.55078548637,15,348.21356888933366,11,39,0,30.18428607588202,5.0,1.0986122886681098,0
7297,Ayam Kampung Merah Putih,brunch restaurant,F&B,Indonesia.Batam.Kuliner.202406162232.db,places,1.1578756,104.1214336,402253.531609463,127995.36302017349,16,211.84388998796348,9,20,1,23.315052321128224,5.0,1.0986122886681098,0
7298,BPK Lambok Ginting MTC,indonesian restaurant,F&B,Indonesia.Batam.Kuliner.202406162232.db,places,1.1369622,104.1133766,401356.34764072904,125683.79528488596,15,1414.18139791491,33,42,9,25.762453333982922,4.8,3.6109179126442243,0
7299,Ayam Bakar Kediri,chicken restaurant,F&B,Indonesia.Batam.Kuliner.202406162232.db,places,1.1412993,104.1164704,401700.731102078,126163.12886890852,15,1988.8658083803994,11,46,0,61.55752005803627,5.0,1.0986122886681098,0
7300,Jajanan Sehat Barokah  nongsa,brunch restaurant,F&B,Indonesia.Batam.Kuliner.202406162232.db,places,1.1580838,104.1214001,402249.8113463611,128018.37934714349,16,235.13572074307814,9,20,1,20.88578124473493,5.0,1.0986122886681098,0
7301,Setia Budi Restaurant,restaurant,F&B,Indonesia.Batam.Kuliner.202406162232.db,places,1.1953577,104.0856323,398271.41868674307,132140.06909115348,-1,0.0,7,7,1,71.65850487920513,4.2,5.308267697401205,2
7302,Resto Kambing Guling,satay restaurant,F&B,Indonesia.Batam.Kuliner.202406162232.db,places,1.1378408,104.1122798,401234.3402856259,125780.95659211699,15,1387.895367028069,33,42,0,13.489154406432247,4.1,3.1354942159291497,0
7303,Bubur Ayam Akang Emon,porridge restaurant,F&B,Indonesia.Batam.Kuliner.202406162232.db,places,1.1412439,104.1159199,401639.47709348,126157.02356741118,15,1940.4176119271845,11,44,0,61.55752005803627,4.9,2.4849066497880004,0
7304,Lake Toba,batak restaurant,F&B,Indonesia.Batam.Kuliner.202406162232.db,places,1.1119241,104.1337747,403625.1474619918,122915.31511024026,8,120.6620528823406,21,32,0,0.4944659329574612,3.7,2.772588722239781,2
7305,Ketam Makbiah  Kampung Terih - Nongsa,restaurant,F&B,Indonesia.Batam.Kuliner.202406162232.db,places,1.1561245,104.0844808,398141.8747251117,127803.08911471785,-1,0.0,4,5,0,6.242883721560464,5.0,1.6094379124341003,0
7306,Ruah makan Bakso gajah ungkur,bakso restaurant,F&B,Indonesia.Batam.Kuliner.202406162232.db,places,1.151013,104.1333869,403583.2888047714,127236.3398109661,11,40.370938265165265,32,40,1,30.899406076669987,0.0,0.0,0
7307,seblak lamer simpang batu besar,seblak restaurant,F&B,Indonesia.Batam.Kuliner.202406162232.db,places,1.1486423,104.1327952,403517.3734233576,126974.29498732653,11,237.90219705118582,27,39,0,49.13081363262929,4.0,1.0986122886681098,0
7308,Warung Yesi,grocery store,F&B,Indonesia.Batam.Kuliner.202406162232.db,places,1.1953014,104.0862739,398342.8043365731,132133.82166609468,-1,0.0,7,7,0,71.65850487920513,3.8,1.6094379124341003,0
7309,Soup Sup Ikan &Asam Pedas,restaurant,F&B,Indonesia.Batam.Kuliner.202406162232.db,places,1.1484976,104.1345579,403713.4963584277,126958.23993801586,11,266.87909271352555,26,43,11,22.019668361902724,0.0,0.0,0
7310,Bakso & Mie Ayam CEPOT (Sup Tulang Bawah Pohon),hawker stall,F&B,Indonesia.Batam.Kuliner.202406162232.db,places,1.150594,104.0961195,399436.67879624094,127191.3087912477,10,859.3761657261709,3,27,0,163.7462192820517,4.3,1.3862943611198906,0
7311,D’Rumbia Cafe & Eatery,restaurant,F&B,Indonesia.Batam.Kuliner.202406162232.db,places,1.1503673,104.1323727,403470.42164922215,127164.9963476288,11,131.06186944557547,32,39,13,21.687112428484348,4.0,0.6931471805599453,0
7313,Ayam bakar & Bebek bakar (Kalasan & Taliwang),indonesian restaurant,F&B,Indonesia.Batam.Kuliner.202406162232.db,places,1.1512995,104.1316134,403385.9691036753,127268.07047720173,11,222.3687424430849,31,38,6,67.85000239301515,4.0,0.6931471805599453,0
7315,Mirasa,betawi restaurant,F&B,Indonesia.Batam.Kuliner.202406162232.db,places,1.1366471,104.1119026,401192.3299230323,125649.01332513345,15,1266.5802739825217,32,48,0,33.84196623231246,4.0,1.0986122886681098,0
7317,Resta Cemilan,fast food restaurant,F&B,Indonesia.Batam.Kuliner.202406162232.db,places,1.151778,104.1342353,403677.7120919394,127320.87668131276,11,146.57873642588794,31,40,0,46.88972471749212,4.0,0.6931471805599453,0
7320,Sate Padang Mak Uncu,indonesian restaurant,F&B,Indonesia.Batam.Kuliner.202406162232.db,places,1.1366543,104.1141429,401441.6007881344,125649.73268577819,15,1461.6912303971533,30,43,8,47.05048209391006,4.0,0.6931471805599453,0
7322,Bakso Lumer Batam,bakso restaurant,F&B,Indonesia.Batam.Kuliner.202406162232.db,places,1.1361239,104.1137717,401400.28063980676,125591.11293357995,15,1394.211565459917,33,42,0,59.84661797959926,4.0,0.6931471805599453,0
7324,Warteg Kharisma Bahari,indonesian restaurant,F&B,Indonesia.Batam.Kuliner.202406162232.db,places,1.139268,104.1141084,401437.8508184828,125938.66212989327,15,1643.6684060590092,31,42,7,22.366386217197,4.4,2.70805020110221,0
7326,RM  TANJONG MANA,indonesian restaurant,F&B,Indonesia.Batam.Kuliner.202406162232.db,places,1.148521,104.13322,403564.6349693136,126960.87175664047,11,239.76586939208886,26,40,4,49.13081363262929,5.0,1.0986122886681098,0
7327,Bakso Podomoro Jawa Timur,bakso restaurant,F&B,Indonesia.Batam.Kuliner.202406162232.db,places,1.1529489,104.1301852,403227.1153401707,127450.44904591965,11,447.7078663878427,22,43,1,2.5908097548183022,4.2,1.791759469228055,0
7328,Warung Bu Tikno,javanese restaurant,F&B,Indonesia.Batam.Kuliner.202406162232.db,places,1.1853408,104.1158511,401633.3492403593,131031.66229135844,-1,0.0,2,9,0,251.84162846597016,4.4,1.791759469228055,0
7329,Bakso Bakar Java,restaurant,F&B,Indonesia.Batam.Kuliner.202406162232.db,places,1.1508223,104.1330984,403551.1823104254,127215.26897394043,11,48.95665551915585,31,40,12,3.638451271847312,4.7,1.3862943611198906,0
7331,Kedai IKA ayam bakar,asian restaurant,F&B,Indonesia.Batam.Kuliner.202406162232.db,places,1.1438362,104.1194772,402035.3725507315,126443.46438364073,15,2424.8264732847024,10,19,0,19.057882420899496,4.0,0.6931471805599453,0
7333,madani fried chicken sambau,fried chicken takeaway,F&B,Indonesia.Batam.Kuliner.202406162232.db,places,1.1548149,104.0990217,399759.7442219872,127657.80285011575,10,294.87079646898695,19,39,0,4.74687896889066,5.0,1.0986122886681098,0
7334,Telur gulung sasha,restaurant,F&B,Indonesia.Batam.Kuliner.202406162232.db,places,1.1529928,104.1374225,404032.3777138571,127455.05691266878,11,505.2572441026361,9,40,1,49.14766558324908,5.0,1.0986122886681098,0
7335,Jajanan Daeng Batam,snack bar,F&B,Indonesia.Batam.Kuliner.202406162232.db,places,1.1525659,104.1372991,404018.63328337006,127407.87022320162,11,470.65593787646156,9,42,0,49.14766558324908,0.0,0.0,0
7336,Ocheese_batam,restaurant,F&B,Indonesia.Batam.Kuliner.202406162232.db,places,1.1612033,104.1020143,400092.94346899784,128363.89777779214,10,485.91281459709,16,35,4,3.1113201415853338,5.0,2.0794415416798357,0
7337,Angkringan Kita,indonesian restaurant,F&B,Indonesia.Batam.Kuliner.202406162232.db,places,1.1356697,104.1095196,400927.1480886954,125541.04934821352,15,1002.0820104755677,28,46,6,4.1280565089491175,0.0,0.0,0
7338,Masakan seafood mamak kembar,seafood restaurant,F&B,Indonesia.Batam.Kuliner.202406162232.db,places,1.1570291,104.0847242,398168.98929781036,127903.07910694972,-1,0.0,4,5,1,91.56111613018498,5.0,1.0986122886681098,0
7339,Warung Mekar Sari SS 57,restaurant,F&B,Indonesia.Batam.Kuliner.202406162232.db,places,1.151721,104.1338177,403631.24574000016,127314.58983619457,11,121.06755503256856,30,40,13,46.88972471749212,4.3,2.3978952727983707,0
7340,Bude Bakso,bakso restaurant,F&B,Indonesia.Batam.Kuliner.202406162232.db,places,1.1523663,104.1084479,400808.47693639126,127386.79423279688,-1,0.0,1,17,0,146.28714831056575,5.0,0.6931471805599453,0
7341,Kopi Mix Batam 1,restaurant,F&B,Indonesia.Batam.Kuliner.202406162232.db,places,1.1448924,104.1219886,402314.84201315616,126560.13486606954,15,2711.414669163549,6,16,2,152.6583418657711,0.0,0.0,0
7342,Sate Padang Ajo Kanduang,indonesian restaurant,F&B,Indonesia.Batam.Kuliner.202406162232.db,places,1.1380998,104.1124501,401253.29779639625,125809.58161309196,15,1421.5489859860197,33,42,9,16.98549059015336,4.0,0.6931471805599453,0
7343,RM Simpang Tigo,padang restaurant,F&B,Indonesia.Batam.Kuliner.202406162232.db,places,1.1824819,104.1219823,402315.4343364715,130715.41223207721,-1,0.0,1,4,0,244.91886561008488,5.0,0.6931471805599453,0
7344,Warung Aceh,restaurant,F&B,Indonesia.Batam.Kuliner.202406162232.db,places,1.1136352,104.1330246,403541.74170931516,123104.49007044047,8,156.15036178838167,22,30,8,27.746366033314484,0.0,0.0,0
7345,Sarapan Pagi BUNDA,breakfast restaurant,F&B,Indonesia.Batam.Kuliner.202406162232.db,places,1.1866649,104.1140092,401428.45770904946,131178.09885177246,-1,0.0,2,9,0,251.84162846597016,4.0,0.6931471805599453,0
7347,Warung Asam Pedas Mak Jamaliah,indonesian restaurant,F&B,Indonesia.Batam.Kuliner.202406162232.db,places,1.1956447,104.0870128,398425.03075959167,132171.74430135093,-1,0.0,7,7,0,31.85344803508229,4.7,2.5649493574615367,0
7349,Kelong Seafood,seafood restaurant,F&B,Indonesia.Batam.Kuliner.202406162232.db,places,1.1868229,104.0720916,396764.49001008726,131197.09405065657,-1,0.0,3,4,0,324.5616506095415,3.5,4.30406509320417,0
7350,Warung Ayyu Queen,restaurant,F&B,Indonesia.Batam.Kuliner.202406162232.db,places,1.1334475,104.1057629,400509.07608229795,125295.5274566911,15,557.6422726034746,11,42,2,34.07740519279031,0.0,0.0,0
7351,WARUNG HANAN,restaurant,F&B,Indonesia.Batam.Kuliner.202406162232.db,places,1.1668064,104.1194836,402036.8715167273,128982.67341066203,-1,0.0,1,9,0,65.9658609855845,5.0,1.0986122886681098,0
7352,Coto Sentral Makassar,south sulawesi restaurant,F&B,Indonesia.Batam.Kuliner.202406162232.db,places,1.1470579,104.1344335,403699.6067628804,126799.09511272595,11,412.26221500744697,20,43,1,148.24096146827432,3.8,1.791759469228055,0
7353,Warung anugrah,restaurant,F&B,Indonesia.Batam.Kuliner.202406162232.db,places,1.1946729,104.0885667,398597.8899227842,132064.25961835877,-1,0.0,7,9,1,69.63599829756261,0.0,0.0,0
7354,BBQ Hotpot,restaurant,F&B,Indonesia.Batam.Kuliner.202406162232.db,places,1.1372405,104.1131339,401329.3526861242,125714.56791919668,15,1412.8992626245515,33,42,6,0.2950654938531869,4.2,2.4849066497880004,0
7355,Sate Madura Cak Khoirul,indonesian restaurant,F&B,Indonesia.Batam.Kuliner.202406162232.db,places,1.1379192,104.1123727,401244.6796193239,125789.6200478525,15,1401.3343914786408,33,42,9,13.489154406432247,0.0,0.0,0
7356,Bakul Bekal,restaurant,F&B,Indonesia.Batam.Kuliner.202406162232.db,places,1.1542866,104.1036439,400274.02081118367,127599.23981308956,10,509.23627167100085,10,39,4,140.64175894424423,0.0,0.0,0
7357,Pasar Camilan MTC minggu pagi (MTC Sunday Morning Snack s Hawkers),hawker stall,F&B,Indonesia.Batam.Kuliner.202406162232.db,places,1.1367466,104.1145557,401487.5347627217,125659.92178995287,15,1505.1147288638854,29,42,2,21.757449207132805,4.4,2.1972245773362196,0
7358,Nongsa Cafetaria,restaurant,F&B,Indonesia.Batam.Kuliner.202406162232.db,places,1.187689,104.0946578,399275.362556486,131292.0044912832,-1,0.0,5,6,1,13.231183839291642,3.6,1.791759469228055,0
7359,Restaurant Seafood Nak Dare,seafood restaurant,F&B,Indonesia.Batam.Kuliner.202406162232.db,places,1.1417424,104.1460596,404993.0146780697,126211.11604326955,-1,0.0,0,6,0,517.684290699018,3.5,1.0986122886681098,0
7360,Seafood makcik,seafood restaurant,F&B,Indonesia.Batam.Kuliner.202406162232.db,places,1.1563309,104.0842815,398119.70662010426,127825.91269155337,-1,0.0,4,5,1,25.574441889567485,4.7,1.3862943611198906,0
7361,Ayam Geprek Bude Hasmi,ayam penyet restaurant,F&B,Indonesia.Batam.Kuliner.202406162232.db,places,1.1150144,104.1343098,403684.7867058788,123256.90916835087,8,351.78035390200444,21,26,0,6.587348078470158,5.0,0.6931471805599453,0
7362,RM Simpang Empat,padang restaurant,F&B,Indonesia.Batam.Kuliner.202406162232.db,places,1.1834731,104.1135387,401375.99478332896,130825.28182912547,-1,0.0,4,11,0,227.39053228734875,5.0,1.3862943611198906,0
7363,Bubur Ayam Cimahi KANG ONE (Chiken Porridge),hawker stall,F&B,Indonesia.Batam.Kuliner.202406162232.db,places,1.1322195,104.1045071,400369.30505023943,125159.82252163463,15,377.7565047149446,11,40,1,30.18428607588202,4.0,0.6931471805599453,0
7364,Rotibakar SAHABAT,restaurant,F&B,Indonesia.Batam.Kuliner.202406162232.db,places,1.1556312,104.0999424,399862.2157197445,127748.00764219374,10,178.83818231832666,24,39,6,131.95863706352097,4.8,1.9459101490553132,0
7365,Ayu seafood,indonesian restaurant,F&B,Indonesia.Batam.Kuliner.202406162232.db,places,1.1561651,104.0844418,398137.5367690135,127807.57862850567,-1,0.0,4,5,0,6.242883721560464,5.0,1.0986122886681098,0
7366,Sanur Hang Nadim Cafetaria,indonesian restaurant,F&B,Indonesia.Batam.Kuliner.202406162232.db,places,1.124074,104.115874,401633.790969833,124259.00053896934,-1,0.0,2,2,0,66.71803043489827,3.1,3.4011973816621555,0
7368,Dapur Bunda,restaurant,F&B,Indonesia.Batam.Kuliner.202406162232.db,places,1.110506,104.132465,403479.37508865166,122758.59657230697,8,195.41478688207638,17,32,7,185.1298494042987,3.0,0.6931471805599453,0
7369,Restaurant Apung Seafood,seafood restaurant,F&B,Indonesia.Batam.Kuliner.202406162232.db,places,1.1716561,104.0665146,396143.3972149615,129520.68478484105,-1,0.0,1,2,1,4.892530026045641,4.8,2.5649493574615367,0
7370,FAHAN s Kitchen,restaurant,F&B,Indonesia.Batam.Kuliner.202406162232.db,places,1.1545457,104.1234565,402478.49699207675,127627.1945169297,16,242.42591007742197,9,26,1,88.64088380012595,4.3,1.3862943611198906,0
7371,Mi Aceh Angkasa,noodle shop,F&B,Indonesia.Batam.Kuliner.202406162232.db,places,1.1363121,104.1103613,401020.8231794502,125612.03390381354,15,1117.8635441349777,30,47,0,4.292639997134669,0.0,0.0,0
7372,Taming Sari Café,restaurant,F&B,Indonesia.Batam.Kuliner.202406162232.db,places,1.197001,104.1011265,399995.43911272986,132321.1572668655,-1,0.0,3,3,1,76.1604832363356,4.0,4.820281565605037,0
7373,Meljuice Batam,restaurant,F&B,Indonesia.Batam.Kuliner.202406162232.db,places,1.1418861,104.1166904,401725.22962228325,126227.98839450725,15,2051.367227603696,11,43,4,69.3320672787141,0.0,0.0,0
7374,Kedai Mak Joyah,seafood restaurant,F&B,Indonesia.Batam.Kuliner.202406162232.db,places,1.1482884,104.0918105,398957.1496632954,126936.58973451452,-1,0.0,3,6,1,30.512288133650564,5.0,0.6931471805599453,0
7375,Nasi Uduk Betawi Mpok Lanny,indonesian restaurant,F&B,Indonesia.Batam.Kuliner.202406162232.db,places,1.1536194,104.1167198,401728.9014065823,127525.02984184446,-1,0.0,3,21,0,112.97784716422052,0.0,0.0,0
7376,Sumber Rezeki Seafood in Nongsa Beach,seafood restaurant,F&B,Indonesia.Batam.Kuliner.202406162232.db,places,1.1947201,104.0848974,398189.6264318925,132069.61301949606,-1,0.0,7,7,1,67.47969516956802,4.3,2.833213344056216,0
7377,Nasi Lemak Ucu ni,breakfast restaurant,F&B,Indonesia.Batam.Kuliner.202406162232.db,places,1.1396783,104.1402197,404343.1669142559,125983.1378687774,-1,0.0,0,6,0,582.7335790654704,4.5,1.0986122886681098,0
7378,Esdoger Batam,restaurant,F&B,Indonesia.Batam.Kuliner.202406162232.db,places,1.151417,104.1075319,400706.5242600545,127281.88674236549,-1,0.0,1,14,0,146.28714831056575,0.0,0.0,0
7379,Warung Sarapan Pagi Uni Leny,breakfast restaurant,F&B,Indonesia.Batam.Kuliner.202406162232.db,places,1.1593446,104.0977919,399623.0680749528,128158.5786944781,10,349.1428142387793,16,37,0,24.163553894617213,5.0,0.6931471805599453,0
7380,Pentol Mercon Batam,restaurant,F&B,Indonesia.Batam.Kuliner.202406162232.db,places,1.1349008,104.111114,401104.5256579426,125455.99756894028,15,1075.4460190464165,30,46,6,176.0735505396193,5.0,1.3862943611198906,0
7381,Wr Kelapa Muda Buk Jamal,diner,F&B,Indonesia.Batam.Kuliner.202406162232.db,places,1.1953829,104.0871324,398438.3284448007,132142.79928934877,-1,0.0,7,7,0,31.85344803508229,0.0,0.0,0
7382,AYAM GEPREK ANI,chicken restaurant,F&B,Indonesia.Batam.Kuliner.202406162232.db,places,1.1261839,104.1418691,404526.24674368254,124491.37233184215,-1,0.0,0,0,0,1029.8757726439794,5.0,1.0986122886681098,0
7383,Ayam Bakar Taliwang Rasbani,indonesian restaurant,F&B,Indonesia.Batam.Kuliner.202406162232.db,places,1.137174,104.11328,401345.6064778642,125707.21176246258,15,1420.6310630860537,33,42,9,17.84093012775738,3.7,1.3862943611198906,0
7384,Seblak Aci Abg Super,caterer,F&B,Indonesia.Batam.Kuliner.202406162232.db,places,1.1855402,104.0971408,399551.55640226154,131054.37647294044,-1,0.0,4,7,0,0.0,0.0,0.0,0
7385,Risol Mejik  Tanison Mart - Batu Besar,restaurant,F&B,Indonesia.Batam.Kuliner.202406162232.db,places,1.1505038,104.1325127,403486.00340868335,127180.08076401058,11,112.64914347774997,32,39,13,21.687112428484348,0.0,0.0,0
7386,Seblak Aci Prasmanan Abg Super,soup kitchen,F&B,Indonesia.Batam.Kuliner.202406162232.db,places,1.1548334,104.0990602,399764.0286246363,127659.8465609284,10,291.2377046356102,19,39,2,4.74687896889066,0.0,0.0,0
7387,Kedai Djoenk,restaurant,F&B,Indonesia.Batam.Kuliner.202406162232.db,places,1.1123208,104.1329438,403532.7086312714,122959.19473539201,8,23.886756098745824,21,32,8,80.3477881881271,0.0,0.0,0
7388,Warung Montigo,cafe,F&B,Indonesia.Batam.Kuliner.202406162232.db,places,1.1837931,104.0739931,396975.9501299939,130862.09377569774,-1,0.0,3,5,0,37.02779060724794,4.7,1.9459101490553132,0
7389,Warteg,indonesian restaurant,F&B,Indonesia.Batam.Kuliner.202406162232.db,places,1.1870722,104.1083795,400802.08520953706,131223.32466761966,-1,0.0,4,9,0,12.089428266085353,0.0,0.0,0
7390,Es Durian Podo Moro,restaurant,F&B,Indonesia.Batam.Kuliner.202406162232.db,places,1.158871,104.0968574,399519.0730910472,128106.25805445443,10,406.40560756241604,16,37,4,116.41480167925154,4.4,2.70805020110221,0
7391,Selera Restaurant,restaurant,F&B,Indonesia.Batam.Kuliner.202406162232.db,places,1.1959001,104.0981532,399664.57589555776,132199.5676518482,-1,0.0,3,7,1,296.4345127559269,3.7,3.295836866004329,0
7392,Mie Pangsit Ayam Bangka Mr Ong MTC Batu Besar,brunch restaurant,F&B,Indonesia.Batam.Kuliner.202406162232.db,places,1.1372431,104.1131345,401329.4195343891,125714.85531257716,15,1413.1361184518069,33,42,0,0.2950654938531869,0.0,0.0,0
7393,sambal pecel madiun bu yoan,food producer,F&B,Indonesia.Batam.Kuliner.202406162232.db,places,1.1546006,104.1170039,401760.5457070943,127633.485511106,-1,0.0,3,21,0,112.97784716422052,0.0,0.0,0
7394,Inspirasi Geprek,chicken restaurant,F&B,Indonesia.Batam.Kuliner.202406162232.db,places,1.1507975,104.1330769,403548.78926946304,127212.52822903983,11,50.375111234080954,31,40,0,1.360164272554777,5.0,0.6931471805599453,0
7395,Warung Miso dan Soto Medan del s kitchen,restaurant,F&B,Indonesia.Batam.Kuliner.202406162232.db,places,1.1572084,104.1005295,399927.5953980909,127922.33726379585,10,44.58956628217331,28,38,9,13.891442012394656,5.0,0.6931471805599453,0
7396,Pindang Patin Pegagan,restaurant,F&B,Indonesia.Batam.Kuliner.202406162232.db,places,1.1367676,104.111623,401161.2238614964,125662.34342694067,15,1252.781925892703,32,48,6,22.54033818987473,4.4,2.5649493574615367,0
7397,Bakso Bakar The Khumai,food broker,F&B,Indonesia.Batam.Kuliner.202406162232.db,places,1.1596442,104.0994489,399807.4466809713,128191.63905699813,10,276.5756725615612,19,37,0,109.43247223944496,0.0,0.0,0
7398,Sari Tebu MeKar,breakfast restaurant,F&B,Indonesia.Batam.Kuliner.202406162232.db,places,1.1398166,104.1161719,401667.46776660613,125999.23590526753,15,1854.8900882939693,25,43,1,160.25112825440783,3.0,0.6931471805599453,0
7399,GM (GEPREK MANTUL),restaurant,F&B,Indonesia.Batam.Kuliner.202406162232.db,places,1.1521847,104.1310358,403321.73197593575,127365.94297043794,11,322.36266812744503,28,41,11,95.17836718925635,4.2,3.7612001156935624,0
7400,Nasi Kapau UNI LINDA,restaurant,F&B,Indonesia.Batam.Kuliner.202406162232.db,places,1.1365552,104.1134466,401364.1224906185,125638.80156881807,15,1392.7373441296802,33,42,6,45.660516602428686,4.5,3.2188758248682006,0
7401,Dapur Maknyik,chicken restaurant,F&B,Indonesia.Batam.Kuliner.202406162232.db,places,1.1119208,104.1337717,403624.8135541338,122914.95041570888,8,120.45404959017351,21,32,0,0.4944659329574612,0.0,0.0,0
7402,WARUNG AMMAR,grocery store,F&B,Indonesia.Batam.Kuliner.202406162232.db,places,1.1585173,104.1122084,401227.10558046564,128066.6187556282,-1,0.0,4,15,0,44.793199002518385,5.0,0.6931471805599453,0
7403,Warung Pak Yono,general store,F&B,Indonesia.Batam.Kuliner.202406162232.db,places,1.1728619,104.0782294,397446.9061426455,129653.54827032072,-1,0.0,0,2,0,677.721078285968,5.0,1.0986122886681098,0
7404,Kedai PION,cafe,F&B,Indonesia.Batam.Kuliner.202406162232.db,places,1.1783488,104.095397,399357.27318363264,130259.47096579312,-1,0.0,0,3,0,818.3035710137963,5.0,0.6931471805599453,0
7407,Rumah Al pukat Kocok Batam,cafe,F&B,Indonesia.Batam.Kuliner.202406162232.db,places,1.1850954,104.1065701,400600.69210437837,131004.86618519589,-1,0.0,4,8,0,113.30976110830169,3.5,1.6094379124341003,0
7408,Cafe fabio,art cafe,F&B,Indonesia.Batam.Kuliner.202406162232.db,places,1.161759,104.0942431,399228.2918112003,128425.60314412997,10,823.8888776201543,4,26,0,0.0,0.0,0.0,0
7409,The Almora Restaurant,restaurant,F&B,Indonesia.Batam.Kuliner.202406162232.db,places,0.7590614,104.1847138,409283.8852782033,83907.69161156927,-1,0.0,4,5,1,178.70516107235684,1.7,1.3862943611198906,0
7410,Warung Bude,ice cream shop,F&B,Indonesia.Batam.Kuliner.202406162232.db,places,1.1590744,104.0986361,399716.9894933169,128128.67972054967,10,262.36466393880954,23,38,0,8.705602010182597,0.0,0.0,0
7414,Meca Caffe & Resto,cafe,F&B,Indonesia.Batam.Kuliner.202406162232.db,places,1.1679611,104.081889,397853.9187077291,129111.65655436892,-1,0.0,0,1,0,677.721078285968,4.4,1.791759469228055,0
7415,Toko Makanan & Minuman,grocery store,F&B,Indonesia.Batam.Kuliner.202406162232.db,places,1.1529829,104.1002702,399898.5961896285,127455.24186542869,10,470.6315212880464,14,39,0,112.76457360326233,4.0,0.6931471805599453,0
7416,Nen s Kitchen Cafe,restaurant,F&B,Indonesia.Batam.Kuliner.202406162232.db,places,1.161759,104.0942431,399228.2918112003,128425.60314412997,10,823.8888776201543,4,26,1,0.0,0.0,0.0,0
7417,Resto Kelong Wan Raja Kelembak,seafood restaurant,F&B,Indonesia.Batam.Kuliner.202406162232.db,places,1.1499037,104.0901034,398767.2628908637,127115.21268654507,-1,0.0,3,11,1,240.05870883151766,0.0,0.0,0
7418,WARUNG ADEL,grocery store,F&B,Indonesia.Batam.Kuliner.202406162232.db,places,1.1673008,104.1191516,401999.94856303773,129037.337752846,-1,0.0,1,7,0,65.9658609855845,0.0,0.0,0
7419,TARAGAK FOOD AND DRINK,restaurant,F&B,Indonesia.Batam.Kuliner.202406162232.db,places,1.1604029,104.1163484,401687.81080744404,128274.91601672285,-1,0.0,4,20,3,62.81847898480419,4.7,1.3862943611198906,0
7420,Tadd s Restaurant,restaurant,F&B,Indonesia.Batam.Kuliner.202406162232.db,places,1.1840785,104.0738189,396956.578132749,130893.64980523249,-1,0.0,3,5,0,37.02779060724794,4.1,5.69035945432406,3
7421,Sunmofee Tropical,cafe,F&B,Indonesia.Batam.Kuliner.202406162232.db,places,1.1576279,104.0862025,398333.49616239255,127969.22021847645,-1,0.0,4,5,0,177.30525973205994,4.4,5.0689042022202315,0
7422,kedai kopi rina,cafe,F&B,Indonesia.Batam.Kuliner.202406162232.db,places,1.1949169,104.0879897,398533.6989101104,132091.2538057111,-1,0.0,7,8,0,69.63599829756261,3.0,0.6931471805599453,0
7424,Warung Ante neng,coffee shop,F&B,Indonesia.Batam.Kuliner.202406162232.db,places,1.1593145,104.098007,399647.00037656614,128155.24368678594,10,329.367775790169,20,37,0,24.163553894617213,4.7,1.3862943611198906,0
7425,Noengsa Kopie,coffee shop,F&B,Indonesia.Batam.Kuliner.202406162232.db,places,1.1551247,104.1045949,400379.86416189204,127691.8534701265,10,548.99398910994,7,40,0,140.64175894424423,4.7,3.091042453358316,0
7426,Gorengan Ilham,deli,F&B,Indonesia.Batam.Kuliner.202406162232.db,places,1.1526063,104.1012477,400007.3459259884,127413.576577691,10,526.8946056383359,13,38,0,34.15013228373835,5.0,1.3862943611198906,0
7427,PEMPEK PALEMBANG BU AYUK,staple food package,F&B,Indonesia.Batam.Kuliner.202406162232.db,places,1.1582998,104.1007248,399949.3639526146,128042.97830931447,10,134.76109571397174,24,38,0,18.276657721841627,5.0,0.6931471805599453,0
7428,Capt Saleh,soup kitchen,F&B,Indonesia.Batam.Kuliner.202406162232.db,places,1.1537167,104.1009742,399976.95333801507,127536.33444435331,10,400.43220944826066,16,38,1,70.86480879709882,5.0,0.6931471805599453,0
7429,Indomaret Sambau,convenience store,F&B,Indonesia.Batam.Kuliner.202406162232.db,places,1.161231,104.1019561,400086.4687598852,128366.96190806024,10,485.9335921313102,16,35,2,4.231978135436869,4.8,1.9459101490553132,0
7430,Queensha Molen,fast food restaurant,F&B,Indonesia.Batam.Kuliner.202406162232.db,places,1.1526933,104.1015422,400040.1169041657,127423.18358160995,10,526.3908575841932,12,38,0,34.15013228373835,5.0,2.1972245773362196,0
7431,Warung Fauzan raadhan,grocery store,F&B,Indonesia.Batam.Kuliner.202406162232.db,places,1.1814293,104.1133074,401350.1870802633,130599.3605670973,-1,0.0,2,11,0,225.17532108955325,0.0,0.0,0
7432,cilok kribo batam,food court,F&B,Indonesia.Batam.Kuliner.202406162232.db,places,1.1604686,104.1046377,400384.8128999522,128282.58846015455,10,615.7240553194567,11,36,0,280.4503649027556,0.0,0.0,0
7433,Nai petsop,grocery store,F&B,Indonesia.Batam.Kuliner.202406162232.db,places,1.1709913,104.0943247,399237.6995472796,129446.17927664574,-1,0.0,0,1,0,822.0348083547881,0.0,0.0,0
7434,Family Boba 01,bubble tea store,F&B,Indonesia.Batam.Kuliner.202406162232.db,places,1.1855402,104.0971408,399551.55640226154,131054.37647294044,-1,0.0,4,7,0,0.0,5.0,1.9459101490553132,0
7435,Alfamart,convenience store,F&B,Indonesia.Batam.Kuliner.202406162232.db,places,1.1612084,104.1019868,400089.8838327986,128364.46252494935,10,485.11034976451043,16,35,2,3.1113201415853338,4.3,5.117993812416755,0
7436,Bakso Goceng,restaurant,F&B,Indonesia.Batam.Kuliner.202406162232.db,places,1.1606402,104.1158354,401630.73974698037,128301.16588071329,-1,0.0,5,19,3,62.81847898480419,0.0,0.0,0
7437,TIIGO Beach Club,bar & grill,F&B,Indonesia.Batam.Kuliner.202406162232.db,places,1.1844797,104.0738492,396959.96431032394,130937.99935176565,-1,0.0,3,5,0,44.47862943331678,4.6,5.703782474656201,0
7438,Rm Berkah food,ayam penyet restaurant,F&B,Indonesia.Batam.Kuliner.202406162232.db,places,1.1728158,104.027857,391842.1137299388,129650.34835059637,-1,0.0,1,14,0,339.80259036967567,5.0,0.6931471805599453,0
7439,Jayo Betta,fish store,F&B,Indonesia.Batam.Kuliner.202406162232.db,places,1.1606288,104.1019674,400087.70492429734,128300.39181549416,10,426.97403197465263,17,36,0,57.52059421174682,4.7,1.3862943611198906,0
7440,Wanzaferda,cake shop,F&B,Indonesia.Batam.Kuliner.202406162232.db,places,1.1879367,104.0945619,399264.70119556884,131319.38983614565,-1,0.0,5,7,0,29.387441702887596,5.0,0.6931471805599453,0
7441,WMP warung mak putra,general store,F&B,Indonesia.Batam.Kuliner.202406162232.db,places,1.1534822,104.0969552,399529.7654683076,127510.55341135284,10,545.1089054429971,11,35,0,168.8209166559721,5.0,1.0986122886681098,0
7442,junie366 masakan nusantara,restaurant,F&B,Indonesia.Batam.Kuliner.202406162232.db,places,1.1616975,104.1148844,401524.9627284134,128418.07690408321,-1,0.0,4,18,2,157.66091792932542,0.0,0.0,0
7443,toko reni,grocery store,F&B,Indonesia.Batam.Kuliner.202406162232.db,places,1.1584412,104.1010494,399985.4859057588,128058.59779922671,10,167.81159792953798,23,37,2,39.35433856731576,4.2,2.5649493574615367,0
7444,Pondok bunda Baskoro,coffee shop,F&B,Indonesia.Batam.Kuliner.202406162232.db,places,1.1485486,104.091902,398967.33971556433,126965.35016848044,-1,0.0,3,7,0,30.512288133650564,4.8,3.332204510175204,0
7445,wr emi,grocery store,F&B,Indonesia.Batam.Kuliner.202406162232.db,places,1.1870206,104.1082837,400791.4242030283,131217.62403467047,-1,0.0,4,9,1,12.089428266085353,4.0,1.0986122886681098,0
7446,Minimarket Adi Mahmuda,grocery store,F&B,Indonesia.Batam.Kuliner.202406162232.db,places,1.1831947,104.1198981,402083.5616514359,130794.2811655436,-1,0.0,1,6,0,244.91886561008488,5.0,1.0986122886681098,0
7448,Es Kukul,grocery store,F&B,Indonesia.Batam.Kuliner.202406162232.db,places,1.1590161,104.0986887,399722.84004434105,128122.23312772294,10,253.67088259453413,23,38,2,8.705602010182597,0.0,0.0,0
7449,Minimarket Priskilla,grocery store,F&B,Indonesia.Batam.Kuliner.202406162232.db,places,1.1852939,104.1075692,400711.8639473633,131026.7733367624,-1,0.0,4,9,1,113.30976110830169,4.3,1.3862943611198906,0
7451,DAM  Hanan Tirta (HT),soup kitchen,F&B,Indonesia.Batam.Kuliner.202406162232.db,places,1.1520106,104.0965496,399484.58417789626,127347.89071465403,10,701.8591470072973,7,31,1,163.7462192820517,0.0,0.0,0
7452,Toko Zaki Mubarak Fresh Mart,convenience store,F&B,Indonesia.Batam.Kuliner.202406162232.db,places,1.1581368,104.1007523,399952.4180552603,128024.95863466394,10,121.11824499242147,24,38,2,18.276657721841627,4.3,1.3862943611198906,0
7453,Iqbal Rusty,cafe,F&B,Indonesia.Batam.Kuliner.202406162232.db,places,1.153383,104.101518,400037.4483191825,127499.42674353896,10,453.2714976392629,14,38,0,70.86480879709882,5.0,1.3862943611198906,0
7454,Siinar Jaya Mart,grocery store,F&B,Indonesia.Batam.Kuliner.202406162232.db,places,1.1603374,104.1009146,399970.5537885658,128268.21645232786,10,353.57664257854054,18,36,2,121.48926947708038,5.0,0.6931471805599453,0
7455,Warung Zhafran Rt03 Rw12,fruit and vegetable store,F&B,Indonesia.Batam.Kuliner.202406162232.db,places,1.1581967,104.1124546,401254.48812143726,128031.16981873558,-1,0.0,5,17,0,44.793199002518385,5.0,0.6931471805599453,0
7456,Warung PAK OTEH,grocery store,F&B,Indonesia.Batam.Kuliner.202406162232.db,places,1.1498616,104.0922605,399007.2749898792,127110.4823575907,-1,0.0,4,12,0,150.5263380626296,0.0,0.0,0
7457,Boston Coffe Premium,restaurant,F&B,Indonesia.Batam.Kuliner.202406162232.db,places,1.1611843,104.1020385,400095.6354392981,128361.79658350386,10,485.1914553898579,16,35,4,3.414926285392697,5.0,2.0794415416798357,0
7458,Sambau,housing society,F&B,Indonesia.Batam.Kuliner.202406162232.db,places,1.1576789,104.1105404,401041.4850946767,127973.99695356685,-1,0.0,3,15,0,207.44580728855868,4.0,1.3862943611198906,0
7459,Island Bar,cocktail bar,F&B,Indonesia.Batam.Kuliner.202406162232.db,places,1.1979416,104.102119,400105.90328352223,132425.09895185303,-1,0.0,3,3,1,151.67797106663113,4.4,3.6635616461296463,0
7460,Pura Jaya Resort,restaurant,F&B,Indonesia.Batam.Kuliner.202406162232.db,places,1.1766962,104.0712028,396665.22254022217,130077.66989434365,-1,0.0,0,6,0,763.2392038483405,3.3,2.5649493574615367,0
7461,Emerald Bar,cocktail bar,F&B,Indonesia.Batam.Kuliner.202406162232.db,places,1.1972142,104.1004756,399923.0246990556,132344.7490429539,-1,0.0,3,3,1,76.1604832363356,4.1,3.1354942159291497,0
7465,Liga Bintang Lounge Seafood,seafood restaurant,F&B,Indonesia.Batam.Kuliner.202406162232.db,places,0.6198264,104.2854598,420492.11264550424,68514.83081112569,-1,0.0,5,7,2,71.487911165473,0.0,0.0,0
7468,Galang,coffee shop,F&B,Indonesia.Batam.Kuliner.202406162232.db,places,0.6610442,104.2570364,417329.8865730928,73071.4626138173,-1,0.0,0,1,0,674.1584300755496,0.0,0.0,0
7481,Bakso Karomah,bakso restaurant,F&B,Indonesia.Batam.Kuliner.202406162232.db,places,0.8834155,104.1448237,404847.9690115142,97654.9825535747,-1,0.0,2,2,0,131.21495566870428,0.0,0.0,0
7482,Warung ayam penyet ikorasaki,nasi restaurant,F&B,Indonesia.Batam.Kuliner.202406162232.db,places,0.9230119,104.1167781,401728.26669521176,102032.8386783086,-1,0.0,1,2,0,164.2119687617755,0.0,0.0,0
7483,Cahaya Barelang,restaurant,F&B,Indonesia.Batam.Kuliner.202406162232.db,places,0.9244419,104.1163785,401683.8409381318,102190.92701688071,-1,0.0,1,2,0,164.2119687617755,4.2,1.9459101490553132,0
7484,RM NEW SAMUDERA,restaurant,F&B,Indonesia.Batam.Kuliner.202406162232.db,places,0.9095606,104.1231611,402438.1636072306,100545.71109619155,-1,0.0,1,3,0,25.29035945782693,0.0,0.0,0
7499,Cita Rasa Seafood Barelang,seafood restaurant,F&B,Indonesia.Batam.Kuliner.202406162232.db,places,0.8116448,104.2292482,414240.5666490403,89719.36875320529,-1,0.0,2,2,1,0.0,4.4,5.480638923341991,0
7520,Pantai Sembulang,tourist attraction,F&B,Indonesia.Batam.Kuliner.202406162232.db,places,0.8577558,104.2642628,418137.7190827138,94815.72783556841,-1,0.0,1,1,0,175.267532037151,3.7,1.3862943611198906,0
7524,Joom Makan,restaurant,F&B,Indonesia.Batam.Kuliner.202406162232.db,places,1.1229559,104.0989395,399749.49718471506,124135.97694728196,15,833.2056379535749,18,44,7,48.22270703888723,4.0,0.6931471805599453,0
7537,Utama 98 Food Court,food court,F&B,Indonesia.Batam.Kuliner.202406162232.db,places,1.1382033,104.0021508,388980.4833622665,125825.03437194129,0,2216.660228213552,45,207,1,43.049675009717376,4.3,0.6931471805599453,0
7538,La Gwen s,restaurant,F&B,Indonesia.Batam.Kuliner.202406162232.db,places,1.1285718,104.0376893,392934.48184650624,124758.96521300392,0,2025.2957128493747,22,93,11,0.0,5.0,2.3978952727983707,0
7541,Magal Authentic Korean Restaurant Batam,korean restaurant,F&B,Indonesia.Batam.Kuliner.202406162232.db,places,1.1551105,103.9966027,388363.8001224351,127694.29796875479,0,3408.3421542516703,21,60,0,22.899228165226056,4.0,4.2626798770413155,0
7542,Jumbo Thai Kitchen,thai restaurant,F&B,Indonesia.Batam.Kuliner.202406162232.db,places,1.1557029,103.9945277,388132.9386703484,127759.86798269956,0,3637.4458752112464,15,39,0,23.277855088002077,4.5,6.598509028614515,0
7546,Volla Social House,restaurant,F&B,Indonesia.Batam.Kuliner.202406162232.db,places,1.1323982,104.0406118,393259.80601431744,125181.8512659925,0,2153.327954960926,18,102,9,37.969226913313236,4.6,6.320768294250582,0
7568,Restoran Kelong Jembatan 2,seafood restaurant,F&B,Indonesia.Batam.Kuliner.202406162232.db,places,0.9685875,104.0496316,394257.92210243794,107072.9490670476,-1,0.0,0,1,0,883.2580103336097,4.1,5.60947179518496,2
7575,Kangen Cafe - BCS,restaurant,F&B,Indonesia.Batam.Kuliner.202406162232.db,places,1.1325024,104.0104983,389909.0939001596,125194.49659388706,0,1422.9817378032212,104,222,36,14.77984197988189,2.8,4.74493212836325,0
7585,Kelong Arjam Mentarau Malay Seafood,seafood restaurant,F&B,Indonesia.Batam.Kuliner.202406162232.db,places,1.1342596,103.971899,385614.1908121088,125390.24699273605,-1,0.0,2,16,1,36.534073063890155,4.4,6.566672429803241,2
7586,Kelong Restaurant 188 Citra Utama,seafood restaurant,F&B,Indonesia.Batam.Kuliner.202406162232.db,places,0.9818252,104.0285069,391907.69522858225,108536.99505473263,-1,0.0,1,3,1,81.39047658259315,4.2,5.537334267018537,2
7593,Hwa Ga Traditional Korean Charcoal BBQ,korean restaurant,F&B,Indonesia.Batam.Kuliner.202406162232.db,places,1.1385074,104.0467679,393945.0115709193,125856.97213802095,0,2748.611934868569,14,36,0,18.076372467016505,4.2,4.7535901911063645,0
7598,SOGOGI SHABU & GRILL BATAM,buffet restaurant,F&B,Indonesia.Batam.Kuliner.202406162232.db,places,1.1446136,104.0148757,390396.62461175903,126533.18656033378,0,1085.6842520147757,191,383,0,7.562982411580061,3.0,3.091042453358316,0
7602,Roku Grill Batam,korean restaurant,F&B,Indonesia.Batam.Kuliner.202406162232.db,places,1.1008446,104.0604122,395461.85687770654,121693.02368235853,9,190.25474707506584,86,125,0,57.367384839472216,4.8,1.6094379124341003,0
7609,Tang Shabu,restaurant,F&B,Indonesia.Batam.Kuliner.202406162232.db,places,1.1368335,104.0453087,393782.58712366124,125671.98303994972,0,2588.737876987403,18,44,6,46.159206752404565,4.8,4.564348191467836,0
7611,Nasi Kari Regency,coffee shop,F&B,Indonesia.Batam.Kuliner.202406162232.db,places,1.1275312,104.008146,389647.1656010386,124645.03410767255,0,1932.6303445121755,41,184,0,20.80847009583457,4.5,2.8903717578961645,0
7613,Dae jang geum mega mall,korean restaurant,F&B,Indonesia.Batam.Kuliner.202406162232.db,places,1.1295774,104.0561901,394993.0835806423,124869.45533250543,0,3908.386035209304,29,63,1,7.9611602788125015,3.1,2.6390573296152584,0
7614,Nasi Bakar Raja Rasa,family restaurant,F&B,Indonesia.Batam.Kuliner.202406162232.db,places,1.0507598,104.0031667,389090.3098988894,116158.35401403143,-1,0.0,8,11,0,33.017667333196165,5.0,1.3862943611198906,0
7633,Teh Tarek Raja,restaurant,F&B,Indonesia.Batam.Kuliner.202406162232.db,places,1.1273439,104.051434,394463.7977882692,124622.72377517914,0,3472.3302360398297,41,117,10,26.019339467629774,4.6,4.2626798770413155,0
7643,Goyang Lidah Padang Restaurant,indonesian restaurant,F&B,Indonesia.Batam.Kuliner.202406162232.db,places,1.1250374,104.0461609,393876.9818253928,124367.94135528678,0,3038.4257662804366,53,127,4,0.0,4.5,4.23410650459726,0
7649,28 Food Centre,restaurant,F&B,Indonesia.Batam.Kuliner.202406162232.db,places,1.127688,104.033415,392458.85068595223,124661.42208737368,0,1699.3462881197675,25,88,11,37.42128399681593,4.3,6.124683390894205,0
7653,WR BARADO,restaurant,F&B,Indonesia.Batam.Kuliner.202406162232.db,places,1.1239643,104.0134987,390242.6284297552,124250.52180423078,0,1819.4893147748937,25,87,10,104.76584262182732,4.1,3.295836866004329,0
7654,Pesona Kuliner,breakfast restaurant,F&B,Indonesia.Batam.Kuliner.202406162232.db,places,1.1207384,104.0970608,399540.3830949528,123890.90950564427,15,1154.95361611469,18,50,0,228.8065471997325,0.0,0.0,0
7664,Gapyeong Korean BBQ Batam,korean restaurant,F&B,Indonesia.Batam.Kuliner.202406162232.db,places,1.1049522,104.0752467,397112.62352484604,122146.58210004849,12,496.0044452037206,27,53,0,27.536707790356207,4.7,4.5217885770490405,0
7666,Kuliner batam,restaurant,F&B,Indonesia.Batam.Kuliner.202406162232.db,places,1.0288683,103.9757719,386041.2015529778,113739.27452448515,2,2013.2421280546716,4,17,1,141.5628535657855,0.0,0.0,0
7674,OKE BOS KULINER,fast food restaurant,F&B,Indonesia.Batam.Kuliner.202406162232.db,places,1.1453474,104.0007891,388829.2412727116,126614.84848901354,0,2504.1687848180472,28,217,1,67.13049011215831,0.0,0.0,0
7683,KULINER DJAWA,restaurant,F&B,Indonesia.Batam.Kuliner.202406162232.db,places,1.0368704,104.0719977,396748.83195521566,114620.59081836377,-1,0.0,5,16,3,182.95489725807516,0.0,0.0,0
7684,D Kampoeng Resto,restaurant,F&B,Indonesia.Batam.Kuliner.202406162232.db,places,1.1048188,104.0754557,397135.87415399903,122131.82816769397,12,475.13047966961375,27,53,9,27.536707790356207,4.0,4.189654742026425,0
7685,Kopi Tiam 789 Khas Selat Panjang  Permata Baloi  Batam,breakfast restaurant,F&B,Indonesia.Batam.Kuliner.202406162232.db,places,1.1287524,104.0085211,389688.9490998599,124780.02004165252,0,1820.386019885492,58,188,0,18.491866038854933,4.7,1.3862943611198906,0
7689,Warung makan dan kuliner,snack bar,F&B,Indonesia.Batam.Kuliner.202406162232.db,places,1.1287841,103.9665889,385023.11283664056,124785.14875471345,-1,0.0,3,12,0,224.75097948716217,0.0,0.0,0
7690,Batamuan Yadi Prata,breakfast restaurant,F&B,Indonesia.Batam.Kuliner.202406162232.db,places,1.1011354,104.0595931,395370.7260659202,121725.1990247265,9,108.34578562295533,89,125,0,23.807234714309498,4.0,0.6931471805599453,0
7696,Bebek Carok Batam 2 - Batu Aji,chicken restaurant,F&B,Indonesia.Batam.Kuliner.202406162232.db,places,1.0419432,103.9845449,387017.8790036453,115184.36489850192,2,1139.2620217450603,36,102,0,71.52511290033618,4.5,5.342334251964811,2
7698,Kampoeng Kuliner,food court,F&B,Indonesia.Batam.Kuliner.202406162232.db,places,1.10585,104.0296922,392043.8195331941,122247.44730301463,0,3651.7217819159428,15,50,1,25.647708245618183,4.4,3.258096538021482,0
7702,D steam Seafood Batam Peranakan Style,restaurant,F&B,Indonesia.Batam.Kuliner.202406162232.db,places,1.148653,104.0158276,390502.69549496775,126979.69332526649,0,1369.166737462721,156,331,50,0.0,4.5,4.07753744390572,2
7705,Tempat kuliner,soup kitchen,F&B,Indonesia.Batam.Kuliner.202406162232.db,places,1.1127116,103.9798169,386494.393216591,123007.84474207285,7,1020.6855783454132,119,194,1,0.0,0.0,0.0,0
7712,RM Cirebon Batam Centre,indonesian restaurant,F&B,Indonesia.Batam.Kuliner.202406162232.db,places,1.1270609,104.0317059,392268.6569115856,124592.16166877635,0,1614.441145542352,20,82,3,186.03036950849426,4.1,4.762173934797756,2
7713,kulineran kita,food and beverage consultant,F&B,Indonesia.Batam.Kuliner.202406162232.db,places,0.5137912,101.441176,103751.25508302404,56899.84051456261,-1,0.0,0,2,0,715.6699238194914,0.0,0.0,0
7714,Kuliner Nusantara,nasi goreng restaurant,F&B,Indonesia.Batam.Kuliner.202406162232.db,places,1.100331,104.036339,392783.2135171724,121637.10197719559,0,4454.51190582354,21,36,0,70.05953432251833,0.0,0.0,0
7715,Alip Kopi Tiam,restaurant,F&B,Indonesia.Batam.Kuliner.202406162232.db,places,1.1426944,104.036506,392803.33722208836,126320.2086337171,0,1688.5891598016424,12,89,3,91.70249097109938,4.6,4.499809670330265,0
7718,Pempek Naura kuliner,pempek restaurant,F&B,Indonesia.Batam.Kuliner.202406162232.db,places,1.0313906,104.0479241,394069.9342791671,114015.61751881702,4,1224.1054167947593,16,76,1,40.597998593726466,0.0,0.0,0
7719,Toyo kuliner bukit kemuning,coffee shop,F&B,Indonesia.Batam.Kuliner.202406162232.db,places,1.0442267,104.0463883,393899.46971433633,115434.64580529481,4,2081.9205084095975,1,24,0,478.25797125103196,0.0,0.0,0
7723,Warkop Agem Medan  Special Mie Bangladesh  Cabang Batam center,indonesian restaurant,F&B,Indonesia.Batam.Kuliner.202406162232.db,places,1.1067978,104.0838747,398072.714157696,122350.30591952696,12,488.84850779404354,24,52,2,35.0961633939343,2.3,2.5649493574615367,0
7724,Warkop Agem Medan Spesial Mie Bangladesh Cabang Batam,restaurant,F&B,Indonesia.Batam.Kuliner.202406162232.db,places,1.1485741,104.0083929,389675.4379421969,126971.25711596325,0,1920.3820127927409,113,377,26,46.227057360229324,4.3,4.90527477843843,0
7726,Washoku SATO Eat and Go Batam,japanese restaurant,F&B,Indonesia.Batam.Kuliner.202406162232.db,places,1.0695019,104.0243731,391450.6616149889,118229.48356689264,13,293.3193121756323,38,45,1,27.0285723862836,4.4,3.332204510175204,0
7728,Myoung - Ga Batam,korean barbecue restaurant,F&B,Indonesia.Batam.Kuliner.202406162232.db,places,1.1254982,104.0264208,391680.5279771996,124419.6066446874,0,1462.2761288222746,13,42,0,11.376320446225948,4.4,6.555356891810665,2
7729,BAK KUT TEH BATAM- CHEN CHIA CHAO SAN LO KO CHA,coffee shop,F&B,Indonesia.Batam.Kuliner.202406162232.db,places,1.1352446,104.0103863,389896.7352736285,125497.64301769409,0,1334.8692989063372,108,288,2,14.127193055848943,4.6,3.1780538303479458,0
7736,Pepper Lunch,restaurant,F&B,Indonesia.Batam.Kuliner.202406162232.db,places,1.1363398,104.0057114,389376.6006052997,125618.89278354066,0,1829.3470335272332,89,263,28,44.96198337805484,4.9,0.6931471805599453,2
7738,Ayam Geprek JUARA - BATAM-Aviari,chicken restaurant,F&B,Indonesia.Batam.Kuliner.202406162232.db,places,1.0522901,103.972275,385652.9272214444,116328.63991521562,2,688.7829928257589,55,153,2,16.441618090819777,4.4,6.150602768446279,1
7742,MELAWA BATAM  Teh Tarik Belakang Padang,restaurant,F&B,Indonesia.Batam.Kuliner.202406162232.db,places,1.1056366,104.0751287,397099.51734387345,122222.2431490385,12,505.2981541288288,27,53,9,19.906128899462388,4.2,5.267858159063328,0
7744,Catering Semeru (Ruko PuriMas),buffet restaurant,F&B,Indonesia.Batam.Kuliner.202406162232.db,places,1.117494,104.0579892,395192.8363262354,123533.62485643745,6,327.1317462184596,19,39,1,0.0,4.5,3.8918202981106265,1
7746,La Kopi Cafe & Resto,restaurant,F&B,Indonesia.Batam.Kuliner.202406162232.db,places,1.1065533,104.0776836,397383.8298178538,122323.49119778356,12,248.6065313493828,28,54,8,36.767741410418964,4.3,0.6931471805599453,2
7747,Pondok Blado,restaurant,F&B,Indonesia.Batam.Kuliner.202406162232.db,places,1.1242451,104.0480614,394088.42025280045,124280.28684173503,0,3266.299258832964,59,123,19,18.190757682515482,4.4,4.382026634673881,0
7748,Warung Kuliner Batam,fusion restaurant,F&B,Indonesia.Batam.Kuliner.202406162232.db,places,1.1077138,103.9661928,384978.21779716114,122455.87286297047,7,629.4947559952312,76,133,0,43.43071267936537,0.0,0.0,0
7750,Dae Jang Geum BCS Mall,restaurant,F&B,Indonesia.Batam.Kuliner.202406162232.db,places,1.1327102,104.0107236,389934.1708854982,125217.45971513473,0,1390.5568733967657,100,226,36,9.196331511507905,3.8,2.4849066497880004,0
7752,A&W Mega Mall,fast food restaurant,F&B,Indonesia.Batam.Kuliner.202406162232.db,places,1.129357,104.0556139,394928.96265138866,124845.11191396553,0,3852.0975364587307,35,69,2,0.0,3.9,5.5134287461649825,2
7755,Daun Pisang Resto Grand Batam Mall,restaurant,F&B,Indonesia.Batam.Kuliner.202406162232.db,places,1.1355438,104.0074809,389573.4627351325,125530.82953169614,0,1645.6358982696706,99,285,30,0.0,4.3,5.153291594497779,2
7756,Ayam Penyet Ria - One Batam Mall,indonesian restaurant,F&B,Indonesia.Batam.Kuliner.202406162232.db,places,1.1301824,104.0452289,393773.4654806289,124936.73400752495,0,2717.1244913704977,18,124,2,40.505091322441196,2.9,3.091042453358316,0
7757,Charada Korean BBQ Batam,restaurant,F&B,Indonesia.Batam.Kuliner.202406162232.db,places,1.1314124,104.0396207,393149.4911384626,125072.91143547036,0,2083.3487475602233,23,102,13,155.03953853471342,4.3,6.018593214496234,2
7760,Ayam Geprek Gold Chick Batam,chicken restaurant,F&B,Indonesia.Batam.Kuliner.202406162232.db,places,1.1160281,104.0504371,394352.46792542224,123371.84640746808,6,599.7626586107323,15,65,0,45.35777901414459,3.8,5.820082930352362,0
7761,De Loving Heart,vegan restaurant,F&B,Indonesia.Batam.Kuliner.202406162232.db,places,1.1323889,104.0105685,389916.90077587485,125181.94683609989,0,1421.3285621946427,104,221,0,7.463961129168565,4.4,5.666426688112432,0
7762,Dae Jang Geum,korean restaurant,F&B,Indonesia.Batam.Kuliner.202406162232.db,places,1.1298727,104.0465905,393924.95808609616,124902.44818495373,0,2871.7054914975524,28,126,1,11.975137579446532,4.3,3.295836866004329,0
7763,Surgami  YourNoodleParadise,restaurant,F&B,Indonesia.Batam.Kuliner.202406162232.db,places,1.1299125,104.0449827,393746.06124266377,124906.9066683109,0,2700.8645615733003,18,127,6,13.365299508327643,4.0,4.454347296253507,0
7765,Dae Jang Geum Grand Batam,korean restaurant,F&B,Indonesia.Batam.Kuliner.202406162232.db,places,1.1352974,104.0075617,389582.4440048728,125503.58762390405,0,1641.469607530956,104,285,0,2.328515193260257,4.4,3.8066624897703196,0
7767,Warung P Dhe Soeroboyo,restaurant,F&B,Indonesia.Batam.Kuliner.202406162232.db,places,1.1505304,104.0255908,391589.10879851645,127186.86121163265,0,1441.5879079006402,104,205,35,24.251336719500827,4.6,3.8918202981106265,2
7774,Pasar Tradisional Bengkong Harapan,traditional market,F&B,Indonesia.Batam.Kuliner.202406162232.db,places,1.1534775,104.0302844,392111.47084674967,127512.47464284053,0,1941.678438744385,36,175,1,0.0,4.2,5.198497031265826,0
7775,LONTONG ANDA,breakfast restaurant,F&B,Indonesia.Batam.Kuliner.202406162232.db,places,1.1494107,104.0264075,391679.9398534694,127063.05122143292,0,1352.58239252231,117,201,5,12.750244988730593,4.5,5.1298987149230735,1
7777,MISO MEDAN MIMI,restaurant,F&B,Indonesia.Batam.Kuliner.202406162232.db,places,1.1520555,104.0321632,392320.46879888896,127355.20655619795,0,1918.8593627093253,37,187,13,126.67433055342121,4.7,1.3862943611198906,0
7779,Sabana Fried Chicken Bengkong Harapan,fried chicken takeaway,F&B,Indonesia.Batam.Kuliner.202406162232.db,places,1.1504072,104.0257828,391610.46777000395,127173.23457920246,0,1434.4898170628564,107,206,1,0.0,4.6,1.791759469228055,0
7789,AS Beach,seafood restaurant,F&B,Indonesia.Batam.Kuliner.202406162232.db,places,0.6217309,104.2865553,420614.04521175305,68725.33552447933,-1,0.0,5,6,2,190.0070216393152,0.0,0.0,0
7795,Mie Terempa K,noodle shop,F&B,Indonesia.Batam.Kuliner.202406162232.db,places,1.1147957,104.0530188,394639.6881070812,123235.51733164962,6,319.8601459296719,16,51,1,0.0,4.5,9.092569836241674,2
7806,Love Seafood Restaurant,seafood restaurant,F&B,Indonesia.Batam.Kuliner.202406162232.db,places,0.9857086,104.0974485,399579.19918594975,108964.13233078016,17,135.35340629953706,8,10,4,0.0,4.5,8.35772841676521,2
7809,Sup Ikan Yong Kee,seafood restaurant,F&B,Indonesia.Batam.Kuliner.202406162232.db,places,1.1283037,104.0503957,394348.30187979597,124728.8632403756,0,3328.249815151557,43,119,2,0.0,4.4,8.019941687677365,2
7812,RM  BATAK  TOBA TABO,restaurant,F&B,Indonesia.Batam.Kuliner.202406162232.db,places,1.1114695,104.1311041,403327.98307567806,122865.14946784837,8,201.55771578680267,17,32,7,181.4146644732795,0.0,0.0,0
7816,de SAMPAN BBQ CENTRE,seafood restaurant,F&B,Indonesia.Batam.Kuliner.202406162232.db,places,1.1253095,104.0461696,393877.95970112074,124398.02057369886,0,3025.2355933609897,56,128,3,0.0,4.4,7.2640301428995295,2
7824,The Almora Cafe & Restaurant,restaurant,F&B,Indonesia.Batam.Kuliner.202406162232.db,places,0.7576487,104.1863259,409463.2448957696,83751.49590825205,-1,0.0,4,5,1,26.073457514975978,2.0,1.791759469228055,0
7864,Warung Makan BARELANG,restaurant,F&B,Indonesia.Batam.Kuliner.202406162232.db,places,0.8461334,104.1693012,407570.775091914,93533.12716953858,-1,0.0,0,0,0,2719.4711185278356,4.4,1.791759469228055,0
7865,RM PANGKALAN BRANDAN,diner,F&B,Indonesia.Batam.Kuliner.202406162232.db,places,0.9169479,104.1195914,402041.14810933993,101362.4254963144,-1,0.0,0,4,0,739.8301250276529,5.0,1.3862943611198906,0
7868,Pak busu Restaurant dan Keramba,bakso restaurant,F&B,Indonesia.Batam.Kuliner.202406162232.db,places,0.906037,104.134632,403714.4830509868,100155.89366146488,-1,0.0,0,1,0,848.728303398608,4.7,2.0794415416798357,0
7869,Kelong Pak Busu,bakso restaurant,F&B,Indonesia.Batam.Kuliner.202406162232.db,places,0.9215278,104.1381257,404103.65137433837,101868.1991491704,-1,0.0,0,0,0,1470.7725164096812,5.0,1.3862943611198906,0
7885,Gerai Selera Rase,seafood restaurant,F&B,Indonesia.Batam.Kuliner.202406162232.db,places,1.0348125,104.1131875,401331.994655301,114391.78926677743,-1,0.0,2,2,0,8.150564792357203,4.5,5.062595033026967,0
7892,Kopak Jaya 007 Kelong Seafood Batam,seafood restaurant,F&B,Indonesia.Batam.Kuliner.202406162232.db,places,0.9821575,104.0291596,391980.33497074904,108573.70850644019,-1,0.0,2,3,1,81.39047658259315,4.4,7.555381944240273,0
7910,Saung Sunda Sawargi,sundanese restaurant,F&B,Indonesia.Batam.Kuliner.202406162232.db,places,1.1277293,104.0523951,394570.75218733994,124665.29326325093,0,3559.3434435372105,51,118,2,83.13857477431245,4.2,4.7535901911063645,0
7916,Malaya Nusantara,indonesian restaurant,F&B,Indonesia.Batam.Kuliner.202406162232.db,places,1.1299729,104.0465496,393920.41082042595,124913.52637501218,0,2863.9392675304034,27,127,3,11.975137579446532,4.7,5.1298987149230735,0
7924,Pondok Sedap Rasa Ex  Sedap Malam,nasi goreng restaurant,F&B,Indonesia.Batam.Kuliner.202406162232.db,places,1.1202738,104.0573585,395122.75764911436,123840.94180274663,6,553.776764071045,8,50,0,46.32411090574017,4.6,5.313205979041787,0
7926,Ikan Bakar Bulog Baru,restaurant,F&B,Indonesia.Batam.Kuliner.202406162232.db,places,1.128211,104.0369489,392852.08483782934,124719.10741542834,0,1976.5703845373446,22,92,11,27.549749084657652,4.3,5.389071729816501,0
7940,Goyang Lidah Padang Restaurant (RM Goyang Lidah Khas Masakan Padang),indonesian restaurant,F&B,Indonesia.Batam.Kuliner.202406162232.db,places,1.1250374,104.0461609,393876.9818253928,124367.94135528678,0,3038.4257662804366,53,127,4,0.0,4.5,4.276666119016055,0
7941,Kedai Kopi Sahabat Batam,coffee shop,F&B,Indonesia.Batam.Kuliner.202406162232.db,places,1.1198564,104.0422668,393443.50076054654,123795.34442051209,0,3010.6336262068244,30,126,1,34.74068747798933,4.4,3.9512437185814275,0
7942,Mie Pangsit AAN,chinese noodle restaurant,F&B,Indonesia.Batam.Kuliner.202406162232.db,places,1.1206981,104.0435958,393591.4082519899,123888.34267675498,0,3063.690610510216,26,121,0,89.72233451997113,4.9,3.4339872044851463,0
7945,Wok In,asian restaurant,F&B,Indonesia.Batam.Kuliner.202406162232.db,places,1.1286489,104.0395271,393138.975341262,124767.4207291375,0,2199.2547576368497,21,105,0,29.302695603177174,4.5,2.70805020110221,0
7946,Kopitiam Makjel,restaurant,F&B,Indonesia.Batam.Kuliner.202406162232.db,places,1.1292197,104.0408929,393290.96765919187,124830.47026918703,0,2307.3729001720217,22,113,14,109.54654686598155,4.4,2.1972245773362196,0
7948,Bakso Lapangan Tembak Senayan Jakarta - Mega Mall Batam,bakso restaurant,F&B,Indonesia.Batam.Kuliner.202406162232.db,places,1.1296701,104.0566738,395046.9075586717,124879.68543040274,0,3958.294138229798,28,56,1,44.68175694513917,4.2,5.948034989180646,0
7950,Olive & Co Batam,cafe,F&B,Indonesia.Batam.Kuliner.202406162232.db,places,1.1309939,104.0541972,394771.387179077,125026.11530724836,0,3657.126650023473,38,75,2,151.0603373068115,4.5,5.420534999272286,0
7953,Ultimo Kitchen,restaurant,F&B,Indonesia.Batam.Kuliner.202406162232.db,places,1.1294433,104.0554025,394905.4435486618,124854.65964152779,0,3826.947603093188,37,76,4,17.430122152135034,4.1,4.007333185232471,0
7954,Mickey Mouse 66,chinese restaurant,F&B,Indonesia.Batam.Kuliner.202406162232.db,places,1.1198937,104.0428816,393511.9105825772,123799.44544256806,0,3059.3362142501996,30,123,1,12.509606651937318,4.1,4.477336814478207,0
7960,RM Sate Asih,satay restaurant,F&B,Indonesia.Batam.Kuliner.202406162232.db,places,1.1507314,104.0262204,391659.1712536069,127209.05715199096,0,1483.2746316370196,101,193,1,20.68072110143989,4.2,5.998936561946683,0
7963,Angkringan Tepi Danau Bengkong,cafeteria,F&B,Indonesia.Batam.Kuliner.202406162232.db,places,1.1608256,104.0425863,393480.55762857245,128324.31442879474,0,3404.2183203636882,18,34,0,92.86532424451943,4.8,7.736743682453495,0
7964,Sabana Fried Chicken Bengkong Harapan (Ayam Goreng Sabana Bengkong Harapan),fried chicken takeaway,F&B,Indonesia.Batam.Kuliner.202406162232.db,places,1.1504072,104.0257828,391610.46777000395,127173.23457920246,0,1434.4898170628564,107,206,1,0.0,4.6,1.791759469228055,0
7967,Bakso Degan Tombo Luwe,bakso restaurant,F&B,Indonesia.Batam.Kuliner.202406162232.db,places,1.1508913,104.0260766,391643.17682976206,127226.73900891341,0,1495.2359253534914,97,193,8,17.018134389065043,4.5,2.6390573296152584,0
7968,Toko Family Bengkong Harapan 1,grocery store,F&B,Indonesia.Batam.Kuliner.202406162232.db,places,1.1508176,104.0253256,391559.6111413002,127218.6202692827,0,1464.5942726413627,95,210,0,20.765101295724513,5.0,1.3862943611198906,0
7969,Mie Aceh Bengkong Harapan,noodle shop,F&B,Indonesia.Batam.Kuliner.202406162232.db,places,1.1512165,104.0291105,391980.7674343577,127262.57363072239,0,1659.672798323979,95,187,1,23.22578788877113,5.0,1.3862943611198906,0
7970,dapur sambal mentah ndower,restaurant,F&B,Indonesia.Batam.Kuliner.202406162232.db,places,1.1513813,104.0277675,391831.3397229677,127280.84260928583,0,1611.3334832668686,99,183,31,34.27369665156269,5.0,0.6931471805599453,0
7972,Batambuo,indonesian restaurant,F&B,Indonesia.Batam.Kuliner.202406162232.db,places,1.1512262,104.028091,391867.3293206806,127263.68457579474,0,1610.2220608897853,104,184,3,39.8704057769143,5.0,1.0986122886681098,0
7975,Warung MakCik,restaurant,F&B,Indonesia.Batam.Kuliner.202406162232.db,places,1.1506236,104.0290841,391977.8076289885,127197.03163498083,0,1600.75280187743,102,187,30,65.60879250230076,5.0,1.791759469228055,0
7976,Gang kisaran,diner,F&B,Indonesia.Batam.Kuliner.202406162232.db,places,1.1532833,104.0274945,391801.03512859496,127491.11243694807,0,1796.1044617441519,70,171,2,44.3322933535087,5.0,0.6931471805599453,0
7977,Rabokki batam,indonesian restaurant,F&B,Indonesia.Batam.Kuliner.202406162232.db,places,1.1538138,104.0321901,392323.5279932106,127549.57920289008,0,2081.2040371529824,24,161,0,170.3517261329938,5.0,1.3862943611198906,0
7978,Warung Makan Noroyono,restaurant,F&B,Indonesia.Batam.Kuliner.202406162232.db,places,1.1480997,104.0337564,392497.59383862565,126917.84731731066,0,1715.217535649772,26,174,9,41.83372666594532,4.2,4.189654742026425,0
7980,Warung Soto Babat Bu Ani,restaurant,F&B,Indonesia.Batam.Kuliner.202406162232.db,places,1.143511,104.036361,392787.2335361723,126410.48608466817,0,1703.5259578118519,14,101,4,0.0,5.0,0.6931471805599453,0
7986,Mochi Mbul,brunch restaurant,F&B,Indonesia.Batam.Kuliner.202406162232.db,places,1.1438174,104.0278958,391845.33134515816,126444.6750985843,0,914.5633052593736,63,243,1,46.27812719849569,5.0,0.6931471805599453,0
7987,Sari Eco,seafood restaurant,F&B,Indonesia.Batam.Kuliner.202406162232.db,places,1.150275,104.0258759,391620.8219123803,127158.61678678553,0,1423.546939781374,110,206,1,17.913350314611183,4.8,4.04305126783455,0
7990,Tudungsaji batam,brunch restaurant,F&B,Indonesia.Batam.Kuliner.202406162232.db,places,1.1524424,104.0332348,392439.71871298674,127397.93645215887,0,2024.5875962103562,26,167,0,126.67433055342121,3.0,0.6931471805599453,0
7992,Ayam geprek clarissa 2,chicken restaurant,F&B,Indonesia.Batam.Kuliner.202406162232.db,places,1.1507233,104.025487,391577.56637409405,127208.18959111015,0,1459.0705986536398,96,205,4,20.765101295724513,4.3,3.1354942159291497,0
7993,BONE AYAM GEPREK,nasi restaurant,F&B,Indonesia.Batam.Kuliner.202406162232.db,places,1.1512688,104.0260788,391643.4358726718,127268.47025126286,0,1535.1917438745743,97,192,1,18.449837034142817,4.9,2.70805020110221,0
7994,RM  Soto kwali Bengkong (SKSM) Cabang bengkong harapan,diner,F&B,Indonesia.Batam.Kuliner.202406162232.db,places,1.1507687,104.0259841,391632.8798345051,127213.1895149464,0,1479.2424195669466,100,193,3,11.647842776011485,4.5,4.543294782270004,0
7996,Sambal Bakar Trotoar  Sei Panas,restaurant,F&B,Indonesia.Batam.Kuliner.202406162232.db,places,1.1443772,104.0281429,391872.84688693145,126506.54970943354,0,978.015628580342,70,238,20,10.888880627149895,3.9,4.997212273764115,0
7998,ROCKET CHICKEN BENGKONG,restaurant,F&B,Indonesia.Batam.Kuliner.202406162232.db,places,1.1509746,104.0262137,391658.43493066484,127235.9423284377,0,1508.6192506669538,96,193,30,17.818830865840287,3.7,1.3862943611198906,0
7999,Ayam Geprek Dower  Bengkong,restaurant,F&B,Indonesia.Batam.Kuliner.202406162232.db,places,1.1516775,104.0278585,391841.4763461161,127313.58303007284,0,1645.4245149269568,90,186,28,34.27369665156269,5.0,1.0986122886681098,0
8001,Pasar Tradisional Bengkong Harapan (Sahabat udang Batam),traditional market,F&B,Indonesia.Batam.Kuliner.202406162232.db,places,1.1534775,104.0302844,392111.47084674967,127512.47464284053,0,1941.678438744385,36,175,1,0.0,4.2,5.198497031265826,0
8005,teh tarik abang long,nasi goreng restaurant,F&B,Indonesia.Batam.Kuliner.202406162232.db,places,1.1512226,104.0269605,391741.5398358638,127263.32950763736,0,1561.7161229476612,97,185,1,7.0226432741606875,4.7,3.871201010907891,0
8006,Pempek Anhar,breakfast restaurant,F&B,Indonesia.Batam.Kuliner.202406162232.db,places,1.1524239,104.0288859,391955.8219584278,127396.05594475164,0,1767.5989871623408,72,182,3,49.07483839787099,5.0,1.9459101490553132,0
8007,Nasi Sarapan Bukde,breakfast restaurant,F&B,Indonesia.Batam.Kuliner.202406162232.db,places,1.1511854,104.0286786,391932.7092992106,127259.15200159933,0,1634.4695633287688,100,189,5,0.3043667805448404,5.0,0.6931471805599453,0
8008,Angkringan Sekawan,cafe,F&B,Indonesia.Batam.Kuliner.202406162232.db,places,1.1511918,104.0269053,391735.39663653425,127259.92677042249,0,1556.3916289776068,97,184,1,7.0226432741606875,5.0,1.0986122886681098,0
8010,RM  Ayam Goreng Sambal Adiak Kakak,chicken restaurant,F&B,Indonesia.Batam.Kuliner.202406162232.db,places,1.1504401,104.0258036,391612.7834040512,127176.87077112109,0,1438.639609572723,107,205,5,4.310922489440401,5.0,0.6931471805599453,0
8012,Soto Ayam Bawean cinta Blok K71,restaurant,F&B,Indonesia.Batam.Kuliner.202406162232.db,places,1.1515162,104.0296322,392038.82759790507,127295.68464005947,0,1716.645598431721,74,190,20,62.3097400214583,5.0,0.6931471805599453,0
8014,Es Teh Poci & Aneka Jajanan H2,coffee shop,F&B,Indonesia.Batam.Kuliner.202406162232.db,places,1.1521671,104.0296775,392043.8925679534,127367.63760271585,0,1782.103966834698,64,189,0,72.1310110605839,5.0,1.0986122886681098,0
8019,Soto Kwali,breakfast restaurant,F&B,Indonesia.Batam.Kuliner.202406162232.db,places,1.152365,104.0381401,392985.52098762675,127389.19540456697,0,2392.811999486796,19,65,2,18.046014713946693,5.0,1.9459101490553132,0
8020,Holland Bakery Bengkong (Batam bengkong Holland Bakery),bakery,F&B,Indonesia.Batam.Kuliner.202406162232.db,places,1.148738,104.0264812,391688.11502873356,126988.68376589076,0,1286.490240086773,116,209,0,24.128575310833785,4.6,5.996452088619021,0
8023,Mie Ayam Bakso Mas Gik,restaurant,F&B,Indonesia.Batam.Kuliner.202406162232.db,places,1.1439298,104.0187643,390829.2808938732,126457.44633088655,0,753.6212322414065,86,346,35,29.321553619078415,5.0,0.6931471805599453,0
8026,MOCHI PET SHOP,animal feed store,F&B,Indonesia.Batam.Kuliner.202406162232.db,places,1.1506706,104.0260223,391637.1266017286,127202.34344609709,0,1470.1471851755057,103,193,0,11.647842776011485,4.0,3.091042453358316,0
8029,Warung M  Kios,convenience store,F&B,Indonesia.Batam.Kuliner.202406162232.db,places,1.151589,104.0274939,391800.90442149574,127303.81350255484,0,1620.890677600774,95,184,1,38.130952168361425,5.0,1.0986122886681098,0
8030,Pangkalan GOJEK BlackPink,cafe,F&B,Indonesia.Batam.Kuliner.202406162232.db,places,1.1511276,104.0259904,391633.5943771737,127252.86443654694,0,1517.4062720194647,97,192,1,18.449837034142817,5.0,1.791759469228055,0
8032,Syurga Pelaminan Batam,wedding buffet,F&B,Indonesia.Batam.Kuliner.202406162232.db,places,1.1511166,104.0266617,391708.28871941246,127251.62292137426,0,1539.3884201793937,99,187,0,19.171963987455023,4.7,2.0794415416798357,0
8033,Mie jogja Bangun Jiwo,indonesian restaurant,F&B,Indonesia.Batam.Kuliner.202406162232.db,places,1.151531,104.0247559,391496.2482359771,127297.50588163643,0,1527.4810568218788,88,205,3,59.73102684433649,5.0,1.0986122886681098,0
8035,Kasta Coffee Bengkong,coffee shop,F&B,Indonesia.Batam.Kuliner.202406162232.db,places,1.1602415,104.0394281,393129.12924201676,128259.86360280268,0,3128.2433003767624,19,48,0,43.7854865104102,4.4,6.467698726104354,0
8036,Jaya Dado,chinese restaurant,F&B,Indonesia.Batam.Kuliner.202406162232.db,places,1.1656184,104.0392506,393109.58147060336,128854.26582798258,0,3603.998799649961,10,26,0,8.715094090131327,4.5,5.755742213586912,0
8044,Alfamart bengkong harapan 1 ascarada,convenience store,F&B,Indonesia.Batam.Kuliner.202406162232.db,places,1.1512973,104.0268451,391728.7022352558,127271.59171560312,0,1565.054618594142,97,186,1,13.449384913223001,5.0,1.3862943611198906,0
8048,Toko Harapan Jaya,convenience store,F&B,Indonesia.Batam.Kuliner.202406162232.db,places,1.1454201,104.0228462,391283.52710187464,126622.03903962752,0,826.9537028965202,52,313,0,97.95338983569032,4.1,2.0794415416798357,0
8050,De'Sands Cafe and Restaurant,restaurant,F&B,Indonesia.Batam.Kuliner.202406162232.db,places,1.1609741,104.0398474,393175.81141617976,128340.83385061145,0,3220.7834478412697,20,43,5,0.0,4.2,6.238324625039508,0
8054,Prata Waroeng 8,cafe,F&B,Indonesia.Batam.Kuliner.202406162232.db,places,1.1599263,104.0391898,393102.6022383187,128225.02846388008,0,3084.462755244449,17,49,0,43.7854865104102,3.4,3.713572066704308,0
8062,Sop Ikan Aliang,restaurant,F&B,Indonesia.Batam.Kuliner.202406162232.db,places,1.1485086,104.1347555,403735.4827938608,126959.44925671439,11,276.1240966605346,26,43,11,22.019668361902724,4.5,5.627621113690637,0
8063,Waroeng Ni'iS,bakso restaurant,F&B,Indonesia.Batam.Kuliner.202406162232.db,places,1.1438545,104.1246604,402612.0874987159,126445.31090994523,-1,0.0,3,14,1,0.0,4.9,3.4011973816621555,0
8068,Kavling lama sei lekop,grocery store,F&B,Indonesia.Batam.Kuliner.202406162232.db,places,1.0336033,103.9471543,382856.9359520585,114263.76146593234,5,424.47579529514474,14,61,0,76.66979818120551,4.0,0.6931471805599453,0
8074,Kavling sei lekop,housing development,F&B,Indonesia.Batam.Kuliner.202406162232.db,places,1.0245507,103.947855,382934.57686088514,113262.97833214983,5,942.1229454763736,15,30,1,35.01675745172547,5.0,2.3978952727983707,0
8077,RM Simpang,restaurant,F&B,Indonesia.Batam.Kuliner.202406162232.db,places,1.03894,103.9392174,381973.9468593246,114854.02471648724,5,1472.3662725128472,19,30,7,82.51049051377433,5.0,0.6931471805599453,0
8080,Harahap kolam ikan di atas Rumah,coffee shop,F&B,Indonesia.Batam.Kuliner.202406162232.db,places,1.0285396,103.9504247,383220.66784835135,113703.853703389,5,443.73888580486744,15,58,0,61.004274622822294,3.2,2.70805020110221,0
8081,Warkop Sembiring,cafe,F&B,Indonesia.Batam.Kuliner.202406162232.db,places,1.0306055,103.946451,382778.56583880284,113932.38300128374,5,530.6526188000173,16,54,0,99.8829072366886,5.0,0.6931471805599453,0
8083,Waroeng Khanis,bakery,F&B,Indonesia.Batam.Kuliner.202406162232.db,places,1.0269552,103.9466802,382803.93708547833,113528.83682787561,5,769.6492190547423,22,35,0,56.42353154348066,4.0,1.0986122886681098,0
8087,Warung De 66,restaurant,F&B,Indonesia.Batam.Kuliner.202406162232.db,places,1.0346795,103.9390118,381950.9106804101,114383.03634603457,5,1334.9873793279385,14,33,4,15.877287896274439,4.7,2.5649493574615367,0
8089,WARUNG MISO PORMAN,restaurant,F&B,Indonesia.Batam.Kuliner.202406162232.db,places,1.0339805,103.9698603,385383.57039945095,114304.63174423168,2,1585.764467006394,4,20,1,404.85608192452077,4.8,1.791759469228055,0
8093,Generasi Cafe & Resto,restaurant,F&B,Indonesia.Batam.Kuliner.202406162232.db,places,1.0345213,103.939012,381950.92708735925,114365.54741136273,5,1331.9694264025052,14,32,4,17.48894236779062,5.0,1.791759469228055,0
8107,Rm Amanah Jaya,restaurant,F&B,Indonesia.Batam.Kuliner.202406162232.db,places,1.0463398,103.9274863,380668.83340109146,115672.51254962578,-1,0.0,0,3,0,863.3507729920879,3.0,0.6931471805599453,0
8108,Warung sabar menanti empat saudara kembar,brunch restaurant,F&B,Indonesia.Batam.Kuliner.202406162232.db,places,1.0354061,103.962178,384528.77252601157,114462.50831983746,5,1303.3538193179434,12,42,0,350.35441553193647,4.0,0.6931471805599453,0
8112,S-One Steak & Beer House,steak house,F&B,Indonesia.Batam.Kuliner.202406162232.db,places,1.0478773,103.9350931,381515.3454667508,115842.1942514065,-1,0.0,4,11,0,25.164515702374953,3.8,3.6375861597263857,0
8123,Rumah Makan Ayam Goreng Jakarta,fried chicken takeaway,F&B,Indonesia.Batam.Kuliner.202406162232.db,places,1.0367789,103.9733476,385771.719876433,114613.8643022915,2,1167.633469837033,12,20,0,6.141560072705433,5.0,1.6094379124341003,0
8127,Kansera Food Court,restaurant,F&B,Indonesia.Batam.Kuliner.202406162232.db,places,1.0539247,104.0326899,392375.5481663308,116507.18920658003,-1,0.0,8,12,5,130.39263291622018,4.3,4.477336814478207,0
8128,Warung mama Ghany,restaurant,F&B,Indonesia.Batam.Kuliner.202406162232.db,places,1.0567993,104.0299804,392074.1550717779,116825.05953879862,-1,0.0,2,9,1,394.3253687763595,3.9,2.772588722239781,0
8131,Pempek,pempek restaurant,F&B,Indonesia.Batam.Kuliner.202406162232.db,places,1.028934,104.0274882,391795.8906678199,113744.73669173315,-1,0.0,0,0,0,1874.5505093780534,5.0,1.0986122886681098,0
8132,Ifa,box lunch supplier,F&B,Indonesia.Batam.Kuliner.202406162232.db,places,1.027229,103.9540899,383628.46872425766,113558.8343782436,5,690.2834198982995,7,59,0,92.54141345264554,3.8,1.791759469228055,0
8133,Alfamart sei pelunggut,convenience store,F&B,Indonesia.Batam.Kuliner.202406162232.db,places,1.0325765,103.9587367,384145.7380957814,114149.8250701524,5,881.1691073788515,25,55,0,34.039395633016454,3.5,1.0986122886681098,0
8134,Kantin SMKN 5 Batam,deli,F&B,Indonesia.Batam.Kuliner.202406162232.db,places,1.0283946,103.9620869,384518.3824512698,113687.39974776996,5,1334.8400707216106,14,42,1,72.63457664578685,4.0,2.1972245773362196,0
8137,Bina Rasa Bakso Dapur 12,deli,F&B,Indonesia.Batam.Kuliner.202406162232.db,places,1.0254216,103.959666,384248.88845981046,113358.82605147202,5,1259.9938281582804,14,33,1,21.49709156643376,5.0,0.6931471805599453,0
8140,Mawar Snack (Fatih&Fasya),soup kitchen,F&B,Indonesia.Batam.Kuliner.202406162232.db,places,1.0243508,103.9686876,385252.73390589596,113240.12597876716,-1,0.0,1,8,0,379.1257754972359,5.0,0.6931471805599453,0
8141,Warung mie soup 5000,grocery store,F&B,Indonesia.Batam.Kuliner.202406162232.db,places,1.0212446,103.963274,384650.22177559894,112896.93427303902,-1,0.0,3,19,0,184.7067234780991,4.0,0.6931471805599453,0
8151,Kuliner Bu Er,restaurant,F&B,Indonesia.Batam.Kuliner.202406162232.db,places,1.03138,104.0482888,394110.51501128153,114014.43359699848,4,1183.6416215527045,21,80,7,40.597998593726466,4.8,1.791759469228055,0
8157,Warung Teduh Batam,indonesian restaurant,F&B,Indonesia.Batam.Kuliner.202406162232.db,places,1.125521,104.0265205,391691.6224170882,124422.12340261246,0,1463.6131810696506,13,42,1,11.376320446225948,5.0,2.4849066497880004,0
8171,Kebun sayur seroja,fruit and vegetable processing,F&B,Indonesia.Batam.Kuliner.202406162232.db,places,1.0171891,103.9521016,383406.8566971117,112449.00594844834,-1,0.0,0,5,0,868.8649996671658,5.0,0.6931471805599453,0
8175,MY WARUNG,convenience store,F&B,Indonesia.Batam.Kuliner.202406162232.db,places,1.125453,103.9675266,385127.32176699175,124416.86348310746,-1,0.0,3,14,0,71.73139900118386,5.0,0.6931471805599453,0
8185,Sei Enam Restaurant (Restoran Sei Enam),seafood restaurant,F&B,Indonesia.Batam.Kuliner.202406162232.db,places,0.9143142,104.4381132,437482.9662453749,101064.1685185581,-1,0.0,0,0,0,1234.4497442771024,4.3,6.984716320118266,0
8186,bakso ikan Annisa,frozen food manufacturer,F&B,Indonesia.Batam.Kuliner.202406162232.db,places,1.7012151,106.2211275,635831.7605429786,188078.91487588652,-1,0.0,0,0,0,215569.14271273641,5.0,0.6931471805599453,0
8195,Sei Temiang Cemetery (Pemakaman Sei Temiang),cemetery,F&B,Indonesia.Batam.Kuliner.202406162232.db,places,1.0667769,103.9664249,385002.4949256761,117930.34930259845,-1,0.0,2,4,1,153.39175884692943,4.4,3.4339872044851463,0
8200,Rumah Makan Kondang,seafood restaurant,F&B,Indonesia.Batam.Kuliner.202406162232.db,places,1.0518303,103.9683811,385219.6190318682,116277.9527576311,2,966.1504867761706,57,146,2,57.09185615392765,4.3,5.087596335232384,0
8207,Barelang Seafood Restaurant,seafood restaurant,F&B,Indonesia.Batam.Kuliner.202406162232.db,places,0.9812285,104.0361346,392756.44626711216,108470.78653273972,-1,0.0,2,6,1,319.40804098453725,4.4,7.671826797878781,0
8213,Tjap Nyonya Dimsum Shop,dim sum restaurant,F&B,Indonesia.Batam.Kuliner.202406162232.db,places,1.1161166,104.0558434,394954.0261752109,123381.43604612714,6,66.63081862653385,23,49,0,154.49281074965214,4.4,6.386879319362645,0
8217,Fortunate Taste Vegetarian Restaurant (Obean),vegetarian restaurant,F&B,Indonesia.Batam.Kuliner.202406162232.db,places,1.1328609,104.0341812,392544.2955172361,125233.23862624122,0,1461.5074625585669,41,125,2,7.285916548197217,4.5,6.045005314036012,0
8226,Malaya Cafe,restaurant,F&B,Indonesia.Batam.Kuliner.202406162232.db,places,1.1464344,104.0125318,390135.889410499,126734.5602378707,0,1414.2332030143166,190,402,51,19.137197863324516,4.0,4.820281565605037,0
8228,Liu Yi Shou,hot pot restaurant,F&B,Indonesia.Batam.Kuliner.202406162232.db,places,1.1296608,104.0463436,393897.478088622,124879.03252903195,0,2853.083096772259,33,125,0,13.034929592204069,4.2,3.4965075614664802,0
8229,Mie Ekonomi Bang Lay,restaurant,F&B,Indonesia.Batam.Kuliner.202406162232.db,places,1.1156578,104.0608772,395514.1164238428,123330.53849298033,6,564.8049327218171,16,33,5,34.52123749980162,4.3,3.8066624897703196,0
8233,RM  Achun 178,restaurant,F&B,Indonesia.Batam.Kuliner.202406162232.db,places,1.1366234,104.0443782,393679.0438572195,125648.79158333698,0,2486.624730087397,17,48,6,6.0854140793646785,4.7,3.8066624897703196,0
8237,Angkringan Pekalongan Batam,diner,F&B,Indonesia.Batam.Kuliner.202406162232.db,places,1.040425,103.9912303,387761.73752672604,115016.29247054133,2,1881.3778569929377,34,68,0,70.90659522656193,4.5,1.6094379124341003,0
8238,Dae Jang Geum Rosedale,restaurant,F&B,Indonesia.Batam.Kuliner.202406162232.db,places,1.1249642,104.0322316,392327.074374232,124360.35972154973,0,1829.9062198566974,17,74,8,75.16098892909335,4.4,6.073044534100405,0
8240,Kelong Jembatan Satu Seafood,seafood restaurant,F&B,Indonesia.Batam.Kuliner.202406162232.db,places,0.9829115,104.0397304,393156.6206981357,108656.72037433574,-1,0.0,2,4,1,246.0440405969585,4.8,7.098375638590786,0
8241,Sany Noodle Bar,restaurant,F&B,Indonesia.Batam.Kuliner.202406162232.db,places,1.1282853,104.0402405,393218.34155142336,124727.19997170349,0,2288.214375114764,18,111,11,51.3955372206215,4.7,4.219507705176107,0
8247,Epiz Waffle Bengkong Laut,food court,F&B,Indonesia.Batam.Kuliner.202406162232.db,places,1.16119,104.0418343,393396.8978060633,128364.62574910028,0,3379.169881604264,19,34,1,7.47650367217592,4.5,2.5649493574615367,0
8248,FishTalk Resto Batam,seafood restaurant,F&B,Indonesia.Batam.Kuliner.202406162232.db,places,1.1061623,104.0301997,392100.30055137165,122281.95248704286,0,3631.800420932804,15,54,0,66.18695595955097,4.5,2.772588722239781,0
8258,Sany Noodle Bar  Grand Batam,restaurant,F&B,Indonesia.Batam.Kuliner.202406162232.db,places,1.1354933,104.0074947,389574.9963451902,125525.24637261691,0,1645.0449073635205,101,283,31,5.789958990633932,4.7,4.976733742420574,0
8271,Soto Kwali Solo,soto restaurant,F&B,Indonesia.Batam.Kuliner.202406162232.db,places,1.1231875,104.0491875,394213.68235207564,124163.3327940542,0,3431.8852546087764,54,128,0,41.5275502047526,4.7,3.091042453358316,0
8276,Waroeng Jowo Pacitan,javanese restaurant,F&B,Indonesia.Batam.Kuliner.202406162232.db,places,1.1237135,104.0479621,394077.35207147093,124221.52428371379,0,3284.332685916648,56,119,0,23.308626952547716,4.4,6.0867747269123065,0
8285,Rumah Es Tali Roso - Batam Center,restaurant,F&B,Indonesia.Batam.Kuliner.202406162232.db,places,1.1149924,104.0536504,394709.9727984334,123257.2390648915,6,246.40890956345777,14,51,4,0.8003303972979585,4.2,5.176149732573829,0
8288,RM  Bihun Bebek Mey Lynn,noodle shop,F&B,Indonesia.Batam.Kuliner.202406162232.db,places,1.1209131,104.0420376,393418.03598536615,123912.16672643092,0,2914.7054810066184,28,123,3,87.69761248165592,4.5,4.9344739331306915,0
8293,nyonya kitjen,restaurant,F&B,Indonesia.Batam.Kuliner.202406162232.db,places,1.1271854,104.0345245,392582.2857336464,124605.82056662416,0,1828.712896781974,20,86,8,34.32127802875551,4.4,3.713572066704308,0
8295,Lambok Ginting,restaurant,F&B,Indonesia.Batam.Kuliner.202406162232.db,places,1.1328008,104.0407406,393274.15219973,125226.35236901155,0,2154.8111487359706,17,100,8,24.488489070669296,4.6,4.836281906951478,0
8304,RM BPK Lambok Ginting,batak restaurant,F&B,Indonesia.Batam.Kuliner.202406162232.db,places,1.134284,104.0168854,390619.85309024726,125391.20503597418,0,707.0381306968251,12,190,1,87.60660104178676,4.4,6.102558594613569,0
8306,Kedai Minuman B3,coffee shop,F&B,Indonesia.Batam.Kuliner.202406162232.db,places,1.1240427,104.0285044,391912.31609627523,124258.62896757263,0,1698.9256298343896,16,46,0,110.6083002986897,4.4,5.746203190540153,0
8307,RM BPK Tunas 168,batak restaurant,F&B,Indonesia.Batam.Kuliner.202406162232.db,places,1.1156444,104.0509354,394407.89976372424,123329.41211912408,6,541.8195334935472,15,59,1,10.958851704081809,4.2,4.04305126783455,0
8310,Hikirin Modern Japanese Restaurant,japanese restaurant,F&B,Indonesia.Batam.Kuliner.202406162232.db,places,1.1287021,104.0398565,393175.62937044475,124773.28967973786,0,2228.978719848348,21,102,1,11.5954308920802,4.8,5.771441123130016,0
8312,ThreeBay,restaurant,F&B,Indonesia.Batam.Kuliner.202406162232.db,places,1.1149955,104.0536569,394710.6961590514,123257.58152388346,6,245.6255108969117,14,51,4,0.8003303972979585,4.7,2.0794415416798357,0
8315,Nasi Ayam Hainam Ciang Hau,chicken restaurant,F&B,Indonesia.Batam.Kuliner.202406162232.db,places,1.1198484,104.042684,393489.9220997163,123794.44488902063,0,3046.0216259167446,30,126,1,10.109139788554346,4.6,4.04305126783455,0
8316,Catering Semeru (Ruko PuriMas) (Catering Semeru & Resto Batam),buffet restaurant,F&B,Indonesia.Batam.Kuliner.202406162232.db,places,1.117494,104.0579892,395192.8363262354,123533.62485643745,6,327.1317462184596,19,39,1,0.0,4.5,3.871201010907891,0
8319,Kantin Ceriwis,restaurant,F&B,Indonesia.Batam.Kuliner.202406162232.db,places,1.1263488,104.0509183,394406.3805702582,124512.73841509873,0,3457.7757937843026,58,119,18,69.8476112437782,5.0,1.0986122886681098,0
8321,Tore Japanese Restaurant,japanese restaurant,F&B,Indonesia.Batam.Kuliner.202406162232.db,places,1.1286221,104.0397891,393168.1269044214,124764.44846821783,0,2226.4185253143814,21,103,1,11.5954308920802,4.8,4.962844630259907,0
8324,Roemah Seblak LDR,fast food restaurant,F&B,Indonesia.Batam.Kuliner.202406162232.db,places,1.1260981,104.0472978,394003.5220223017,124485.15600708312,0,3099.0975537568643,68,130,0,76.68103311462617,4.3,5.1647859739235145,0
8326,Meat House,restaurant,F&B,Indonesia.Batam.Kuliner.202406162232.db,places,1.132732,104.0405314,393250.8721961465,125218.7545054883,0,2134.4342922530013,17,103,9,24.488489070669296,4.5,6.747586526829315,0
8328,Depot UMKM Batam,asian restaurant,F&B,Indonesia.Batam.Kuliner.202406162232.db,places,1.1259437,104.0492004,394215.21696565935,124468.01862004511,0,3298.9121111774216,68,131,0,27.428975465553105,4.3,3.6888794541139363,0
8344,Warung Ummi Ana,restaurant,F&B,Indonesia.Batam.Kuliner.202406162232.db,places,1.1129234,103.9796254,386473.09275309707,123031.26619894314,7,1004.3911491369296,116,194,34,21.559224447321863,4.7,3.044522437723423,0
8363,Soto Ayam Lamongan,soto ayam restaurant,F&B,Indonesia.Batam.Kuliner.202406162232.db,places,1.1131369,103.9801345,386529.74941537867,123054.84862247611,7,1064.7872599200987,119,193,0,2.7811401337759634,4.6,2.6390573296152584,0
8373,Batam Chicken Chop,chicken restaurant,F&B,Indonesia.Batam.Kuliner.202406162232.db,places,1.1131053,103.9792462,386430.905419845,123051.38950003496,7,967.7688039286071,108,195,1,1.2731294372950783,4.3,1.9459101490553132,0
8383,Warung Dewi,restaurant,F&B,Indonesia.Batam.Kuliner.202406162232.db,places,1.1188444,103.9781385,386307.86995148944,123685.87909217802,7,1189.6400294539421,29,173,9,106.25977648587313,4.3,1.6094379124341003,0
8384,Aseng Bakmi Siantar Horas,restaurant,F&B,Indonesia.Batam.Kuliner.202406162232.db,places,1.1128635,103.9846621,387033.5330232553,123024.45097799841,7,1555.9413185677631,55,163,17,4.934156471240291,4.8,1.6094379124341003,0
8385,sop ikan rapi alfi,ikan bakar restaurant,F&B,Indonesia.Batam.Kuliner.202406162232.db,places,1.1129747,103.9798543,386498.5648429894,123036.92850593932,7,1030.4842032936701,120,194,0,11.251610704188831,5.0,0.6931471805599453,0
8391,Warung Padang,padang restaurant,F&B,Indonesia.Batam.Kuliner.202406162232.db,places,1.1133301,103.9825775,386801.59377827804,123076.1125982771,7,1335.235683717874,109,186,3,43.65211433021082,5.0,0.6931471805599453,0
8392,IKAN BAKAR KEMBAR AIKHA,brunch restaurant,F&B,Indonesia.Batam.Kuliner.202406162232.db,places,1.1127383,103.9801083,386526.8188566563,123010.78516479589,7,1053.1062160045442,121,193,3,20.13420436893182,4.6,2.302585092994046,0
8394,BAKSOO BOMBASTIS,brunch restaurant,F&B,Indonesia.Batam.Kuliner.202406162232.db,places,1.1185258,103.982974,386845.91160298977,123650.47155000956,7,1588.6570273004618,23,161,1,317.40122596962914,5.0,0.6931471805599453,0
8396,Warung Makan Bu Ndari,restaurant,F&B,Indonesia.Batam.Kuliner.202406162232.db,places,1.1257412,103.9817316,386707.9454666349,124448.16776874004,7,2031.8710905317787,10,34,3,128.24122002827738,5.0,1.6094379124341003,0
8400,TUMINI JEMPOL BATAM,restaurant,F&B,Indonesia.Batam.Kuliner.202406162232.db,places,1.1252392,103.9730016,385736.5260981432,124393.01316999522,7,1590.9960836676998,8,40,3,52.82617947389323,4.8,2.4849066497880004,0
8413,SARANG NASI GORENG JAKARTA AKANG ASEP,nasi goreng restaurant,F&B,Indonesia.Batam.Kuliner.202406162232.db,places,1.12002,103.9776076,386248.84111613804,123815.86010593921,7,1250.5963873521064,24,147,0,13.904272546875672,4.6,5.356586274672012,0
8416,Waroong Comel,brunch restaurant,F&B,Indonesia.Batam.Kuliner.202406162232.db,places,1.1185524,103.9684316,385227.75377220806,123653.97690457987,-1,0.0,4,31,0,343.85239625204565,4.3,3.044522437723423,0
8437,Waroeng Boim Batam,fried chicken takeaway,F&B,Indonesia.Batam.Kuliner.202406162232.db,places,1.1219887,103.9724267,385672.4296443299,124033.69826076661,7,1226.118969269353,5,46,0,25.120017895546308,3.5,1.6094379124341003,0
8442,Cimol Tasik,fast food restaurant,F&B,Indonesia.Batam.Kuliner.202406162232.db,places,1.1157998,103.9698706,385387.76752480987,123349.62502042839,7,538.5146717063824,4,91,0,258.0531007802233,5.0,0.6931471805599453,0
8443,Pisang Nyemprot TIBAN IMPIAN,restaurant,F&B,Indonesia.Batam.Kuliner.202406162232.db,places,1.108103,103.9663265,384993.10994411726,122498.89317246636,7,592.9940802284232,74,131,22,6.4332297446779085,4.7,1.3862943611198906,0
8444,Bubur LAMBOK ML,family restaurant,F&B,Indonesia.Batam.Kuliner.202406162232.db,places,1.1132304,103.9801146,386527.53868064674,123065.18563402577,7,1064.9522991033266,119,192,2,1.5113075641853295,5.0,1.0986122886681098,0
8445,Warung Enak Bahagia,soup kitchen,F&B,Indonesia.Batam.Kuliner.202406162232.db,places,1.1301149,103.9774419,386230.79450624995,124931.83940279973,7,2236.664183105276,8,23,0,227.61070831705635,5.0,0.6931471805599453,0
8449,Minang Bahagia,padang restaurant,F&B,Indonesia.Batam.Kuliner.202406162232.db,places,1.112983,103.981461,386677.3456006632,123037.78426729533,7,1206.034241234369,123,189,3,31.093174699859954,2.0,0.6931471805599453,0
8456,Kedai Prata Bang Mail,indonesian restaurant,F&B,Indonesia.Batam.Kuliner.202406162232.db,places,1.1131004,103.9793506,386442.52201530116,123050.84379365885,7,978.9273524988029,109,195,4,3.724369381570296,4.8,3.258096538021482,0
8457,Dapur Noni Batam,indonesian restaurant,F&B,Indonesia.Batam.Kuliner.202406162232.db,places,1.1105621,103.9676117,385136.2121871313,122770.69315677503,7,358.2884399618553,48,122,3,108.82264343993977,5.0,1.6094379124341003,0
8458,Sroto dan Mendoan Satria Khas Banyumas,diner,F&B,Indonesia.Batam.Kuliner.202406162232.db,places,1.1211763,103.9804003,386559.63385290746,123943.57859804072,7,1549.870473808638,20,138,1,51.57601758623579,4.6,3.5263605246161616,0
8460,QQ Resto,indonesian restaurant,F&B,Indonesia.Batam.Kuliner.202406162232.db,places,1.1207303,103.9798133,386494.30028554593,123894.29689810044,7,1469.1887768457157,21,146,2,50.32282580277782,5.0,1.0986122886681098,0
8462,BPK ATE TEDEH,batak restaurant,F&B,Indonesia.Batam.Kuliner.202406162232.db,places,1.1146783,103.9676362,385139.09758274135,123225.73200790526,7,536.2191582100965,5,99,0,277.8240785828614,4.1,4.927253685157205,0
8472,Ayam Penyet Kakang Brama,ayam penyet restaurant,F&B,Indonesia.Batam.Kuliner.202406162232.db,places,1.1396397,104.0198191,390946.48609722976,125983.1495701222,0,310.54390881167257,57,189,1,0.5492247854380072,4.5,3.295836866004329,0
8474,Sari Jagad Laut SBY Cabang Pelita,seafood restaurant,F&B,Indonesia.Batam.Kuliner.202406162232.db,places,1.1431835,104.0209559,391073.1105788821,126374.86202176107,0,588.426637909488,62,304,1,8.71911222547784,4.2,3.258096538021482,0
8478,Mie Pangsit Ayam Bangka Mr Ho,noodle shop,F&B,Indonesia.Batam.Kuliner.202406162232.db,places,1.1077838,103.9638495,384717.4754913183,122463.70233304257,7,852.0380986626625,74,128,1,9.752016417955753,4.3,3.7612001156935624,0
8485,Sate Kendal H  Slamet,restaurant,F&B,Indonesia.Batam.Kuliner.202406162232.db,places,1.1103371,103.9569945,383954.80039709946,122746.23440775266,7,1537.9612670329927,15,108,9,64.65133712226994,5.0,1.0986122886681098,0
8490,Mie Sop Batam Bening,noodle shop,F&B,Indonesia.Batam.Kuliner.202406162232.db,places,1.108471,103.9840642,386966.83676197554,122538.8920366461,7,1502.6334337387125,36,157,0,66.283412105398,4.3,3.4339872044851463,0
8491,Oke Cafe,restaurant,F&B,Indonesia.Batam.Kuliner.202406162232.db,places,1.1405699,104.020685,391042.86930053367,126085.94736601066,0,325.17108691010776,58,222,32,27.10540906458588,4.2,2.8903717578961645,0
8492,Rasa Nikmat Rumah Makan,indonesian restaurant,F&B,Indonesia.Batam.Kuliner.202406162232.db,places,1.14438,104.018242,390771.181938698,126507.23438327352,0,825.8514132815031,95,335,10,35.29557603779039,5.0,0.6931471805599453,0
8498,Pecel Bude Minah Batam,restaurant,F&B,Indonesia.Batam.Kuliner.202406162232.db,places,1.1131358,103.9811481,386642.534489333,123054.6880342619,7,1175.0497539696928,121,188,33,15.324958091532546,5.0,0.6931471805599453,0
8501,Warung Nasi Pecel Kediri,javanese restaurant,F&B,Indonesia.Batam.Kuliner.202406162232.db,places,1.143966,104.019814,390946.08167690114,126461.4082073346,0,707.7543469724855,68,382,1,10.220175103299056,5.0,0.6931471805599453,0
8503,Ayam Goreng 77,fried chicken takeaway,F&B,Indonesia.Batam.Kuliner.202406162232.db,places,1.1401853,104.0193576,390895.1557683552,126043.48136747011,0,388.0395783018985,62,219,0,8.750323347022103,3.0,1.0986122886681098,0
8504,Gin Kai Rumah Makan,padang restaurant,F&B,Indonesia.Batam.Kuliner.202406162232.db,places,1.1422386,104.0202948,390999.5148118777,126270.4314920817,0,510.5472590094083,63,307,3,0.0,5.0,0.6931471805599453,0
8508,May Burger Batam(Ramly Tiban),hamburger restaurant,F&B,Indonesia.Batam.Kuliner.202406162232.db,places,1.1136561,103.9774746,386233.7972394427,123112.34772492919,7,797.9171028838555,111,181,0,11.366423804998607,4.0,3.8501476017100584,0
8515,Soto Kwali Ibu Agung,restaurant,F&B,Indonesia.Batam.Kuliner.202406162232.db,places,1.1397908,104.0200665,390974.0198479288,125999.84381771348,0,299.67795661475486,56,192,28,10.40536662805321,5.0,0.6931471805599453,0
8519,Warung Pacitan Indah,restaurant,F&B,Indonesia.Batam.Kuliner.202406162232.db,places,1.1424402,104.0185213,390802.1861576489,126292.78505943288,0,631.7304524102111,85,318,36,54.55697237908152,4.8,1.9459101490553132,0
8548,KEDAI KOPI OFFFA KHAS MELAYU,malaysian restaurant,F&B,Indonesia.Batam.Kuliner.202406162232.db,places,1.142501,104.019046,390860.57150891586,126299.48636722092,0,602.5315823745071,78,329,0,57.5352064814882,5.0,1.791759469228055,0
8552,Ayam Rawit Padang,restaurant,F&B,Indonesia.Batam.Kuliner.202406162232.db,places,1.1377279,104.0331064,392424.88320922956,125771.30742839743,0,1228.2117416590856,46,131,11,39.458119756578476,4.8,3.713572066704308,0
8553,Warung makan T  TENTREM MULYO,nasi restaurant,F&B,Indonesia.Batam.Kuliner.202406162232.db,places,1.1450952,104.017968,390740.7212114485,126586.30790679257,0,909.4276920315626,115,344,0,84.73770132760687,5.0,1.0986122886681098,0
8554,LAPAU uda sutan 2,restaurant,F&B,Indonesia.Batam.Kuliner.202406162232.db,places,1.1422386,104.0202948,390999.5148118777,126270.4314920817,0,510.5472590094083,63,307,33,0.0,2.0,0.6931471805599453,0
8556,Fendi Kopi Tiam Samping Bank Btn Pelita,restaurant,F&B,Indonesia.Batam.Kuliner.202406162232.db,places,1.1442482,104.0187669,390829.58223123825,126492.64433170103,0,784.3917015408474,86,348,32,35.19929069659416,2.0,0.6931471805599453,0
8562,Soto Ayam Jagad SBY,soto ayam restaurant,F&B,Indonesia.Batam.Kuliner.202406162232.db,places,1.1431393,104.020891,391065.88753501343,126369.97831873245,0,585.2290523660837,62,304,1,8.71911222547784,4.2,3.332204510175204,0
8566,Pondok Sambel Ijo Pelita,restaurant,F&B,Indonesia.Batam.Kuliner.202406162232.db,places,1.1437087,104.0193318,390892.417891587,126432.98285328445,0,702.7883029582251,75,371,34,8.420761097045993,4.3,4.718498871295094,0
8567,RUMAH MAKAN ADIAN NA LAMBOK TELUK BAKAU,brunch restaurant,F&B,Indonesia.Batam.Kuliner.202406162232.db,places,1.1154167,104.1345948,403716.51081985224,123301.37135531438,8,406.1638736325329,21,25,0,22.197813389784507,4.0,0.6931471805599453,0
8568,Pujasera 779,indonesian restaurant,F&B,Indonesia.Batam.Kuliner.202406162232.db,places,1.1066714,104.1268195,402851.09158570925,122334.89189366339,8,902.5293384030138,6,17,0,185.00602471271478,4.3,2.772588722239781,0
8569,Dadar Beredar - Pelita  Batam,restaurant,F&B,Indonesia.Batam.Kuliner.202406162232.db,places,1.1440609,104.0182527,390772.36044948734,126471.95848781843,0,795.2040968849716,88,334,35,33.53658337033676,4.7,4.867534450455582,0
8570,RM Embun Pagi Pelita,restaurant,F&B,Indonesia.Batam.Kuliner.202406162232.db,places,1.1437518,104.0192694,390885.4763129058,126437.74979180575,0,710.1050615292373,78,369,34,8.420761097045993,4.8,3.295836866004329,0
8573,Bale Bale Resto & Seafood,seafood restaurant,F&B,Indonesia.Batam.Kuliner.202406162232.db,places,1.1716128,104.0665055,396142.38309315837,129515.89851207154,-1,0.0,1,2,1,4.892530026045641,4.9,3.970291913552122,0
8574,Kedai Kopi Sini Suka,coffee shop,F&B,Indonesia.Batam.Kuliner.202406162232.db,places,1.1116526,104.1337577,403623.24711908004,122885.3031937242,8,131.16173333114335,21,32,0,29.68857507840956,3.9,2.5649493574615367,0
8575,BAR Teluk Bakau,homestay,F&B,Indonesia.Batam.Kuliner.202406162232.db,places,1.1082781,104.1257473,402731.8431065212,122512.53712375993,8,893.5295301422708,3,17,0,213.95800420812188,4.6,2.70805020110221,0
8576,RM  ICHA TOMYAM BERKAH,restaurant,F&B,Indonesia.Batam.Kuliner.202406162232.db,places,1.1152331,104.134514,403707.5144954506,123281.07827603724,8,384.1235629719231,21,26,8,22.197813389784507,4.3,1.3862943611198906,0
8577,Warung Oma Kampung Seruni,restaurant,F&B,Indonesia.Batam.Kuliner.202406162232.db,places,1.117613,104.137368,404025.1469899635,123544.06651453752,8,785.0740709445082,8,24,2,67.52102542845292,5.0,1.0986122886681098,0
8580,simpang rujak,restaurant,F&B,Indonesia.Batam.Kuliner.202406162232.db,places,1.1517839,104.0223,391222.9925460835,127325.55674073509,0,1526.1533069409345,51,252,20,47.18712238643744,4.6,5.733341276897746,0
8582,LAPO PATOGU SIMATUPANG,family restaurant,F&B,Indonesia.Batam.Kuliner.202406162232.db,places,1.1015204,104.1221236,402328.42281274154,121765.63648639241,-1,0.0,0,3,0,772.8093975507883,5.0,0.6931471805599453,0
8585,TOKO TIO,convenience store,F&B,Indonesia.Batam.Kuliner.202406162232.db,places,1.113798,104.1332144,403562.8654584849,123122.4802913693,8,178.86464925937963,22,30,0,27.746366033314484,5.0,2.0794415416798357,0
8586,Urban Kitchen,restaurant,F&B,Indonesia.Batam.Kuliner.202406162232.db,places,1.1414446,104.0211834,391098.35886942665,126182.62371097125,0,395.4969172307167,63,262,33,14.01645418960319,4.5,2.6390573296152584,0
8587,Warung Es Mak Wanto,cafeteria,F&B,Indonesia.Batam.Kuliner.202406162232.db,places,1.1127359,104.1296956,403171.30469832744,123005.18763653233,8,342.97572406793796,15,30,0,67.02154245906108,3.0,0.6931471805599453,0
8592,Amazon Seafood,seafood restaurant,F&B,Indonesia.Batam.Kuliner.202406162232.db,places,1.188599,104.0936579,399164.1414782717,131392.63638843285,-1,0.0,3,8,0,124.40785411236143,4.2,5.53338948872752,0
8594,RM  Empat Sekawan,indonesian restaurant,F&B,Indonesia.Batam.Kuliner.202406162232.db,places,1.1419176,104.0175392,390692.888702025,126235.05062843573,0,666.1244337687076,90,314,3,22.929922768333682,4.3,3.2188758248682006,0
8595,Mahajana Restaurant (Restoran Mahajana Batam),indonesian restaurant,F&B,Indonesia.Batam.Kuliner.202406162232.db,places,1.1444235,104.0157635,390495.4024065631,126512.13767862355,0,999.9554330505855,156,356,14,39.5566721592661,4.8,3.8501476017100584,0
8596,Kelong Sijantung,seafood restaurant,F&B,Indonesia.Batam.Kuliner.202406162232.db,places,0.7776682,104.1821316,408996.94049677614,85964.57092606761,-1,0.0,1,3,1,72.87382099749954,5.0,0.6931471805599453,0
8597,Seafood Restaurant Indah Jaya,seafood restaurant,F&B,Indonesia.Batam.Kuliner.202406162232.db,places,0.7771395,104.1817404,408953.3979235736,85906.13602121033,-1,0.0,1,3,1,72.87382099749954,4.5,3.5553480614894135,0
8599,Lucky Seafood Jembatan 5 Barelang Batam,seafood restaurant,F&B,Indonesia.Batam.Kuliner.202406162232.db,places,0.7823667,104.1745639,408154.93673480535,86484.11547074985,-1,0.0,1,3,0,171.866339350421,4.3,3.258096538021482,0
8600,Home Cooking Pelita,restaurant,F&B,Indonesia.Batam.Kuliner.202406162232.db,places,1.1424655,104.0171609,390650.81617324834,126295.63363476483,0,737.7935139475137,90,322,33,64.50413959093348,5.0,1.0986122886681098,0
8605,Resturant Sea Food Pak Long,seafood restaurant,F&B,Indonesia.Batam.Kuliner.202406162232.db,places,0.8561852,104.2640469,418113.66214356537,94642.11916221019,-1,0.0,1,2,0,175.267532037151,4.4,3.784189633918261,0
8608,BBQ Seafood Pelita,seafood restaurant,F&B,Indonesia.Batam.Kuliner.202406162232.db,places,1.146239,104.0167319,390603.224558103,126712.79855582629,0,1089.244277670462,162,349,5,68.80434788468553,4.5,1.9459101490553132,0
8619,Warung Kopi Joe Pulau Rempang,restaurant,F&B,Indonesia.Batam.Kuliner.202406162232.db,places,0.9047101,104.1271194,402878.49049544305,100009.41437943034,-1,0.0,0,3,0,693.9034060240134,4.4,3.1780538303479458,0
8620,Warung Barokah arlina,diner,F&B,Indonesia.Batam.Kuliner.202406162232.db,places,1.1401187,104.0193151,390890.42430802,126036.12056304574,0,387.1919815187651,61,219,1,7.5597788143376325,5.0,1.0986122886681098,0
8622,Monggak,cafe,F&B,Indonesia.Batam.Kuliner.202406162232.db,places,0.8317529,104.204716,411511.2049975882,91942.66652799094,-1,0.0,1,1,0,0.0,4.8,1.9459101490553132,0
8623,Fortunate Kantin,coffee shop,F&B,Indonesia.Batam.Kuliner.202406162232.db,places,0.9388642,104.1503648,405465.9960358035,103784.28215810914,-1,0.0,0,0,0,1504.5003327313605,5.0,0.6931471805599453,0
8625,Warung pak Aspur,grocery store,F&B,Indonesia.Batam.Kuliner.202406162232.db,places,0.8116136,104.2282896,414133.8987179417,89715.94023390583,-1,0.0,2,2,0,106.72301658706992,4.6,2.6390573296152584,0
8626,KEPRI Seafood Restaurant  Setokok,restaurant,F&B,Indonesia.Batam.Kuliner.202406162232.db,places,0.9290734,104.0562789,394996.4053284313,102704.63887609326,-1,0.0,1,1,0,332.22372612805066,4.5,5.017279836814924,0
8627,Ayam Penyet Rizky,ayam penyet restaurant,F&B,Indonesia.Batam.Kuliner.202406162232.db,places,1.1395268,104.0194836,390909.15093731973,125970.6815452963,0,334.8377268386972,54,186,1,12.095671648150878,4.9,2.3978952727983707,0
8630,Soto Lamongan,soto ayam restaurant,F&B,Indonesia.Batam.Kuliner.202406162232.db,places,1.143896,104.019874,390952.75519254315,126453.6676538584,0,698.1593951431834,68,380,1,10.220175103299056,4.6,2.4849066497880004,0
8631,Restaurant Seafood Ibu Gek Moi,seafood restaurant,F&B,Indonesia.Batam.Kuliner.202406162232.db,places,0.6637162,104.2478846,416311.5452770197,73366.97820721546,-1,0.0,0,1,0,598.2999417808642,4.5,2.8903717578961645,0
8633,WARUNG BAKSO JAWA LAMPUNG,coffee shop,F&B,Indonesia.Batam.Kuliner.202406162232.db,places,0.7395155,104.2058453,411634.92895304214,81746.63225497978,-1,0.0,0,1,0,500.0215469246526,5.0,0.6931471805599453,0
8634,Rm Selera Masa kini,seafood restaurant,F&B,Indonesia.Batam.Kuliner.202406162232.db,places,0.619315,104.2862422,420579.16830790474,68458.28952450024,-1,0.0,5,7,2,88.40559017430583,4.4,4.007333185232471,0
8635,6 Points Mini Market,supermarket,F&B,Indonesia.Batam.Kuliner.202406162232.db,places,0.757422,104.1863906,409470.4397861239,83726.43480812508,-1,0.0,4,7,0,26.073457514975978,4.0,0.6931471805599453,0
8636,Ayam Penyet Jozz,brunch restaurant,F&B,Indonesia.Batam.Kuliner.202406162232.db,places,0.8564663,104.1471222,405103.05958387954,94675.88844640847,-1,0.0,1,1,0,123.54949992431932,5.0,0.6931471805599453,0
8637,Warung Ayam Penyet Mbak Yuni,ayam penyet restaurant,F&B,Indonesia.Batam.Kuliner.202406162232.db,places,0.6891404,104.2353704,414919.4409696051,76177.58553671619,-1,0.0,0,0,0,1302.3697344711218,4.6,2.9444389791664403,0
8638,Veranta Cafe,family restaurant,F&B,Indonesia.Batam.Kuliner.202406162232.db,places,0.6594469,104.2511895,416679.23392349354,72894.99528423074,-1,0.0,0,2,0,598.2999417808642,4.4,5.648974238161206,0
8639,Kerambah Cacak Pak Cong,seafood wholesaler,F&B,Indonesia.Batam.Kuliner.202406162232.db,places,0.9078805,104.1551408,405996.61891217687,100359.13999985869,-1,0.0,0,0,0,2291.168514754063,4.5,1.9459101490553132,0
8640,MM Batam,grocery store,F&B,Indonesia.Batam.Kuliner.202406162232.db,places,0.749824,104.2163375,412802.66547913407,82885.9329362807,-1,0.0,0,0,0,1440.350748880437,5.0,0.6931471805599453,0
8641,BBQ Fish Shack,barbecue restaurant,F&B,Indonesia.Batam.Kuliner.202406162232.db,places,0.6200901,104.2860464,420557.39178003964,68543.97109316124,-1,0.0,5,7,0,71.487911165473,4.0,0.6931471805599453,0
8642,Warung asam pedas peluh berapi,soup kitchen,F&B,Indonesia.Batam.Kuliner.202406162232.db,places,0.619072,104.2834885,420272.7405690238,68431.46991982468,-1,0.0,4,6,0,234.67668426545615,5.0,1.0986122886681098,0
8644,Warung Ida,diner,F&B,Indonesia.Batam.Kuliner.202406162232.db,places,0.944408,104.0792175,397549.34926727973,104399.12424657085,-1,0.0,3,3,0,185.3267606424771,5.0,1.0986122886681098,0
8647,Restoran Aneka Selera,seafood restaurant,F&B,Indonesia.Batam.Kuliner.202406162232.db,places,0.9429437,104.0784065,397459.0628286286,104237.27750670277,-1,0.0,3,3,0,29.48542040717469,4.3,5.236441962829949,0
8649,Mie Ayam & Bakso Amelia Barelang,restaurant,F&B,Indonesia.Batam.Kuliner.202406162232.db,places,0.8823453,104.1453338,404904.702833198,97536.66671326457,-1,0.0,2,2,0,98.77322318637215,5.0,1.3862943611198906,0
8650,Rumah Makan Mando,padang restaurant,F&B,Indonesia.Batam.Kuliner.202406162232.db,places,1.1401822,104.0191541,390872.51231332065,126043.14638576582,0,405.70146342476113,60,233,5,19.24062730273831,4.3,3.367295829986474,0
8651,Tempat makan cik Siti,brunch restaurant,F&B,Indonesia.Batam.Kuliner.202406162232.db,places,0.848867,104.261274,417804.96111347096,93833.22805651299,-1,0.0,2,3,0,413.49079023514224,5.0,1.0986122886681098,0
8657,Cafe desa,coffee shop,F&B,Indonesia.Batam.Kuliner.202406162232.db,places,0.9502695,104.0541007,394754.6591415953,105047.83720902029,-1,0.0,1,1,0,12.297293797680604,5.0,1.3862943611198906,0
8659,NANO's MART,supermarket,F&B,Indonesia.Batam.Kuliner.202406162232.db,places,0.9097811,104.1231005,402431.42631691316,100570.08754385491,-1,0.0,1,3,0,25.29035945782693,4.3,2.3978952727983707,0
8660,pantai galang baru,beach,F&B,Indonesia.Batam.Kuliner.202406162232.db,places,0.625696,104.2689979,418660.3650744777,69163.90188132864,-1,0.0,0,0,0,1289.749242860398,4.3,2.70805020110221,0
8663,thiaShop,breakfast restaurant,F&B,Indonesia.Batam.Kuliner.202406162232.db,places,0.9264965,104.0578152,395167.2821676418,102419.72887271705,-1,0.0,1,1,0,332.22372612805066,1.0,0.6931471805599453,0
8664,Pecel Lele Sambal Mentah,pecel lele restaurant,F&B,Indonesia.Batam.Kuliner.202406162232.db,places,1.1439025,104.0195519,390916.9155908583,126454.39845049965,0,712.1619360087523,71,381,0,29.996620908739963,4.5,4.852030263919617,0
8665,Warung nasi bude,coffee shop,F&B,Indonesia.Batam.Kuliner.202406162232.db,places,0.6373374,104.2697771,418747.25325765944,70450.72104231527,-1,0.0,0,0,0,1289.749242860398,3.0,0.6931471805599453,0
8666,Gukmonshop,grocery store,F&B,Indonesia.Batam.Kuliner.202406162232.db,places,0.7437676,104.2043125,411464.4487764549,82216.69401345382,-1,0.0,0,2,0,500.0215469246526,5.0,1.0986122886681098,0
8678,BAKSO BANG MAMAN,bakso restaurant,F&B,Indonesia.Batam.Kuliner.202406162232.db,places,1.1423011,104.0151351,390425.40020748536,126277.53690371143,0,907.613920396682,103,370,1,39.90306992145731,5.0,4.007333185232471,0
8679,KIOS SEMBAKO MARIANI,grocery store,F&B,Indonesia.Batam.Kuliner.202406162232.db,places,0.7943681,104.2069986,411764.38751826074,87810.06508159732,-1,0.0,0,0,0,3040.8787252372526,5.0,0.6931471805599453,0
8680,Seafood Aroma Kertang,regional government office,F&B,Indonesia.Batam.Kuliner.202406162232.db,places,0.9427298,104.0785648,397476.67132032523,104213.62732622234,-1,0.0,3,3,0,29.48542040717469,5.0,0.6931471805599453,0
8682,Sea Level Café & Bar,cafe,F&B,Indonesia.Batam.Kuliner.202406162232.db,places,0.7494879,104.1904304,409919.81178293924,82849.3045584077,-1,0.0,1,3,0,1.2420491866682586,5.0,0.6931471805599453,0
8683,Mirota supermarket,convenience store,F&B,Indonesia.Batam.Kuliner.202406162232.db,places,0.7656111,104.1895244,409819.3284432367,84631.6038193736,-1,0.0,1,5,0,305.7082799979253,5.0,1.0986122886681098,0
8685,Pantai Cakang,beach,F&B,Indonesia.Batam.Kuliner.202406162232.db,places,0.61142,104.2885001,420830.3046300596,67585.55229450991,-1,0.0,1,4,0,281.1899651938538,4.3,5.093750200806762,0
8686,Anugrah Seafood Restaurant,seafood restaurant,F&B,Indonesia.Batam.Kuliner.202406162232.db,places,0.9791432,104.043756,393604.4477047565,108240.02187607782,-1,0.0,1,4,0,371.090914969906,4.0,5.214935757608986,0
8688,MM  TRANS BARELANG 3 (GROSIR),grocery store,F&B,Indonesia.Batam.Kuliner.202406162232.db,places,0.9503177,104.0540011,394743.577608751,105053.16853761338,-1,0.0,1,1,0,12.297293797680604,4.6,1.791759469228055,0
8695,Love Seafood Restaurant (Love Seafood Piayu),seafood restaurant,F&B,Indonesia.Batam.Kuliner.202406162232.db,places,0.9857086,104.0974485,399579.19918594975,108964.13233078016,17,135.35340629953706,8,10,4,0.0,4.5,8.35819745992578,0
8696,Kedai awang,convenience store,F&B,Indonesia.Batam.Kuliner.202406162232.db,places,0.7545248,104.3369775,426226.8932188957,83403.33051576292,-1,0.0,0,1,0,665.9611633007912,5.0,0.6931471805599453,0
8697,Pantai Mirota,recreation center,F&B,Indonesia.Batam.Kuliner.202406162232.db,places,0.7725049,104.1733474,408019.35569612484,85394.00071356392,-1,0.0,0,0,0,1065.2311749078528,4.4,6.974478911025045,0
8698,Pantai melayu,coffee shop,F&B,Indonesia.Batam.Kuliner.202406162232.db,places,0.8815299,104.1456968,404945.07471912145,97446.52093995483,-1,0.0,2,2,0,98.77322318637215,3.9,2.302585092994046,0
8699,HAKKE NASI AYAM,restaurant,F&B,Indonesia.Batam.Kuliner.202406162232.db,places,1.1433031,104.0191991,390877.63713113236,126388.15012421904,0,669.5919322216091,78,354,35,47.20640290331965,4.3,2.1972245773362196,0
8700,RM Seafood Jawa Melayu 2,seafood restaurant,F&B,Indonesia.Batam.Kuliner.202406162232.db,places,0.9836475,104.094833,399288.1040030462,108736.36855855184,17,297.1856983989934,8,10,4,175.10495586836228,4.4,6.966967138613983,0
8702,Galang Refugee Camp (Camp Vietnam),tourist attraction,F&B,Indonesia.Batam.Kuliner.202406162232.db,places,0.7683303,104.1900253,409875.1236216029,84932.1773553517,-1,0.0,1,1,0,305.7082799979253,4.4,6.610696044717759,0
8704,Pasar Ikan Teri Barelang,supermarket,F&B,Indonesia.Batam.Kuliner.202406162232.db,places,0.7005628,104.2325014,414600.3924434341,77440.27115206725,-1,0.0,0,0,0,1302.3697344711218,4.0,2.1972245773362196,0
8707,Jembatan 5 Barelang,bridge,F&B,Indonesia.Batam.Kuliner.202406162232.db,places,0.7830917,104.1759302,408306.98923690326,86564.22836114508,-1,0.0,1,3,0,171.866339350421,4.6,6.008813185442595,0
8710,AZahra Cafe,restaurant,F&B,Indonesia.Batam.Kuliner.202406162232.db,places,1.1432698,104.02244,391238.24856329366,126384.3459400922,0,586.1743682750181,49,295,25,26.909989892390385,4.0,3.332204510175204,0
8711,Barelang Jembatan 1 (Jembatan 1 Barelang),bridge,F&B,Indonesia.Batam.Kuliner.202406162232.db,places,0.9816807,104.0415727,393361.58249023254,108520.60155236858,-1,0.0,2,5,0,246.0440405969585,4.6,6.733401891837359,0
8712,PJR,brunch restaurant,F&B,Indonesia.Batam.Kuliner.202406162232.db,places,0.8731607,104.4326073,436869.64230222086,96515.33104971504,-1,0.0,2,2,1,434.62703291835794,4.7,1.3862943611198906,0
8713,CHA YEN TEA,bubble tea store,F&B,Indonesia.Batam.Kuliner.202406162232.db,places,1.0217425,104.1756573,408282.6001726304,112945.13175154151,-1,0.0,0,0,0,2773.8812787858333,4.0,0.6931471805599453,0
8714,EXReviola Beach di ganti Sea Light Beach,tourist attraction,F&B,Indonesia.Batam.Kuliner.202406162232.db,places,0.650222,104.2848553,420425.3103841335,71874.73452128204,-1,0.0,1,2,0,68.06794070236313,4.5,6.410174881966167,0
8717,Seafood Jawa Melayu 1,seafood restaurant,F&B,Indonesia.Batam.Kuliner.202406162232.db,places,0.9853158,104.0981006,399651.74821742205,108920.6909293487,17,216.5299901800512,8,9,4,33.797574725038544,4.6,4.330733340286331,0
8719,Indah Jaya,restaurant,F&B,Indonesia.Batam.Kuliner.202406162232.db,places,1.0494085,104.0437131,393601.96912878536,116007.56301092541,-1,0.0,0,1,0,645.5545855392404,5.0,0.6931471805599453,0
8721,Pantai Melur Barelang,beach,F&B,Indonesia.Batam.Kuliner.202406162232.db,places,0.7557478,104.1860821,409436.07623792056,83541.3727344175,-1,0.0,4,6,0,188.2254620663087,4.2,5.517452896464707,0
8722,Bakso solo baru Blok CC 03 No 11 Tanjung Piayu,bakso restaurant,F&B,Indonesia.Batam.Kuliner.202406162232.db,places,1.0376993,104.0493481,394228.5952429166,114712.96991726506,4,1345.2676061756877,18,98,0,19.045184767941073,4.3,4.442651256490317,0
8725,Kampung Tua Tanjung Piayu Batam,restaurant,F&B,Indonesia.Batam.Kuliner.202406162232.db,places,0.9870075,104.0942698,399225.53622178105,109107.81431197781,17,250.84281199458653,9,11,3,130.89744122685843,4.2,2.3978952727983707,0
8728,Peternakan ayam broiler kelingking1,poultry farm,F&B,Indonesia.Batam.Kuliner.202406162232.db,places,0.9003546,104.1154811,401583.3291227397,99528.25545553726,-1,0.0,0,0,0,1328.893515889805,5.0,0.6931471805599453,0
8730,Pantai Elyora,beach,F&B,Indonesia.Batam.Kuliner.202406162232.db,places,0.6232613,104.285354,420480.39089315693,68894.52223022762,-1,0.0,4,5,0,215.60987519441485,4.5,6.872128101338986,0
8731,Sejiwa Beach side,fast food restaurant,F&B,Indonesia.Batam.Kuliner.202406162232.db,places,0.8707742,104.4359597,437242.6162364207,96251.48149211143,-1,0.0,2,2,0,137.01380435736775,5.0,1.791759469228055,0
8732,Mushola Reviola,mosque,F&B,Indonesia.Batam.Kuliner.202406162232.db,places,0.6502413,104.2842439,420357.27618740627,71876.87756284571,-1,0.0,1,2,0,68.06794070236313,5.0,0.6931471805599453,0
8733,Tegar Putri Beach,beach,F&B,Indonesia.Batam.Kuliner.202406162232.db,places,0.642974,104.2868128,420643.0216739633,71073.51844035792,-1,0.0,0,2,0,830.2682783599291,4.3,5.780743515792329,0
8737,Barelang Ujung,tourist attraction,F&B,Indonesia.Batam.Kuliner.202406162232.db,places,0.6135873,104.2871771,420683.11659739143,67825.14252712594,-1,0.0,1,6,0,281.1899651938538,4.4,6.249975242259483,0
8738,Wisata Pulau Mubut Darat,beach,F&B,Indonesia.Batam.Kuliner.202406162232.db,places,0.8451274,104.2595874,417617.2105174202,93419.89014714348,-1,0.0,2,2,0,65.7545520515972,4.4,5.3706380281276624,0
8740,Kedai Makan Tiga Dara,brunch restaurant,F&B,Indonesia.Batam.Kuliner.202406162232.db,places,0.8719576,104.4363261,437283.4042635368,96382.28332477617,-1,0.0,2,2,1,137.01380435736775,4.3,2.0794415416798357,0
8741,Dapur enam rempang cate,log cabins,F&B,Indonesia.Batam.Kuliner.202406162232.db,places,0.9348157,104.137456,404029.48984914913,103337.10073307848,-1,0.0,0,0,0,1470.7725164096812,3.0,1.0986122886681098,0
8742,Ex Camp Vietnam,museum,F&B,Indonesia.Batam.Kuliner.202406162232.db,places,0.7523504,104.2036392,411389.6985116275,83165.45865698585,-1,0.0,0,1,0,951.7047603685896,4.4,6.610696044717759,0
8743,Warung Acik susi,brunch restaurant,F&B,Indonesia.Batam.Kuliner.202406162232.db,places,0.8699891,104.453762,439223.42026933667,96164.40850539478,-1,0.0,0,0,0,1952.211960746109,5.0,1.791759469228055,0
8744,Halona Beach Resort (Pantai Halona),tourist attraction,F&B,Indonesia.Batam.Kuliner.202406162232.db,places,0.7045259,104.213718,412510.30582812615,77878.70149864737,-1,0.0,0,0,0,1681.8032814846777,4.5,5.749392985908253,0
8746,Jembatan 6 Barelang,bridge,F&B,Indonesia.Batam.Kuliner.202406162232.db,places,0.7196017,104.2116831,412284.15286142007,79545.2299602293,-1,0.0,0,0,0,1681.8032814846777,4.5,4.812184355372417,0
8749,Pelabuhan Sembulang,tourist attraction,F&B,Indonesia.Batam.Kuliner.202406162232.db,places,0.8453007,104.2601527,417680.1163872228,93439.03466750539,-1,0.0,2,2,0,65.7545520515972,4.4,5.602118820879701,0
8750,Pantai Melayu,beach,F&B,Indonesia.Batam.Kuliner.202406162232.db,places,0.856606,104.1460206,404980.4824454565,94691.35854878585,-1,0.0,1,1,0,123.54949992431932,4.2,6.92951677076365,0
8751,Kandang Ayam BULE atau AJS FARM,poultry farm,F&B,Indonesia.Batam.Kuliner.202406162232.db,places,0.93356,104.0959233,399407.9627737384,103199.4528939425,-1,0.0,0,0,0,2181.3840691444025,5.0,0.6931471805599453,0
8753,Ayam geprek gold chick,chicken restaurant,F&B,Indonesia.Batam.Kuliner.202406162232.db,places,1.1402933,104.0202492,390994.3676795098,126055.38664010227,0,326.3022075595704,59,214,1,23.056403245404187,3.7,4.6443908991413725,0
8756,Botanical Garden Batam (Kebun Raya Batam),garden,F&B,Indonesia.Batam.Kuliner.202406162232.db,places,0.8317529,104.204716,411511.2049975882,91942.66652799094,-1,0.0,1,1,0,0.0,4.2,7.005789019253503,0
8758,Restoran Selera Hati,restaurant,F&B,Indonesia.Batam.Kuliner.202406162232.db,places,0.8640456,104.2479235,416319.7493752521,95511.35496688604,-1,0.0,0,0,0,1946.5125129506928,2.0,0.6931471805599453,0
8759,Ranoh Island Resort,hotel,F&B,Indonesia.Batam.Kuliner.202406162232.db,places,0.5568975,104.231842,414524.68008438713,61559.49516540283,-1,0.0,0,0,0,4375.087052729324,4.6,4.852030263919617,0
8760,Galang Island (Pulau Galang),island,F&B,Indonesia.Batam.Kuliner.202406162232.db,places,0.7393925,104.2279672,414096.5679318829,81732.60152811228,-1,0.0,0,0,0,1733.308078299195,4.3,5.220355825078324,0
8765,New Melur Beach (Pantai New Melur Batam),beach pavillion,F&B,Indonesia.Batam.Kuliner.202406162232.db,places,0.7576527,104.1855017,409371.5308023987,83751.95530660986,-1,0.0,4,5,0,91.71524393302857,4.4,6.0867747269123065,0
8771,KANDANG KAMBING PAKDE KUMIS,livestock dealer,F&B,Indonesia.Batam.Kuliner.202406162232.db,places,0.837166,104.053115,394641.7521034941,92544.78357119006,-1,0.0,1,1,0,0.0,5.0,0.6931471805599453,0
8772,Pantai Viovio,beach,F&B,Indonesia.Batam.Kuliner.202406162232.db,places,0.7494975,104.1904246,409919.16657431633,82850.3658745788,-1,0.0,1,3,0,1.2420491866682586,4.2,7.164720378771857,0
8773,Wr Nasi Nusantara,restaurant,F&B,Indonesia.Batam.Kuliner.202406162232.db,places,1.1404976,104.0202075,390989.7354311949,126077.9729192594,0,347.0380543327433,61,229,32,23.056403245404187,5.0,0.6931471805599453,0
8774,Sate Ajo Sumatra,satay restaurant,F&B,Indonesia.Batam.Kuliner.202406162232.db,places,1.1396444,104.0198207,390946.6643051951,125983.6690793002,0,310.70761192237717,57,189,0,0.5492247854380072,4.3,1.9459101490553132,0
8778,Login cafe,meal delivery,F&B,Indonesia.Batam.Kuliner.202406162232.db,places,-2.44565,117.8888,1945181.7504626135,-277346.30088331114,-1,0.0,0,0,0,450249.5366479509,4.8,2.302585092994046,0
8780,Abang-besar Island (Pulau Abang-besar),island,F&B,Indonesia.Batam.Kuliner.202406162232.db,places,0.5785079,104.1989038,410859.6400343096,63948.81895055363,-1,0.0,0,0,0,4375.087052729324,4.4,2.8903717578961645,0
8781,Dapur OKE Sop Tulang,family restaurant,F&B,Indonesia.Batam.Kuliner.202406162232.db,places,1.1479757,104.0142815,390330.636228542,126904.87916744167,0,1404.3396261425823,183,355,4,40.030133013376556,4.6,5.41610040220442,0
8782,Pantai Mubut darat,beach,F&B,Indonesia.Batam.Kuliner.202406162232.db,places,0.8159504,104.2805297,419946.9156066414,90194.25439864567,-1,0.0,0,0,0,3958.153318700292,4.5,5.60947179518496,0
8783,Jogi,indonesian restaurant,F&B,Indonesia.Batam.Kuliner.202406162232.db,places,1.0397944,103.9979722,388511.9134085078,114946.34221065165,2,2609.191284704659,14,47,2,17.89497491509705,2.5,1.0986122886681098,0
8784,Mie Ayam Sari Raos Simpang Pelita,noodle shop,F&B,Indonesia.Batam.Kuliner.202406162232.db,places,1.1416567,104.021147,391094.3166457998,126206.07204767599,0,419.2168788494684,64,267,1,23.7942023625136,4.7,1.9459101490553132,0
8788,Jembatan 4 Barelang,bridge,F&B,Indonesia.Batam.Kuliner.202406162232.db,places,0.9461535,104.0782724,397444.23502657417,104592.10796477189,-1,0.0,3,3,0,219.75376922775155,4.5,5.267858159063328,0
8798,Barelang Second Bridge (Jembatan 2 Barelang),bridge,F&B,Indonesia.Batam.Kuliner.202406162232.db,places,0.9765447,104.0489133,394178.2414349693,107952.60565006749,-1,0.0,0,3,0,641.753326290969,4.5,7.275172319452771,0
8799,Singgalang,indonesian restaurant,F&B,Indonesia.Batam.Kuliner.202406162232.db,places,1.112082,104.0393753,393121.4842334174,122936.02012083537,0,3450.199904220838,53,110,4,31.469724983086188,4.8,2.1972245773362196,0
8800,Warung padang putra pasaman kampung nanas batam center,tongue restaurant,F&B,Indonesia.Batam.Kuliner.202406162232.db,places,1.1195039,104.0407372,393273.2901621234,123756.4325873965,0,2913.009420565167,36,115,0,60.28065970768975,4.6,2.8903717578961645,0
8807,Lontonglah Batam,restaurant,F&B,Indonesia.Batam.Kuliner.202406162232.db,places,1.1429196,104.0121884,390097.5456393021,126346.02276709786,0,1227.7402379896878,125,457,29,10.113138045395004,4.7,2.302585092994046,0
8808,POP-Chick & Serius Chocolate,restaurant,F&B,Indonesia.Batam.Kuliner.202406162232.db,places,1.1394581,104.0197025,390933.50524430466,125963.07869342556,0,310.0734947104021,51,185,23,17.005255513143073,5.0,1.3862943611198906,0
8810,Pelabuhan Subang Mas,cafe,F&B,Indonesia.Batam.Kuliner.202406162232.db,places,0.944552,104.194606,410388.9394374572,104411.85407807982,-1,0.0,0,0,0,3347.0705032666324,4.7,2.0794415416798357,0
8813,Cita Rasa Seafood Barelang (Cita Rasa Seafood Restaurant),seafood restaurant,F&B,Indonesia.Batam.Kuliner.202406162232.db,places,0.8116448,104.2292482,414240.5666490403,89719.36875320529,-1,0.0,2,2,1,0.0,4.4,5.493061443340548,0
8814,Boboko Bu Euis Batam,sundanese restaurant,F&B,Indonesia.Batam.Kuliner.202406162232.db,places,1.0999439,104.0581381,395208.7871315215,121593.53519342288,9,254.89129927589198,73,123,0,22.766002480591844,4.9,4.90527477843843,0
8816,Pulau Subangmas,island,F&B,Indonesia.Batam.Kuliner.202406162232.db,places,0.9333333,104.1666667,407279.79901280924,103172.44826332119,-1,0.0,0,0,0,1914.2157543511657,4.8,2.6390573296152584,0
8820,Ayam geprek mania pelita,restaurant,F&B,Indonesia.Batam.Kuliner.202406162232.db,places,1.1402928,104.0197061,390933.9372238504,126055.35193877132,0,366.87504762264314,62,219,31,9.502898763607405,5.0,0.6931471805599453,0
8824,Ale Ale Makanan Khas Medan,breakfast restaurant,F&B,Indonesia.Batam.Kuliner.202406162232.db,places,1.1201756,104.042328,393450.3219828429,123830.62848017855,0,2992.392991604768,30,127,0,35.93736134113318,4.0,0.6931471805599453,0
8828,Kelapa Muda Tiga Saudara,restaurant,F&B,Indonesia.Batam.Kuliner.202406162232.db,places,1.110734,104.0413921,393345.84488923324,122786.93112200753,0,3700.522468449748,54,99,14,10.74654238644019,5.0,0.6931471805599453,0
8829,Rojak's House,restaurant,F&B,Indonesia.Batam.Kuliner.202406162232.db,places,1.1421005,104.0176364,390703.71100389754,126255.26594788265,0,671.5212885068266,89,316,34,22.929922768333682,5.0,1.0986122886681098,0
8836,RM Putri Mama,padang restaurant,F&B,Indonesia.Batam.Kuliner.202406162232.db,places,1.1122521,104.0390169,393081.6112299146,122954.83699377433,0,3412.4163054562023,53,111,1,44.09003419746809,4.4,3.091042453358316,0
8838,Pempek Blok 3,pempek restaurant,F&B,Indonesia.Batam.Kuliner.202406162232.db,places,1.1388404,104.0143109,390333.5608259998,125894.99854586566,0,868.6885602711568,45,337,0,117.58683680749424,4.5,5.560681631015528,0
8839,Ayam Geprek MS,hawker stall,F&B,Indonesia.Batam.Kuliner.202406162232.db,places,1.110357,104.039827,393171.6828531402,122745.31178248243,0,3637.0604411186177,53,94,3,67.8238711715009,5.0,2.302585092994046,0
8844,Soto Lamongan Cak Ali,soto ayam restaurant,F&B,Indonesia.Batam.Kuliner.202406162232.db,places,1.117083,104.0364118,392791.91668503074,123488.96910553584,0,2807.6494872320204,16,111,0,114.20372727184062,5.0,1.9459101490553132,0
8853,Warung Nasi Campur  Budhe Pacitan,restaurant,F&B,Indonesia.Batam.Kuliner.202406162232.db,places,1.1383866,104.0194634,390906.86041229364,125844.63688470032,0,293.60837270908013,39,175,19,84.19228009653018,5.0,1.0986122886681098,0
8854,Batam kuliner,restaurant,F&B,Indonesia.Batam.Kuliner.202406162232.db,places,1.0328674,104.0025499,389021.0503666265,114180.42001964716,-1,0.0,0,14,0,730.0286573028676,4.0,1.0986122886681098,0
8856,TAHU KALASAM BATAM CENTRE,tofu restaurant,F&B,Indonesia.Batam.Kuliner.202406162232.db,places,1.1058027,104.0449911,393746.1291432833,122241.66643357751,0,4376.886768359022,15,76,0,136.89422415511785,4.5,1.6094379124341003,0
8857,Pawon D racixx,nasi restaurant,F&B,Indonesia.Batam.Kuliner.202406162232.db,places,1.1123098,104.0493244,394228.5258512721,122960.84405012154,6,803.2671308784019,12,72,0,39.62686010677935,5.0,1.3862943611198906,0
8859,Mak Usul Rumah Makan,indonesian restaurant,F&B,Indonesia.Batam.Kuliner.202406162232.db,places,1.1491176,104.0185088,390801.0481673415,127030.95077359605,0,1293.4217454227007,85,347,12,42.70385841659197,5.0,0.6931471805599453,0
8860,Sego Pecel Mbak Ti'aH - Outlet Golden Land,pecel lele restaurant,F&B,Indonesia.Batam.Kuliner.202406162232.db,places,1.1087207,104.0402685,393220.7498451991,122564.40930828154,0,3816.043919882688,52,96,1,20.758894329617707,4.1,2.0794415416798357,0
8861,Pondok Kelapa Restaurant,family restaurant,F&B,Indonesia.Batam.Kuliner.202406162232.db,places,1.146257,104.01735,390672.0008054368,126714.76479348174,0,1055.0370402904246,133,349,2,11.833222243237735,5.0,1.0986122886681098,0
8863,Warung pak nyo  jodoh,restaurant,F&B,Indonesia.Batam.Kuliner.202406162232.db,places,1.1044966,104.041588,393367.4196788812,122097.40431438645,0,4291.522715767504,10,85,2,60.558785116716216,5.0,2.0794415416798357,0
8864,Esme Private Dining,restaurant,F&B,Indonesia.Batam.Kuliner.202406162232.db,places,1.1117035,104.0414992,393357.79666486965,122894.10162753232,0,3620.927527496875,53,110,14,8.696514952235177,5.0,1.791759469228055,0
8866,Kuliner Malam,night market,F&B,Indonesia.Batam.Kuliner.202406162232.db,places,1.12516,104.054546,394809.98816238384,124381.19059360615,0,3881.4499801982124,27,108,0,13.107378642130282,4.6,4.477336814478207,0
8867,Kantin pt osi dan casco,restaurant,F&B,Indonesia.Batam.Kuliner.202406162232.db,places,1.1132657,104.0440345,393639.9548840287,123066.70505018951,0,3665.636247233136,30,114,10,242.6805793372291,5.0,0.6931471805599453,0
8870,AHUI Mie Pangsit (Ciang Hau Kopitiam),noodle shop,F&B,Indonesia.Batam.Kuliner.202406162232.db,places,1.1198609,104.042774,393499.93680362776,123795.82344363716,0,3052.662338518811,30,125,3,10.109139788554346,4.5,5.921578419643816,0
8873,Koko Ais Kepal,fast food restaurant,F&B,Indonesia.Batam.Kuliner.202406162232.db,places,1.11077,104.0410311,393305.6777588277,122790.92381068325,0,3674.0729923285876,52,100,2,22.33122772050255,5.0,0.6931471805599453,0
8874,Dapur Q-Udin,restaurant,F&B,Indonesia.Batam.Kuliner.202406162232.db,places,1.1091083,104.0408036,393280.30428634124,122607.23766097425,0,3812.0206086908793,55,94,13,32.64070745625013,3.0,0.6931471805599453,0
8875,rumah makan Padang ampera BISMILLAH serba Rp 12 0000,restaurant,F&B,Indonesia.Batam.Kuliner.202406162232.db,places,1.1429541,104.016844,390615.5733656617,126349.65889309628,0,800.3699266709918,86,332,28,64.50413959093348,5.0,0.6931471805599453,0
8877,Wayang (Warung Eyang) Batam,diner,F&B,Indonesia.Batam.Kuliner.202406162232.db,places,1.1121303,104.0403699,393232.15497164393,122941.32349908864,0,3508.810424413249,54,111,3,60.88761471263984,5.0,2.5649493574615367,0
8878,Bubur Ayam Amelia Simpang Kara,breakfast restaurant,F&B,Indonesia.Batam.Kuliner.202406162232.db,places,1.1109862,104.0411848,393322.787692364,122814.81831431603,0,3664.430645810151,53,106,1,1.9287348585508788,5.0,1.0986122886681098,0
8879,Wak Mia,diner,F&B,Indonesia.Batam.Kuliner.202406162232.db,places,1.1323561,104.0316561,392263.310757809,125177.5285925948,0,1234.514775081009,41,127,2,123.1881388988198,5.0,0.6931471805599453,0
8880,Warkop Agam Happy,indonesian restaurant,F&B,Indonesia.Batam.Kuliner.202406162232.db,places,1.138845,104.015932,390513.9402548223,125895.44543015814,0,689.7458980860584,50,294,1,71.19867424934971,4.5,4.795790545596741,0
8881,Bakso & Mie Ayam Pak Miin,fast food restaurant,F&B,Indonesia.Batam.Kuliner.202406162232.db,places,1.1116134,104.0385716,393032.03975503653,122884.2473237112,0,3444.822843665395,53,107,3,73.19681122227139,4.9,2.5649493574615367,0
8882,Hongti Seafood,restaurant,F&B,Indonesia.Batam.Kuliner.202406162232.db,places,1.1359763,104.0440365,393640.9996412684,125577.26987468805,0,2454.0957576149854,19,57,6,62.30041062859608,4.5,5.7745515455444085,0
8885,Warung suci,restaurant,F&B,Indonesia.Batam.Kuliner.202406162232.db,places,1.1133914,104.0401273,393205.2062675554,123080.7419251962,0,3380.122022994045,49,109,12,53.727138189297094,5.0,0.6931471805599453,0
8887,Bima Jaya 26,special food and drink,F&B,Indonesia.Batam.Kuliner.202406162232.db,places,1.1413256,104.0163862,390564.5725985085,126169.65075080773,0,732.7216449232268,92,333,0,120.34779294971155,3.5,1.0986122886681098,0
8888,Warung Madu Rasa,seafood restaurant,F&B,Indonesia.Batam.Kuliner.202406162232.db,places,1.142896,104.0187093,390823.1220178447,126343.165144715,0,659.7115184571858,86,324,2,54.55697237908152,4.7,1.3862943611198906,0
8891,Rumah Makan Cahaya Minang,padang restaurant,F&B,Indonesia.Batam.Kuliner.202406162232.db,places,1.1098126,104.0406946,393268.20110550313,122685.09917424258,0,3740.3412364255128,53,93,2,26.9625655155326,5.0,1.3862943611198906,0
8892,Rumah Makan Syukur Vegetarian,brunch restaurant,F&B,Indonesia.Batam.Kuliner.202406162232.db,places,1.1143028,104.0395356,393139.4007541916,123181.51507265336,0,3259.9735196868983,43,108,1,84.06391750470746,5.0,1.791759469228055,0
8893,Ayam Bakar Lamako,indonesian restaurant,F&B,Indonesia.Batam.Kuliner.202406162232.db,places,1.107166,104.0453648,393787.75920648687,122392.36027887247,0,4280.361620388615,15,69,0,20.008541729559624,5.0,1.9459101490553132,0
8894,RM Mamak Den,restaurant,F&B,Indonesia.Batam.Kuliner.202406162232.db,places,1.1111441,104.0401879,393211.86842542427,122832.30955194957,0,3586.734306508833,54,103,13,31.78887198945456,4.0,0.6931471805599453,0
8897,Spice Valley,indian restaurant,F&B,Indonesia.Batam.Kuliner.202406162232.db,places,1.1125566,104.0419704,393410.25760950334,122988.39141368172,0,3577.9256049403252,52,113,1,29.57268439910452,4.5,2.3978952727983707,0
8899,Sarapan Pagi Inong,breakfast restaurant,F&B,Indonesia.Batam.Kuliner.202406162232.db,places,1.1108388,104.0440521,393641.82634980365,122798.42046816638,0,3870.970617094109,48,92,1,179.13093142092535,5.0,1.3862943611198906,0
8900,Honglin Crispy Chicken,fast food restaurant,F&B,Indonesia.Batam.Kuliner.202406162232.db,places,1.1149814,104.0391462,393096.0967712937,123256.54578751964,0,3173.9293223553,44,108,2,86.630497563887,5.0,0.6931471805599453,0
8902,Dapur Basudara Khas Manado,indonesian restaurant,F&B,Indonesia.Batam.Kuliner.202406162232.db,places,1.1145039,104.0402642,393220.47915557725,123203.71946534915,0,3291.382816568182,48,108,3,84.06391750470746,5.0,0.6931471805599453,0
8903,Arjuna CABE IJO PETIR LAMONGAN,pecel lele restaurant,F&B,Indonesia.Batam.Kuliner.202406162232.db,places,1.1118842,104.0391719,393098.8448232133,122914.1614681751,0,3455.8530546440743,53,110,1,31.469724983086188,5.0,1.791759469228055,0
8905,Pempek Iin Friends Palembang,restaurant,F&B,Indonesia.Batam.Kuliner.202406162232.db,places,1.1109636,104.0410884,393312.0604671474,122812.32345474596,0,3660.2539462722116,53,105,14,11.013522829806078,5.0,1.0986122886681098,0
8906,Tempat Makan,restaurant,F&B,Indonesia.Batam.Kuliner.202406162232.db,places,1.052605,103.979023,386403.8170062021,116363.20493988921,2,715.8428750488872,47,128,15,50.11617140215802,5.0,0.6931471805599453,0
8909,Pondok  Ayam  Kriuk,chicken restaurant,F&B,Indonesia.Batam.Kuliner.202406162232.db,places,1.1105923,104.0357837,392721.79337887,122771.46972852711,0,3390.387059453589,19,107,1,26.867157535853735,4.7,1.3862943611198906,0
8910,Warung Nasgor MasBro,nasi goreng restaurant,F&B,Indonesia.Batam.Kuliner.202406162232.db,places,1.1080551,104.0446998,393713.79641993885,122490.67048705177,0,4157.3372937553595,28,75,0,31.292488850356698,4.2,2.8903717578961645,0
8911,Ratu Salad,salad shop,F&B,Indonesia.Batam.Kuliner.202406162232.db,places,1.1070531,104.0412049,393324.8833809863,122380.02898877717,0,4027.5963200812334,42,94,0,185.995017796715,5.0,1.3862943611198906,0
8913,HOLY MEAT TEMBESI,barbecue restaurant,F&B,Indonesia.Batam.Kuliner.202406162232.db,places,1.039748,103.9938583,388054.14186095353,114941.35839717594,2,2180.2621919704557,30,56,0,168.83531405792556,4.9,2.0794415416798357,0
8914,Holy Meat and Grill Halal,halal restaurant,F&B,Indonesia.Batam.Kuliner.202406162232.db,places,1.1251588,104.0464672,393911.0679553324,124381.35048494872,0,3062.2994799129438,56,125,1,36.62880031545565,4.6,5.030437921392435,0
8916,Sarrab Pizza & Burger Station,restaurant,F&B,Indonesia.Batam.Kuliner.202406162232.db,places,1.1328386,104.0493706,394234.40423784824,125230.2145652873,0,3090.3179447965895,13,121,3,50.38739676320334,4.3,2.833213344056216,0
8917,Pempek Palembang Edwin,indonesian restaurant,F&B,Indonesia.Batam.Kuliner.202406162232.db,places,1.1099706,104.0408792,393288.7471957462,122702.55878806712,0,3737.276142902634,52,94,4,5.483705432352612,5.0,0.6931471805599453,0
8918,Nasi uduk ayam goreng jakarta “Berkat”,chicken restaurant,F&B,Indonesia.Batam.Kuliner.202406162232.db,places,1.1095589,104.0409834,393300.326764376,122657.04322347276,0,3781.5091231073934,55,94,0,8.983431228334624,4.2,3.332204510175204,0
8921,Amanah Catering Batam,restaurant,F&B,Indonesia.Batam.Kuliner.202406162232.db,places,1.1041771,104.0420301,393416.6007985703,122062.06900738431,0,4346.948392255773,9,83,1,60.558785116716216,5.0,2.302585092994046,0
8922,Martabak Har Duta Mas,indian restaurant,F&B,Indonesia.Batam.Kuliner.202406162232.db,places,1.1069852,104.0453564,393786.8181049273,122372.37388174847,0,4295.720834616501,15,70,0,20.008541729559624,4.1,4.127134385045092,0
8923,Pisang Molen Pak Ugy,hawker stall,F&B,Indonesia.Batam.Kuliner.202406162232.db,places,1.1110032,104.0411809,393322.3543497506,122816.6977377207,0,3662.6484757563294,53,106,3,1.9287348585508788,5.0,1.6094379124341003,0
8925,Pempek 2V,pempek restaurant,F&B,Indonesia.Batam.Kuliner.202406162232.db,places,1.1107848,104.0359311,392738.201525176,122792.74452321137,0,3378.8515258737484,21,110,0,26.867157535853735,4.8,2.70805020110221,0
8930,Warung Kopi Nona Manis,restaurant,F&B,Indonesia.Batam.Kuliner.202406162232.db,places,1.1087389,104.044035,393639.8486140757,122566.28566194116,0,4052.4068817115267,40,78,7,32.506350272933105,5.0,1.9459101490553132,0
8932,Soto Kwali Pak Awi,restaurant,F&B,Indonesia.Batam.Kuliner.202406162232.db,places,1.1117523,104.0399719,393187.85598366894,122899.55148345872,0,3517.66131386249,55,107,14,12.446934781581422,5.0,2.0794415416798357,0
8941,Bukit indah sukajadi,housing society,F&B,Indonesia.Batam.Kuliner.202406162232.db,places,1.1127053,104.0206955,391043.0023190168,123005.60687273671,-1,0.0,0,17,0,698.8530296545429,4.4,2.9444389791664403,0
8943,Bukit Indah Sukajadi Mosque (Masjid Bukit Indah Sukajadi),mosque,F&B,Indonesia.Batam.Kuliner.202406162232.db,places,1.1055531,104.0305536,392139.6571498942,122214.59476734068,0,3706.8918129098156,14,56,0,78.01284670324787,4.8,7.261927092702751,0
8945,Perumahan Sukajadi,housing complex,F&B,Indonesia.Batam.Kuliner.202406162232.db,places,1.101876,104.0279198,391846.4601734202,121808.20018147698,0,4043.917889885324,4,23,0,446.890256264093,5.0,0.6931471805599453,0
8947,Bubur Manado Dan Aneka Kue,coffee shop,F&B,Indonesia.Batam.Kuliner.202406162232.db,places,1.1067216,104.0297593,392051.3172837571,122343.79710864242,0,3559.86049717189,16,45,0,16.166869834500627,4.0,0.6931471805599453,0
8948,Gorengan Citramas,snack bar,F&B,Indonesia.Batam.Kuliner.202406162232.db,places,1.1574956,104.1225185,402374.2305901431,127953.31909179229,16,182.36626982698664,10,23,0,38.4744050586813,5.0,1.0986122886681098,0
8949,Citra pempek,pempek restaurant,F&B,Indonesia.Batam.Kuliner.202406162232.db,places,1.1121504,104.0289935,391966.3033513093,122943.9594617417,0,2957.474512514085,14,41,0,45.03598250293956,4.4,4.51085950651685,0
8951,Mie Ayam Hijau Citramas,noodle shop,F&B,Indonesia.Batam.Kuliner.202406162232.db,places,1.1552031,104.1228124,402406.8532253151,127699.88793396871,16,140.75790678175875,9,25,0,13.545558997401805,4.4,5.214935757608986,0
8952,Mie Ayam Hijau Citramas 2,noodle shop,F&B,Indonesia.Batam.Kuliner.202406162232.db,places,1.1346874,104.0340428,392528.96321349475,125435.15654727106,0,1380.9303346220838,48,127,2,18.92846680634607,3.0,0.6931471805599453,0
8953,Kedai Kopi Aan,chinese restaurant,F&B,Indonesia.Batam.Kuliner.202406162232.db,places,1.1245582,104.04639,393902.45628149755,124314.95943937097,0,3086.055102970593,53,126,1,7.926853449311774,4.5,5.3981627015177525,0
8954,MaVeea kitchen,cafe,F&B,Indonesia.Batam.Kuliner.202406162232.db,places,1.1540267,104.1224863,402370.5293702889,127569.85571794066,16,230.21311239819266,10,24,0,113.16125584635006,4.1,2.302585092994046,0
8955,Bakmie Pak Lucky (Kedai Kopi Pak Lucky),noodle shop,F&B,Indonesia.Batam.Kuliner.202406162232.db,places,1.1245864,104.0463245,393895.1691688087,124318.07921408502,0,3078.1659037537806,53,127,2,0.0,4.4,3.8918202981106265,0
8956,utproject id,restaurant,F&B,Indonesia.Batam.Kuliner.202406162232.db,places,1.1551058,104.1228864,402415.0835609946,127689.12950735721,16,153.9463147711182,9,25,1,13.545558997401805,5.0,0.6931471805599453,0
8957,Warteg Citramas,tegal restaurant,F&B,Indonesia.Batam.Kuliner.202406162232.db,places,-6.2721185,106.5279609,669032.5129299394,-693531.5707371535,-1,0.0,0,0,0,6696.020241696255,4.3,3.9512437185814275,0
8958,Warung Pak Abu,supermarket,F&B,Indonesia.Batam.Kuliner.202406162232.db,places,1.153101,104.1220521,402322.1862435076,127467.54046043851,16,321.49122967743364,7,23,0,113.16125584635006,4.8,1.9459101490553132,0
8959,CV  Citra Indo Rasa,caterer,F&B,Indonesia.Batam.Kuliner.202406162232.db,places,1.134917,104.029671,392042.52474318305,125460.70079423518,0,910.9253854757028,60,114,0,79.84700271847511,4.6,3.044522437723423,0
8961,Jaya Cafe,restaurant,F&B,Indonesia.Batam.Kuliner.202406162232.db,places,1.0447654,103.9574131,383998.8983287007,115497.3419001697,2,2047.4414436562358,20,72,5,204.96129099742402,5.0,1.0986122886681098,0
8963,Rm  Rentak Melayu,malaysian restaurant,F&B,Indonesia.Batam.Kuliner.202406162232.db,places,1.1198957,104.057538,395142.71699033823,123799.13811930706,6,521.2999260876805,9,41,0,46.32411090574017,4.4,3.5263605246161616,0
8965,Soto Medan Bu'de Sri,diner,F&B,Indonesia.Batam.Kuliner.202406162232.db,places,1.1274825,104.051623,394484.8326016483,124638.03856059839,0,3486.9957484587,44,117,0,15.604407340770155,4.6,3.7376696182833684,0
8974,Soto Medan Lezat (Lezat Soto Medan),soto restaurant,F&B,Indonesia.Batam.Kuliner.202406162232.db,places,1.1279248,104.0516736,394490.47873640124,124686.93109331536,0,3476.3634784070405,45,117,1,43.55684354836408,4.4,5.746203190540153,0
8975,Love Seafood Batam Centre,seafood restaurant,F&B,Indonesia.Batam.Kuliner.202406162232.db,places,1.1322862,104.0416212,393372.1169011563,125169.43295895892,0,2264.5715358024086,22,104,1,112.99535234741427,4.4,8.267192185932146,0
8976,PAKUBA,food court,F&B,Indonesia.Batam.Kuliner.202406162232.db,places,1.0507177,104.0026027,389027.5502558665,116153.72000456222,-1,0.0,8,11,0,45.519869227900166,4.5,3.1354942159291497,0
8978,ALUN - ALUN ENGKU PUTRI GERBANG SELATAN,garden,F&B,Indonesia.Batam.Kuliner.202406162232.db,places,1.1285567,104.0546281,394819.24519155023,124756.6779153359,0,3769.4049048895795,44,100,1,106.99960400093767,4.6,6.163314804034641,0
8981,Puas Hati,restaurant,F&B,Indonesia.Batam.Kuliner.202406162232.db,places,1.1297916,104.0449835,393746.14586479863,124893.54163669696,0,2705.391254226562,19,127,7,13.365299508327643,4.4,6.84587987526405,0
8983,Ayam Penyet Ria,ayam penyet restaurant,F&B,Indonesia.Batam.Kuliner.202406162232.db,places,1.129164,104.0553769,394902.5850365303,124823.78518390689,0,3831.9236242249412,37,78,1,7.333965586455686,3.2,5.241747015059643,0
8991,Lesehan Kuliner Sunda,restaurant,F&B,Indonesia.Batam.Kuliner.202406162232.db,places,1.0490016,103.9487384,383033.7756975676,115965.97179254613,-1,0.0,1,18,1,459.53716675314394,5.0,0.6931471805599453,0
8993,Dataran Engku Putri,garden,F&B,Indonesia.Batam.Kuliner.202406162232.db,places,1.129271,104.0538747,394735.44099185604,124835.66792083786,0,3667.3958164756095,48,112,1,115.16320964433318,4.6,6.104793232414985,0
8995,Waroeng Kampoeng Batam,restaurant,F&B,Indonesia.Batam.Kuliner.202406162232.db,places,1.1293896,104.0502272,394329.5922749968,124848.91099593892,0,3273.6835509407897,34,123,8,52.42436831982196,4.7,2.0794415416798357,0
9001,Lapo Panjaitan,batak restaurant,F&B,Indonesia.Batam.Kuliner.202406162232.db,places,1.115713,104.0508643,394399.9909579854,123336.99810768572,6,549.9773189575737,15,63,1,10.958851704081809,4.9,2.70805020110221,0
9017,Angkringan Depan Top100,sundanese restaurant,F&B,Indonesia.Batam.Kuliner.202406162232.db,places,1.0409808,104.0019766,388957.53975302295,115077.3543639601,2,3004.0089823565095,13,24,0,34.77290739974334,4.4,4.30406509320417,0
9018,Kedai Jansun,restaurant,F&B,Indonesia.Batam.Kuliner.202406162232.db,places,1.1306367,104.0564036,395016.8774801204,124986.5485280193,0,3905.4542230693087,28,55,2,40.23971892150933,5.0,2.1972245773362196,0
9019,Sushi Rio Mega Mall,sushi restaurant,F&B,Indonesia.Batam.Kuliner.202406162232.db,places,1.1291879,104.0558904,394959.72237348265,124826.40866313013,0,3886.5466400845276,33,67,0,7.097190855890292,4.2,5.545177444479562,0
9021,Golden Land Restaurant 金土地饺子馆,diner,F&B,Indonesia.Batam.Kuliner.202406162232.db,places,1.2820986,103.8421921,371188.1897476078,141739.77860229748,-1,0.0,0,1,0,544.4204039357857,4.4,5.298317366548036,0
9027,Kedai Bakar-Bakar Cikitsu,indonesian restaurant,F&B,Indonesia.Batam.Kuliner.202406162232.db,places,1.1157717,104.0924128,399023.04066562594,123342.02837145665,15,1907.271789472096,26,35,3,71.47658546346699,4.3,1.6094379124341003,0
9029,Kedai Kopi Nusantara,cafe,F&B,Indonesia.Batam.Kuliner.202406162232.db,places,1.1151115,104.0908043,398844.0434236951,123269.10217312592,15,2080.30250427673,21,40,1,11.543115207381266,4.4,2.6390573296152584,0
9030,Ayam Geprek Dapur Cece,chicken restaurant,F&B,Indonesia.Batam.Kuliner.202406162232.db,places,1.1150534,104.0907181,398834.4501276724,123262.68250178604,15,2091.522390951355,20,40,1,11.543115207381266,5.0,0.6931471805599453,0
9031,Bakso Steak,bakso restaurant,F&B,Indonesia.Batam.Kuliner.202406162232.db,places,1.115089,104.091426,398913.2180419258,123266.59356589435,15,2036.023369875145,24,38,0,49.40957671824646,4.6,2.3978952727983707,0
9032,Family Bakery,bakery,F&B,Indonesia.Batam.Kuliner.202406162232.db,places,1.1149188,104.0897328,398724.8130262783,123247.83709126188,15,2177.8740756138454,18,40,0,94.33142635659985,4.3,5.231108616854587,0
9033,Rumah Makan Dang Solor,padang restaurant,F&B,Indonesia.Batam.Kuliner.202406162232.db,places,1.1146672,104.0912791,398896.85836690717,123219.97096081097,15,2081.9912864303965,21,40,0,49.40957671824646,4.2,1.9459101490553132,0
9034,DC Lapis Gulung,cafe,F&B,Indonesia.Batam.Kuliner.202406162232.db,places,1.1156208,104.0902148,398778.4682632955,123325.42274418238,15,2084.994808008971,21,37,1,84.08511851134772,4.5,2.3978952727983707,0
9035,EMPAT RASA Lamien & Dimsum Restaurant,restaurant,F&B,Indonesia.Batam.Kuliner.202406162232.db,places,1.1251516,104.0424699,393466.29125418316,124380.7002231781,0,2676.3854606971395,32,131,7,315.73795782669407,4.9,6.639875833826536,0
9037,168 FOODCOURT (Love 168 Foodcourt),coffee shop,F&B,Indonesia.Batam.Kuliner.202406162232.db,places,1.1490588,104.013705,390266.5307642833,127024.63470670248,0,1538.3167374294994,171,346,1,3.5278417879183994,4.5,6.135564891081739,0
9041,Morning Bakery Greenland,cafe,F&B,Indonesia.Batam.Kuliner.202406162232.db,places,1.1239589,104.0480875,394091.31406426185,124248.64768109107,0,3283.686324577881,58,123,4,25.458903519505537,4.4,8.399984990510696,0
9046,Meat Meet,cafe,F&B,Indonesia.Batam.Kuliner.202406162232.db,places,1.1243689,104.0479537,394076.4410292839,124293.97632196639,0,3249.333757734355,58,122,4,18.190757682515482,4.3,4.143134726391533,0
9051,Yulia Kitchen Catering Services,cafe,F&B,Indonesia.Batam.Kuliner.202406162232.db,places,1.1265544,104.0460229,393861.68154491327,124535.64448812207,0,2949.2685464153274,61,132,4,43.595651129634895,5.0,1.0986122886681098,0
9053,SU’SHIN,japanese restaurant,F&B,Indonesia.Batam.Kuliner.202406162232.db,places,1.1250169,104.0486339,394152.14963512233,124365.58533139287,0,3284.720803676494,65,133,3,2.877675307819682,5.0,5.700443573390687,0
9055,Waroeng Makmur,halal restaurant,F&B,Indonesia.Batam.Kuliner.202406162232.db,places,1.1244508,104.048806,394171.27864954097,124302.99911221562,0,3329.5997073471185,66,133,1,18.817949771757984,4.5,4.430816798843313,0
9059,Aneka Sarapan,breakfast restaurant,F&B,Indonesia.Batam.Kuliner.202406162232.db,places,1.1240301,104.0484492,394131.56267608696,124256.5054280619,0,3315.5523842423786,60,126,0,15.68514432559512,4.3,1.9459101490553132,0
9060,Kebuli Saudi,restaurant,F&B,Indonesia.Batam.Kuliner.202406162232.db,places,1.1246215,104.0491391,394208.34853236744,124321.85720409424,0,3354.404489384484,67,134,20,37.42940992480908,4.5,5.123963979403259,0
9061,Soto Lamongan Batam Center,soto ayam restaurant,F&B,Indonesia.Batam.Kuliner.202406162232.db,places,1.1273603,104.0516932,394492.639278463,124624.52733098863,0,3498.8720882530683,44,117,0,15.604407340770155,3.7,2.302585092994046,0
9063,Sederhana Megamall,family restaurant,F&B,Indonesia.Batam.Kuliner.202406162232.db,places,1.1297249,104.0550363,394864.7070708522,124885.80252794012,0,3779.8361586448955,35,79,0,51.277090385661545,4.5,3.4657359027997265,0
9068,Lontong Tauco dan Lupis Dapur DPR Batam,indonesian restaurant,F&B,Indonesia.Batam.Kuliner.202406162232.db,places,1.1199417,104.0419663,393410.06735952967,123804.7849217111,0,2979.439958243013,30,127,3,2.849856570646198,5.0,0.6931471805599453,0
9070,Ayam Gepuk Pak Gembus Greenland,chicken restaurant,F&B,Indonesia.Batam.Kuliner.202406162232.db,places,1.1235203,104.048046,394086.68059462344,124200.16378872406,0,3302.8081085158915,55,116,0,11.346975470816815,4.2,6.274762021241939,0
9073,Hociak,karaoke bar,F&B,Indonesia.Batam.Kuliner.202406162232.db,places,1.1244307,104.0494719,394245.3720142599,124300.75300926242,0,3396.939970452797,66,140,0,42.61602105948012,4.5,5.267858159063328,0
9075,Obonk Steak and Ribs,steak house,F&B,Indonesia.Batam.Kuliner.202406162232.db,places,1.1245404,104.047293,394002.93169278523,124312.9589154823,0,3175.4432293834243,56,124,0,3.613593518556241,4.1,6.775366090936392,0
9077,Sanur Restaurant Pelabuan Batam Center,indonesian restaurant,F&B,Indonesia.Batam.Kuliner.202406162232.db,places,1.1307499,104.055533,394920.0110764095,124999.0937852898,0,3808.1067059890165,29,61,0,97.67539939958621,2.3,1.3862943611198906,0
9080,Warung Sego Sambel Batam Centre,restaurant,F&B,Indonesia.Batam.Kuliner.202406162232.db,places,1.1238972,104.0478545,394065.38612922584,124241.83545432352,0,3264.101480997683,58,119,19,15.836365990164362,3.6,2.1972245773362196,0
9081,Fanindo Sanctuary Garden,fast food restaurant,F&B,Indonesia.Batam.Kuliner.202406162232.db,places,1.1204715,104.0485706,394144.9427937152,123863.1127300844,0,3527.103330895279,27,122,0,125.9994535283277,4.7,6.584791392385716,0
9083,Singt Ya,thai restaurant,F&B,Indonesia.Batam.Kuliner.202406162232.db,places,1.1251341,104.0484677,394133.66093763197,124378.54733022649,0,3262.4301917127,64,133,0,22.579755283283063,4.2,2.8903717578961645,0
9085,Domino's Pizza,pizza restaurant,F&B,Indonesia.Batam.Kuliner.202406162232.db,places,1.1241944,104.0478333,394063.0379347814,124274.6904436203,0,3246.476562323602,57,119,0,23.48591164556484,3.9,4.976733742420574,0
9089,HokBen Batam Center Fanindo Sanctuary,restaurant,F&B,Indonesia.Batam.Kuliner.202406162232.db,places,1.1211294,104.0494953,394247.85706733534,123935.80739683981,0,3575.13031509526,31,118,11,125.9994535283277,4.9,5.808142489980444,0
9092,Dapur Nina Greenland,restaurant,F&B,Indonesia.Batam.Kuliner.202406162232.db,places,1.1276861,104.0466378,393930.1418679177,124660.7268566172,0,2960.9397601079563,67,132,19,50.00265250114243,4.5,5.075173815233827,0
9093,Ikan bakar greenland,seafood restaurant,F&B,Indonesia.Batam.Kuliner.202406162232.db,places,1.123507,104.0489912,394191.85171388136,124198.65928074674,0,3395.9151563575597,57,129,3,41.5275502047526,4.3,4.962844630259907,0
9094,Asam Pedas Tepi Danau,soup restaurant,F&B,Indonesia.Batam.Kuliner.202406162232.db,places,1.1255919,104.0492994,394226.2199203975,124429.12502145309,0,3324.8241251994596,68,131,0,40.42000772399116,4.3,5.41610040220442,0
9096,Modern Grill Greenland,restaurant,F&B,Indonesia.Batam.Kuliner.202406162232.db,places,1.1233096,104.0485069,394137.95696374297,124176.85508248482,0,3358.961382081922,55,116,18,36.92415503980799,4.4,5.480638923341991,0
9097,Pondok Kriukkk Greenland,restaurant,F&B,Indonesia.Batam.Kuliner.202406162232.db,places,1.1242985,104.0486246,394151.0889475989,124286.16956337691,0,3319.2168441616495,65,129,20,26.284173538933487,4.5,1.0986122886681098,0
9098,Mie Aceh Greenland,noodle shop,F&B,Indonesia.Batam.Kuliner.202406162232.db,places,1.124537,104.0473253,394006.52556359506,124312.58188667752,0,3178.7957027115945,56,124,2,3.613593518556241,4.3,4.127134385045092,0
9102,Warung PakDe GreenLand,cafe,F&B,Indonesia.Batam.Kuliner.202406162232.db,places,1.126596,104.0465148,393916.4163225276,124540.22528225624,0,2996.885633253653,65,130,4,23.35992434614916,4.3,3.091042453358316,0
9104,Nans Kitchen Greenland Cafe,japanese restaurant,F&B,Indonesia.Batam.Kuliner.202406162232.db,places,1.1243264,104.0467629,393943.940188456,124289.32135619673,0,3134.758082732309,55,128,3,48.76705696866273,4.7,5.25227342804663,0
9105,Pasar Rexvin Greenpark,housing development,F&B,Indonesia.Batam.Kuliner.202406162232.db,places,1.0225982,103.9642845,384762.7141334632,113046.53656888248,-1,0.0,3,20,0,187.17739580275042,4.7,3.295836866004329,0
9108,Happy Kitchen,chinese restaurant,F&B,Indonesia.Batam.Kuliner.202406162232.db,places,1.0679619,104.0262553,391660.04362422694,118059.1754604068,13,486.3540273014353,22,47,0,78.28231111204599,4.3,5.220355825078324,0
9110,TAR Drink 1st,cafe,F&B,Indonesia.Batam.Kuliner.202406162232.db,places,1.0219102,103.966294,384986.29799749097,112970.4071244785,-1,0.0,3,14,0,236.18940822746177,5.0,1.3862943611198906,0
9113,Happy Kitchen Catering (PT  KULINER INDOSIGMA SUKSES),restaurant supply store,F&B,Indonesia.Batam.Kuliner.202406162232.db,places,1.0942191,104.0350861,392643.58487170574,120961.49957597739,0,5049.759369409352,1,21,0,446.70956231314466,5.0,1.6094379124341003,0
9114,Jinseki corp,japanese restaurant,F&B,Indonesia.Batam.Kuliner.202406162232.db,places,1.125012,104.0486593,394154.97569330863,124365.04273549822,0,3287.50028261993,65,133,3,2.877675307819682,4.6,4.060443010546419,0
9120,Solusi Coffee & Resto,cafe,F&B,Indonesia.Batam.Kuliner.202406162232.db,places,1.1239569,104.0473816,394012.76909499423,124248.45219849268,0,3214.763391977412,55,125,4,41.87454480807093,4.5,4.605170185988092,0
9122,Delta Green Park Cafe and Restaurant,permanently closed,F&B,Indonesia.Batam.Kuliner.202406162232.db,places,1.103485,103.961836,384493.26185253815,121988.5539358742,7,1299.4111161349872,41,125,0,229.33018192616737,4.3,2.833213344056216,0
9124,Beef Boss Puri Indah Mall,restaurant,F&B,Indonesia.Batam.Kuliner.202406162232.db,places,-6.1887957,106.7342025,691884.9588039804,-684387.6587841156,18,177.85875417531938,14,19,2,7.265341220966673,4.8,5.940171252720432,0
9125,Hay Thien,hot pot restaurant,F&B,Indonesia.Batam.Kuliner.202406162232.db,places,-6.1850229,106.7523862,693898.9271865139,-683977.0140736192,-1,0.0,6,8,0,68.36572762335668,4.5,7.2399325913204695,0
9126,Food Court Puri Indah Mall,food court,F&B,Indonesia.Batam.Kuliner.202406162232.db,places,-6.188876,106.7337073,691830.1207930781,-684396.3605086828,18,233.35477518279475,12,19,0,15.310653010192489,4.8,7.258412150595307,0
9128,Soto Mie Puri H  Darjo (Soto Mie Puri Pak H  Darjo),soto restaurant,F&B,Indonesia.Batam.Kuliner.202406162232.db,places,-6.179502,106.7490019,693526.3527300683,-683365.2044188118,-1,0.0,0,5,0,616.3656953213842,4.4,7.080026499922591,0
9132,Sate Khas Senayan Puri Indah Mall,indonesian restaurant,F&B,Indonesia.Batam.Kuliner.202406162232.db,places,-6.1870694,106.7342803,691894.1928494263,-684196.7706127402,18,238.12886311474077,14,19,0,85.36635434326092,4.5,4.736198448394496,0
9134,Din Tai Fung - Puri Indah Mall,chinese restaurant,F&B,Indonesia.Batam.Kuliner.202406162232.db,places,-6.188489,106.73436,691902.501719842,-684353.7968844039,18,159.50021012399907,15,19,1,31.900319851794283,4.3,5.726847747587197,0
9140,Bakmi Agoan Puri Indah,noodle shop,F&B,Indonesia.Batam.Kuliner.202406162232.db,places,-6.1848566,106.7529811,693964.8328304457,-683958.8393986179,-1,0.0,6,8,1,68.36572762335668,4.2,6.931471805599453,0
9144,Bakmi Asoi,noodle shop,F&B,Indonesia.Batam.Kuliner.202406162232.db,places,-6.1852365,106.7538594,694061.9067025753,-684001.1746304522,-1,0.0,7,8,1,59.16627542374607,4.3,5.25227342804663,0
9145,Solaria PIM (Solaria - Puri Indah Mall),restaurant,F&B,Indonesia.Batam.Kuliner.202406162232.db,places,-6.1880909,106.7345448,691923.0992327407,-684309.836668496,18,149.45614392172584,15,19,2,45.26988461608183,3.5,4.962844630259907,0
9146,Food Avenue,food court,F&B,Indonesia.Batam.Kuliner.202406162232.db,places,-6.1901553,106.7386809,692380.139334331,-684539.6410196391,18,362.76682957533484,7,18,0,18.502394008214026,4.4,7.267525427828172,0
9148,Marugame Udon Puri Indah Mall,japanese restaurant,F&B,Indonesia.Batam.Kuliner.202406162232.db,places,-6.1879234,106.7341716,691881.8536243305,-684291.1775624075,18,194.70077368949188,14,19,0,45.26988461608183,4.5,5.905361848054571,0
9150,Chung Gi Wa - Puri Indah Mall,korean restaurant,F&B,Indonesia.Batam.Kuliner.202406162232.db,places,-6.1876844,106.7338142,691842.3825524959,-684264.6168181304,18,241.5376818588801,12,19,0,47.57560980504268,4.4,6.448889394146858,0
9152,Seroeni - Lippo Mall Puri,asian restaurant,F&B,Indonesia.Batam.Kuliner.202406162232.db,places,-6.1881244,106.7386502,692377.4764694171,-684315.0265456584,18,320.0755654786054,13,18,0,5.7991639410364435,4.4,7.002155954403621,0
9154,Ninety Nine Pesanggrahan,european restaurant,F&B,Indonesia.Batam.Kuliner.202406162232.db,places,-6.1883671,106.7560847,694307.0646119787,-684348.2133525389,-1,0.0,4,8,0,126.03660554866858,4.5,7.1929342212158,0
9156,Steak 21 Puri Indah Mall,western restaurant,F&B,Indonesia.Batam.Kuliner.202406162232.db,places,-6.188756,106.7341502,691879.1845382361,-684383.2493580563,18,183.12923268018818,13,19,0,7.265341220966673,4.7,4.770684624465665,0
9158,Joe & Dough Puri Indah Mall,restaurant,F&B,Indonesia.Batam.Kuliner.202406162232.db,places,-6.1886363,106.7331787,691771.7015269441,-684369.6605570489,18,289.8377919191654,11,19,2,64.23159715352914,4.4,5.278114659230517,0
9160,Hachi Grill Puri Indah,yakiniku restaurant,F&B,Indonesia.Batam.Kuliner.202406162232.db,places,-6.1897129,106.7346104,691929.7742416917,-684489.2418600408,18,180.26398217290205,16,18,0,107.38647074419958,4.8,7.942362237674335,0
9161,Lapo Ni Tondong Ta,batak restaurant,F&B,Indonesia.Batam.Kuliner.202406162232.db,places,-6.1861814,106.7552239,694212.58796192,-684106.1733142153,-1,0.0,7,8,0,156.2923270129816,4.3,6.255750041753367,0
9162,Puri Indah Market (Pasar Puri Indah),traditional market,F&B,Indonesia.Batam.Kuliner.202406162232.db,places,-6.1855531,106.7534285,694014.098131581,-684036.0313182897,-1,0.0,7,8,0,59.16627542374607,4.5,7.761319180947987,0
9163,Bari-Uma Ramen - Lippo Mall Puri,ramen restaurant,F&B,Indonesia.Batam.Kuliner.202406162232.db,places,-6.1881636,106.7386154,692373.6105855083,-684319.3491888334,18,315.5893670497689,14,18,0,5.7991639410364435,4.4,6.423246963533519,0
9164,Platinum - Puri Indah Mall,nasi goreng restaurant,F&B,Indonesia.Batam.Kuliner.202406162232.db,places,-6.188868,106.7338454,691845.4086673263,-684395.5256454791,18,218.09023057075538,12,19,0,15.310653010192489,3.9,5.003946305945459,0
9166,Jin Mu Restaurant - Lippo Mall Puri,chinese restaurant,F&B,Indonesia.Batam.Kuliner.202406162232.db,places,-6.1877486,106.7388037,692394.6020013196,-684273.5212820906,18,345.7375199451811,8,18,2,44.89956287956672,4.1,4.948759890378168,0
9168,Rumah Makan Puri Minang,padang restaurant,F&B,Indonesia.Batam.Kuliner.202406162232.db,places,-6.183588,106.752789,693944.0332278046,-683818.4699835526,-1,0.0,5,8,0,141.9020653683253,4.4,6.061456918928017,0
9170,Pantai Sentosa Seafood Market,seafood restaurant,F&B,Indonesia.Batam.Kuliner.202406162232.db,places,-6.1825571,106.7287368,691282.2563804893,-683695.7454059003,-1,0.0,0,11,0,790.8808379926832,4.5,8.057060681965766,0
9172,Talaga Sampireun Puri,indonesian restaurant,F&B,Indonesia.Batam.Kuliner.202406162232.db,places,-6.168859,106.7282614,691234.5556863408,-682180.6690997612,-1,0.0,0,0,0,1515.8270249756106,4.4,9.102086786535928,0
9173,Bakmi GM Puri Indah Mall,noodle shop,F&B,Indonesia.Batam.Kuliner.202406162232.db,places,-6.1887773,106.7343508,691901.3793820792,-684385.6774547343,18,161.31907959319943,15,19,0,16.53968110991152,4.4,6.953684210870537,0
9174,McDonald's Puri Kembangan,fast food restaurant,F&B,Indonesia.Batam.Kuliner.202406162232.db,places,-6.1876046,106.7379474,692299.8778829821,-684257.285851861,18,262.06506631497746,17,18,0,96.10539937774647,4.6,9.102643796520809,0
9175,Delima Authentic Indonesian Food,indonesian restaurant,F&B,Indonesia.Batam.Kuliner.202406162232.db,places,-6.1875944,106.7552477,694214.706103149,-684262.451287586,-1,0.0,6,8,0,126.03660554866858,4.4,5.796057750765372,0
9176,Baku Sayang Restaurant,manado restaurant,F&B,Indonesia.Batam.Kuliner.202406162232.db,places,-6.1948085,106.7555623,694246.8894297817,-685060.4024924835,-1,0.0,0,3,0,714.7268174676934,4.5,7.1252830915107115,0
9177,Kimukatsu Lippo Mall Puri,japanese restaurant,F&B,Indonesia.Batam.Kuliner.202406162232.db,places,-6.189988,106.7386814,692380.2552344876,-684521.1389886374,18,354.39817340305297,8,18,0,18.502394008214026,4.9,8.885717651712119,0
9178,Cipta Puri Indah,grocery store,F&B,Indonesia.Batam.Kuliner.202406162232.db,places,1.1081429,103.9631956,384644.7282174387,122503.42581013012,7,903.8698746154978,75,127,0,31.642459959477787,4.3,5.616771097666572,0
9180,Ocean 8 Seafood & Dimsum Bar - Lippo Mall Puri,chinese restaurant,F&B,Indonesia.Batam.Kuliner.202406162232.db,places,-6.1898693,106.7395491,692476.3358204267,-684508.3260076954,18,438.4884555324608,6,18,1,96.93116874887058,4.7,6.807934943699926,0
9184,RM  PRASMANAN JODOH SUNDA,family restaurant,F&B,Indonesia.Batam.Kuliner.202406162232.db,places,1.1527175,104.0051535,389315.1510146786,127429.4238793165,0,2489.4965021986673,50,165,0,28.61716047020895,5.0,1.0986122886681098,0
9186,Rumah Makan Pasar Baru Jodoh,restaurant,F&B,Indonesia.Batam.Kuliner.202406162232.db,places,1.1459472,104.003103,389086.7316725963,126681.06511559598,0,2286.954469135683,65,268,18,147.15391746914648,4.8,1.6094379124341003,0
9191,RM Sido Mampir,restaurant,F&B,Indonesia.Batam.Kuliner.202406162232.db,places,1.1558954,104.006755,389493.4717192086,127780.66964073213,0,2612.7648509417786,27,103,4,160.2954868857731,4.7,4.6443908991413725,0
9192,Rm  Simpang Jodoh,padang restaurant,F&B,Indonesia.Batam.Kuliner.202406162232.db,places,1.152322,104.0052089,389321.3000728722,127385.70028625382,0,2456.3953029744216,54,179,7,29.678969081462128,4.7,3.091042453358316,0
9193,RM Bundo Kanduang,padang restaurant,F&B,Indonesia.Batam.Kuliner.202406162232.db,places,1.1500658,104.0028538,389059.162008906,127136.37500747955,0,2521.357482329717,43,195,4,111.5675667261763,4.2,5.762051382780177,0
9196,Warung Baso Priangan,bakso restaurant,F&B,Indonesia.Batam.Kuliner.202406162232.db,places,1.1495262,104.008833,389724.44416976004,127076.49205331884,0,1949.052217323885,101,359,3,16.070857980244284,4.4,6.3818160174060985,0
9201,SEGO SAMBEL PAKGENDUT JODOH SQUARE,brunch restaurant,F&B,Indonesia.Batam.Kuliner.202406162232.db,places,1.152502,104.005011,389299.28679262346,127405.60648374177,0,2486.0580673692566,50,170,0,28.61716047020895,5.0,1.0986122886681098,0
9203,Rumah Makan Usaha Baru,padang restaurant,F&B,Indonesia.Batam.Kuliner.202406162232.db,places,1.1516119,104.005848,389392.3850045201,127307.17587096024,0,2351.454449731583,59,239,7,0.5318424709687085,4.2,4.060443010546419,0
9204,Pempek 88,pempek restaurant,F&B,Indonesia.Batam.Kuliner.202406162232.db,places,1.1480893,104.005868,389394.4747920353,126917.76141683388,0,2121.1598635166774,82,319,0,42.50562237471479,4.5,2.4849066497880004,0
9205,Makan,restaurant,F&B,Indonesia.Batam.Kuliner.202406162232.db,places,1.1499627,104.006689,389485.899145141,127124.82879854417,0,2164.2607705552996,81,299,15,5.481538537053854,4.7,1.3862943611198906,0
9206,Warung Gaul,restaurant,F&B,Indonesia.Batam.Kuliner.202406162232.db,places,1.1525978,104.0101413,389870.1358393243,127415.99799847236,0,2091.225785180353,52,276,13,69.03009188066218,4.4,3.332204510175204,0
9208,Martabak Har Jodoh,indian restaurant,F&B,Indonesia.Batam.Kuliner.202406162232.db,places,1.1500097,104.0067047,389487.6478845734,127130.02390923894,0,2166.065410125768,82,299,1,5.481538537053854,4.4,5.247024072160486,0
9211,Waroeng Aceh,diner,F&B,Indonesia.Batam.Kuliner.202406162232.db,places,1.0678459,104.0222593,391215.3966518472,118046.49320000994,13,84.33415966407956,29,54,1,8.171687231928896,4.3,5.484796933490655,0
9213,KAMPUNG ACEH FC,convenience store,F&B,Indonesia.Batam.Kuliner.202406162232.db,places,1.0655501,104.0185056,390797.63351856027,117792.83307727092,13,502.81438575306356,19,52,0,196.32989333430942,5.0,1.0986122886681098,0
9215,Mie Aceh jumbo,restaurant,F&B,Indonesia.Batam.Kuliner.202406162232.db,places,1.037216,104.249054,416449.7050843076,114653.56970151694,-1,0.0,0,0,0,7490.679716331611,3.9,2.833213344056216,0
9216,Wisata Kuliner Kampoeng,cafe,F&B,Indonesia.Batam.Kuliner.202406162232.db,places,5.5491405,95.2881215,-580782.7534716006,622288.3755630449,-1,0.0,0,3,0,687.1980877785057,4.5,1.0986122886681098,0
9217,Wisata Kuliner (Foodcourt) Blangpadang - Banda Aceh,food court,F&B,Indonesia.Batam.Kuliner.202406162232.db,places,5.5508664,95.3151405,-577744.1641947154,622431.7079412072,-1,0.0,0,0,0,1099.7424481919168,4.1,5.3230099791384085,0
9218,RUMAH MAKAN ACEH - RUMAH KOPI QAYYUM CHEF QADRI,restaurant,F&B,Indonesia.Batam.Kuliner.202406162232.db,places,1.1427761,104.1162117,401671.9966914486,126326.38867146747,15,2084.3708045966405,11,41,4,56.98123560282519,5.0,1.0986122886681098,0
9219,JeumpaKupi Aceh,coffee shop,F&B,Indonesia.Batam.Kuliner.202406162232.db,places,1.1453775,104.0070423,389525.0347009013,126617.934144309,0,1861.4755557066824,100,375,4,24.759484367658303,4.1,4.30406509320417,0
9220,MIE ACEH 3 RAJA,noodle shop,F&B,Indonesia.Batam.Kuliner.202406162232.db,places,1.1454281,104.031145,392206.92671349,126622.60991071996,0,1302.7895259009765,60,216,0,69.15365975925334,5.0,1.0986122886681098,0
9222,Situs Kuliner Aceh,natural goods store,F&B,Indonesia.Batam.Kuliner.202406162232.db,places,-0.1469465,100.991266,53562.89450425608,-16282.108130663055,-1,0.0,0,0,0,82838.43910082482,3.0,0.6931471805599453,0
9223,RM Sahabat Baru,indonesian restaurant,F&B,Indonesia.Batam.Kuliner.202406162232.db,places,4.6226723,96.8499685,-407008.3548914944,516181.0529726173,-1,0.0,0,0,0,70650.15454605519,4.4,6.144185634125646,0
9224,Bang Jali (Rumah Makan Ciri Khas Kampung Bang Jali),lunch restaurant,F&B,Indonesia.Batam.Kuliner.202406162232.db,places,5.494338,95.3199808,-577304.4781596812,616084.9106379532,-1,0.0,0,0,0,2859.799698230978,4.3,3.6635616461296463,0
9225,Mie Aceh Persia,noodle shop,F&B,Indonesia.Batam.Kuliner.202406162232.db,places,1.1106401,104.0413671,393343.05977587984,122776.55175223513,0,3707.3645878273082,54,99,1,10.74654238644019,5.0,1.0986122886681098,0
9226,Dapu Mie Aceh Kampung Utan,noodle shop,F&B,Indonesia.Batam.Kuliner.202406162232.db,places,-6.3042045,106.7558573,694239.1663035089,-697159.0778530312,-1,0.0,0,0,0,7141.761425584695,4.5,6.366470447731438,0
9227,Mie Aceh Kuta Raja,noodle shop,F&B,Indonesia.Batam.Kuliner.202406162232.db,places,1.1551367,104.0404375,393241.25221044925,127695.50979359813,0,2788.073756818951,13,51,0,56.53747282659157,4.5,4.174387269895637,0
9231,Lambung Kuliner,cafe,F&B,Indonesia.Batam.Kuliner.202406162232.db,places,5.5580524,95.2883948,-580735.4952422783,623287.1380259345,-1,0.0,0,3,0,561.9390267474267,4.4,5.198497031265826,0
9232,Warung Mie Barcelona,cafe,F&B,Indonesia.Batam.Kuliner.202406162232.db,places,4.9512564,97.7715243,-303483.4789069606,551668.3937612482,-1,0.0,0,0,0,5970.4145663604395,4.3,4.948759890378168,0
9233,Warung Tepi Sungai Kg Aceh,restaurant,F&B,Indonesia.Batam.Kuliner.202406162232.db,places,1.4387653,103.9887824,387506.1645113546,159052.057945853,-1,0.0,0,0,0,6435.7086066009,4.4,2.833213344056216,0
9234,Warung Makan Khas Aceh  Trienggadeng,restaurant,F&B,Indonesia.Batam.Kuliner.202406162232.db,places,5.5688582,95.3292513,-576125.7063254826,624422.69022354,-1,0.0,0,0,0,1466.1407772046905,4.6,2.1972245773362196,0
9236,Warung Kuliner Kuala Ulee Lheue,restaurant,F&B,Indonesia.Batam.Kuliner.202406162232.db,places,5.5564478,95.283657,-581270.7537846267,623116.0422556042,-1,0.0,0,2,0,561.9390267474267,3.9,3.828641396489095,0
9237,Sr Kuliner,restaurant,F&B,Indonesia.Batam.Kuliner.202406162232.db,places,5.5823739,95.3525888,-573479.2675475762,625894.5817803189,-1,0.0,0,0,0,2988.0049598849664,5.0,1.0986122886681098,0
9238,Grand Aceh Kuliner,restaurant,F&B,Indonesia.Batam.Kuliner.202406162232.db,places,5.5535199,95.2923994,-580294.0175393252,622771.4681011257,-1,0.0,0,2,0,678.8357927784075,4.3,6.612041034833092,0
9239,Kuliner Aceh,indonesian restaurant,F&B,Indonesia.Batam.Kuliner.202406162232.db,places,-6.2999036,106.8960238,709751.9675582796,-696737.6842114327,-1,0.0,0,0,0,5215.764128719422,5.0,1.6094379124341003,0
9240,Mie Aceh Bik Ani,noodle shop,F&B,Indonesia.Batam.Kuliner.202406162232.db,places,4.421793,98.1254393,-264531.68024722836,492299.8202567407,-1,0.0,0,0,0,11325.246106591792,4.8,1.6094379124341003,0
9241,Lem Bakrie,soup shop,F&B,Indonesia.Batam.Kuliner.202406162232.db,places,5.55098,95.3453146,-574354.4020345649,622388.5670019493,-1,0.0,0,1,0,677.1362146340939,4.5,7.478734825567875,0
9242,ANESKA Coffe & Resto,restaurant,F&B,Indonesia.Batam.Kuliner.202406162232.db,places,4.2893001,98.0797682,-269771.44141057273,477595.1836967897,-1,0.0,0,0,0,2277.830965972586,4.2,4.787491742782046,0
9244,Sara Cafe,seafood restaurant,F&B,Indonesia.Batam.Kuliner.202406162232.db,places,2.9208292,97.4946765,-336476.1549145841,325646.0904557843,-1,0.0,0,0,0,51139.202568231936,4.1,5.241747015059643,0
9245,Warung Pecal Kampung Jawa Belakang Kompi,restaurant,F&B,Indonesia.Batam.Kuliner.202406162232.db,places,4.295614,98.0452211,-273626.69846400595,478333.395093199,-1,0.0,0,0,0,1992.8481750901328,5.0,1.6094379124341003,0
9246,Ramah Kuliner,chicken restaurant,F&B,Indonesia.Batam.Kuliner.202406162232.db,places,5.5127735,95.337569,-575294.7771846871,618119.5005978984,-1,0.0,0,0,0,2471.0981546337016,4.4,2.302585092994046,0
9247,Rumah Makan Aceh,diner,F&B,Indonesia.Batam.Kuliner.202406162232.db,places,4.1491746,96.1232552,-489137.63481301104,464194.38221005443,-1,0.0,0,0,0,97199.96171502308,4.1,3.6635616461296463,0
9248,Sate Matang D'Wan,satay restaurant,F&B,Indonesia.Batam.Kuliner.202406162232.db,places,5.5450224,95.3350015,-575523.870730374,621739.7241443758,-1,0.0,0,0,0,1337.4057291269917,4.5,7.1929342212158,0
9250,Mie Aceh Lhokseumawe,noodle shop,F&B,Indonesia.Batam.Kuliner.202406162232.db,places,1.0474469,103.9603037,384320.6482652229,115793.6717267773,2,1710.227532230489,46,91,1,9.574697859571959,2.8,2.1972245773362196,0
9251,Daus Nasi Goreng Khas Aceh Peunayong,nasi goreng restaurant,F&B,Indonesia.Batam.Kuliner.202406162232.db,places,5.5585272,95.3212522,-577043.4111192909,623279.2801090125,-1,0.0,0,0,0,1099.7424481919168,4.3,6.736966958001855,0
9252,Mie Ayah Lhong Raya (Mie Ayah Simpang Lhong Raya),noodle shop,F&B,Indonesia.Batam.Kuliner.202406162232.db,places,5.5256072,95.3196895,-577279.7724623147,619591.2749819771,-1,0.0,0,0,0,2471.0981546337016,4.4,7.348587530927593,0
9254,Rumah Makan Dekgam 2 (Kari Kambing dan Ayam Tangkap Khas Aceh),restaurant,F&B,Indonesia.Batam.Kuliner.202406162232.db,places,5.5569705,95.344551,-574429.1153698014,623061.5687632448,-1,0.0,0,1,0,677.1362146340939,4.4,5.267858159063328,0
9256,Mie Aceh Seulawah (Rumah Makan Aceh Seulawah),noodle shop,F&B,Indonesia.Batam.Kuliner.202406162232.db,places,-6.2108361,106.8124404,700536.2259138069,-686854.1726163535,-1,0.0,0,0,0,4919.795313183493,4.2,7.587310506022615,0
9258,Rumah Makan Samalanga  Aceh Tamiang,restaurant,F&B,Indonesia.Batam.Kuliner.202406162232.db,places,4.336017,98.0709796,-270706.2629757463,482805.83650367055,-1,0.0,0,0,0,5293.84491958053,4.0,7.393263094763838,0
9260,Kedai vera kuliner anak desa,coffee shop,F&B,Indonesia.Batam.Kuliner.202406162232.db,places,3.263557,97.1916765,-370169.50897752424,364116.5457598747,-1,0.0,0,0,0,2189.206600981629,5.0,0.6931471805599453,0
9262,Pantai Jagu (Hafash the Snack),bakso restaurant,F&B,Indonesia.Batam.Kuliner.202406162232.db,places,5.1774564,97.1537174,-372260.3520094926,577695.446679244,-1,0.0,0,1,0,798.0772355920324,4.1,5.318119993844216,0
9263,Rumah Makan Wahyu,padang restaurant,F&B,Indonesia.Batam.Kuliner.202406162232.db,places,4.8962075,97.8253682,-297533.40693730174,545470.13950246,-1,0.0,1,1,0,117.46902881888666,3.9,3.1780538303479458,0
9264,Kuliner kampong langsa,soup kitchen,F&B,Indonesia.Batam.Kuliner.202406162232.db,places,4.4797681,97.9790538,-280830.35777013993,498910.07377939066,-1,0.0,0,0,0,17588.13067467856,4.5,1.6094379124341003,0
9268,nyonya kuliner banda aceh,restaurant,F&B,Indonesia.Batam.Kuliner.202406162232.db,places,5.5617091,95.3044333,-578926.8953188981,623667.2886677028,-1,0.0,0,0,0,1634.4777921672473,4.8,1.791759469228055,0
9269,Super Bakso,bakso restaurant,F&B,Indonesia.Batam.Kuliner.202406162232.db,places,4.9767481,97.7245333,-308703.2943991488,554566.5615137637,-1,0.0,0,0,0,5970.4145663604395,5.0,1.791759469228055,0
9270,Soto Dapur Ma'nyah,soto restaurant,F&B,Indonesia.Batam.Kuliner.202406162232.db,places,4.2852938,98.0597856,-272009.12300095847,477169.39617983747,-1,0.0,0,0,0,1992.8481750901328,4.5,5.075173815233827,0
9271,Nasi Campur Khas Padang,indonesian restaurant,F&B,Indonesia.Batam.Kuliner.202406162232.db,places,5.1832908,97.1495909,-372713.84381295985,578352.160055199,-1,0.0,0,2,0,671.5834181462274,5.0,0.6931471805599453,0
9274,GERAI FN DIMSUM,dumpling restaurant,F&B,Indonesia.Batam.Kuliner.202406162232.db,places,4.8956399,97.8262541,-297435.09626858693,545405.8434283303,-1,0.0,1,1,0,117.46902881888666,5.0,1.0986122886681098,0
9275,Rumah Aspirasi Bang Muslim,indonesian restaurant,F&B,Indonesia.Batam.Kuliner.202406162232.db,places,5.1879372,97.1457751,-373134.2208099158,578875.9037596569,-1,0.0,0,1,0,671.5834181462274,3.7,3.332204510175204,0
9276,Rumah Makan Wisata,padang restaurant,F&B,Indonesia.Batam.Kuliner.202406162232.db,places,3.2537106,97.1747908,-372071.6193183148,363032.7552850877,-1,0.0,0,0,0,2189.206600981629,3.8,3.871201010907891,0
9281,RINJANI TALIWANG  SAGULUNG,restaurant,F&B,Indonesia.Batam.Kuliner.202406162232.db,places,1.0390784,103.9401639,382079.2746895683,114869.28941387708,5,1388.8641627441418,17,33,5,92.26324944986267,4.4,3.2188758248682006,0
9284,SAMBA KAMPUANG,restaurant,F&B,Indonesia.Batam.Kuliner.202406162232.db,places,1.0700056,104.1197399,402062.17968911695,118281.95625296919,3,50.65373318746736,45,76,13,7.913815018223627,4.1,4.442651256490317,0
9286,waroeng naila,restaurant,F&B,Indonesia.Batam.Kuliner.202406162232.db,places,1.0360869,103.9414517,382222.465162523,114538.53286442936,5,1113.7977620034255,19,38,6,0.0,5.0,0.6931471805599453,0
9294,pondok kuliner nusa sari,restaurant,F&B,Indonesia.Batam.Kuliner.202406162232.db,places,1.1379597,104.0326422,392373.240676862,125796.94938126816,0,1176.245768509452,46,134,12,26.49362235800193,5.0,2.833213344056216,0
9295,WARUNG MAKAN IFFA KULINER BLP,restaurant,F&B,Indonesia.Batam.Kuliner.202406162232.db,places,1.1536078,103.8935252,376894.1486157324,127532.43031224067,-1,0.0,0,0,0,3213.4532543367104,5.0,1.0986122886681098,0
9296,Warung Mak Enek,cafe,F&B,Indonesia.Batam.Kuliner.202406162232.db,places,1.0368208,103.9728682,385718.3762170752,114618.51357677618,2,1176.113632270755,12,20,0,47.44831678512401,4.8,1.6094379124341003,0
9302,WARUNG AFIF SAGUBA BLOK E NO 59,ice cream shop,F&B,Indonesia.Batam.Kuliner.202406162232.db,places,1.0396337,103.9389438,381943.5275124294,114930.72311529252,5,1536.8439734068838,12,29,0,82.51049051377433,5.0,0.6931471805599453,0
9303,Anugrah cake & Snack,diner,F&B,Indonesia.Batam.Kuliner.202406162232.db,places,1.1052234,103.9813064,386659.847737093,122179.98164580834,7,1333.1773956846714,4,140,0,279.76387035258136,4.7,2.302585092994046,0
9306,Pempek cek mely,pempek restaurant,F&B,Indonesia.Batam.Kuliner.202406162232.db,places,1.0361564,103.9419192,382274.4892535068,114546.19866885667,5,1068.1328126770234,17,40,0,52.585840301484836,5.0,0.6931471805599453,0
9307,WARUNG KOPI MAK UNIANG,coffee shop,F&B,Indonesia.Batam.Kuliner.202406162232.db,places,1.0369389,103.9720049,385622.3168612867,114631.60051037332,2,1192.8550599995608,6,19,0,96.9467259141863,5.0,1.0986122886681098,0
9308,Kedai Kopi Chika  Kabil,diner,F&B,Indonesia.Batam.Kuliner.202406162232.db,places,1.0677377,104.1145503,401484.66592163825,118031.42033633318,3,616.043741041279,13,52,0,70.35571687838929,5.0,1.3862943611198906,0
9310,Kafe Q naladhipa,cafe,F&B,Indonesia.Batam.Kuliner.202406162232.db,places,1.0409457,103.9418265,382264.3512234835,115075.65625222604,5,1365.9456116547528,10,37,0,69.39047746427313,5.0,0.6931471805599453,0
9311,Cafe Kaulamuda,cafe,F&B,Indonesia.Batam.Kuliner.202406162232.db,places,1.0367074,103.9444866,382560.19938165025,114607.01602306246,5,842.1568012774326,14,47,0,186.99202647627476,5.0,1.0986122886681098,0
9312,SIRAIT NABOLON,coffee shop,F&B,Indonesia.Batam.Kuliner.202406162232.db,places,1.0372442,104.074752,397055.3191383346,114661.82280583888,-1,0.0,6,12,0,41.41919072333399,5.0,1.6094379124341003,0
9316,Warung Makan Arief,javanese restaurant,F&B,Indonesia.Batam.Kuliner.202406162232.db,places,1.078055,104.1183707,401910.0869464827,119171.80966475522,3,859.9329582900614,14,54,0,108.71700669205278,4.4,3.970291913552122,0
9319,Warung bu iyem,grocery store,F&B,Indonesia.Batam.Kuliner.202406162232.db,places,1.0694221,104.1165251,401704.45370454824,118217.55685209522,3,340.24642978287,37,69,0,40.04723535468957,5.0,0.6931471805599453,0
9321,RM Tujuah Koto,padang restaurant,F&B,Indonesia.Batam.Kuliner.202406162232.db,places,1.0773233,104.1176343,401828.1252745073,119090.94862691165,3,796.539954790476,20,58,0,58.186564391530574,4.0,2.6390573296152584,0
9335,Sate Minang   Kavling Lama,restaurant,F&B,Indonesia.Batam.Kuliner.202406162232.db,places,1.043272,103.9542351,383645.210902317,115332.36563681366,2,2421.8863154213805,6,61,3,52.578109457338286,4.2,3.7612001156935624,0
9337,Sate kendal D byo kavling baru,satay restaurant,F&B,Indonesia.Batam.Kuliner.202406162232.db,places,1.0735175,104.118132,401883.38216027105,118670.22572596751,3,379.13248585218525,48,64,1,5.104605191103061,4.2,4.867534450455582,0
9341,Bakso Kawulo Alit,bakso restaurant,F&B,Indonesia.Batam.Kuliner.202406162232.db,places,1.0358606,103.9550748,383738.37762189604,114513.01242422007,5,599.6769211523871,24,59,1,36.320793068937036,4.4,4.804021044733257,0
9343,Gangnam Cafe Batam,cafe,F&B,Indonesia.Batam.Kuliner.202406162232.db,places,1.1447987,104.0143205,390334.85484004306,126553.67002567301,0,1145.3710759444132,196,398,0,33.44782401657382,4.7,2.6390573296152584,0
9344,Go cofee,brunch restaurant,F&B,Indonesia.Batam.Kuliner.202406162232.db,places,1.1692118,104.016645,390594.4359879263,129252.37316200904,1,804.719179319156,34,80,1,24.68793457739063,5.0,0.6931471805599453,0
9345,Cafe Otomotif Batam,cafe,F&B,Indonesia.Batam.Kuliner.202406162232.db,places,1.1433006,104.0060619,389415.8663324132,126388.37643445548,0,1875.9153219854186,88,364,1,32.657368714284644,4.3,3.4965075614664802,0
9346,Bengkong Dalam Kavling Mandiri Blok F No 9,restaurant,F&B,Indonesia.Batam.Kuliner.202406162232.db,places,1.1625995,104.0243843,391455.3214917965,128521.10528471287,0,2733.7130279270805,8,31,1,288.1999429386814,4.5,2.6390573296152584,0
9347,Warung Soto Mama Ulan,soto restaurant,F&B,Indonesia.Batam.Kuliner.202406162232.db,places,1.0360869,103.9414517,382222.465162523,114538.53286442936,5,1113.7977620034255,19,38,0,0.0,4.2,2.5649493574615367,0
9348,Tigo Suku Rumah Makan,padang restaurant,F&B,Indonesia.Batam.Kuliner.202406162232.db,places,1.020838,103.961664,384471.053283261,112852.04301496608,5,1768.7248131975891,3,20,1,184.7067234780991,5.0,1.6094379124341003,0
9349,Kavling Sagulung Baru Sungai Binti,restaurant,F&B,Indonesia.Batam.Kuliner.202406162232.db,places,1.04036,103.9396336,382020.3126378473,115010.98940074214,5,1515.7246711879907,10,31,4,62.76162260434844,4.5,3.1354942159291497,0
9350,Waroeng naila 2,restaurant,F&B,Indonesia.Batam.Kuliner.202406162232.db,places,1.041055,103.951487,383339.33356540155,115087.38019232219,5,944.9272431780166,9,47,3,232.1488469052748,5.0,0.6931471805599453,0
9355,Bakso Ojolali,bakso restaurant,F&B,Indonesia.Batam.Kuliner.202406162232.db,places,1.0430334,103.9536164,383576.3561043318,115306.01154325956,2,2494.3081932906125,5,58,0,59.334422271932965,4.8,3.4339872044851463,0
9358,Anambas Kopitiam Nagoya,coffee shop,F&B,Indonesia.Batam.Kuliner.202406162232.db,places,1.1482472,104.0090873,389752.6909594506,126935.09246370272,0,1837.2015224631114,141,397,5,10.60559481511328,4.5,4.787491742782046,0
9359,Ar Rahmah,indonesian restaurant,F&B,Indonesia.Batam.Kuliner.202406162232.db,places,1.0408611,103.9424444,382333.1054058651,115066.28071129468,5,1309.8242575248569,9,38,0,69.39047746427313,4.2,1.791759469228055,0
9360,Ayam Geprek RA FOODS,restaurant,F&B,Indonesia.Batam.Kuliner.202406162232.db,places,1.0367899,103.9732935,385765.7003018988,114615.08228527734,2,1167.795374644971,12,20,5,6.141560072705433,4.8,2.9444389791664403,0
9361,Nagoya Baru Traditional Market (Pasar Nagoya Baru),traditional market,F&B,Indonesia.Batam.Kuliner.202406162232.db,places,1.146113,104.005493,389352.67275725934,126699.30141257803,0,2052.0607628740813,92,338,0,23.924011700661232,4.2,7.141245122350491,0
9363,Bengkong Palapa Kavling Sentosa BLOK C NO 7,restaurant,F&B,Indonesia.Batam.Kuliner.202406162232.db,places,1.1650953,104.0284276,391905.30792072834,128796.85209157153,-1,0.0,4,23,1,43.78252006097161,4.4,2.5649493574615367,0
9367,Monggo kerso seafood,seafood restaurant,F&B,Indonesia.Batam.Kuliner.202406162232.db,places,1.0435234,103.953834,383600.5876233735,115360.17248076323,2,2461.2601184459536,6,59,0,52.578109457338286,4.0,2.1972245773362196,0
9369,Warung KULINER DJAWA,diner,F&B,Indonesia.Batam.Kuliner.202406162232.db,places,1.0340851,104.0674586,396243.66837376356,114312.83785021219,4,1049.3128709877913,6,73,0,121.04015986328943,4.8,1.9459101490553132,0
9371,Padang Saiyo,padang restaurant,F&B,Indonesia.Batam.Kuliner.202406162232.db,places,1.0391839,103.9505399,383233.87577496556,114880.56689111599,5,735.7933261395754,12,46,0,88.71299883504332,3.9,3.9512437185814275,0
9373,BPK Lopiga Bremaha,restaurant,F&B,Indonesia.Batam.Kuliner.202406162232.db,places,1.13606,104.0096571,389815.6280906671,125587.81089638866,0,1397.5148777826885,111,304,34,35.73774170573292,4.7,3.5553480614894135,0
9375,RM SARASO dan ayam balado saraso,diner,F&B,Indonesia.Batam.Kuliner.202406162232.db,places,1.036238,103.9380033,381838.7463964885,114555.36531070463,5,1483.5973931842186,16,26,0,190.02523865623994,5.0,1.3862943611198906,0
9379,BAKSO BAKAR PASAR PAGI,hawker center,F&B,Indonesia.Batam.Kuliner.202406162232.db,places,1.0362957,103.9428567,382378.8156064448,114561.56336573733,5,978.6513697867777,15,43,0,32.36155611759917,5.0,0.6931471805599453,0
9381,WARUNG KAK IDA,coffee shop,F&B,Indonesia.Batam.Kuliner.202406162232.db,places,1.1546383,104.0982996,399679.39258993615,127638.30620811398,10,352.2162725468302,19,39,0,82.68315319708847,5.0,0.6931471805599453,0
9390,Soto Medan Jawara,restaurant,F&B,Indonesia.Batam.Kuliner.202406162232.db,places,1.0398809,103.9399362,382053.9669376012,114958.01384619095,5,1458.0472495364756,15,30,5,62.76162260434844,5.0,0.6931471805599453,0
9391,Malaya Cafe,seafood restaurant,F&B,Indonesia.Batam.Kuliner.202406162232.db,places,1.1319938,104.0105469,389914.48243717453,125138.27051256355,0,1442.9953486278844,97,213,3,7.875511979915742,4.1,5.771441123130016,0
9392,Pondok bubur ayam aini88,breakfast restaurant,F&B,Indonesia.Batam.Kuliner.202406162232.db,places,1.0744743,104.1181292,401883.1011235056,118775.9939405751,3,478.6128063970989,32,64,0,22.14641348304194,5.0,0.6931471805599453,0
9395,RM  SAID,seafood restaurant,F&B,Indonesia.Batam.Kuliner.202406162232.db,places,1.1688838,104.0158847,390509.82588034275,129216.14341660196,1,827.961526541464,39,80,0,13.248582308671713,5.0,0.6931471805599453,0
9396,ADS Corner,restaurant,F&B,Indonesia.Batam.Kuliner.202406162232.db,places,1.4875869,103.7548828,361485.0509728446,164462.49623492773,-1,0.0,2,4,2,26.395359805956154,3.7,5.811140992976701,0
9397,Kebun Baru Food Centre,hawker center,F&B,Indonesia.Batam.Kuliner.202406162232.db,places,1.367223,103.8400279,370951.7839120163,151150.68144136918,19,204.5101292805971,13,18,0,3.908977112739626,4.0,7.22402480828583,0
9398,Nasi Padang Bawah Pokok,restaurant,F&B,Indonesia.Batam.Kuliner.202406162232.db,places,1.4957585,103.7604107,362100.61616081017,165365.5759949244,-1,0.0,2,4,2,349.04446422759145,4.0,5.117993812416755,0
9399,Kebun Baru Mall,shopping mall,F&B,Indonesia.Batam.Kuliner.202406162232.db,places,1.3668917,103.8390709,370845.2842178459,151114.10653302973,19,231.06133944172427,13,17,0,15.844225316499944,4.1,5.780743515792329,0
9400,Shu Heng Bi Tai Mak 數興老鼠粉,hawker stall,F&B,Indonesia.Batam.Kuliner.202406162232.db,places,1.3672414,103.8400579,370955.1228874889,151152.714012367,19,203.8010885552152,13,18,10,3.908977112739626,4.3,4.394449154672439,0
9401,NASGOR KAMBING KEBON SIRIH TUNAS,nasi goreng restaurant,F&B,Indonesia.Batam.Kuliner.202406162232.db,places,1.1051221,104.0732149,396886.5529871692,122165.43414460377,12,719.4336111465117,25,41,0,60.91946715165097,4.8,6.437751649736401,0
9403,Restoran Bawean Island,restaurant,F&B,Indonesia.Batam.Kuliner.202406162232.db,places,1.4790094,103.7540943,361396.7853260822,163514.24249998157,-1,0.0,1,4,1,161.03586677096703,5.0,2.0794415416798357,0
9404,Al-Falah Restoran,restaurant,F&B,Indonesia.Batam.Kuliner.202406162232.db,places,1.4864284,103.7543754,361428.5232807263,164334.44774221518,-1,0.0,2,4,2,139.97069858430606,3.6,6.566672429803241,0
9405,A1 House Of Claypot,hawker stall,F&B,Indonesia.Batam.Kuliner.202406162232.db,places,1.3672121,103.8401003,370959.8390189162,151149.47251688543,19,208.56567286640166,13,18,10,5.722690678023144,4.7,3.5263605246161616,0
9406,01-12 Mix Vegetable Rice Teochew Porridge,hawker stall,F&B,Indonesia.Batam.Kuliner.202406162232.db,places,1.3672971,103.8401138,370961.3456553435,151158.86883508868,19,200.50522794952582,13,18,10,8.752410097059956,5.0,0.6931471805599453,0
9409,Fa Fu,hawker stall,F&B,Indonesia.Batam.Kuliner.202406162232.db,places,1.3672153,103.8399935,370947.9559357056,151149.8320289396,19,204.01292658937402,13,18,10,3.9210845579618794,4.0,1.3862943611198906,0
9411,Eleven Kitchen,restaurant,F&B,Indonesia.Batam.Kuliner.202406162232.db,places,1.4878117,103.7549627,361493.95499970333,164487.34444059705,-1,0.0,2,4,2,26.395359805956154,4.4,5.872117789475416,0
9412,Linda Nasi Padang,hawker stall,F&B,Indonesia.Batam.Kuliner.202406162232.db,places,1.366795,103.839176,370856.97315721,151103.41035743177,19,240.20223515696014,13,17,10,15.844225316499944,5.0,1.0986122886681098,0
9417,Burger King,fast food restaurant,F&B,Indonesia.Batam.Kuliner.202406162232.db,places,1.3732762,103.8373707,370656.45139638556,151820.02730041565,19,527.6137401445284,4,17,0,190.86888799919012,3.9,5.950642552587727,0
9418,Kebun Duren bang udin,indonesian restaurant,F&B,Indonesia.Batam.Kuliner.202406162232.db,places,1.1197554,104.3462222,427263.1113166942,123774.88418693459,-1,0.0,0,0,0,12958.665769736155,5.0,0.6931471805599453,0
9419,Nenek,restaurant,F&B,Indonesia.Batam.Kuliner.202406162232.db,places,1.4975213,103.7644724,362552.644468146,165560.2104122309,-1,0.0,3,4,3,156.8008221448165,4.7,5.75890177387728,0
9421,Seletar Sheng Mian and Mian Fen Guo 實里達生面•麵粉粿,hawker stall,F&B,Indonesia.Batam.Kuliner.202406162232.db,places,1.3671927,103.8402317,370974.45839048666,151147.32071729854,19,216.4775332598191,13,18,10,7.592512104340753,4.3,4.955827057601261,0
9422,Foo Hing Handmade Fishball & Meatball Noodle,hawker stall,F&B,Indonesia.Batam.Kuliner.202406162232.db,places,1.3671447,103.8401053,370960.39175146155,151142.02094510177,19,215.6820822696728,13,18,10,7.472043583502936,4.2,3.091042453358316,0
9423,Teck Ghee Court Market & Food Centre,hawker center,F&B,Indonesia.Batam.Kuliner.202406162232.db,places,1.3640365,103.8480712,371846.5630523004,150797.97297399247,-1,0.0,0,10,0,939.4734625897345,4.0,7.138866999945524,0
9424,Ang Mo Kio 453 Wanton Noodle 宏茂桥453雲吞麵,hawker stall,F&B,Indonesia.Batam.Kuliner.202406162232.db,places,1.3740903,103.838921,370828.9911459792,151909.94507046745,19,569.857087170587,4,17,2,14.54811218019812,3.9,5.159055299214529,0
9425,ANB CAFE,restaurant,F&B,Indonesia.Batam.Kuliner.202406162232.db,places,1.4974407,103.7630654,362396.09204934526,165551.3878279769,-1,0.0,3,4,3,156.8008221448165,4.3,2.6390573296152584,0
9426,Murtabak Kg Melayu Azo 96,restaurant,F&B,Indonesia.Batam.Kuliner.202406162232.db,places,1.512381,103.7544939,361443.34041521465,167203.6836396968,-1,0.0,1,1,1,170.58798520526045,4.1,7.104144092987527,0
9427,Newton Food Centre,food court,F&B,Indonesia.Batam.Kuliner.202406162232.db,places,1.3119888,103.8395742,370898.4106489127,145044.37424096323,-1,0.0,0,4,0,687.8724729882159,4.2,9.499121839871265,0
9428,159通兴粥 Thong Heng Porridge,hawker stall,F&B,Indonesia.Batam.Kuliner.202406162232.db,places,1.3744403,103.8396151,370906.239768958,151948.6012657507,19,606.7009002962244,4,17,2,86.38084964793265,4.4,2.6390573296152584,0
9429,West Grill Station • Kebun Baru •,hawker stall,F&B,Indonesia.Batam.Kuliner.202406162232.db,places,1.3682103,103.8372499,370642.7385099974,151259.9804936275,19,251.83820999063218,13,17,10,249.6076444108414,1.6,3.7612001156935624,0
9431,Bao Bei Japanese Ramen(HQ),restaurant,F&B,Indonesia.Batam.Kuliner.202406162232.db,places,1.4804575,103.7542503,361414.2325043312,163674.3304331865,-1,0.0,1,4,1,161.03586677096703,4.2,6.1092475827643655,0
9433,3 Sisters Prawn Noodle,hawker stall,F&B,Indonesia.Batam.Kuliner.202406162232.db,places,1.3741844,103.8388296,370818.82647622994,151920.35309895012,19,581.2169123980809,4,17,2,14.54811218019812,4.3,4.248495242049359,0
9434,Hong Lim Market & Food Centre,hawker center,F&B,Indonesia.Batam.Kuliner.202406162232.db,places,1.2853948,103.8458272,371592.8320508087,142104.00131257495,-1,0.0,0,1,0,544.4204039357857,4.3,8.706324840138741,0
9435,Sinar malay seafood,seafood restaurant,F&B,Indonesia.Batam.Kuliner.202406162232.db,places,1.3709852,103.8381647,370744.67378478823,151566.70619028504,19,262.29326107907673,17,17,0,268.2438716043221,3.9,3.8918202981106265,0
9437,Rahim Muslim Food,hawker stall,F&B,Indonesia.Batam.Kuliner.202406162232.db,places,1.3682812,103.856318,372764.37562204787,151266.79890735637,-1,0.0,0,0,0,1030.620041034009,4.2,6.018593214496234,0
9439,Seletar Sheng Mian Mee Hoon Kway (sims ave),hawker stall,F&B,Indonesia.Batam.Kuliner.202406162232.db,places,1.3170535,103.8793293,375322.13870072295,145602.270002783,-1,0.0,0,0,0,2735.2005363624526,4.2,3.58351893845611,0
9441,Hong Heng Beef Noodle Soup & Laksa,hawker stall,F&B,Indonesia.Batam.Kuliner.202406162232.db,places,1.3671953,103.8399202,370939.7990382322,151147.62490016434,19,203.5819484900795,13,18,10,8.450230400571309,3.9,5.662960480135946,0
9442,Huang Jin You Tiao,hawker stall,F&B,Indonesia.Batam.Kuliner.202406162232.db,places,1.3674149,103.8398693,370934.1473083174,151171.9051778835,19,178.7141566323338,13,18,10,24.929378996465424,4.2,2.6390573296152584,0
9443,Restaurant Tim Sum Peng Siang,restaurant,F&B,Indonesia.Batam.Kuliner.202406162232.db,places,1.4951259,103.7649039,362600.5054481823,165295.35601321605,-1,0.0,2,4,2,269.14406195854826,3.8,5.1647859739235145,0
9444,Chye Kee Hainanese Chicken Rice,hawker stall,F&B,Indonesia.Batam.Kuliner.202406162232.db,places,1.3672198,103.840169,370967.48343325156,151150.32008583593,19,210.8120359561291,13,18,10,7.592512104340753,3.9,2.772588722239781,0
9446,D'Penyet Kepri Mall,asian restaurant,F&B,Indonesia.Batam.Kuliner.202406162232.db,places,1.1014859,104.0373999,392901.3014953131,121764.73361674866,0,4380.068226710474,21,46,1,0.0,5.0,0.6931471805599453,0
9448,Morning Bakery,bakery,F&B,Indonesia.Batam.Kuliner.202406162232.db,places,1.0997257,104.0372686,392886.6288923217,121570.15499504567,0,4554.477774589323,20,30,0,41.15319441218098,4.3,7.506042178518122,0
9450,Bakso Sedap Mantap - Kepri Mall,bakso restaurant,F&B,Indonesia.Batam.Kuliner.202406162232.db,places,1.1002647,104.0372795,392887.86096149875,121629.73898064763,0,4499.662844426598,21,34,0,18.57203361164989,5.0,0.6931471805599453,0
9452,JCO Kepri Mall,cafe,F&B,Indonesia.Batam.Kuliner.202406162232.db,places,1.1012801,104.0370294,392860.0684832555,121741.99653466667,0,4385.219603970278,21,42,1,14.668854491328485,4.3,5.25227342804663,0
9454,Skae restaurant & bar,restaurant,F&B,Indonesia.Batam.Kuliner.202406162232.db,places,1.1014373,104.0359573,392740.7811368363,121759.41295695338,0,4325.1102298915785,22,48,7,29.612351487617836,4.9,4.007333185232471,0
9456,Roti'O Kepri Mall,cafe,F&B,Indonesia.Batam.Kuliner.202406162232.db,places,1.1014041,104.0374101,392902.43353214697,121755.69057506748,0,4388.839798438699,21,45,1,9.113622234922548,3.4,2.1972245773362196,0
9458,Pak Tjomot,chicken restaurant,F&B,Indonesia.Batam.Kuliner.202406162232.db,places,1.1009039,104.0374156,392903.0276646646,121700.39519320638,0,4440.069931401276,21,38,0,18.83847280299302,3.0,1.0986122886681098,0
9461,Gadeno New York Pizza & Steak,pizza restaurant,F&B,Indonesia.Batam.Kuliner.202406162232.db,places,1.1011947,104.0371303,392871.2926125331,121732.55226582,0,4398.220305149987,21,41,0,14.668854491328485,2.4,2.3978952727983707,0
9462,Es Teler Abie,restaurant,F&B,Indonesia.Batam.Kuliner.202406162232.db,places,1.1008311,104.037021,392859.1177803374,121692.36160954136,0,4430.829886812586,21,39,6,26.309611368706765,4.0,1.0986122886681098,0
9469,Piccola Stella,italian restaurant,F&B,Indonesia.Batam.Kuliner.202406162232.db,places,1.10629,104.0290295,391970.0965267343,122296.11184274162,0,3587.796629823153,14,42,0,55.947796262187225,4.6,7.330405211844402,0
9470,Bistro Godiva,restaurant,F&B,Indonesia.Batam.Kuliner.202406162232.db,places,1.100844,104.0372571,392885.38917478296,121693.77917232944,0,4439.44067263188,21,39,6,18.83847280299302,3.8,2.8903717578961645,0
9471,Circle K Kepri Mall,grocery store,F&B,Indonesia.Batam.Kuliner.202406162232.db,places,1.1010225,104.0362004,392767.8161406957,121713.54964893739,0,4377.611239828287,21,46,0,45.484432289310675,3.8,1.6094379124341003,0
9472,Kopi Aceh & Mie Aceh,coffee shop,F&B,Indonesia.Batam.Kuliner.202406162232.db,places,1.1003375,104.0369686,392853.2695949445,121637.79790583851,0,4479.290022072023,21,36,0,35.51772677584387,3.7,2.0794415416798357,0
9482,Warung BangPa  Nagoyahill,restaurant,F&B,Indonesia.Batam.Kuliner.202406162232.db,places,1.1456642,104.0127071,390155.36559902434,126649.41021302795,0,1344.296527823276,191,408,48,23.684316861692466,4.9,2.833213344056216,0
9492,Rumah Makan Bubur City,porridge restaurant,F&B,Indonesia.Batam.Kuliner.202406162232.db,places,1.1429753,104.0121163,390089.52521839866,126352.18299515019,0,1237.6656979782801,124,456,0,10.113138045395004,4.4,6.2324480165505225,0
9502,RM  Pondok Nelayan Kuliner,restaurant,F&B,Indonesia.Batam.Kuliner.202406162232.db,places,1.1453541,104.0072636,389549.6577857265,126615.33881006372,0,1838.2379928388261,107,383,26,24.759484367658303,4.8,3.258096538021482,0
9504,Warung Ka' Lisa,restaurant,F&B,Indonesia.Batam.Kuliner.202406162232.db,places,1.1433595,104.0049205,389288.86521728744,126394.93165806566,0,1998.8398509680264,88,326,31,42.49956927399405,4.0,0.6931471805599453,0
9505,Mieso TBK,restaurant,F&B,Indonesia.Batam.Kuliner.202406162232.db,places,1.1410428,104.0084279,389679.04447329545,126138.69207656113,0,1555.3614881153462,112,380,32,88.78628908463324,4.5,3.8066624897703196,0
9518,MABES GPS,restaurant,F&B,Indonesia.Batam.Kuliner.202406162232.db,places,1.1428013,104.0063675,389449.85128443816,126333.16844328088,0,1826.797816531708,91,376,29,36.52049731757153,5.0,0.6931471805599453,0
9519,Ampera 10rb,restaurant,F&B,Indonesia.Batam.Kuliner.202406162232.db,places,1.1428843,104.0050249,389300.4635868396,126342.39557658859,0,1972.6739919621064,88,324,31,14.656782788438878,5.0,0.6931471805599453,0
9522,Chili Padi,restaurant,F&B,Indonesia.Batam.Kuliner.202406162232.db,places,1.1432246,104.0057718,389383.5840528811,126379.98602078362,0,1904.0191906700702,89,354,30,8.724853290284054,4.8,1.6094379124341003,0
9526,Hong Yao Seafood,restaurant,F&B,Indonesia.Batam.Kuliner.202406162232.db,places,1.1432499,104.0117145,390044.8275341515,126382.55459074139,0,1291.2411765709576,131,461,30,9.0107294192402,4.9,3.4657359027997265,0
9528,Waffle Co,cafe,F&B,Indonesia.Batam.Kuliner.202406162232.db,places,1.117792,104.0254227,391569.18589697237,123567.749846107,0,2262.695253264402,10,36,1,88.79656849259202,4.5,4.700480365792417,0
9530,Ruko Imperium Park,office,F&B,Indonesia.Batam.Kuliner.202406162232.db,places,-6.4744127,106.8635723,706090.8288223646,-716025.6692575894,-1,0.0,1,3,0,68.65165528353006,4.5,3.7612001156935624,0
9532,Wisata Kuliner Setu Cikaret,food court,F&B,Indonesia.Batam.Kuliner.202406162232.db,places,-6.467275,106.8353988,702976.9430544677,-715224.8925232856,-1,0.0,0,1,0,983.0349804428455,4.3,4.465908118654584,0
9533,Kuliner pawon Ibund,diner,F&B,Indonesia.Batam.Kuliner.202406162232.db,places,-6.5064222,106.8315552,702536.0949128484,-719553.0258703592,-1,0.0,0,0,0,1191.2573356009527,4.8,1.6094379124341003,0
9534,Rumah Makan REJEKI Cibinong,diner,F&B,Indonesia.Batam.Kuliner.202406162232.db,places,-6.4680556,106.8594641,705638.9225096649,-715320.9002180003,-1,0.0,1,3,1,107.83156001281763,4.7,1.3862943611198906,0
9536,Rumah Makan Mersi,padang restaurant,F&B,Indonesia.Batam.Kuliner.202406162232.db,places,-6.474268,106.829914,702367.3909815766,-715996.1279239309,-1,0.0,0,1,0,983.0349804428455,4.6,5.973809611869261,0
9537,Warung Kuliner P'Bagoes,cafeteria,F&B,Indonesia.Batam.Kuliner.202406162232.db,places,-6.484212,106.8212176,701401.4045811745,-717092.4668109412,-1,0.0,1,1,0,342.9006090735477,4.0,0.6931471805599453,0
9540,Kuliner Om Don LUMPIA BASAH TRADISIONAL,indonesian restaurant,F&B,Indonesia.Batam.Kuliner.202406162232.db,places,-6.4602475,106.8731275,707153.6697988185,-714462.8563598907,-1,0.0,0,0,0,1740.890178166883,5.0,1.0986122886681098,0
9542,Kuliner Dapoer Raysha,restaurant,F&B,Indonesia.Batam.Kuliner.202406162232.db,places,-6.5255261,106.8138839,700573.7393849303,-721658.8433123694,-1,0.0,0,0,0,2026.8651455120912,5.0,1.0986122886681098,0
9544,Warung Kuliner Sukahati P'bagoes,diner,F&B,Indonesia.Batam.Kuliner.202406162232.db,places,-6.4865531,106.8191854,701175.6684168951,-717350.583086754,-1,0.0,1,1,0,342.9006090735477,4.0,1.3862943611198906,0
9546,Debora Kuliner,restaurant,F&B,Indonesia.Batam.Kuliner.202406162232.db,places,-6.4427592,106.9037245,710545.9020928103,-712541.1385190192,-1,0.0,1,1,0,421.86208292544194,4.6,2.5649493574615367,0
9547,Rumah Kuliner Rey Utami (Rumah Kuliner Sentul Rey Utami),indonesian restaurant,F&B,Indonesia.Batam.Kuliner.202406162232.db,places,-6.579927,106.8917783,709167.3920219336,-727707.4562236154,-1,0.0,0,0,0,10508.881186670847,3.8,4.406719247264253,0
9548,KAMPUNG KULINER,murtabak restaurant,F&B,Indonesia.Batam.Kuliner.202406162232.db,places,-6.3930486,106.6903111,686954.0438115973,-706960.4660400514,-1,0.0,0,0,0,12212.297904768619,4.3,2.5649493574615367,0
9550,Bakso Prasmanan Pakansari  Griya Bukit Jaya,bakso restaurant,F&B,Indonesia.Batam.Kuliner.202406162232.db,places,-6.4389483,106.9035673,710530.0814830529,-712119.5731915585,-1,0.0,1,1,0,421.86208292544194,4.4,5.521460917862246,0
9552,P'MAX KULINER,fast food restaurant,F&B,Indonesia.Batam.Kuliner.202406162232.db,places,-6.5086461,106.8210182,701369.625448479,-719794.7757996594,-1,0.0,0,0,0,1191.2573356009527,5.0,1.791759469228055,0
9553,Mie Ayam Coet Pakansari,noodle shop,F&B,Indonesia.Batam.Kuliner.202406162232.db,places,-6.4816255,106.8362424,703064.5305285186,-716812.3930596357,-1,0.0,0,0,0,1073.448796951946,4.6,6.436150368369428,0
9554,Waroeng Bakso Iga (Spesial Bakso Iga  Ayam Geprek & bebek Kampung),bakso restaurant,F&B,Indonesia.Batam.Kuliner.202406162232.db,places,-6.4741482,106.8630109,706028.829905157,-715996.1873302736,-1,0.0,1,3,0,68.65165528353006,4.3,4.3694478524670215,0
9555,Sarapanku,restaurant,F&B,Indonesia.Batam.Kuliner.202406162232.db,places,-6.456474,106.8437341,703903.3840978728,-714033.6346415874,-1,0.0,0,0,0,1509.1018347393263,2.8,1.791759469228055,0
9557,Kantin Bu Aldi Jrt,restaurant,F&B,Indonesia.Batam.Kuliner.202406162232.db,places,-6.4787662,106.8455863,704099.344270027,-716499.9035230185,-1,0.0,0,0,0,1080.966784924425,4.4,3.4965075614664802,0
9559,WINDSOR Pisang Goreng,cafe,F&B,Indonesia.Batam.Kuliner.202406162232.db,places,1.140409,104.0130448,390192.74165465,126068.45074901643,0,1039.6143919202887,74,448,0,35.47564200249977,4.4,3.784189633918261,0
9562,Nasi Kari Ahong Windsor (Nasi Kari 21 Windsor - Kopitiam Ahong),nasi goreng restaurant,F&B,Indonesia.Batam.Kuliner.202406162232.db,places,1.140747,104.01176,390049.79517777613,126105.86469226354,0,1187.3740171409288,75,464,0,1.2553383650469911,4.7,3.6375861597263857,0
9564,Ikan Bakar Tanjung Batu,breakfast restaurant,F&B,Indonesia.Batam.Kuliner.202406162232.db,places,1.1415298,104.0128123,390166.91396691307,126192.36068862099,0,1102.4130212444256,107,464,0,48.75664617590556,4.7,1.9459101490553132,0
9566,Ayam Geprek Aditya Windsor,chicken restaurant,F&B,Indonesia.Batam.Kuliner.202406162232.db,places,1.1412293,104.0119092,390066.41492849437,126159.17582023169,0,1186.3788964070611,97,462,1,35.165000634536405,5.0,2.302585092994046,0
9569,POCHAJJANG BATAM,restaurant,F&B,Indonesia.Batam.Kuliner.202406162232.db,places,1.1413442,104.0123155,390111.6281591859,126171.86214501612,0,1147.426775074978,99,464,23,12.280625426570127,4.2,4.574710978503383,0
9572,RM Ibu Tina,padang restaurant,F&B,Indonesia.Batam.Kuliner.202406162232.db,places,1.147003,104.00635,389448.06503276294,126797.65533599987,0,2013.6611543341792,85,358,3,31.45750704722371,4.5,1.0986122886681098,0
9574,RM Sederhana,padang restaurant,F&B,Indonesia.Batam.Kuliner.202406162232.db,places,1.1419312,104.0123221,390112.3848283813,126236.75298696877,0,1169.387297649902,113,468,2,50.965333492705255,4.3,7.419380582918692,0
9576,Pepes Resto Khas Jawa dan Sunda,javanese restaurant,F&B,Indonesia.Batam.Kuliner.202406162232.db,places,1.1470651,104.0066259,389478.76671003865,126804.50966033452,0,1990.5054937693435,86,365,1,31.45750704722371,5.0,1.3862943611198906,0
9578,Hai Ou Seafood,seafood restaurant,F&B,Indonesia.Batam.Kuliner.202406162232.db,places,1.1388986,104.0062397,389435.4820000733,125901.74075707408,0,1764.4733232191368,117,302,6,112.90593158600831,4.5,6.089044875446846,0
9580,Warung Griya Sambal Legenda Malaka,restaurant,F&B,Indonesia.Batam.Kuliner.202406162232.db,places,1.1023422,104.0600155,395417.768440756,121858.59041731755,9,102.60434322774765,86,127,35,22.240003299511432,4.5,5.501258210544727,0
9582,Es Mendem,noodle shop,F&B,Indonesia.Batam.Kuliner.202406162232.db,places,1.1010868,104.055257,394888.24782444164,121719.97905584525,9,445.51030801798424,53,122,1,20.212560481478572,4.5,6.194405391104672,0
9583,RM mbak iin,deli,F&B,Indonesia.Batam.Kuliner.202406162232.db,places,1.1016944,104.060487,395470.2094535367,121786.96254658433,9,152.34394829148093,86,126,0,36.95109406220455,4.4,6.881411303642535,0
9584,Soto Kwali Sukoharjo Makmur,soto ayam restaurant,F&B,Indonesia.Batam.Kuliner.202406162232.db,places,1.104722,104.0552649,394889.2544071502,122121.83404982889,9,526.4507525587762,37,121,0,76.77381964000007,4.4,6.606650186198215,0
9586,Es Cendol Cinta Rasa,hawker stall,F&B,Indonesia.Batam.Kuliner.202406162232.db,places,1.1036644,104.0536987,394714.9466520403,122004.97644786366,9,633.9855599959615,36,113,0,17.81999836821787,4.3,2.772588722239781,0
9588,Ayam Kremes PakPres Cab Legenda,chicken restaurant,F&B,Indonesia.Batam.Kuliner.202406162232.db,places,1.0999332,104.0602406,395442.73127354117,121592.27860894348,9,259.48937274333963,85,121,3,1.7463763543496809,4.2,3.4657359027997265,0
9590,Pempek Mak Queen,fast food restaurant,F&B,Indonesia.Batam.Kuliner.202406162232.db,places,1.1029966,104.0550833,394868.98723626253,121931.10512919232,9,465.91725887735527,50,123,0,15.653255743314384,5.0,1.0986122886681098,0
9591,Legenda Food,restaurant,F&B,Indonesia.Batam.Kuliner.202406162232.db,places,1.1039735,104.0630256,395752.75761097664,122038.81745794156,9,482.3337708655594,50,113,21,146.5336690618613,4.6,1.791759469228055,0
9592,Singalor Lau Roasted Pork Restaurant (RM BPK Singalor Lau),batak restaurant,F&B,Indonesia.Batam.Kuliner.202406162232.db,places,1.1023159,104.0606707,395490.6713393307,121855.6600692393,9,172.07385056874642,85,127,2,19.241344918602387,4.5,5.049856007249537,0
9593,Legenda Malaka,market,F&B,Indonesia.Batam.Kuliner.202406162232.db,places,1.1014014,104.0532219,394661.81369487545,121754.82854847334,9,663.5230853742182,27,106,0,12.909791565905435,4.4,4.8283137373023015,0
9594,Raja Soto   Legenda,soto restaurant,F&B,Indonesia.Batam.Kuliner.202406162232.db,places,1.1020306,104.0530797,394646.0132301522,121824.38889405438,9,675.9256410736903,28,101,1,47.62097318839811,4.8,3.1354942159291497,0
9595,PONDOK NASI GORENG MEGA LEGENDA,family restaurant,F&B,Indonesia.Batam.Kuliner.202406162232.db,places,1.1004041,104.0590071,395305.49654936086,121644.37770934196,9,178.31828786619135,88,124,2,20.041874676466524,4.2,2.6390573296152584,0
9596,Bakso Remaja Malang,bakso restaurant,F&B,Indonesia.Batam.Kuliner.202406162232.db,places,1.1015938,104.057428,395129.8321426365,121775.94916533298,9,197.53010627013413,82,123,3,21.158929640260464,4.4,5.438079308923196,0
9600,WB CAFE MEGA LEGENDA,cafe,F&B,Indonesia.Batam.Kuliner.202406162232.db,places,1.1003268,104.063218,395774.0390549009,121635.68509253819,9,488.9665355288648,67,101,2,14.675172105988434,4.5,3.4339872044851463,0
9602,Mie Ayam Bakso Arema Abadi,restaurant,F&B,Indonesia.Batam.Kuliner.202406162232.db,places,1.105303,104.054259,394777.34871223755,122186.09665182348,9,655.122920190871,29,111,8,10.028350122536086,5.0,1.791759469228055,0
9606,Mie Ayam Jakarta,restaurant,F&B,Indonesia.Batam.Kuliner.202406162232.db,places,1.0998685,104.0523944,394569.6840658465,121585.40236029985,9,788.5614187796508,20,86,6,94.41841487445228,4.7,3.6635616461296463,0
9607,D Cemil,cake shop,F&B,Indonesia.Batam.Kuliner.202406162232.db,places,1.107741,104.0543522,394787.8049508502,122455.60353807226,9,828.7508122139284,18,93,0,97.4181180721907,5.0,1.9459101490553132,0
9608,Legenda Hijau Kost,hotel,F&B,Indonesia.Batam.Kuliner.202406162232.db,places,1.103382,104.0513447,394453.00767579034,121973.84177888943,9,882.1047751036346,22,81,0,209.17359273764563,4.0,1.0986122886681098,0
9609,Soto Medan PJ,soto restaurant,F&B,Indonesia.Batam.Kuliner.202406162232.db,places,1.1006546,104.0536855,394713.37217892136,121672.25669428133,9,626.699385788067,28,108,1,84.88095355972646,4.5,1.6094379124341003,0
9611,Cahaya seafood,indonesian restaurant,F&B,Indonesia.Batam.Kuliner.202406162232.db,places,1.0731152,103.9318151,381151.5459790547,118632.36207968336,-1,0.0,2,2,1,34.053961823267805,4.5,3.6109179126442243,0
9613,Makan Makan,indonesian restaurant,F&B,Indonesia.Batam.Kuliner.202406162232.db,places,1.2912061,103.8576768,372911.62057584466,142745.86341299134,-1,0.0,1,1,0,137.65120839707396,4.0,5.081404364984463,0
9614,Putra kisaran seafood,indonesian restaurant,F&B,Indonesia.Batam.Kuliner.202406162232.db,places,1.0729223,103.9315765,381124.98830784054,118611.04630112518,-1,0.0,2,2,1,34.053961823267805,3.0,1.0986122886681098,0
9616,Martabak rafa,murtabak restaurant,F&B,Indonesia.Batam.Kuliner.202406162232.db,places,1.0563051,103.948375,382993.61053591117,116773.38112576368,-1,0.0,2,10,0,66.98663799735915,5.0,1.0986122886681098,0
9617,Seafood Tumpah Mommy Dewi,seafood restaurant,F&B,Indonesia.Batam.Kuliner.202406162232.db,places,1.1382788,104.0040295,389189.52937540074,125833.30843451704,0,2007.751146843271,74,248,6,123.28900160507287,4.3,4.663439094112067,0
9618,BHC Chicken Singapore   Marina Square,chicken restaurant,F&B,Indonesia.Batam.Kuliner.202406162232.db,places,1.2923068,103.8582551,372976.02218339883,142867.51984774764,-1,0.0,1,1,0,137.65120839707396,4.2,7.471363088187097,0
9621,Food Point,food court,F&B,Indonesia.Batam.Kuliner.202406162232.db,places,1.1463111,104.0126563,390149.73775833147,126720.92501558013,0,1394.8290016984372,189,401,1,12.659676325956214,4.4,3.8918202981106265,0
9625,Garang Asem Borobudur,indonesian restaurant,F&B,Indonesia.Batam.Kuliner.202406162232.db,places,1.146475,104.011865,390061.69647561165,126739.07404249339,0,1473.5922990382878,181,403,12,17.955911543555473,4.2,2.772588722239781,0
9627,Duck Kitchen Restaurant,chinese restaurant,F&B,Indonesia.Batam.Kuliner.202406162232.db,places,1.1460251,104.0126619,390150.34996805666,126689.30835852046,0,1373.684382228183,190,408,3,21.595746024067076,4.1,5.8998973535824915,0
9631,Swees Kopi Tiam,restaurant,F&B,Indonesia.Batam.Kuliner.202406162232.db,places,1.1423033,104.0067882,389496.6434588553,126278.09975093127,0,1766.3928355836972,95,367,29,44.63301805649802,4.2,5.877735781779639,0
9647,Ayam Sambal Merah Gondrong,diner,F&B,Indonesia.Batam.Kuliner.202406162232.db,places,1.1435215,104.0040319,389189.9970401323,126412.8746026156,0,2098.601424920982,85,306,1,100.48316134111333,5.0,2.0794415416798357,0
9649,Lao Si Chuan (Batam),soup kitchen,F&B,Indonesia.Batam.Kuliner.202406162232.db,places,1.1446759,104.0146045,390366.45070153766,126540.0840011715,0,1112.694261002227,195,392,0,1.9010984070789703,4.7,2.9444389791664403,0
9651,Sate Jhony,satay restaurant,F&B,Indonesia.Batam.Kuliner.202406162232.db,places,1.1436636,104.0115475,390026.2612549467,126428.29429577218,0,1328.8527794194254,131,446,5,18.262255734497998,4.6,5.365976015021851,0
9652,Nasi Tempong Warung Sumii,asian restaurant,F&B,Indonesia.Batam.Kuliner.202406162232.db,places,1.1445534,104.0149092,390400.34985259105,126526.5303551159,0,1078.4432464584604,190,382,2,2.553343797640341,3.0,1.0986122886681098,0
9654,Warung putra kalijaga,nasi restaurant,F&B,Indonesia.Batam.Kuliner.202406162232.db,places,1.1428594,104.0060444,389413.9022299395,126339.60367482084,0,1863.0640096529817,90,364,0,36.52049731757153,5.0,0.6931471805599453,0
9655,Soto Medan,soto restaurant,F&B,Indonesia.Batam.Kuliner.202406162232.db,places,1.1450505,104.0120509,390082.3271705426,126581.5926733695,0,1361.6037080081144,171,418,1,60.64103624688888,4.5,5.4510384535657,0
9661,Restaurant Martabak Har,indian restaurant,F&B,Indonesia.Batam.Kuliner.202406162232.db,places,1.1477672,104.009636,389813.72615466604,126882.00869810664,0,1756.4155833786747,149,399,2,71.21976009273729,4.4,8.058643712215618,0
9664,Warung Mbak Ani magelang,brunch restaurant,F&B,Indonesia.Batam.Kuliner.202406162232.db,places,1.1452288,104.0115355,390024.9856467728,126601.32297820368,0,1419.9763247712826,167,419,2,16.993349051016203,5.0,0.6931471805599453,0
9665,Ayam Bakar Taliwang Pelita,chicken restaurant,F&B,Indonesia.Batam.Kuliner.202406162232.db,places,1.1447482,104.0188321,390836.8558997686,126547.91524734894,0,830.446173078465,88,370,1,55.74746963268982,4.4,6.728628613084702,0
9673,Tenda Biru Kampung Bule,seafood restaurant,F&B,Indonesia.Batam.Kuliner.202406162232.db,places,1.1487043,104.0079981,389631.51373009844,126985.66560039828,0,1964.0350190654601,100,372,3,46.227057360229324,4.3,6.620073206530356,0
9679,Woo Rae Ok 우래옥,korean restaurant,F&B,Indonesia.Batam.Kuliner.202406162232.db,places,1.1459238,104.013703,390266.18874131166,126678.07004205133,0,1279.871781173102,196,403,0,24.554322543861556,4.7,5.420534999272286,0
9681,Street foods and Night Market,restaurant,F&B,Indonesia.Batam.Kuliner.202406162232.db,places,1.1505826,104.0054374,389346.65806779393,127193.40552684503,0,2316.5453407317113,69,261,11,34.217782113607036,4.6,2.0794415416798357,0
9683,Mie ayam bakso al barokah,restaurant,F&B,Indonesia.Batam.Kuliner.202406162232.db,places,1.1436856,104.0113459,390003.8301404816,126430.73405637269,0,1349.795643927957,133,450,32,22.563406833518425,3.8,2.5649493574615367,0
9689,Mega Wisata Ocarina Batam,amusement center,F&B,Indonesia.Batam.Kuliner.202406162232.db,places,1.1527286,104.0554331,394909.6935339778,127428.74593267267,-1,0.0,0,1,0,925.9514635946058,4.2,8.114324709155339,0
9693,Sanur Restaurant & Catering,seafood restaurant,F&B,Indonesia.Batam.Kuliner.202406162232.db,places,1.132448,104.049604,394260.3602075568,125187.0268657762,0,3124.014177243374,15,129,2,50.38739676320334,4.4,5.2832037287379885,0
9694,Total Family Resto,permanently closed,F&B,Indonesia.Batam.Kuliner.202406162232.db,places,1.0279738,104.061407,395570.09627477144,113637.46063934047,4,374.4592454638948,94,168,0,27.963887470825693,5.0,1.3862943611198906,0
9697,Bebek Goreng Pak Ndut  Lucky Plaza,indonesian restaurant,F&B,Indonesia.Batam.Kuliner.202406162232.db,places,1.3045755,103.8340344,370281.6215412623,144225.09347038824,20,243.14352841421092,12,25,0,55.542955031411786,4.4,7.204892510204673,0
9699,Kale by KangSu   Midpoint Orchard,vegetarian restaurant,F&B,Indonesia.Batam.Kuliner.202406162232.db,places,1.3017142,103.8387216,370803.0175964344,143908.5256818757,20,851.8638616331964,4,17,0,54.462044991267476,3.9,6.650279048587422,0
9701,Food Republic 313 somerset,food court,F&B,Indonesia.Batam.Kuliner.202406162232.db,places,1.3012522,103.8385517,370784.08940132434,143857.45868887135,20,862.0321332953146,4,17,1,54.462044991267476,4.1,7.715569534520208,0
9702,Riverside Indonesian BBQ,coffee shop,F&B,Indonesia.Batam.Kuliner.202406162232.db,places,1.3005317,103.8452356,371527.7659405571,143777.46368586578,-1,0.0,0,4,0,574.628876803749,4.3,4.762173934797756,0
9703,YOSHI Restaurant,japanese restaurant,F&B,Indonesia.Batam.Kuliner.202406162232.db,places,1.3063813,103.8285353,369669.83193456347,144425.0158324798,20,402.82396711021295,13,21,0,66.40201821503098,4.5,4.574710978503383,0
9704,Food Opera,food court,F&B,Indonesia.Batam.Kuliner.202406162232.db,places,1.3039938,103.8314174,369990.39930898277,144160.9194396004,20,178.71796116786507,18,24,1,49.28167202026901,4.1,7.931644021454311,0
9705,French Fold Orchard,french restaurant,F&B,Indonesia.Batam.Kuliner.202406162232.db,places,1.3066113,103.8294731,369774.19241491245,144450.39458358943,20,312.06722632625736,15,21,0,36.6353325194722,4.8,7.20414929203594,0
9706,Food Village Takashimaya,food court,F&B,Indonesia.Batam.Kuliner.202406162232.db,places,1.3024982,103.8347917,370365.7796473468,143995.40141986663,20,449.8246322025407,9,25,2,147.503469691975,4.0,6.949856455000773,0
9707,Korat Thai Cafe,restaurant,F&B,Indonesia.Batam.Kuliner.202406162232.db,places,1.3068163,103.8289468,369715.64179696655,144473.08541256576,20,374.8144427593593,14,21,2,26.21429354851997,4.2,6.315358001522335,0
9709,Taste Paradise 味之楼 at Ion Orchard,chinese restaurant,F&B,Indonesia.Batam.Kuliner.202406162232.db,places,1.3043263,103.8317124,370023.24090472516,144197.66332053597,20,133.0225132351871,19,25,0,49.28167202026901,4.2,6.440946540632921,0
9711,New Station Snack Bar,restaurant,F&B,Indonesia.Batam.Kuliner.202406162232.db,places,1.3074307,103.8338377,370259.88128382363,144540.7563980333,20,293.6685935367892,12,26,2,114.65378022281024,4.3,6.313548046277095,0
9716,Opus Bar & Grill,steak house,F&B,Indonesia.Batam.Kuliner.202406162232.db,places,1.3059211,103.8293235,369757.5109396189,144374.0980861185,20,306.53213686228014,14,21,0,1.781039099487709,4.3,7.133295954896068,0
9718,Saizeriya,italian restaurant,F&B,Indonesia.Batam.Kuliner.202406162232.db,places,1.3004556,103.8394631,370885.4598590375,143769.34515861963,-1,0.0,3,13,0,134.3129327741492,4.1,6.7357800142423265,0
9719,My Favorite Cafe Yong Tau Foo,hawker stall,F&B,Indonesia.Batam.Kuliner.202406162232.db,places,1.3040925,103.8341718,370296.88523225614,144171.68898002585,20,282.2844148039309,12,25,0,55.542955031411786,3.3,5.44673737166631,0
9720,StraitsKitchen,buffet restaurant,F&B,Indonesia.Batam.Kuliner.202406162232.db,places,1.3062611,103.8333999,370211.10749895935,144411.47545670273,20,173.73511574630766,18,26,0,137.72970964739204,4.3,6.976348070447749,0
9721,One-Ninety Restaurant,fine dining restaurant,F&B,Indonesia.Batam.Kuliner.202406162232.db,places,1.3051634,103.8284154,369656.4279577174,144290.37849948686,20,405.2530699503239,13,21,0,130.5770483424176,4.4,5.60947179518496,0
9723,Crossroads Cafe,restaurant,F&B,Indonesia.Batam.Kuliner.202406162232.db,places,1.3053683,103.8325366,370115.002743321,144312.81772075035,20,56.2812917331877,21,25,4,137.72970964739204,3.8,6.198478716492308,0
9725,Thai Tantric Authentic Thai Cuisine,thai restaurant,F&B,Indonesia.Batam.Kuliner.202406162232.db,places,1.3069965,103.8292062,369744.51441253937,144492.9937591684,20,357.3507035626225,14,21,0,30.983079976068034,4.4,5.869296913133774,0
9727,The Orchard Cafe,restaurant,F&B,Indonesia.Batam.Kuliner.202406162232.db,places,1.3075322,103.8286,369677.09042031027,144552.24891307982,20,445.1688505562686,12,21,2,88.05151024107036,4.2,6.376726947898627,0
9728,il Cielo,italian restaurant,F&B,Indonesia.Batam.Kuliner.202406162232.db,places,1.3059057,103.8293282,369758.0331138834,144372.3953135819,20,305.7505731832412,14,21,0,1.781039099487709,4.5,6.018593214496234,0
9729,Les Amis,haute french restaurant,F&B,Indonesia.Batam.Kuliner.202406162232.db,places,1.3066019,103.8314361,369992.61403024435,144449.25369762725,20,141.02234513515953,20,23,0,171.5900304959791,4.6,6.672032945461067,0
9730,Rumah Makan Minang - Kandahar Street,indonesian restaurant,F&B,Indonesia.Batam.Kuliner.202406162232.db,places,1.3022991,103.8595966,373125.7874655091,143972.12791520538,-1,0.0,0,0,0,1114.7145923590863,4.3,7.1569563646156364,0
9731,Tatsuya Goodwood,sushi restaurant,F&B,Indonesia.Batam.Kuliner.202406162232.db,places,1.3084606,103.8339588,370273.4089029284,144654.60934195982,20,392.19192408601856,8,25,0,73.43300950022423,4.6,6.456769655572163,0
9732,Gerry's Grill Singapore Orchard,filipino restaurant,F&B,Indonesia.Batam.Kuliner.202406162232.db,places,1.3026585,103.8405234,371003.55079472146,144012.82899115363,-1,0.0,3,14,0,226.03704108302108,4.0,6.610696044717759,0
9734,Coocaça,health food store,F&B,Indonesia.Batam.Kuliner.202406162232.db,places,1.3051318,103.8309415,369937.50454737694,144286.75421004745,20,128.61737897528758,19,23,0,123.64428642395183,3.9,5.3230099791384085,0
9735,Uncle Chieng Traditional Ice Cream,ice cream shop,F&B,Indonesia.Batam.Kuliner.202406162232.db,places,1.3035269,103.8339475,370271.8985230796,144109.1713986725,20,302.678171304119,10,25,0,67.32595052240933,4.7,5.4116460518550396,0
9736,The Drunken Poet,irish pub,F&B,Indonesia.Batam.Kuliner.202406162232.db,places,1.3067198,103.829162,369739.5820386359,144462.40580512633,20,348.60322397858033,14,21,0,26.21429354851997,4.3,6.70073110954781,0
9738,Rezeki Seafood Restaurant,seafood restaurant,F&B,Indonesia.Batam.Kuliner.202406162232.db,places,1.1537326,104.1403938,404363.00477124174,127536.73664528788,11,837.2520131424237,4,28,0,182.2491560630431,4.4,7.831617276352611,0
9740,RM Bahagia 2,indonesian restaurant,F&B,Indonesia.Batam.Kuliner.202406162232.db,places,1.1506015,104.1311914,403338.9915549224,127190.92557268156,11,258.26654345796976,31,38,6,79.62255307175025,4.5,5.0369526024136295,0
9741,Warung Atok,restaurant,F&B,Indonesia.Batam.Kuliner.202406162232.db,places,1.1727191,104.1347659,403737.4586383266,129635.75457155617,-1,0.0,0,0,0,1471.7644295026791,4.4,4.653960350157523,0
9742,Rumah Makan Amel Seafood,seafood restaurant,F&B,Indonesia.Batam.Kuliner.202406162232.db,places,1.195056,104.084391,398133.2941010876,132106.76376331452,-1,0.0,7,7,1,67.47969516956802,4.2,5.062595033026967,0
9743,Laluna Tarempa,indonesian restaurant,F&B,Indonesia.Batam.Kuliner.202406162232.db,places,1.1369525,104.1117084,401170.7323221806,125682.78006123134,15,1273.7659262082407,32,48,9,18.123901652292734,4.4,6.705639094860003,0
9744,ARMI Kedai Taman,restaurant,F&B,Indonesia.Batam.Kuliner.202406162232.db,places,1.1445958,104.1383327,404133.3714520065,126526.796114544,-1,0.0,3,33,0,468.4627832606544,5.0,3.295836866004329,0
9746,Han Kang Seafood Restaurant Batam,seafood restaurant,F&B,Indonesia.Batam.Kuliner.202406162232.db,places,1.1477543,104.1412381,404456.746989502,126875.84915936411,11,918.1296250294491,6,29,1,218.5957415836092,4.0,4.969813299576001,0
9748,PANTAI BONETA PENCAWAN,cafe,F&B,Indonesia.Batam.Kuliner.202406162232.db,places,1.145155,104.1428733,404638.6020544253,126588.46033836096,-1,0.0,3,12,0,41.93179691829844,3.2,1.9459101490553132,0
9750,Waroeng Tepian Pantai,family restaurant,F&B,Indonesia.Batam.Kuliner.202406162232.db,places,1.1455079,104.1427351,404623.2368421346,126627.47553852783,-1,0.0,3,13,0,41.93179691829844,4.5,4.31748811353631,0
9751,Seafood Pantai Indah 88,seafood restaurant,F&B,Indonesia.Batam.Kuliner.202406162232.db,places,0.9981481,103.418011,323968.260469361,110367.81006327266,-1,0.0,0,0,0,55639.678507100485,5.0,0.6931471805599453,0
9754,Pantai kampung Bugis,restaurant,F&B,Indonesia.Batam.Kuliner.202406162232.db,places,1.1025041,104.2310212,414445.0635824702,121871.02736067733,-1,0.0,0,0,0,7490.679716331611,4.6,2.995732273553991,0
9756,Relax corner cafe,diner,F&B,Indonesia.Batam.Kuliner.202406162232.db,places,1.136781,103.977811,386272.1248302065,125668.7501540435,-1,0.0,3,11,0,109.64460446058882,5.0,1.791759469228055,0
9758,Rocksalt Beach Club,bar & grill,F&B,Indonesia.Batam.Kuliner.202406162232.db,places,0.9819555,104.0333565,392447.3374133582,108551.2428138898,-1,0.0,2,5,0,319.40804098453725,4.4,5.049856007249537,0
9760,Hoax bakso,bakso restaurant,F&B,Indonesia.Batam.Kuliner.202406162232.db,places,0.908083,104.447407,438516.94627298974,100375.23922431134,-1,0.0,1,1,0,366.54610781451805,3.8,1.791759469228055,0
9761,RM Sederhana (Restoran Sederhana),restaurant,F&B,Indonesia.Batam.Kuliner.202406162232.db,places,1.1546688,103.9963195,388332.2713101661,127645.4802396755,0,3407.908584755053,21,57,5,35.25592648526592,4.3,6.113682179832232,0
9764,Masakan Pantai Timur Cek Yah,restaurant,F&B,Indonesia.Batam.Kuliner.202406162232.db,places,1.5139036,103.7542455,361415.7993754316,167372.03372678932,-1,0.0,1,1,1,170.58798520526045,3.9,6.095824562432225,0
9765,Green Fresh cafe,cafe,F&B,Indonesia.Batam.Kuliner.202406162232.db,places,1.1365722,103.9768477,386164.92926126695,125645.70564738695,-1,0.0,3,12,0,109.64460446058882,2.5,1.0986122886681098,0
9767,Toko Dahlan,grocery store,F&B,Indonesia.Batam.Kuliner.202406162232.db,places,1.1343367,103.99563,388254.7637797792,125397.84300170666,-1,0.0,0,38,0,623.2282085494431,5.0,1.0986122886681098,0
9768,UMAQITA PIK,indonesian restaurant,F&B,Indonesia.Batam.Kuliner.202406162232.db,places,-6.0897708,106.7440133,693006.4884864464,-673439.7388058442,-1,0.0,1,1,0,100.45400339589423,4.7,7.45876269238096,0
9769,Bakso Solo Samrat - PIK,bakso restaurant,F&B,Indonesia.Batam.Kuliner.202406162232.db,places,-6.116135,106.7572103,694457.9133172487,-676360.1919193083,-1,0.0,0,0,0,3161.039609647995,4.4,7.057036981697891,0
9772,Pantjoran Pantai Indah Kapuk,food court,F&B,Indonesia.Batam.Kuliner.202406162232.db,places,-6.0905524,106.7444756,693057.3865640212,-673526.3436122781,-1,0.0,1,1,0,100.45400339589423,4.7,9.404013917106361,0
9773,Tahu baso batam,food manufacturer,F&B,Indonesia.Batam.Kuliner.202406162232.db,places,0.837166,104.053115,394641.7521034941,92544.78357119006,-1,0.0,1,1,0,0.0,5.0,0.6931471805599453,0
9774,Pantai Pandan Carita Cafe and Resto,indonesian restaurant,F&B,Indonesia.Batam.Kuliner.202406162232.db,places,-6.3031266,105.841612,593091.2693747783,-696788.0959133051,-1,0.0,0,0,0,26608.208487671975,4.4,7.493317248862145,0
9780,McDonald's - Pasirkoja,fast food restaurant,F&B,Indonesia.Batam.Kuliner.202406162232.db,places,-6.9298193,107.5757624,784631.6201528069,-766762.9637325727,-1,0.0,0,0,0,3984.453741686697,4.5,6.902742737158593,0
9782,Rahmat Siakap Goreng,seafood restaurant,F&B,Indonesia.Batam.Kuliner.202406162232.db,places,1.4343463,103.9307782,381052.47234832274,158566.47921909502,-1,0.0,1,1,1,38.35463669479068,4.3,7.941295570906532,0
9784,Pasar Pasir Putih,food court,F&B,Indonesia.Batam.Kuliner.202406162232.db,places,1.1367911,104.044896,393736.66495974985,125667.3110778666,0,2543.11137069153,18,44,0,12.425408410460632,4.4,7.631431664576906,0
9786,Yong Tahu  Tempo Dulu,restaurant,F&B,Indonesia.Batam.Kuliner.202406162232.db,places,1.1366657,104.0444132,393682.93981179385,125653.46638841013,0,2490.234773008385,17,48,6,6.0854140793646785,4.7,3.7612001156935624,0
9788,Pasir Putih Seafood Restaurant,seafood restaurant,F&B,Indonesia.Batam.Kuliner.202406162232.db,places,1.4342577,103.9311115,381089.55066615436,158556.66716004675,-1,0.0,1,1,1,38.35463669479068,3.9,5.976350909297934,0
9789,BAKSO PRASMANAN 3RASA,indonesian restaurant,F&B,Indonesia.Batam.Kuliner.202406162232.db,places,1.1385831,104.0466239,393928.9916545223,125865.34575851627,0,2732.784081489526,14,36,1,18.076372467016505,2.7,2.0794415416798357,0
9790,Prawn Noodles Recipe Batam,noodle shop,F&B,Indonesia.Batam.Kuliner.202406162232.db,places,1.1369035,104.0448963,393736.7024502573,125679.7364297179,0,2542.5326293842736,18,43,0,12.425408410460632,5.0,1.0986122886681098,0
9792,FOODCOURT 27,restaurant,F&B,Indonesia.Batam.Kuliner.202406162232.db,places,1.1366815,104.0448249,393728.7497434596,125655.19786006585,0,2535.867955486607,18,44,6,14.469992896001772,4.8,1.791759469228055,0
9795,COTO MAKASSAR PASPUT,south sulawesi restaurant,F&B,Indonesia.Batam.Kuliner.202406162232.db,places,1.1379479,104.046136,393874.68045911833,125795.14496258489,0,2677.686255513536,14,40,0,67.01304710346712,5.0,1.0986122886681098,0
9796,Bakso 77,bakso restaurant,F&B,Indonesia.Batam.Kuliner.202406162232.db,places,0.4386401,101.4532674,105094.99172670877,48576.5840278807,-1,0.0,0,0,0,8307.279542475939,4.3,4.553876891600541,0
9798,Seafood Tenda Biru Penuin,brunch restaurant,F&B,Indonesia.Batam.Kuliner.202406162232.db,places,1.1351854,104.0086125,389699.36231654376,125491.16623558445,0,1529.0713515496184,111,295,1,42.07968279718629,4.7,1.3862943611198906,0
9800,Old Place Penuin Centre,asian restaurant,F&B,Indonesia.Batam.Kuliner.202406162232.db,places,1.1361637,104.0083936,389675.042408037,125599.3228500218,0,1535.0796585489843,103,303,2,49.35459032421351,4.1,3.091042453358316,0
9802,Gazoz Cafe & Restaurant,australian restaurant,F&B,Indonesia.Batam.Kuliner.202406162232.db,places,1.1329948,104.0118572,390060.3173193563,125248.87836394404,0,1263.0774038222569,80,228,0,10.53777530197502,4.8,6.075346031088684,0
9804,Nai Nai Bak Kut Teh,diner,F&B,Indonesia.Batam.Kuliner.202406162232.db,places,1.1333933,104.0112366,389991.2781876431,125292.9549172233,0,1307.8511184870367,99,230,0,27.940501376463665,5.0,2.0794415416798357,0
9805,Mixue Penuin Centre,ice cream shop,F&B,Indonesia.Batam.Kuliner.202406162232.db,places,1.1348807,104.0093789,389784.6281165179,125457.45330900776,0,1453.2274079301812,110,288,0,16.571479180636725,3.3,3.912023005428146,0
9806,Pasar Penuin Pusat Belanja,shopping mall,F&B,Indonesia.Batam.Kuliner.202406162232.db,places,1.1358236,104.0089242,389734.06936809013,125561.70551782507,0,1482.1489931559445,113,303,0,33.10011762619022,4.5,5.631211781821365,0
9809,Kopitiam 1889,coffee shop,F&B,Indonesia.Batam.Kuliner.202406162232.db,places,1.136233,104.0092589,389771.3269491686,125606.95073476486,0,1438.6316806522293,110,308,2,25.747082090153366,4.6,2.0794415416798357,0
9810,Nasi Ayam Hainam Budi Siang Malam,chicken restaurant,F&B,Indonesia.Batam.Kuliner.202406162232.db,places,1.1354649,104.0090174,389744.4261367047,125522.04871165873,0,1478.855428106546,111,301,0,33.42367745895007,4.4,6.891625897052253,0
9812,Uncle Lim Kopitiam,coffee shop,F&B,Indonesia.Batam.Kuliner.202406162232.db,places,1.1349096,104.010097,389864.5321959859,125460.62076475231,0,1374.914086244213,110,286,2,29.916408843835764,4.3,5.707110264748875,0
9813,Badminton Penuin Snack,deli,F&B,Indonesia.Batam.Kuliner.202406162232.db,places,1.1354943,104.0093393,389780.24506189785,125525.28652103279,0,1443.0697338047244,109,301,0,20.040748653515013,4.2,3.9889840465642745,0
9814,SOTO KWALI MAS TANTO (SOTO KWALI PENUIN),cafe,F&B,Indonesia.Batam.Kuliner.202406162232.db,places,1.139946,104.0043171,389221.59432249935,126017.60180253554,0,1987.3936340334783,81,276,1,72.61377572895739,4.5,2.772588722239781,0
9817,Old Place Frog Porridge,asian restaurant,F&B,Indonesia.Batam.Kuliner.202406162232.db,places,1.1429298,104.0117888,390053.08268935967,126347.16564178167,0,1268.2046629018985,129,466,2,19.129274355524785,4.1,5.631211781821365,0
9818,Lengkuas (Eatern Food Court),soup shop,F&B,Indonesia.Batam.Kuliner.202406162232.db,places,1.1332884,104.0105666,389916.72331538465,125281.3839896148,0,1381.186703930554,109,229,0,50.7585578563783,4.2,6.0867747269123065,0
9819,Sop Ayam Tua Poh Tie (Sop Ayam Kampung Tua Poh Tie),soup restaurant,F&B,Indonesia.Batam.Kuliner.202406162232.db,places,1.1430494,104.0110755,389973.71861287334,126360.41438688559,0,1345.695829989352,135,471,3,0.0,4.5,4.941642422609304,0
9821,Circle K Penuin,convenience store,F&B,Indonesia.Batam.Kuliner.202406162232.db,places,1.1368494,104.0087039,389709.5955011005,125675.11316653262,0,1492.6048380288132,95,308,0,83.29518783860524,4.3,2.0794415416798357,0
9823,Bebek Goreng H  Slamet,restaurant,F&B,Indonesia.Batam.Kuliner.202406162232.db,places,1.1314532,104.0107726,389939.57571253204,125078.50020775742,0,1449.527994319679,98,208,35,64.82408352445935,4.5,7.095893221097532,0
9825,Grand Duck Restaurant,chinese restaurant,F&B,Indonesia.Batam.Kuliner.202406162232.db,places,1.1442305,104.0071941,389541.8815377109,126491.13067375189,0,1793.7643865106097,103,407,3,84.60019075125102,4.5,3.8918202981106265,0
9828,Baresto Cafe Grand Batam,restaurant,F&B,Indonesia.Batam.Kuliner.202406162232.db,places,1.1359668,104.0058725,389394.51202709595,125577.6525008243,0,1816.102205544332,88,264,27,6.729643308272315,4.2,5.429345628954441,0
9831,Mie Kampung Bagan Siapi-Api,noodle shop,F&B,Indonesia.Batam.Kuliner.202406162232.db,places,1.1398815,104.0145275,390357.70120613166,126010.08071754087,0,865.2807098660033,64,388,3,104.92219913032727,4.6,5.648974238161206,0
9833,Pasar Penuin Wet Market,market,F&B,Indonesia.Batam.Kuliner.202406162232.db,places,1.1357127,104.0093102,389777.0153795815,125549.43111838297,0,1441.855539421454,112,304,0,24.35964755629897,4.3,7.999342952713282,0
9834,The Smith Patisserie Grand Batam,restaurant,F&B,Indonesia.Batam.Kuliner.202406162232.db,places,1.1359329,104.0061495,389425.3325513314,125573.89434863257,0,1785.9878327647145,89,266,28,24.709989957154306,4.5,5.2574953720277815,0
9835,Citra Pempek,restaurant or cafe,F&B,Indonesia.Batam.Kuliner.202406162232.db,places,1.1326901,104.0108038,389943.09398485,125215.23467328608,0,1383.3969102931228,100,225,0,9.196331511507905,3.8,5.1647859739235145,0
9837,Sop Kaki Kambing Sudi Mampir,satay restaurant,F&B,Indonesia.Batam.Kuliner.202406162232.db,places,1.1383568,104.0086279,389701.1962339531,125841.75481291965,0,1496.3949052658807,100,347,1,108.32621379432393,4.4,6.418364935936212,0
9841,Roasteree Cafe,bar & grill,F&B,Indonesia.Batam.Kuliner.202406162232.db,places,1.1343755,104.009067,389749.90387006034,125401.61679520161,0,1500.8303284671842,112,273,0,30.722621398481902,4.5,6.100318952020064,0
9846,Mie selatpanjang Adi laris,noodle shop,F&B,Indonesia.Batam.Kuliner.202406162232.db,places,1.1297646,104.0115469,390025.668587145,124891.80113444681,0,1481.9434336037305,83,194,3,40.64332586021424,4.6,4.59511985013459,0
9848,Sinar penuin,housing complex,F&B,Indonesia.Batam.Kuliner.202406162232.db,places,1.1335295,104.0118083,390054.8963813938,125307.98971111397,0,1243.4231320362474,81,229,0,37.46630599671705,5.0,0.6931471805599453,0
9854,Sushi Tei,japanese restaurant,F&B,Indonesia.Batam.Kuliner.202406162232.db,places,1.1342041,104.0079747,389628.35708945384,125382.71065582306,0,1623.09937500578,109,264,2,53.650425605100395,4.5,7.738923757439457,0
9855,Khansafoodies,restaurant,F&B,Indonesia.Batam.Kuliner.202406162232.db,places,1.1010561,104.0889258,398634.5483723074,121715.41934537711,-1,0.0,2,27,0,68.57697836436361,5.0,0.6931471805599453,0
9856,Perumahan cendana tahap 4 blok C2 no 15,indonesian restaurant,F&B,Indonesia.Batam.Kuliner.202406162232.db,places,1.1020732,104.085856,398293.01004298794,121827.9588230803,12,786.9225660288841,7,30,0,213.4379622978326,5.0,0.6931471805599453,0
9860,Warung makan Maulana,restaurant,F&B,Indonesia.Batam.Kuliner.202406162232.db,places,0.2547989,103.587815,342844.6907235322,28171.550102713507,-1,0.0,0,0,0,76850.80543467482,3.7,1.3862943611198906,0
9862,Cendana Market,convenience store,F&B,Indonesia.Batam.Kuliner.202406162232.db,places,1.1008062,104.0883617,398571.7732444905,121687.81345308652,-1,0.0,2,28,0,68.57697836436361,4.0,2.5649493574615367,0
9864,Rumah Makan Sea Food 99 Puri Cendana,seafood restaurant,F&B,Indonesia.Batam.Kuliner.202406162232.db,places,-6.2356737,107.0677217,728782.2136414268,-689705.1102121039,-1,0.0,0,0,0,7089.10613493335,4.5,4.7535901911063645,0
9866,CENDANA RESTO,restaurant,F&B,Indonesia.Batam.Kuliner.202406162232.db,places,0.5191177,101.4448109,104156.82845971925,57489.49607162608,-1,0.0,0,1,0,715.6699238194914,4.2,6.879355804460439,0
9868,Plaza Galaxy,food court,F&B,Indonesia.Batam.Kuliner.202406162232.db,places,-6.25989,106.9684724,717786.4411427306,-692341.5638441858,21,265.0960727281501,10,19,3,22.73385584864091,4.4,7.305860032684009,0
9869,Nasibakul Galaxy,restaurant,F&B,Indonesia.Batam.Kuliner.202406162232.db,places,-6.2781258,106.9743421,718428.5084697811,-694361.0240728931,22,715.2397780177437,10,23,0,25.08069403129506,4.7,3.4011973816621555,0
9870,Galaxy Foodcourt,food court,F&B,Indonesia.Batam.Kuliner.202406162232.db,places,-6.2586789,106.972549,718238.14312777,-692209.2996067428,21,303.62479360556904,13,19,4,252.8629110962254,4.5,7.093404625868766,0
9871,Warung Tenda Galaxy,food court,F&B,Indonesia.Batam.Kuliner.202406162232.db,places,-6.2596885,106.9685129,717791.0072121748,-692319.2932534532,21,244.7201980223796,12,18,4,4.8196957013117,4.5,5.594711379601839,0
9873,NoMiNoMi Delight - Galaxy Bekasi,restaurant,F&B,Indonesia.Batam.Kuliner.202406162232.db,places,-6.2714651,106.9713396,718098.9738120715,-693623.0480419587,22,199.31059577922144,21,31,5,73.44586331469135,4.5,7.775695749915245,0
9874,Kita Steamboat & Yakiniku,yakiniku restaurant,F&B,Indonesia.Batam.Kuliner.202406162232.db,places,-6.2762464,106.9744025,718435.9768874728,-694153.1728924545,22,514.4959668827323,11,28,0,131.05305370864323,4.8,8.720134035412928,0
9876,Torang Bar (Kedai Torang),restaurant,F&B,Indonesia.Batam.Kuliner.202406162232.db,places,-6.2730248,106.9731233,718295.7406223504,-693796.3055651374,22,137.977595882022,22,31,5,111.26523262139905,4.4,6.716594773520978,0
9877,Solaria - Grand Galaxy Park,restaurant,F&B,Indonesia.Batam.Kuliner.202406162232.db,places,-6.2712658,106.9719726,718169.1158006284,-693601.267401947,22,138.33788411505824,22,31,5,25.615806395714497,4.1,6.35088571671474,0
9878,Papparich,malaysian restaurant,F&B,Indonesia.Batam.Kuliner.202406162232.db,places,-6.2741739,106.9742937,718424.7989664791,-693923.8927859719,22,295.52703491237554,22,31,0,31.452121946186733,4.6,6.118097198041348,0
9880,Situs Food Court,food court,F&B,Indonesia.Batam.Kuliner.202406162232.db,places,-6.25757,106.96878,717821.4479972738,-692085.0822577878,21,131.45874647984127,13,16,4,90.99709590488217,4.8,1.791759469228055,0
9882,Eats & Co (Cakwe Galaxy),restaurant,F&B,Indonesia.Batam.Kuliner.202406162232.db,places,-6.2491198,106.983395,719442.5775401976,-691156.503084434,-1,0.0,0,0,0,1474.4775642651612,4.3,5.981414211254481,0
9884,Shigeru Grand Galaxy Park,sushi restaurant,F&B,Indonesia.Batam.Kuliner.202406162232.db,places,-6.2712521,106.9722505,718199.8788941397,-693599.8677674058,22,111.76686670032745,22,31,0,28.788933846905696,4.5,6.259581464064923,0
9886,Sukibray & Grill,asian restaurant,F&B,Indonesia.Batam.Kuliner.202406162232.db,places,-6.2698407,106.9741904,718415.1708838863,-693444.5639514155,22,245.1607297861992,19,33,0,37.187447912621856,4.4,6.70808408385307,0
9887,Food Court Taman Galaxy,restaurant,F&B,Indonesia.Batam.Kuliner.202406162232.db,places,-6.2596465,106.9685013,717789.7407321528,-692314.6429314206,21,241.9396983793007,12,18,2,4.8196957013117,4.0,0.6931471805599453,0
9888,Shihlin,restaurant,F&B,Indonesia.Batam.Kuliner.202406162232.db,places,-6.2710182,106.9721364,718187.3478535168,-693573.9491306178,22,136.88858389108862,20,31,5,16.122657841951256,2.7,3.332204510175204,0
9889,JajanKuy galaxy,restaurant,F&B,Indonesia.Batam.Kuliner.202406162232.db,places,-6.2613567,106.9733736,718328.2975845002,-692505.8276931734,21,537.1233248814804,3,26,1,91.23086157511787,5.0,0.6931471805599453,0
9890,Sambak Grill & Fry Galaxy,indonesian restaurant,F&B,Indonesia.Batam.Kuliner.202406162232.db,places,-6.2675033,106.9732187,718308.5973530274,-693185.6246738815,22,472.89622406863003,17,32,0,93.826323012232,4.3,1.6094379124341003,0
9892,Fogo Brazilian BBQ - Grand Galaxy Park,buffet restaurant,F&B,Indonesia.Batam.Kuliner.202406162232.db,places,-6.2709708,106.9719551,718167.3016561317,-693568.6308571722,22,156.16546344211147,21,31,0,8.175231201984042,4.4,6.664409020350408,0
9893,VJS Kuliner,restaurant,F&B,Indonesia.Batam.Kuliner.202406162232.db,places,-6.2557632,106.9706962,718034.2836845086,-691886.0316271685,21,259.04889317934703,12,15,1,10.533601929735806,4.5,5.940171252720432,0
9894,Ngetansusu_galaxy,food court,F&B,Indonesia.Batam.Kuliner.202406162232.db,places,-6.2557856,106.9706037,718024.0363939798,-691888.4708496741,21,253.3885563914919,12,15,3,10.533601929735806,5.0,1.0986122886681098,0
9896,Chiclin Tempat Jajan Galaxy,snack bar,F&B,Indonesia.Batam.Kuliner.202406162232.db,places,-6.2774206,106.9742442,718417.9672419598,-694282.9825822117,22,636.6152954464856,10,25,0,77.85936653064392,5.0,1.6094379124341003,0
9897,Double U Steak by Chef Widhi Bekasi,steak house,F&B,Indonesia.Batam.Kuliner.202406162232.db,places,-6.2560563,106.9698373,717939.098210283,-691918.0943168316,21,211.29390411284416,13,15,0,89.95579389981306,4.7,8.623892810075294,0
9898,Cakwe Galaxy Perum Galaxy,fast food restaurant,F&B,Indonesia.Batam.Kuliner.202406162232.db,places,-6.2737297,106.9738405,718374.8250006051,-693874.5718612447,22,230.45834106369617,23,31,0,43.81387066111129,3.5,2.70805020110221,0
9900,Ayam Keprabon Express,chicken shop,F&B,Indonesia.Batam.Kuliner.202406162232.db,places,-6.2707028,106.9722015,718194.6842058949,-693539.0905706256,22,155.91218969521498,22,31,0,35.62220193844586,4.6,3.332204510175204,0
9902,SUSHIGAN  Grand Galaxy Park Bekasi,japanese restaurant,F&B,Indonesia.Batam.Kuliner.202406162232.db,places,-6.2740799,106.9740255,718395.1544413785,-693913.383832338,22,273.96410921517673,23,31,0,31.452121946186733,4.8,6.885509670034818,0
9903,Lampoh Coffee Galaxy,restaurant,F&B,Indonesia.Batam.Kuliner.202406162232.db,places,-6.272449,106.9698885,717937.9603651376,-693731.2711330228,22,364.5484485993009,13,31,4,115.97322236986953,4.5,5.501258210544727,0
9904,BAKMI SIANTAR,noodle shop,F&B,Indonesia.Batam.Kuliner.202406162232.db,places,-6.2701014,106.9731306,718297.7655047394,-693472.9579408544,22,185.3899858219377,22,32,0,118.53217978979823,4.6,6.472346294500901,0
9905,Teh Tarik Aceh Galaxy,restaurant,F&B,Indonesia.Batam.Kuliner.202406162232.db,places,-6.2689946,106.9744992,718449.7006972563,-693351.107345579,22,343.91175975959493,17,31,5,54.67339447332204,5.0,1.6094379124341003,0
9906,Sate Taichan Panahan Senayan Galaxy,satay restaurant,F&B,Indonesia.Batam.Kuliner.202406162232.db,places,-6.2748818,106.9744846,718445.6322701138,-694002.2716757958,22,375.4267287907853,13,28,0,73.12764474779277,4.5,5.429345628954441,0
9907,HokBen Ruko Galaxy,japanese restaurant,F&B,Indonesia.Batam.Kuliner.202406162232.db,places,-6.2541498,106.9687875,717823.6951589535,-691706.7859462256,21,439.6498683994656,7,15,0,231.79561386519353,4.4,7.932721027481948,0
9908,Lapangan Gereja Methodis Indonesia,cafe,F&B,Indonesia.Batam.Kuliner.202406162232.db,places,-6.2690479,106.9740081,718395.3242789252,-693356.7981445318,22,317.73974848566377,19,32,2,54.67339447332204,4.5,5.641907070938114,0
9910,Dawend Coffee & Steak Galaxy,cafe,F&B,Indonesia.Batam.Kuliner.202406162232.db,places,-6.2682592,106.972834,718265.7047989215,-693269.0729074893,22,390.3674916511258,18,30,2,93.826323012232,4.7,5.560681631015528,0
9912,San9a,cafe,F&B,Indonesia.Batam.Kuliner.202406162232.db,places,-6.2667264,106.9704284,718000.0933241898,-693098.5329155502,22,632.7895998643268,8,32,2,35.93056404052088,4.5,6.806829360392176,0
9914,Rose Bakery & Catering,bakery,F&B,Indonesia.Batam.Kuliner.202406162232.db,places,-6.2582855,106.9683742,717776.2373371739,-692164.0535669859,21,172.54657346998118,13,18,0,49.1178723044317,4.3,5.375278407684165,0
9916,Sop Kambing Tiga Saudara Galaxy,soup shop,F&B,Indonesia.Batam.Kuliner.202406162232.db,places,-6.2676135,106.9753173,718540.8221008759,-693198.687755849,22,521.1828570329479,9,30,0,177.58052126027206,4.7,5.568344503761097,0
9917,Cafe Special Curry,cafe,F&B,Indonesia.Batam.Kuliner.202406162232.db,places,-6.2561757,106.9682517,717763.5530715759,-691930.6433471151,21,269.2151699698025,12,15,0,164.93392480420337,4.3,2.3978952727983707,0
9918,Starbucks Grand Galaxy Park,coffee shop,F&B,Indonesia.Batam.Kuliner.202406162232.db,places,-6.271035,106.9719917,718171.3257629112,-693575.7471040646,22,148.82543078481368,20,31,1,8.175231201984042,4.6,7.020190708311925,0
9919,Woodfire Bekasi,western restaurant,F&B,Indonesia.Batam.Kuliner.202406162232.db,places,-6.2654991,106.9720271,718177.5457175067,-692963.4489215218,22,704.7598221852969,8,33,0,190.04994990700752,4.5,5.840641657373398,0
9920,𝗥𝘂𝗺𝗮𝗵 𝗦𝗲𝗱𝘂𝗵 𝗔𝗻𝗱𝗮𝗿𝘂,restaurant,F&B,Indonesia.Batam.Kuliner.202406162232.db,places,-6.2609628,106.9726494,718248.306737486,-692461.9581764482,21,450.00804436732267,6,24,2,91.23086157511787,4.6,3.1354942159291497,0
9921,Antar Ruang Coffee & Eatery,coffee shop,F&B,Indonesia.Batam.Kuliner.202406162232.db,places,-6.2717926,106.9707056,718028.6679206382,-693659.0082263422,22,266.4698189267169,18,31,1,78.96868512972073,4.7,3.7376696182833684,0
9922,Frozenics Gelato Galaxy,ice cream shop,F&B,Indonesia.Batam.Kuliner.202406162232.db,places,-6.2701768,106.9741989,718415.971698832,-693481.7427757336,22,213.9716145172121,20,32,0,37.187447912621856,4.5,6.284134161070802,0
9923,Pasar Fresh Market Galaxy (Fresh Market Grand Galaxy City),convenience store,F&B,Indonesia.Batam.Kuliner.202406162232.db,places,-6.275522,106.9731555,718298.264461034,-694072.5286571018,22,414.2111748419689,16,28,0,90.91477808070775,4.4,6.56244409369372,0
9924,Pinus Coffee & Eatery,cafe,F&B,Indonesia.Batam.Kuliner.202406162232.db,places,-6.2780515,106.9745562,718452.235317747,-694352.8952415689,22,712.1107931155461,10,24,1,25.08069403129506,4.5,5.117993812416755,0
9926,SINI TERAS,cafe,F&B,Indonesia.Batam.Kuliner.202406162232.db,places,-6.275102,106.9738616,718376.5885720707,-694026.3677374427,22,376.94386543155105,16,29,1,73.12764474779277,4.6,3.9318256327243257,0
9927,Ezra Food and Coffee,restaurant,F&B,Indonesia.Batam.Kuliner.202406162232.db,places,-6.266637,106.9707405,718034.673311496,-693088.7743341897,22,626.2859695093834,9,33,1,35.93056404052088,4.7,4.983606621708336,0
9928,Kue Lumpur Bakar Ummi Khas Sidoarjo  Galaxy,food products supplier,F&B,Indonesia.Batam.Kuliner.202406162232.db,places,-6.2557727,106.971851,718162.0943182083,-691887.5617727245,21,324.7449977601649,9,15,0,127.81979280270578,5.0,2.5649493574615367,0
9929,KOMARA SEAFOOD,seafood restaurant,F&B,Indonesia.Batam.Kuliner.202406162232.db,places,-6.2587269,106.9683256,717770.6753541913,-692212.855510851,21,193.538513557172,11,18,0,49.1178723044317,4.5,4.477336814478207,0
9930,Master Penyet Galaxy,chicken restaurant,F&B,Indonesia.Batam.Kuliner.202406162232.db,places,-6.2589398,106.9688344,717826.9012560488,-692236.6148478835,21,159.75786147355245,13,18,0,61.03980779711571,4.2,6.161207321695077,0
9932,327 Fried Bee Hoon Nasi Lemak,hawker stall,F&B,Indonesia.Batam.Kuliner.202406162232.db,places,1.3684365,103.8958215,377159.7394699468,151281.90841980767,-1,0.0,0,0,0,4395.389818068889,4.3,5.093750200806762,0
9934,Min Jiang,restaurant,F&B,Indonesia.Batam.Kuliner.202406162232.db,places,1.3082965,103.8345983,370344.55719466717,144636.43442883992,20,421.4107499033631,7,25,2,73.43300950022423,3.9,6.20050917404269,0
9936,Kuliner rumah jogja,javanese restaurant,F&B,Indonesia.Batam.Kuliner.202406162232.db,places,3.5799396,98.6611473,-205427.3113568098,398140.2220100179,-1,0.0,0,0,0,2406.8142184303683,4.5,4.2626798770413155,0
9938,Rumah Rini By Melaty Parahyangan,country food restaurant,F&B,Indonesia.Batam.Kuliner.202406162232.db,places,3.5873936,98.6818814,-203104.75747720734,398953.1292461957,-1,0.0,0,0,0,1125.9281026027331,4.8,4.919980925828125,0
9939,Rumah KDA,catering food and drink supplier,F&B,Indonesia.Batam.Kuliner.202406162232.db,places,1.1033772,104.0824283,397911.65835043497,121972.22640295267,12,387.8781041466118,22,56,0,66.57789571892695,5.0,1.0986122886681098,0
9940,Kadai Tek Kasi Kda Junction,restaurant,F&B,Indonesia.Batam.Kuliner.202406162232.db,places,1.103918,104.075819,397176.26721480064,122032.23672345358,12,463.52535914808107,27,54,9,76.54983419518237,4.4,4.3694478524670215,0
9942,Top 100 KDA,shop,F&B,Indonesia.Batam.Kuliner.202406162232.db,places,1.1058437,104.0766101,397264.3582781382,122245.08569322898,12,342.1694109136148,28,55,0,43.30882089594561,4.5,5.598421958998375,0
9944,Ayam Geprek Inka,deli,F&B,Indonesia.Batam.Kuliner.202406162232.db,places,1.1028406,104.0840958,398097.1808110236,121912.8509644015,12,574.8548124853568,20,44,0,194.79226392748188,5.0,0.6931471805599453,0
9954,Waroeng Sunda Teh Sinta,restaurant,F&B,Indonesia.Batam.Kuliner.202406162232.db,places,1.1305557,104.0493235,394229.0807687391,124977.85130871263,0,3141.470663991661,32,136,9,68.11150547577381,4.7,5.049856007249537,0
9955,Perum KDA Cluster Nuri-Kepodang,housing complex,F&B,Indonesia.Batam.Kuliner.202406162232.db,places,1.1028539,104.0821321,397878.6826814664,121914.38851351646,12,402.5615909315103,22,56,1,66.57789571892695,4.5,4.532599493153256,0
9958,Raja Miso,noodle shop,F&B,Indonesia.Batam.Kuliner.202406162232.db,places,1.105546,104.0835773,398039.5801276043,122211.93630658614,12,434.9390226647455,26,52,2,47.49092503018504,4.4,4.897839799950911,0
9959,Ropita,restaurant,F&B,Indonesia.Batam.Kuliner.202406162232.db,places,1.130979,104.0497683,394278.5884682392,125024.62913324934,0,3177.5491254656445,27,132,5,68.11150547577381,4.4,4.189654742026425,0
9960,Morning Bakery KBC,bakery,F&B,Indonesia.Batam.Kuliner.202406162232.db,places,1.1052594,104.0744231,397020.9929561583,122180.57005231529,12,584.3619889799146,26,48,1,36.82669897121139,4.4,6.677083461247136,0
9964,Perumahan Kurnia Djaja Alam (KDA) (Yasmeen Halawiyat),housing complex,F&B,Indonesia.Batam.Kuliner.202406162232.db,places,1.1047839,104.0816068,397820.29903501424,122127.75789802428,12,230.5446564651697,23,58,1,168.03830727404775,4.1,4.127134385045092,0
9965,Where to Eat in Batam,seafood restaurant,F&B,Indonesia.Batam.Kuliner.202406162232.db,places,1.122377,104.093942,399193.4172605245,124072.15467959795,15,1284.870444872873,12,53,0,88.94075585488669,4.2,2.995732273553991,0
9966,Ria Resto,indonesian restaurant,F&B,Indonesia.Batam.Kuliner.202406162232.db,places,1.1053948,104.0741207,396987.3498742876,122195.54832989846,12,617.4520658282655,26,46,1,22.515707319761127,4.1,3.784189633918261,0
9967,Perum KDA Cluster Pelikan,housing authority,F&B,Indonesia.Batam.Kuliner.202406162232.db,places,1.103647,104.0764521,397246.70231552236,122002.25716872654,12,413.5030663445277,28,55,0,76.54983419518237,4.3,3.9512437185814275,0
9969,Perumahan kurniaDjaja alam(KDA),housing society,F&B,Indonesia.Batam.Kuliner.202406162232.db,places,1.1062755,104.082634,397934.6452663675,122292.61108544338,12,340.35470334135107,22,58,0,19.930875711236098,4.4,1.791759469228055,0
9970,Indomaret Ruko KDA,convenience store,F&B,Indonesia.Batam.Kuliner.202406162232.db,places,1.1035793,104.0786962,397496.3986803484,121994.69584723207,12,240.34330030451056,25,53,0,236.84145862076102,4.4,4.77912349311153,0
9971,VoVa Foodies,restaurant,F&B,Indonesia.Batam.Kuliner.202406162232.db,places,1.1166439,104.0302686,392108.34750326927,123440.65303736598,0,2528.8942095224434,9,50,4,148.84081760976278,5.0,0.6931471805599453,0
9972,A2 Food Court (IQOS KIOSK A2 Food Court),food court,F&B,Indonesia.Batam.Kuliner.202406162232.db,places,1.1343733,104.0093431,389780.6254437611,125401.36307302667,0,1471.2999375775355,112,276,0,30.722621398481902,4.4,8.576970395452099,0
9974,Holland Bakery KDA,bakery,F&B,Indonesia.Batam.Kuliner.202406162232.db,places,1.1045782,104.076327,397232.8145435051,122105.20091011749,12,386.1264748491844,27,55,1,92.31128272933351,4.5,5.365976015021851,0
9977,RM  Alim,seafood restaurant,F&B,Indonesia.Batam.Kuliner.202406162232.db,places,0.9322146,104.4404531,437743.6295173334,103042.75999650052,-1,0.0,0,0,0,1995.68774559912,4.4,7.0431599159883405,0
9978,Sam's Anna Seafood,seafood restaurant,F&B,Indonesia.Batam.Kuliner.202406162232.db,places,0.9056742,104.4451429,438264.98740986985,100109.0198026883,-1,0.0,1,1,0,366.54610781451805,4.2,5.902633333401366,0
9980,Ayam penyet tunas,ayam penyet restaurant,F&B,Indonesia.Batam.Kuliner.202406162232.db,places,1.0547751,103.9404317,382109.6607812211,116604.54072131147,-1,0.0,4,12,0,49.495745476304066,4.4,3.6109179126442243,0
9982,Perumahan Permata Laguna Batam,apartment complex,F&B,Indonesia.Batam.Kuliner.202406162232.db,places,1.0570325,103.941115,382185.7802373525,116854.06909400872,-1,0.0,4,7,0,87.50366136055123,4.3,3.784189633918261,0
9984,Soto & Rawon Bu'tik,restaurant,F&B,Indonesia.Batam.Kuliner.202406162232.db,places,1.0551383,103.9406918,382138.6171744688,116644.6824217032,-1,0.0,4,8,2,49.495745476304066,3.3,1.3862943611198906,0
9990,Warung Pecel & Karedok Dozura,javanese restaurant,F&B,Indonesia.Batam.Kuliner.202406162232.db,places,1.1193315,104.0178222,390723.533330733,123738.21840398542,0,2115.0804236341683,3,23,0,96.67336573219636,4.8,4.07753744390572,0
9991,Zona Merah (Zomer) Sukajadi,sundanese restaurant,F&B,Indonesia.Batam.Kuliner.202406162232.db,places,-6.893525,107.5969941,787001.291261696,-762759.5329386086,23,591.392259486141,5,10,0,354.75287266028437,4.3,8.005700678662542,0
9993,Bakmi Apin Sukajadi (Bakmi Apin Bandung Sukajadi),noodle shop,F&B,Indonesia.Batam.Kuliner.202406162232.db,places,-6.8860599,107.5970134,787007.9203485539,-761933.47791347,23,239.11744085414648,9,15,0,261.48213431360216,4.3,7.823645930834952,0
9995,Tjendana Bistro,restaurant,F&B,Indonesia.Batam.Kuliner.202406162232.db,places,-6.882563,107.596396,786941.7462509162,-761546.1499385337,23,632.0419089490609,6,14,0,64.00270287609196,4.6,8.001355025826703,0
9997,Shaburi & Kintan Buffet,buffet restaurant,F&B,Indonesia.Batam.Kuliner.202406162232.db,places,-6.8902453,107.5963513,786932.1808149153,-762396.2239208977,23,252.92082895332726,7,11,0,16.4136570370005,4.8,7.913155185928068,0
10001,Korean House Bandung,korean restaurant,F&B,Indonesia.Batam.Kuliner.202406162232.db,places,-6.8831238,107.5962544,786925.749568409,-761608.1213200272,23,574.0902061978854,6,14,0,64.00270287609196,4.7,6.752270376141742,0
10003,Liminal Coffee + Bites,restaurant,F&B,Indonesia.Batam.Kuliner.202406162232.db,places,1.1035862,104.0321896,392321.6246890373,121997.10181995551,0,3965.3457023086667,17,54,3,66.3641152575688,4.7,5.099866427824199,0
10005,Tiga Wonton PVJ Bandung,chinese restaurant,F&B,Indonesia.Batam.Kuliner.202406162232.db,places,-6.8903684,107.5964341,786941.2633631888,-762409.8956235783,23,261.50748709294743,7,11,0,16.4136570370005,4.6,6.6039438246004725,0
10006,Mona Kuliner,catering food and drink supplier,F&B,Indonesia.Batam.Kuliner.202406162232.db,places,-6.8859487,107.5993752,787269.1758635077,-761922.5938668215,23,333.8318656048942,6,14,0,261.48213431360216,5.0,0.6931471805599453,0
10007,Special Ayam Goreng Kalasan Yogya,fried chicken takeaway,F&B,Indonesia.Batam.Kuliner.202406162232.db,places,-6.8893236,107.6013269,787482.9775701994,-762297.2271419094,23,456.3848915917669,2,12,0,229.6902515794596,4.5,6.4967749901858625,0
10008,Sederhana Restaurant Setiabudi Bandung (Restoran Sederhana Setiabudi Bandung),padang restaurant,F&B,Indonesia.Batam.Kuliner.202406162232.db,places,-6.8797083,107.5982134,787144.4490744174,-761231.3493608842,-1,0.0,4,8,0,177.1361806636491,4.5,7.1770187659099,0
10009,RM Pusako Minang,padang restaurant,F&B,Indonesia.Batam.Kuliner.202406162232.db,places,-6.8770386,107.5806479,785203.4840466686,-760925.408307099,-1,0.0,0,0,0,1301.755690358881,4.6,3.332204510175204,0
10010,Warung TamKiyy,breakfast restaurant,F&B,Indonesia.Batam.Kuliner.202406162232.db,places,-2.8954352,104.6577948,461969.1898204544,-320041.0573678204,-1,0.0,1,1,0,345.3792886122865,5.0,0.6931471805599453,0
10011,Pempek FaSya,deli,F&B,Indonesia.Batam.Kuliner.202406162232.db,places,-2.9012031,104.6704248,463373.0200287927,-320678.1948877984,-1,0.0,0,0,0,1271.2658712661319,5.0,2.8903717578961645,0
10013,Sha-Waregna,indonesian restaurant,F&B,Indonesia.Batam.Kuliner.202406162232.db,places,-6.9006465,107.5968824,786984.6465255478,-763547.5106527057,-1,0.0,0,1,0,788.1534908602365,4.2,8.52615293278771,0
10015,Justus Steak House,steak house,F&B,Indonesia.Batam.Kuliner.202406162232.db,places,-6.8883403,107.5963759,786936.0479115982,-762185.4369690432,23,109.83981342816458,7,15,1,105.9594448551654,4.3,6.018593214496234,0
10017,Pasadena Steak Bandung (Warung Steak Pasadena),steak house,F&B,Indonesia.Batam.Kuliner.202406162232.db,places,-6.8896253,107.599272,787255.5481088704,-762329.3744869045,23,264.41351271447303,9,12,1,229.6902515794596,4.6,7.724446645633537,0
10021,Gyu-Kaku Japanese BBQ,yakiniku restaurant,F&B,Indonesia.Batam.Kuliner.202406162232.db,places,-6.8892187,107.5959945,786893.3410241411,-762282.4087469878,23,188.73786072716837,7,13,0,101.28434966068487,4.6,6.45833828334479,0
10023,Anchor Cafe & Roastery,cafe,F&B,Indonesia.Batam.Kuliner.202406162232.db,places,1.1071017,104.0291893,391987.9069094425,122385.83655671847,0,3504.2099470039266,14,42,0,41.24739297953183,4.6,6.962243464266207,0
10027,Hakata Ikkousha,ramen restaurant,F&B,Indonesia.Batam.Kuliner.202406162232.db,places,-6.8813472,107.5991447,787246.4555239924,-761413.2655404597,-1,0.0,4,12,0,208.56368846530765,4.4,5.700443573390687,0
10029,Sushi Tei Paris van Java,japanese restaurant,F&B,Indonesia.Batam.Kuliner.202406162232.db,places,-6.8899753,107.5965099,786949.8825577939,-762366.4419217367,23,218.38793808606647,7,13,0,34.64562273886233,4.4,6.792344427470809,0
10031,Store Rama,grocery store,F&B,Indonesia.Batam.Kuliner.202406162232.db,places,-2.8981055,104.6594086,462148.6294986368,-320336.1645600339,-1,0.0,1,1,0,345.3792886122865,4.5,3.6375861597263857,0
10032,Rumah Buah,fruit and vegetable store,F&B,Indonesia.Batam.Kuliner.202406162232.db,places,-6.8794676,107.5966299,786969.4742291422,-761203.7625883104,-1,0.0,4,8,0,177.1361806636491,4.6,7.307202314764738,0
10033,Warung Tekwan 2 Putri Minang,restaurant,F&B,Indonesia.Batam.Kuliner.202406162232.db,places,-3.4000081,104.2478758,416451.33923011157,-375840.0020758614,-1,0.0,0,0,0,71895.18980341614,4.0,0.6931471805599453,0
10034,Dapoer Raos,restaurant,F&B,Indonesia.Batam.Kuliner.202406162232.db,places,-6.2705964,107.0087588,722240.8636547468,-693542.6812614641,-1,0.0,0,0,0,2849.557231689284,4.0,0.6931471805599453,0
10035,Mimi's Kitchen,donut shop,F&B,Indonesia.Batam.Kuliner.202406162232.db,places,1.1104497,104.0310589,392196.0591138385,122755.87773575343,0,3203.516751696358,21,55,0,142.98105629664536,5.0,1.0986122886681098,0
10036,Calma Kitchen & Pool (Calma Pool and Kitchen),restaurant,F&B,Indonesia.Batam.Kuliner.202406162232.db,places,-6.8829708,107.5908126,786324.0379139001,-761587.9238978698,-1,0.0,0,9,0,602.0505386042806,4.5,4.983606621708336,0
10037,CIPADAS COFFEE & CHILL,coffee shop,F&B,Indonesia.Batam.Kuliner.202406162232.db,places,0.5112724,101.4346446,103022.93129509257,56621.30024192888,-1,0.0,0,1,0,779.7693399626039,4.7,4.174387269895637,0
10038,Angkringan Onthel Duta Mas (Angkringan Dutamas),javanese restaurant,F&B,Indonesia.Batam.Kuliner.202406162232.db,places,1.1073888,104.044767,393721.2500117377,122417.01133226283,0,4220.654278454579,20,72,1,0.0,4.2,6.555356891810665,0
10039,Taman Duta Mas,housing complex,F&B,Indonesia.Batam.Kuliner.202406162232.db,places,1.1078065,104.0445653,393698.8217625845,122463.19359684255,0,4170.239292278413,30,75,0,31.292488850356698,4.3,5.552959584921617,0
10040,MAS House Restaurant (Restoran RUMAH MAS),restaurant,F&B,Indonesia.Batam.Kuliner.202406162232.db,places,1.4900957,103.7662902,362754.4377871566,164739.14765957996,-1,0.0,0,4,0,577.1160174840696,4.4,6.364750756851911,0
10042,Taman Duta Mas,housing society,F&B,Indonesia.Batam.Kuliner.202406162232.db,places,-6.1487639,106.7796455,696929.4597932955,-679976.9610247818,-1,0.0,1,1,0,125.95012909639235,4.5,4.290459441148391,0
10043,Nasi Campur Atek,chinese restaurant,F&B,Indonesia.Batam.Kuliner.202406162232.db,places,-6.1481397,106.7805972,697035.0348530682,-679908.2781173493,-1,0.0,1,1,0,125.95012909639235,4.4,7.618742377670413,0
10045,Water Park Taman Dutamas,water park,F&B,Indonesia.Batam.Kuliner.202406162232.db,places,1.1078,104.0451086,393759.2744445591,122462.45556225031,0,4207.369670959431,16,72,0,53.51946099237316,3.9,6.222576268071369,0
10047,Ruko Panbil Mall,restaurant,F&B,Indonesia.Batam.Kuliner.202406162232.db,places,1.0720326,104.0242265,391434.43819231965,118509.24893523555,13,464.622758517018,25,41,9,3.722600650675081,4.3,5.393627546352362,0
10049,Prasmanan Bu Lurah,restaurant,F&B,Indonesia.Batam.Kuliner.202406162232.db,places,1.072643,104.0227018,391264.803506718,118576.78069287182,13,463.0720834337572,20,41,6,91.19529687069416,4.9,3.044522437723423,0
10050,Kayu Merah,restaurant,F&B,Indonesia.Batam.Kuliner.202406162232.db,places,1.0921935,104.023579,391363.10702215583,120737.99066456225,-1,0.0,1,1,0,314.81155667083294,4.7,4.330733340286331,0
10051,Villa Panbil,housing complex,F&B,Indonesia.Batam.Kuliner.202406162232.db,places,1.0908078,104.0260507,391638.0861804402,120584.71712241381,-1,0.0,1,1,0,314.81155667083294,4.4,5.680172609017068,0
10053,Panbil Mall,shopping mall,F&B,Indonesia.Batam.Kuliner.202406162232.db,places,1.0718645,104.0236371,391368.8486336032,118490.68696012915,13,415.2979418078363,29,41,0,13.161503189713597,4.5,8.215006432761575,0
10055,Rumah Makan Mickey Mouse 66,chinese restaurant,F&B,Indonesia.Batam.Kuliner.202406162232.db,places,1.1351163,104.0107194,389933.794444329,125483.4471477003,0,1302.171811270116,103,281,3,15.876042992548484,4.3,5.087596335232384,0
10058,Celine resto,restaurant,F&B,Indonesia.Batam.Kuliner.202406162232.db,places,1.1186676,104.0183877,390786.4321320624,123664.80532318016,-1,0.0,1,22,0,96.67336573219636,5.0,0.6931471805599453,0
10059,Happy Kuliner 古早味炒面,coffee shop,F&B,Indonesia.Batam.Kuliner.202406162232.db,places,1.1352628,104.0047554,389270.1853957304,125499.87001604539,0,1949.98963376523,70,239,1,0.0,5.0,1.3862943611198906,0
10061,Warung Bude Greenland,restaurant,F&B,Indonesia.Batam.Kuliner.202406162232.db,places,1.1266605,104.0468944,393958.6564011999,124547.34167169065,0,3032.320976197249,69,133,20,42.835350410896716,4.6,6.610696044717759,0
10063,Perumahan Muka Kuning Indah II (Kuliner),seafood restaurant,F&B,Indonesia.Batam.Kuliner.202406162232.db,places,1.0496496,103.9707299,385480.9010192914,116036.79364314432,2,618.6735206893678,63,169,1,100.1896043250347,4.3,4.343805421853684,0
10065,Rumah Makan Rosella,restaurant,F&B,Indonesia.Batam.Kuliner.202406162232.db,places,1.0329114,104.0558837,394955.66783581744,114183.47129186505,4,447.58654114580435,62,177,16,22.085130390581536,4.4,3.4965075614664802,0
10066,Mami Kitchen  Sei Panas,noodle shop,F&B,Indonesia.Batam.Kuliner.202406162232.db,places,1.1300454,104.0358334,392728.0311124959,124921.93451119326,0,1764.7670770907284,33,103,1,74.96684839959808,5.0,0.6931471805599453,0
10067,Nasgor GMP Bang Erwin,asian restaurant,F&B,Indonesia.Batam.Kuliner.202406162232.db,places,1.0271794,104.0593514,395341.33922609745,113549.71068305049,4,337.02223728018504,91,168,0,20.6880899191486,5.0,0.6931471805599453,0
10068,Chinese Food Halal Masakan Kalimantan,chinese restaurant,F&B,Indonesia.Batam.Kuliner.202406162232.db,places,1.1092413,104.079408,397575.794101583,122620.57606443245,12,412.3061587808655,10,57,0,47.64567721831644,4.6,4.77912349311153,0
10069,Warung Khas Jawa Timur,javanese restaurant,F&B,Indonesia.Batam.Kuliner.202406162232.db,places,1.0582034,103.9209877,379946.1471090552,116984.28318528095,-1,0.0,0,0,0,1497.6707506205344,4.6,4.356708826689592,0
10070,JO AND JANE CAFE by JULIA COOKING,restaurant,F&B,Indonesia.Batam.Kuliner.202406162232.db,places,1.1370487,104.1118403,401185.41166483704,125693.40986415879,15,1291.7198260601629,32,47,6,18.123901652292734,4.2,4.564348191467836,0
10071,Bakmie Dinasty,chinese restaurant,F&B,Indonesia.Batam.Kuliner.202406162232.db,places,1.1239749,104.0385822,393033.6665765026,124250.76285244721,0,2402.5663495351064,6,106,1,327.5510222824476,5.0,1.0986122886681098,0
10072,Depot Tahu Gimbal Mbak Rien,restaurant,F&B,Indonesia.Batam.Kuliner.202406162232.db,places,1.0479098,103.9747077,385923.4653605902,115844.31644654479,2,140.93704312695482,49,167,13,143.99685493296383,5.0,1.3862943611198906,0
10076,Kiri Kitchen,restaurant,F&B,Indonesia.Batam.Kuliner.202406162232.db,places,1.1347511,104.0359979,392746.5079011917,125442.12578001105,0,1590.2159148744295,33,131,10,176.39155862690464,5.0,0.6931471805599453,0
10077,Raos Resto,restaurant,F&B,Indonesia.Batam.Kuliner.202406162232.db,places,1.0411569,103.9896098,387581.443736652,115097.26003552644,2,1683.78214528601,41,78,11,157.5297255266322,4.5,6.040254711277414,0
10078,Warung ayam penyet sambal mentah mbak fitri perumahan mitra raya h1 no 38,indonesian restaurant,F&B,Indonesia.Batam.Kuliner.202406162232.db,places,1.1217061,104.0418218,393394.0527275749,123999.83757667463,0,2840.120393003152,28,123,3,90.8921043696159,4.1,4.276666119016055,0
10079,Warung Mamak Rianti,diner,F&B,Indonesia.Batam.Kuliner.202406162232.db,places,1.0478875,103.9602575,384315.5235268472,115842.3812025774,2,1717.2108372803032,46,94,1,15.885408279964558,4.2,3.4657359027997265,0
10080,Pondok Miso Mbak Nita,indonesian restaurant,F&B,Indonesia.Batam.Kuliner.202406162232.db,places,1.0410023,103.991508,387792.6587452523,115080.1017448788,2,1886.194479531491,30,67,0,53.986274216046496,5.0,0.6931471805599453,0
10084,Mediterania,restaurant,F&B,Indonesia.Batam.Kuliner.202406162232.db,places,1.1006408,104.0634911,395804.4376634663,121670.38677976716,9,505.7437752896612,62,100,24,46.13331225104446,4.4,4.23410650459726,0
10086,Mie Selatpanjang Ciau Kiat - Mitra raya,noodle shop,F&B,Indonesia.Batam.Kuliner.202406162232.db,places,1.1213533,104.0431199,393538.47880203824,123960.78969629013,0,2977.221393000016,28,121,3,89.72233451997113,4.5,2.4849066497880004,0
10087,RM Madinah,restaurant,F&B,Indonesia.Batam.Kuliner.202406162232.db,places,1.1042772,104.0720641,396758.4753813305,122072.07461386095,12,857.2255843180734,26,40,10,158.4925080181428,4.0,1.0986122886681098,0
10089,Berlabuh Coffee & Eatery,coffee shop,F&B,Indonesia.Batam.Kuliner.202406162232.db,places,1.1059444,104.0530954,394647.8979437647,122257.04188348436,9,802.2728118267997,22,98,0,143.35354487777013,5.0,1.9459101490553132,0
10090,Bakso Bandung Berkah,bakso restaurant,F&B,Indonesia.Batam.Kuliner.202406162232.db,places,1.0320001,104.0524893,394577.93527150963,114082.84347991069,4,736.6489729431152,55,144,5,1.9539114087223415,4.6,2.6390573296152584,0
10091,Starbowl Kitchen,restaurant,F&B,Indonesia.Batam.Kuliner.202406162232.db,places,1.1347098,104.0380547,392975.3646575697,125437.48404232334,0,1814.864758740999,23,116,9,228.90382405850016,5.0,1.0986122886681098,0
10092,CHENMEYFOOD,halal restaurant,F&B,Indonesia.Batam.Kuliner.202406162232.db,places,1.1224032,104.0410777,393311.28239119006,124076.92634410187,0,2727.2493039081783,25,125,0,31.327418163606442,5.0,0.6931471805599453,0
10093,WARUNG KITO,restaurant,F&B,Indonesia.Batam.Kuliner.202406162232.db,places,1.0551915,103.9398684,382046.995039912,116650.59486278624,-1,0.0,4,11,2,77.76875388483035,5.0,0.6931471805599453,0
10096,Winner millenium mansion Blok B1 No 12b,diner,F&B,Indonesia.Batam.Kuliner.202406162232.db,places,1.1385658,104.0457657,393833.5002673697,125863.46490456894,0,2637.2751124736587,14,39,0,79.77106408442037,4.5,1.0986122886681098,0
10101,Kantor Pos Putri Hijau  Super Geprek  Warung Sunda,restaurant,F&B,Indonesia.Batam.Kuliner.202406162232.db,places,1.036972,103.9762412,386093.7115082551,114635.1068943282,2,1119.174011676885,12,37,5,155.20518384985994,5.0,0.6931471805599453,0
10102,LKKR (Lekker Urban Food House Putri Hijau),restaurant,F&B,Indonesia.Batam.Kuliner.202406162232.db,places,3.6017619,98.6748806,-203875.9003587407,400556.45901178924,-1,0.0,4,7,2,382.7209412559569,4.5,7.6246189861593985,0
10103,Rumah Makan Fauziya,padang restaurant,F&B,Indonesia.Batam.Kuliner.202406162232.db,places,1.03013,103.9759894,386065.44866482826,113878.74537834573,2,1874.070333188674,5,17,0,84.16954065198098,4.0,3.6635616461296463,0
10104,De Kapal Cafe And Resto,restaurant,F&B,Indonesia.Batam.Kuliner.202406162232.db,places,3.5974492,98.6743512,-203938.3917539852,400077.25263598905,-1,0.0,7,7,2,33.36683546940832,4.3,5.955837369464831,0
10105,Perum Puri Surya Batu Aji,chicken restaurant,F&B,Indonesia.Batam.Kuliner.202406162232.db,places,1.0390715,103.9765681,386130.16232837917,114867.19097915925,2,890.9021233031017,10,72,0,234.92910573103086,4.4,3.9318256327243257,0
10108,Waroeng Barokah,bakso restaurant,F&B,Indonesia.Batam.Kuliner.202406162232.db,places,1.0356166,103.9767411,386149.289339887,114485.25195241046,2,1272.802251781363,12,23,0,4.684622283341627,4.5,1.6094379124341003,0
10110,Restoran Sederhana,padang restaurant,F&B,Indonesia.Batam.Kuliner.202406162232.db,places,3.5956135,98.675999,-203755.6917961036,399871.8232130387,-1,0.0,6,7,0,99.44880047401624,4.5,6.519147287940395,0
10111,WR PENYETAN LAMONGAN,restaurant,F&B,Indonesia.Batam.Kuliner.202406162232.db,places,1.0352229,103.976657,386139.9170837437,114441.73216769431,2,1315.3243420627382,13,20,5,44.51753415177559,4.3,1.6094379124341003,0
10112,Bubur ayam Cianjur mang Dede,porridge restaurant,F&B,Indonesia.Batam.Kuliner.202406162232.db,places,1.0356535,103.9767204,386146.9872692338,114489.33192258747,2,1268.5264974281154,12,23,0,4.684622283341627,4.8,2.5649493574615367,0
10114,Nusa Dua Coffee & Resto,restaurant,F&B,Indonesia.Batam.Kuliner.202406162232.db,places,3.5976611,98.6745626,-203914.60670775454,400100.6538599965,-1,0.0,7,7,2,33.36683546940832,3.3,4.219507705176107,0
10117,Gorengan Buk Parnis,restaurant,F&B,Indonesia.Batam.Kuliner.202406162232.db,places,1.0328763,103.9760577,386073.14642991143,114182.34136485992,2,1570.7285184265502,11,17,5,68.83427973788777,5.0,0.6931471805599453,0
10120,La Tansa Putri Hijau,restaurant,F&B,Indonesia.Batam.Kuliner.202406162232.db,places,-3.2946989,101.7508461,138850.48461129918,-364756.24553910294,-1,0.0,0,0,0,10112.10717823704,4.8,1.9459101490553132,0
10122,Jual_putri,restaurant,F&B,Indonesia.Batam.Kuliner.202406162232.db,places,3.6211038,98.7388475,-196714.07138873416,402657.7006357143,-1,0.0,0,0,0,7386.793476295666,5.0,1.3862943611198906,0
10123,Bakso dan Mie Ayam ANFA,restaurant,F&B,Indonesia.Batam.Kuliner.202406162232.db,places,-3.1702141,101.6994528,133086.92720039014,-350992.4325019289,-1,0.0,0,0,0,4162.203741560466,4.0,0.6931471805599453,0
10124,TEPOK PELANGI,restaurant,F&B,Indonesia.Batam.Kuliner.202406162232.db,places,-3.2413705,101.6203449,124308.63483110245,-358899.72556122445,-1,0.0,0,0,0,1219.7089768491721,4.0,3.2188758248682006,0
10125,RM Cahaya Putri (Rumah Makan Cahaya Putri),seafood restaurant,F&B,Indonesia.Batam.Kuliner.202406162232.db,places,3.715471,98.7832823,-191676.9027559593,413115.8716744486,-1,0.0,0,0,0,11521.48088607995,4.2,6.505784060128229,0
10126,Lesehan Teteh (bakso tumpeng ),restaurant,F&B,Indonesia.Batam.Kuliner.202406162232.db,places,-3.1681251,101.7402892,137630.81006073504,-350746.7493767919,-1,0.0,2,2,1,143.80783788166957,5.0,0.6931471805599453,0
10128,CAFE HALAMAN & ROTIRIA,indonesian restaurant,F&B,Indonesia.Batam.Kuliner.202406162232.db,places,-3.2444109,101.6360815,126061.09377197974,-359230.5377622269,-1,0.0,4,5,0,262.35808320797565,4.9,2.772588722239781,0
10129,MI AYAM BUDE JAMU,indonesian restaurant,F&B,Indonesia.Batam.Kuliner.202406162232.db,places,-3.2549196,101.6690459,129733.46612057579,-360381.924400462,-1,0.0,1,3,0,395.18215064527374,5.0,1.3862943611198906,0
10130,Jade Restaurant (Jade Chinese Restaurant),chinese restaurant,F&B,Indonesia.Batam.Kuliner.202406162232.db,places,3.5965812,98.6757211,-203785.99520532892,399979.6573530566,-1,0.0,6,7,0,20.63496271518286,4.5,5.0369526024136295,0
10132,Warung Makan SUGIH ASIH  (mas alex),restaurant,F&B,Indonesia.Batam.Kuliner.202406162232.db,places,-3.1669862,101.7423379,137858.40528359025,-350619.9415515045,-1,0.0,2,2,1,117.39631497993517,4.3,3.332204510175204,0
10134,Warung mie ayam dapa,noodle shop,F&B,Indonesia.Batam.Kuliner.202406162232.db,places,-3.2503101,101.6704001,129882.48304857768,-359871.0600144527,-1,0.0,0,2,0,532.1545505995078,5.0,1.3862943611198906,0
10135,Karomah Chicken,chicken restaurant,F&B,Indonesia.Batam.Kuliner.202406162232.db,places,-3.2475162,101.6475559,127339.208238283,-359570.1254773465,-1,0.0,5,6,0,29.958667104383352,4.0,0.6931471805599453,0
10136,Warung Sate PODO MORO,satay restaurant,F&B,Indonesia.Batam.Kuliner.202406162232.db,places,-3.2475537,101.6472893,127309.55264352658,-359574.3760578144,-1,0.0,5,6,0,29.958667104383352,4.0,4.110873864173311,0
10138,Angsa Neduh Angkringan Nusa Dua Heritage,fast food restaurant,F&B,Indonesia.Batam.Kuliner.202406162232.db,places,3.5986309,98.6734592,-204037.1464624335,400209.36390534183,-1,0.0,7,7,0,163.81045581939384,4.5,2.772588722239781,0
10139,RM SALERO DENAI,restaurant,F&B,Indonesia.Batam.Kuliner.202406162232.db,places,-3.2477779,101.6460504,127171.76028729108,-359599.65788728406,-1,0.0,5,7,2,67.45243731777771,5.0,0.6931471805599453,0
10142,Kuliner medan dan aceh  Primrose kitchen,diner,F&B,Indonesia.Batam.Kuliner.202406162232.db,places,3.6073511,98.6500111,-206650.43577984802,401197.45752710634,-1,0.0,0,0,0,2793.85219041461,4.9,2.3978952727983707,0
10144,WARUNG BAKSO PU_SHAKA,brunch restaurant,F&B,Indonesia.Batam.Kuliner.202406162232.db,places,-3.2325929,101.6137234,123568.46663082758,-357930.2715790735,-1,0.0,0,0,0,1219.7089768491721,5.0,1.0986122886681098,0
10146,Bakso KLENGER,bakso restaurant,F&B,Indonesia.Batam.Kuliner.202406162232.db,places,-3.1675711,101.741458,137760.68831323017,-350685.005277762,-1,0.0,2,2,0,117.39631497993517,4.2,1.791759469228055,0
10147,Lesehan & BRILink Kanjeng Mami,restaurant,F&B,Indonesia.Batam.Kuliner.202406162232.db,places,-3.2546338,101.6590741,128623.64676667505,-360353.9528507266,-1,0.0,1,2,1,407.2972446437725,5.0,0.6931471805599453,0
10148,RM Siang Malam,padang restaurant,F&B,Indonesia.Batam.Kuliner.202406162232.db,places,-3.205437,101.7125228,134553.94160266372,-354887.5331077903,-1,0.0,0,0,0,4162.203741560466,3.0,1.0986122886681098,0
10150,Sari Laut Nelayan,seafood restaurant,F&B,Indonesia.Batam.Kuliner.202406162232.db,places,3.5979166,98.6766565,-203680.4443937334,400127.44078072597,-1,0.0,7,7,0,181.60648480211756,4.6,8.13739583005665,0
10151,RAKIT FERRY,restaurant,F&B,Indonesia.Batam.Kuliner.202406162232.db,places,-3.1175416,101.7421741,137823.09611943096,-345145.8673047629,-1,0.0,0,0,0,5474.18812207922,5.0,1.0986122886681098,0
10152,Warung 3 Dara,bakso restaurant,F&B,Indonesia.Batam.Kuliner.202406162232.db,places,3.6789884,98.6867534,-202488.96262765443,409135.4341182011,-1,0.0,0,0,0,8678.15648000707,4.5,2.8903717578961645,0
10156,Pempek Mak Salman,pempek restaurant,F&B,Indonesia.Batam.Kuliner.202406162232.db,places,1.032268,103.9761898,386087.82418488234,114115.09018214878,2,1638.4047271288687,9,17,0,68.83427973788777,5.0,0.6931471805599453,0
10157,RM  Minang Saiyo,restaurant,F&B,Indonesia.Batam.Kuliner.202406162232.db,places,1.034982,103.9761657,386085.2391834365,114415.1187622005,2,1338.4935070837082,13,19,5,60.810740284801746,3.0,2.0794415416798357,0
10158,Ayam Geprek,restaurant,F&B,Indonesia.Batam.Kuliner.202406162232.db,places,-3.2479205,101.6470934,127287.88612714363,-359615.0616812626,-1,0.0,5,6,2,46.095096133355284,3.3,1.6094379124341003,0
10160,AMMAR PENTHOL,restaurant,F&B,Indonesia.Batam.Kuliner.202406162232.db,places,-3.2572434,101.6663506,129434.37130467693,-360640.2095593292,-1,0.0,2,4,1,395.18215064527374,5.0,1.0986122886681098,0
10162,Closed,brunch restaurant,F&B,Indonesia.Batam.Kuliner.202406162232.db,places,1.0343896,103.9764247,386114.0382276777,114349.62073270995,2,1405.359057757754,13,18,0,71.5498205193422,5.0,2.0794415416798357,0
10164,Lesehan Berkah merah putih,restaurant,F&B,Indonesia.Batam.Kuliner.202406162232.db,places,-3.2303528,101.6707497,129914.12242327974,-357661.2491978304,-1,0.0,0,0,0,2210.037306312413,4.7,1.9459101490553132,0
10166,De’Penyet Acil,diner,F&B,Indonesia.Batam.Kuliner.202406162232.db,places,1.0308912,103.976006,386067.3228801795,113962.89404969818,2,1789.974789484622,7,17,0,84.16954065198098,5.0,1.9459101490553132,0
10167,Mie Meletup  Batu Aji,noodle shop,F&B,Indonesia.Batam.Kuliner.202406162232.db,places,1.0423226,103.9770867,386187.9859082665,115226.57533674857,2,549.0203507179973,22,101,0,289.8285221966227,4.2,5.68697535633982,0
10169,Gorengan Jombang,cafe,F&B,Indonesia.Batam.Kuliner.202406162232.db,places,-3.2456099,101.6318687,125592.69416509883,-359364.8576124455,-1,0.0,1,4,0,487.27816890246027,5.0,1.0986122886681098,0
10170,Prime Steakhouse,steak house,F&B,Indonesia.Batam.Kuliner.202406162232.db,places,3.596424,98.675623,-203797.07810599438,399962.2512909202,-1,0.0,6,7,0,20.63496271518286,4.6,5.293304824724492,0
10171,Kantin Baabul Jannah,coffee shop,F&B,Indonesia.Batam.Kuliner.202406162232.db,places,-3.2428145,101.6378746,126260.05942311976,-359053.1139214282,-1,0.0,3,6,0,108.07338644996015,4.5,1.0986122886681098,0
10172,AMPERA DUO TALAGO,brunch restaurant,F&B,Indonesia.Batam.Kuliner.202406162232.db,places,-3.2436798,101.6383239,126310.38022407971,-359148.7573940205,-1,0.0,3,7,0,108.07338644996015,5.0,0.6931471805599453,0
10173,Batagor Siomay Hokkie Bandung,indonesian restaurant,F&B,Indonesia.Batam.Kuliner.202406162232.db,places,-3.2464156,101.6437623,126916.62061665044,-359449.6649228659,-1,0.0,5,9,0,231.05476588775232,5.0,0.6931471805599453,0
10174,Warung Makan Adem Ayem,restaurant,F&B,Indonesia.Batam.Kuliner.202406162232.db,places,-3.2473506,101.6456184,127123.52671732701,-359552.5054321133,-1,0.0,5,8,2,67.45243731777771,5.0,1.0986122886681098,0
10175,Sate Padang Bujang Saiyo,restaurant,F&B,Indonesia.Batam.Kuliner.202406162232.db,places,-3.2559416,101.6624949,129004.81232086214,-360497.49331817625,-1,0.0,2,3,2,407.2972446437725,5.0,0.6931471805599453,0
10176,Pondok Bakso SM,bakso restaurant,F&B,Indonesia.Batam.Kuliner.202406162232.db,places,-3.2459705,101.6390013,126386.61080537189,-359402.1425623371,-1,0.0,3,10,0,264.60375100700236,4.2,1.9459101490553132,0
10182,Soto Unang Batam Center,diner,F&B,Indonesia.Batam.Kuliner.202406162232.db,places,1.1149313,104.0535317,394696.7629607054,123250.4889720105,6,260.85542242513975,14,52,0,14.834539652527683,5.0,1.0986122886681098,0
10184,Kompleks Ruko KBC Batam Centre,coffee shop,F&B,Indonesia.Batam.Kuliner.202406162232.db,places,1.1055353,104.0755745,397149.117559946,122211.02949938504,12,455.53500755127067,27,54,0,26.74110329875982,4.4,4.983606621708336,0
10185,Rumah Soto BCM Batam Centre Mall,soto restaurant,F&B,Indonesia.Batam.Kuliner.202406162232.db,places,1.1299027,104.049997,394303.99672345805,124905.64039776633,0,3233.0557582365986,33,132,1,45.423652629824296,5.0,1.9459101490553132,0
10187,KBC KULINER BETAWI CENTER  NCANG SYARIF,diner,F&B,Indonesia.Batam.Kuliner.202406162232.db,places,1.1057105,104.0567803,395057.90707568463,122231.05473835635,9,486.91680988165393,27,125,1,136.11694176667103,5.0,1.0986122886681098,0
10188,Bebek Carok - Batam,restaurant,F&B,Indonesia.Batam.Kuliner.202406162232.db,places,1.123459,104.0482101,394104.9376563394,124193.38138164679,0,3322.0673297690087,55,116,18,13.189296751061166,4.6,6.423246963533519,0
10192,Bebek Goreng H  Slamet (Asli) Batam Centre,indonesian restaurant,F&B,Indonesia.Batam.Kuliner.202406162232.db,places,1.1278819,104.0462327,393885.0738653949,124682.38650587012,0,2911.0090334981805,58,136,6,50.00265250114243,4.6,3.6375861597263857,0
10193,Pertokoan Greenland Batam Centre,restaurant,F&B,Indonesia.Batam.Kuliner.202406162232.db,places,1.1240174,104.0483088,394115.94003241987,124255.10658662498,0,3302.386936307857,59,125,19,15.68514432559512,4.3,1.9459101490553132,0
10194,Jin Hou Jia BATAM,taiwanese restaurant,F&B,Indonesia.Batam.Kuliner.202406162232.db,places,1.127963,104.0399076,393181.28826540586,124691.58318855985,0,2272.6997887553366,17,115,0,21.370425933619117,4.6,3.2188758248682006,0
10198,CWIE MIE Express,noodle shop,F&B,Indonesia.Batam.Kuliner.202406162232.db,places,1.1050133,104.0738148,396953.29953278974,122153.38603047951,12,653.7435542918142,26,45,1,42.507146568481744,4.3,1.6094379124341003,0
10200,Niku Niku Korean BBQ Halal,korean barbecue restaurant,F&B,Indonesia.Batam.Kuliner.202406162232.db,places,1.1057862,104.0743452,397012.34325449454,122238.80784481658,12,593.0414738216402,26,48,0,49.96053127338239,4.6,5.247024072160486,0
10201,Pondok Kriuk,restaurant,F&B,Indonesia.Batam.Kuliner.202406162232.db,places,1.1235563,104.0481415,394097.30809598486,124204.1399762383,0,3310.191966328572,55,117,18,11.346975470816815,4.4,5.407171771460119,0
10202,Bowl and I,restaurant,F&B,Indonesia.Batam.Kuliner.202406162232.db,places,1.1253244,104.0453529,393787.08670993213,124399.69743360147,0,2944.2072774855933,57,134,17,12.407892276823809,4.3,4.48863636973214,0
10203,GRAND NIAGA MAS BLOK B NO 65 BATAM CENTRE,coffee shop,F&B,Indonesia.Batam.Kuliner.202406162232.db,places,1.1156669,104.0612562,395556.2877106394,123331.53099911568,6,606.9875738502902,16,32,0,41.99999939701363,4.3,1.3862943611198906,0
10204,Seafood Bersepah,seafood restaurant,F&B,Indonesia.Batam.Kuliner.202406162232.db,places,1.1160586,104.0608286,395508.7228927595,123374.84681788475,6,562.3943566023505,16,34,1,40.4012509096416,4.2,2.5649493574615367,0
10206,Food Court Batam Centre,food court,F&B,Indonesia.Batam.Kuliner.202406162232.db,places,1.1304203,104.0566944,395049.2266226611,124962.61595699647,0,3942.1123260106224,28,55,0,40.23971892150933,4.2,5.572154032177765,0
10212,Pondok Blado New,indonesian restaurant,F&B,Indonesia.Batam.Kuliner.202406162232.db,places,1.1261116,104.0490189,394195.02769015613,124486.58584519442,0,3272.9579421270946,72,130,5,27.428975465553105,4.4,4.406719247264253,0
10213,Ruko perumahan anggrek sari  Batam Center,coffee shop,F&B,Indonesia.Batam.Kuliner.202406162232.db,places,1.1189304,104.043681,393600.8246576587,123692.927488166,0,3196.3348578832993,30,136,1,45.39509809996633,5.0,0.6931471805599453,0
10214,Rumah Makan Padang Ranah Minang,padang restaurant,F&B,Indonesia.Batam.Kuliner.202406162232.db,places,1.1336334,104.0477576,394054.95655984565,125318.13532548634,0,2898.2338677059665,20,89,0,199.82874971959447,4.4,6.0867747269123065,0
10215,Salero Basamo Padang Restaurant (RM  Salero Basamo),padang restaurant,F&B,Indonesia.Batam.Kuliner.202406162232.db,places,1.105604,104.0657765,396058.90519016166,122218.96516511207,9,837.1125877604222,8,93,0,301.25789445908174,4.3,6.732210706467206,0
10216,Ikan Bakar Cianjur - Batam,sundanese restaurant,F&B,Indonesia.Batam.Kuliner.202406162232.db,places,1.1274183,104.0509873,394414.09664455673,124630.96457255422,0,3422.789914664571,43,118,1,50.37970253685827,4.4,7.162397497355718,0
10218,Donburo Itadakimas  Greenland,japanese restaurant,F&B,Indonesia.Batam.Kuliner.202406162232.db,places,1.1248807,104.0468281,393951.21494752064,124350.59455883931,0,3112.137527337175,55,124,3,50.573787406226295,4.6,3.367295829986474,0
10219,Inspirasi Geprek Batam Centre,chicken restaurant,F&B,Indonesia.Batam.Kuliner.202406162232.db,places,1.1092431,104.0789798,397528.1489040817,122620.7898696127,12,418.55939604549656,9,58,0,47.64567721831644,2.2,1.791759469228055,0
10220,Freshbeer Batam Centre,indonesian restaurant,F&B,Indonesia.Batam.Kuliner.202406162232.db,places,1.1291556,104.050637,394375.1818067209,124823.0283957815,0,3324.8448407036376,33,119,2,52.42436831982196,4.4,6.650279048587422,0
10222,Durian Lovers,restaurant,F&B,Indonesia.Batam.Kuliner.202406162232.db,places,1.1053568,104.0754123,397131.0635910172,122191.30284707015,12,473.92673313126767,27,52,9,15.232234004846786,4.0,1.0986122886681098,0
10224,La Gwen's,restaurant,F&B,Indonesia.Batam.Kuliner.202406162232.db,places,1.1285718,104.0376893,392934.48184650624,124758.96521300392,0,2025.2957128493747,22,93,11,0.0,5.0,2.3978952727983707,0
10225,Boss Shaokao,restaurant,F&B,Indonesia.Batam.Kuliner.202406162232.db,places,1.1246683,104.0462151,393882.9992789208,124327.13689898634,0,3063.1395395846125,53,127,16,7.206413158228218,4.8,2.995732273553991,0
10226,Bakso and Co Batam - Ruko Royal Sincom,restaurant,F&B,Indonesia.Batam.Kuliner.202406162232.db,places,1.1356606,104.0266727,391708.93342963094,125543.01528357695,0,572.6485774957727,44,148,11,116.41027216122883,4.0,1.3862943611198906,0
10227,Ce nina home cooked,diner,F&B,Indonesia.Batam.Kuliner.202406162232.db,places,1.1090702,104.0433139,393559.6237534705,122602.93545628696,0,3975.024985041227,48,82,3,33.93893766538636,5.0,0.6931471805599453,0
10228,de'SAMPAN BBQ CENTRE,seafood restaurant,F&B,Indonesia.Batam.Kuliner.202406162232.db,places,1.1253095,104.0461696,393877.95970112074,124398.02057369886,0,3025.2355933609897,56,128,3,0.0,4.4,7.258412150595307,0
10230,Tentang Kopi Batam Centre,cafe,F&B,Indonesia.Batam.Kuliner.202406162232.db,places,1.1161434,104.0594938,395360.203958213,123384.2685287175,6,416.48536292952315,18,36,0,29.982715411317205,4.6,3.7612001156935624,0
10232,Meneer's Coffee Batam Centre (Cetroo Coffee Batam Centre),restaurant,F&B,Indonesia.Batam.Kuliner.202406162232.db,places,1.121785,104.0517567,394499.5046439447,124008.19957266653,0,3757.0939444729315,25,123,11,261.8532603086673,4.4,5.823045895483019,0
10233,Wisata Kuliner Batam (Wikuba),shopping mall,F&B,Indonesia.Batam.Kuliner.202406162232.db,places,1.1250735,104.054326,394785.5059065016,124371.63633097195,0,3862.1937416840665,26,111,0,15.444266297474595,4.5,1.6094379124341003,0
10234,Rumah Makan Sunda Ibu Joko,sundanese restaurant,F&B,Indonesia.Batam.Kuliner.202406162232.db,places,1.1356574,104.0457833,393835.35232500086,125541.95254717319,0,2650.9071668845572,18,47,0,140.3285271215938,4.4,7.529406457837013,0
10235,818 Batam Food Centre,restaurant,F&B,Indonesia.Batam.Kuliner.202406162232.db,places,1.1402721,104.0007153,388820.83436994354,126053.79013128967,0,2389.718260584593,36,212,15,47.18009341671566,4.4,2.3978952727983707,0
10238,Bukit Mas Indah Masakan Padang,padang restaurant,F&B,Indonesia.Batam.Kuliner.202406162232.db,places,1.1170183,104.058877,395291.60414906015,123481.00671346963,6,380.2493228339568,19,38,1,100.17718317526099,4.5,5.978885764901122,0
10242,Tua Poh Ki,chinese restaurant,F&B,Indonesia.Batam.Kuliner.202406162232.db,places,1.1351288,104.0103326,389890.7556954731,125484.84371190351,0,1343.635360676275,110,287,4,14.127193055848943,4.2,4.143134726391533,0
10243,My Garden Restaurant Batam,restaurant,F&B,Indonesia.Batam.Kuliner.202406162232.db,places,1.1100714,104.0914483,398915.52852431795,122711.92498951721,15,2479.6926983255876,3,38,1,283.3545079648106,4.5,6.329720905522696,0
10244,Mamma otak-otak,indonesian restaurant,F&B,Indonesia.Batam.Kuliner.202406162232.db,places,1.0999706,104.059672,395379.46464660333,121596.43293618331,9,232.72664334352152,85,121,4,9.896981298133763,4.7,3.295836866004329,0
10245,Tempat makan,restaurant,F&B,Indonesia.Batam.Kuliner.202406162232.db,places,1.1153198,104.0614097,395573.35526894045,123293.15524631538,6,624.2096825849366,16,32,5,41.99999939701363,5.0,0.6931471805599453,0
10248,Restoran Sederhana,padang restaurant,F&B,Indonesia.Batam.Kuliner.202406162232.db,places,1.1000972,104.0372924,392889.29037516785,121611.22203681138,0,4517.363346409443,21,33,0,18.57203361164989,4.4,6.306275286948016,0
10249,The Brown,restaurant,F&B,Indonesia.Batam.Kuliner.202406162232.db,places,1.1014333,104.0362234,392770.3900421305,121758.96119606018,0,4336.187873213607,21,48,6,29.612351487617836,5.0,1.3862943611198906,0
10250,Inul Vizta Kepri Mall | Family Karaoke Batam,karaoke bar,F&B,Indonesia.Batam.Kuliner.202406162232.db,places,1.102667,104.0353408,392672.22696217516,121895.37383779311,0,4173.664629843845,22,58,0,152.26633239880047,4.3,7.336936913707618,0
10253,Holy Meat Halal Mega Legenda,restaurant,F&B,Indonesia.Batam.Kuliner.202406162232.db,places,1.1002855,104.0586984,395271.1434626026,121631.2778539849,9,197.3082135196743,87,124,33,13.68849792399072,4.8,3.5553480614894135,0
10255,Baa Baa Kambing,restaurant,F&B,Indonesia.Batam.Kuliner.202406162232.db,places,1.1023762,104.0598185,395395.84952142014,121862.35588168594,9,84.24457877555977,86,126,35,22.240003299511432,4.8,6.212606095751519,0
10256,YK Bakery & Resto,restaurant,F&B,Indonesia.Batam.Kuliner.202406162232.db,places,1.100884,104.0583394,395231.21852992335,121697.4519259254,9,154.0319490548395,82,124,31,49.60276170873347,4.4,4.174387269895637,0
10259,The Factory Cafe Batam (Mega Legenda1),restaurant,F&B,Indonesia.Batam.Kuliner.202406162232.db,places,1.0999221,104.0589842,395302.93166991405,121591.09560439673,9,231.62196108937945,87,123,32,27.227696568172203,5.0,1.791759469228055,0
10267,Superb Crispy Steak  Mega Legenda,restaurant,F&B,Indonesia.Batam.Kuliner.202406162232.db,places,1.0997143,104.0578588,395177.7014859386,121568.1637583595,9,291.89701021364374,74,122,26,32.58105541078907,5.0,1.0986122886681098,0
10268,Ikan Bakar Babeh,ikan bakar restaurant,F&B,Indonesia.Batam.Kuliner.202406162232.db,places,1.1004705,104.0580777,395202.0848176036,121651.75056566636,9,208.15201336451142,77,123,0,10.558078101980854,4.4,4.820281565605037,0
10272,Moi Kitchen,soup shop,F&B,Indonesia.Batam.Kuliner.202406162232.db,places,1.129267,104.055573,394924.4085292269,124835.16429000939,0,3850.16541858115,36,71,0,9.786804138277896,3.9,2.833213344056216,0
10273,Pempek Kolecta,pempek restaurant,F&B,Indonesia.Batam.Kuliner.202406162232.db,places,1.1295516,104.0561233,394985.649907158,124866.60567085646,0,3901.846792840678,29,63,0,7.9611602788125015,4.3,4.795790545596741,0
10277,Gildak Mega Mall Batam,korean restaurant,F&B,Indonesia.Batam.Kuliner.202406162232.db,places,1.129027,104.0560818,394981.01342611655,124808.61496575645,0,3911.633119999926,32,66,1,27.747514996580186,4.1,2.1972245773362196,0
10278,Mirai takoyaki Mega Legenda,restaurant,F&B,Indonesia.Batam.Kuliner.202406162232.db,places,1.0999942,104.0597578,395389.01240606804,121599.03880034317,9,232.77230438635,85,121,34,9.896981298133763,5.0,1.3862943611198906,0
10279,Bakso dan Bakmi Sri Ayu  Mega Legenda (Bakso Bakmie Sri Ayu  Mega Legenda),restaurant,F&B,Indonesia.Batam.Kuliner.202406162232.db,places,1.0999861,104.0612025,395549.76337703574,121598.09277482027,9,319.3934115685864,85,122,34,4.163149777942151,3.6,3.784189633918261,0
10283,Bakso Sabar Mega Legenda,bakso restaurant,F&B,Indonesia.Batam.Kuliner.202406162232.db,places,1.100137,104.060469,395468.1523543472,121614.79976126742,9,253.5456760908607,85,121,3,14.007765307373212,4.5,1.0986122886681098,0
10285,Ayani Megamal Food Court,restaurant,F&B,Indonesia.Batam.Kuliner.202406162232.db,places,-0.0511872,109.345656,984029.9483049049,-5674.146455543542,24,85.08822192849202,11,11,1,6.3318341309576684,4.2,6.78897174299217,0
10287,Restoran K-BAB,korean restaurant,F&B,Indonesia.Batam.Kuliner.202406162232.db,places,-0.0506046,109.3447174,983925.2069215586,-5609.557699647845,24,56.64240997967908,11,11,0,40.07857393737287,4.4,6.413458957167357,0
10289,WARUNG TORAJA,asian restaurant,F&B,Indonesia.Batam.Kuliner.202406162232.db,places,1.1023283,104.0604689,395468.2175758815,121857.03791560039,9,150.43554614927538,86,127,0,22.49599861371126,5.0,0.6931471805599453,0
10293,BEBEK SAMBAL MADU (BSM 02 MEGA LEGENDA),restaurant,F&B,Indonesia.Batam.Kuliner.202406162232.db,places,1.0999486,104.0602441,395443.12125338666,121593.98088568101,9,258.1668408127879,85,121,34,1.7463763543496809,5.0,0.6931471805599453,0
10295,Food Fiesta Ayani | Mega Mall Lt 2,food court,F&B,Indonesia.Batam.Kuliner.202406162232.db,places,-0.0518173,109.3453353,983994.1540886946,-5743.991139114314,24,94.92981342028561,11,11,0,44.68277659108167,4.4,3.7612001156935624,0
10298,Lele Bebek Ayam Mas Budiman  Mega Legenda,buffet restaurant,F&B,Indonesia.Batam.Kuliner.202406162232.db,places,1.0999448,104.0583427,395231.55294686736,121593.62750043481,9,245.5481999323994,75,123,0,4.490019973419303,4.4,3.7376696182833684,0
10299,Clubshouse,bar,F&B,Indonesia.Batam.Kuliner.202406162232.db,places,-0.0515286,109.344051,983850.8312582737,-5711.978708621996,24,107.03720478151384,11,11,0,126.07660461342023,4.5,5.537334267018537,0
10300,Sushi Phe,sushi restaurant,F&B,Indonesia.Batam.Kuliner.202406162232.db,places,-0.0506954,109.3426893,983698.8750922512,-5619.607735773171,24,250.48110819794505,11,11,0,172.35646869274572,4.6,7.166265974133638,0
10301,Mega Legenda 2,food court,F&B,Indonesia.Batam.Kuliner.202406162232.db,places,1.1009829,104.0612035,395549.9093260675,121708.28437789012,9,254.73400821810006,85,125,0,17.739199138456627,4.3,4.6443908991413725,0
10302,Terrazza Steak House Pontianak,steak house,F&B,Indonesia.Batam.Kuliner.202406162232.db,places,-0.050402,109.344206,983868.137339642,-5587.095524091329,24,108.06990562621674,11,11,0,27.982615850046376,4.4,6.709304340258298,0
10303,Rumah Makan Serani,padang restaurant,F&B,Indonesia.Batam.Kuliner.202406162232.db,places,1.1015368,104.0600062,395416.7055404439,121769.55746070728,9,108.28274650283862,86,126,0,51.80259530619491,5.0,1.791759469228055,0
10304,Local Kitchen Pontianak,restaurant,F&B,Indonesia.Batam.Kuliner.202406162232.db,places,-0.0503597,109.3444532,983895.7246101908,-5582.408382800672,24,94.28399581394585,11,11,1,27.982615850046376,4.4,4.700480365792417,0
10305,Reunion,italian restaurant,F&B,Indonesia.Batam.Kuliner.202406162232.db,places,-0.0519711,109.3457054,984035.4552974971,-5761.042845050698,24,133.40132838292072,11,11,0,44.68277659108167,4.5,3.091042453358316,0
10307,Warung Pecel Family,javanese restaurant,F&B,Indonesia.Batam.Kuliner.202406162232.db,places,1.100342,104.0593299,395341.4122340576,121637.50150962679,9,185.46087995480067,87,124,1,29.564372386538555,4.3,1.3862943611198906,0
10308,Renuin Restaurant Nagoya Hill,restaurant,F&B,Indonesia.Batam.Kuliner.202406162232.db,places,1.1457753,104.0125251,390135.11878518574,126661.69896376145,0,1367.7569870892037,188,410,47,23.684316861692466,4.6,5.872117789475416,0
10309,WARUNG CINTA SAMBAL MENTAH,restaurant,F&B,Indonesia.Batam.Kuliner.202406162232.db,places,1.151062,104.0093581,389782.93069710024,127246.2500379525,0,2022.9460428230132,70,322,16,36.50265611683701,4.5,6.541029999189903,0
10310,Hakata Ikkousha Ramen Mega Mall Batam Centre,ramen restaurant,F&B,Indonesia.Batam.Kuliner.202406162232.db,places,1.1290687,104.0554878,394914.9213138712,124813.24618026592,0,3846.5435096176993,37,79,0,16.225114371770818,4.9,3.1780538303479458,0
10311,Godiva Bistro (Mega Mall) (Bistro Godiva (Mega Mall)),bistro,F&B,Indonesia.Batam.Kuliner.202406162232.db,places,1.129551,104.056001,394972.04172673746,124866.54376344568,0,3888.649609320864,29,63,0,6.906918304742206,3.7,3.8501476017100584,0
10312,Rumah Makan Padang Irama,indonesian restaurant,F&B,Indonesia.Batam.Kuliner.202406162232.db,places,1.1028459,104.0621076,395650.57297959266,121914.19871591154,9,341.34377630697674,75,120,3,23.20931070812799,4.7,4.174387269895637,0
10313,Ikan Bakar Mega Seafood Batam,seafood restaurant,F&B,Indonesia.Batam.Kuliner.202406162232.db,places,1.1007692,104.0619994,395638.46134573343,121684.6329626773,9,345.02408463962166,82,120,1,0.9732864184967882,4.5,3.4657359027997265,0
10315,Masu Sushi & Noodles,japanese restaurant,F&B,Indonesia.Batam.Kuliner.202406162232.db,places,1.1444615,104.0146692,390373.6416928085,126516.38026524536,0,1091.629004077831,188,392,3,21.111158348205603,4.6,3.044522437723423,0
10316,Richeese Factory Mega Mall Batam,fast food restaurant,F&B,Indonesia.Batam.Kuliner.202406162232.db,places,1.1293273,104.0555086,394917.2449906869,124841.83251697214,0,3841.56272235167,36,73,2,9.786804138277896,4.1,5.746203190540153,0
10317,Penyet King Mega Mall,chicken restaurant,F&B,Indonesia.Batam.Kuliner.202406162232.db,places,1.1292335,104.0558455,394954.7280462606,124831.4511638633,0,3880.450452612495,33,66,0,7.097190855890292,3.5,2.3978952727983707,0
10318,Baresto Cafe Mall Nagoya Hill,seafood restaurant,F&B,Indonesia.Batam.Kuliner.202406162232.db,places,1.1466208,104.0129046,390177.3777670903,126755.15189485972,0,1397.3751436232667,195,396,5,21.367040810079246,4.3,5.472270673671475,0
10319,Bakso Lapangan Tembak Senayan Jakarta - Mega Mall Batam,bakso restaurant,F&B,Indonesia.Batam.Kuliner.202406162232.db,places,1.1294014,104.0562565,395000.4655025441,124849.99691418986,0,3920.2243038749575,29,63,1,12.243401190700784,4.2,5.948034989180646,0
10320,Pizza Hut Restoran - Ayani Megamall Pontianak,pizza restaurant,F&B,Indonesia.Batam.Kuliner.202406162232.db,places,-0.050895,109.345244,983983.9721671136,-5641.752723055208,24,43.49140932494603,11,11,0,4.671668426798115,4.5,7.368339686311381,0
10321,LAGIMO mega legenda,fast food restaurant,F&B,Indonesia.Batam.Kuliner.202406162232.db,places,1.1000929,104.0592332,395330.64377468603,121609.9680318702,9,212.1475536181065,87,123,0,18.898275322815397,4.0,3.1780538303479458,0
10323,Nogiri Legenda,restaurant,F&B,Indonesia.Batam.Kuliner.202406162232.db,places,1.1012673,104.0588093,395283.51752469054,121739.80749336921,9,90.67011994745208,89,124,33,13.563335563447797,4.0,1.3862943611198906,0
10324,Anambas Luti Megamall,cafe,F&B,Indonesia.Batam.Kuliner.202406162232.db,places,1.1296314,104.0560641,394979.0656670267,124875.42934664818,0,3893.3499070388366,29,63,2,10.157036746598557,4.7,2.4849066497880004,0
10330,BPK Shada Arihta,batak restaurant,F&B,Indonesia.Batam.Kuliner.202406162232.db,places,1.1019156,104.0613351,395564.58487609524,121811.38544342204,9,242.87974819596604,85,125,2,11.854205691845868,4.0,3.8918202981106265,0
10331,A&M's Kuliner India (Biryani India di Pontianak),food producer,F&B,Indonesia.Batam.Kuliner.202406162232.db,places,-0.0508604,109.3452679,983986.6396147895,-5637.9174644216855,24,47.70505784658333,11,11,0,4.671668426798115,4.2,2.3978952727983707,0
10332,A&W Mega Mall (A&W Restoran - Mega Mall Batam Centre),fast food restaurant,F&B,Indonesia.Batam.Kuliner.202406162232.db,places,1.129357,104.0556139,394928.96265138866,124845.11191396553,0,3852.0975364587307,35,69,2,0.0,4.0,5.552959584921617,0
10334,Ayam Goreng Fatmawati Mega Mall Batam,fried chicken takeaway,F&B,Indonesia.Batam.Kuliner.202406162232.db,places,1.129222,104.0553449,394899.02652117994,124830.19798514541,0,3826.8530074352198,37,78,0,7.333965586455686,4.0,4.543294782270004,0
10336,Pasar Mega Legenda (Mega Legenda Market),fresh food market,F&B,Indonesia.Batam.Kuliner.202406162232.db,places,1.1013503,104.0595791,395369.17578574666,121748.95573022465,9,86.93660679132425,89,126,0,23.807234714309498,4.3,7.980023592310645,0
10337,KFC,fast food restaurant,F&B,Indonesia.Batam.Kuliner.202406162232.db,places,-0.051407,109.345823,984048.5835017997,-5698.512751033244,24,109.06690217527392,11,11,0,25.481375256734545,4.4,6.744059186311348,0
10338,Montato Mega Mall Batam,cafe,F&B,Indonesia.Batam.Kuliner.202406162232.db,places,1.1295733,104.0559014,394960.96016724274,124869.01252971312,0,3877.2994232232313,29,64,2,9.128583854566763,3.2,1.9459101490553132,0
10339,Pizza Hut Restoran - Mega Mall Batam Centre,pizza restaurant,F&B,Indonesia.Batam.Kuliner.202406162232.db,places,1.1296081,104.0559758,394969.23980650975,124872.85682637154,0,3884.4185597833475,29,63,0,6.906918304742206,4.5,7.1252830915107115,0
10340,Bebek Goreng H  Slamet Mega legenda,restaurant,F&B,Indonesia.Batam.Kuliner.202406162232.db,places,1.1028569,104.0623159,395673.7507956225,121915.40741257927,9,364.02132797833764,75,117,31,23.20931070812799,4.4,3.1780538303479458,0
10342,Ayani Megamal,shopping mall,F&B,Indonesia.Batam.Kuliner.202406162232.db,places,-0.051244,109.345662,984030.6174647154,-5680.442831374919,24,86.8398536077722,11,11,0,6.3318341309576684,4.5,9.815311861632402,0
10343,Sushi Phe Garden,sushi restaurant,F&B,Indonesia.Batam.Kuliner.202406162232.db,places,-0.0355357,109.3373482,983102.9198356129,-3939.1201595337357,-1,0.0,0,0,0,1783.0314528381077,4.8,5.976350909297934,0
10344,Sell food special batak menu with pork (Lapo Simantap RM khas batak),batak restaurant,F&B,Indonesia.Batam.Kuliner.202406162232.db,places,1.1015727,104.057239,395108.80143439246,121773.62330758222,9,218.54028991029645,80,123,2,21.158929640260464,4.2,3.1780538303479458,0
10349,Maimilk Batam,cafe,F&B,Indonesia.Batam.Kuliner.202406162232.db,places,1.1004445,104.0626076,395706.1242084796,121648.71761229364,9,421.43404713779717,75,107,2,43.56783994262933,4.5,6.520621127558696,0
10351,Yong Kee Seafood,seafood restaurant,F&B,Indonesia.Batam.Kuliner.202406162232.db,places,1.1463721,104.0068305,389501.5058982228,126727.89255144741,0,1932.9703217393483,96,372,2,15.350810239477495,4.4,7.96693349840484,0
10353,Riyanah cafe,restaurant,F&B,Indonesia.Batam.Kuliner.202406162232.db,places,1.102937,104.0592321,395330.62062710297,121924.37037573899,9,102.80126752936667,85,127,32,90.00336730642951,5.0,0.6931471805599453,0
10355,Backstage Coffee,coffee shop,F&B,Indonesia.Batam.Kuliner.202406162232.db,places,1.1024806,104.0623921,395682.21642859967,121873.8065275713,9,363.99670144793924,75,117,0,42.45351075177056,4.7,3.6635616461296463,0
10357,Sushi Rio Nagoya Hill,sushi restaurant,F&B,Indonesia.Batam.Kuliner.202406162232.db,places,1.1465972,104.0126341,390147.278482381,126752.55336450921,0,1417.7389589004715,188,397,0,16.29741641244747,4.2,4.770684624465665,0
10359,Sushi Ozu,japanese restaurant,F&B,Indonesia.Batam.Kuliner.202406162232.db,places,1.1422224,104.0126772,390151.9077334845,126268.93069960072,0,1145.6271481321523,122,467,3,31.503029318984673,4.7,5.71042701737487,0
10361,Warung Suroboyo,javanese restaurant,F&B,Indonesia.Batam.Kuliner.202406162232.db,places,1.1017722,104.0551731,394878.9363100595,121795.74995234354,9,443.7714230181863,55,123,1,48.92814686332417,4.4,4.454347296253507,0
10364,Soup Ikan Pha khong Special Ikan Asam Pedas dan Sup Ikan (Ikan Asam Pedas & Sop Ikan Windsor),soup restaurant,F&B,Indonesia.Batam.Kuliner.202406162232.db,places,1.1414317,104.0122475,390104.0651440088,126181.537606881,0,1157.7389559987816,101,466,3,0.0,4.6,6.755768921984255,0
10365,Kube Cafe (Kedai Kopi Kube),chinese restaurant,F&B,Indonesia.Batam.Kuliner.202406162232.db,places,1.1423991,104.0060577,389415.364513929,126288.7182774566,0,1847.5470508603123,84,348,5,0.0,4.5,5.575949103146316,0
10366,Sambal Bakar Trotoar  Mega Legenda,restaurant,F&B,Indonesia.Batam.Kuliner.202406162232.db,places,1.0999359,104.0600025,395416.2380623758,121592.58542495918,9,247.98225829259894,85,120,34,10.414846704388918,4.3,4.04305126783455,0
10367,Rm Bukit MAS Indah,padang restaurant,F&B,Indonesia.Batam.Kuliner.202406162232.db,places,1.1422124,104.007448,389570.0558040472,126268.02564769157,0,1693.026897662346,107,377,0,38.4577515876988,4.4,4.941642422609304,0
10368,Ayam dan Bebek Betutu,indonesian restaurant,F&B,Indonesia.Batam.Kuliner.202406162232.db,places,1.1001596,104.0631159,395762.67263054283,121617.20548205306,9,485.96816144525997,70,101,3,7.221498951692564,4.2,1.791759469228055,0
10369,Hak Seng Kopi Tiam,restaurant,F&B,Indonesia.Batam.Kuliner.202406162232.db,places,1.1423168,104.0061206,389422.36023978336,126279.61782063302,0,1838.4048188114764,84,349,28,11.478610309056792,4.6,2.9444389791664403,0
10372,Navi Catering & Resto,indonesian restaurant,F&B,Indonesia.Batam.Kuliner.202406162232.db,places,1.1021114,104.0581679,395212.1786593651,121833.14147575026,9,110.32621571642223,81,125,4,39.68775326050047,4.4,3.58351893845611,0
10373,Kangen Cafe Nagoya Hill,seafood restaurant,F&B,Indonesia.Batam.Kuliner.202406162232.db,places,1.1470054,104.0127599,390161.29174228164,126797.67382197396,0,1438.3285932265096,193,391,5,45.462891237282896,2.4,4.804021044733257,0
10374,Station Rasa  AREMA  Nagoya,restaurant,F&B,Indonesia.Batam.Kuliner.202406162232.db,places,1.1401704,104.010151,389870.7402577336,126042.184778621,0,1348.2562063871287,87,382,20,15.214644182007522,4.5,4.204692619390966,0
10375,Harbour Bay Seafood Restaurant,seafood restaurant,F&B,Indonesia.Batam.Kuliner.202406162232.db,places,1.1552166,103.9950643,388192.626977384,127706.08755404687,0,3558.208125907478,18,45,4,59.40515489125476,4.3,7.641564441260972,0
10376,Morning Bakery (Jodoh),restaurant,F&B,Indonesia.Batam.Kuliner.202406162232.db,places,1.1526311,104.0037801,389162.33015621034,127419.92601444562,0,2601.009220486783,47,158,8,100.45857044406416,4.2,6.289715570908998,0
10377,Bistro Godiva Nagoya Hill Mall,bistro,F&B,Indonesia.Batam.Kuliner.202406162232.db,places,1.145827,104.0121647,390095.0192307858,126667.42806859923,0,1402.6544697753425,181,407,0,14.06313042899547,4.0,4.718498871295094,0
10378,Ayam Remuk Sambal Pencit Mbok Keke,chicken restaurant,F&B,Indonesia.Batam.Kuliner.202406162232.db,places,1.1020593,104.0626869,395715.0040147024,121827.22344940926,9,393.1051425689947,72,110,3,56.96498023781883,4.6,2.9444389791664403,0
10380,Rumah Istri Muda,restaurant,F&B,Indonesia.Batam.Kuliner.202406162232.db,places,1.1003765,104.0580945,395203.95086760895,121641.35870006941,9,215.70476719863223,77,123,29,10.558078101980854,4.4,4.343805421853684,0
10381,Bakso Gunung Jodoh,bakso restaurant,F&B,Indonesia.Batam.Kuliner.202406162232.db,places,1.1484121,104.0030128,389076.7900744131,126953.55671207514,0,2413.8848832685867,53,228,0,58.271818099305285,4.3,6.440946540632921,0
10382,Warung Sunda Bu Joko,sundanese restaurant,F&B,Indonesia.Batam.Kuliner.202406162232.db,places,1.1506017,104.0097282,389824.0938300173,127195.35090457313,0,1957.783696414706,93,342,1,57.973919226290555,4.5,7.78155595923534,0
10383,Rumah makan dendeng batokok,padang restaurant,F&B,Indonesia.Batam.Kuliner.202406162232.db,places,1.1496282,104.011925,390068.4930979595,127087.64862369487,0,1712.462699630516,155,359,8,29.793124564368938,4.4,6.186208623900494,0
10386,Nasi Bebek Bu Modung Khas Madura,restaurant,F&B,Indonesia.Batam.Kuliner.202406162232.db,places,1.099936,104.0599089,395405.8232255368,121592.59975997207,9,244.19823897942948,85,120,34,10.414846704388918,4.3,3.091042453358316,0
10388,Bu Ida Jember,restaurant,F&B,Indonesia.Batam.Kuliner.202406162232.db,places,1.1506811,104.0104257,389901.7072685455,127204.10141391266,0,1910.584315882505,91,335,26,72.28803515916235,4.5,6.408528791059498,0
10389,Waroeng Lamongan Cak Rochman,soto ayam restaurant,F&B,Indonesia.Batam.Kuliner.202406162232.db,places,1.1393851,104.0099349,389846.6650144152,125955.38041870191,0,1359.2861521463253,99,362,0,62.4435342647512,4.2,7.114769448366463,0
10390,A&W Restoran - Nagoya Hill,fast food restaurant,F&B,Indonesia.Batam.Kuliner.202406162232.db,places,1.1460564,104.0119981,390076.4904786523,126692.79394799362,0,1432.9298900501858,177,405,3,30.991997845037474,4.1,5.480638923341991,0
10391,Pasar Second Jodoh Batam,market,F&B,Indonesia.Batam.Kuliner.202406162232.db,places,1.1485911,104.0048939,389286.1063477519,126973.271737148,0,2242.53289457647,69,295,0,43.36197667305961,4.3,7.590852123688581,0
10393,Mie Petang Batam,noodle shop,F&B,Indonesia.Batam.Kuliner.202406162232.db,places,1.100982,104.061585,395592.3586382481,121708.17152410366,9,293.3799236919677,85,124,1,25.276661375864087,4.9,2.6390573296152584,0
10394,Sei Enam Seafood Harbour Bay,seafood restaurant,F&B,Indonesia.Batam.Kuliner.202406162232.db,places,1.1553284,103.9964795,388350.1002063011,127718.3911210262,0,3433.145911597064,21,54,4,4.338316919345576,4.6,4.919980925828125,0
10395,GOLDEN Seafood,asian restaurant,F&B,Indonesia.Batam.Kuliner.202406162232.db,places,1.1433082,104.0063553,389448.5131810174,126389.2052936445,0,1845.2111301278476,91,378,2,32.657368714284644,4.4,3.044522437723423,0
10396,Selera sambal mentah niken,restaurant,F&B,Indonesia.Batam.Kuliner.202406162232.db,places,1.1440626,104.0057061,389376.305715965,126472.62713282417,0,1941.0956481261142,91,355,30,50.66936527494224,5.0,0.6931471805599453,0
10398,Dé Patros Café,cafe,F&B,Indonesia.Batam.Kuliner.202406162232.db,places,1.1563177,103.994278,388105.1786929673,127827.84250133064,0,3697.703780555385,14,32,0,51.062210269349116,4.3,7.001245622069476,0
10399,Jomtea Mega Legenda,tea store,F&B,Indonesia.Batam.Kuliner.202406162232.db,places,1.1002354,104.0629395,395743.0473126234,121625.5909813749,9,464.6371930595548,70,102,0,2.902307692323582,4.3,6.54965074223381,0
10400,Dewo Cafe,restaurant,F&B,Indonesia.Batam.Kuliner.202406162232.db,places,1.1005587,104.0617745,395613.42949951696,121661.37103528425,9,332.7923134711853,83,123,34,26.25251013914201,4.7,3.4657359027997265,0
10401,Yi Jia Qin Family Restaurant,family restaurant,F&B,Indonesia.Batam.Kuliner.202406162232.db,places,1.1450265,104.007334,389557.47862982197,126579.1208411301,0,1815.3891144261743,104,384,1,30.07214060916263,4.5,5.5093883366279774,0
10403,Premium Coffee LAC Cafe & Resto,restaurant,F&B,Indonesia.Batam.Kuliner.202406162232.db,places,1.1000251,104.0532487,394664.74742769456,121602.6836402637,9,692.7962667355333,22,102,6,10.473405576139116,4.2,3.713572066704308,0
10406,Caracoco Coconut Jelly (Caracoco Jelly),restaurant,F&B,Indonesia.Batam.Kuliner.202406162232.db,places,1.1013933,104.0619541,395633.44254169136,121753.62590721902,9,318.9101398244431,82,124,34,32.70147699676274,4.9,2.3978952727983707,0
10407,Woon's Miso & Mie Sagu,restaurant,F&B,Indonesia.Batam.Kuliner.202406162232.db,places,1.1416392,104.0067514,389492.52336294285,126204.68677334268,0,1751.9442913256714,89,349,29,0.0,5.0,2.302585092994046,0
10408,Shu Guo Yin Xiang Batam,hot pot restaurant,F&B,Indonesia.Batam.Kuliner.202406162232.db,places,1.1549314,103.9964993,388352.28784817504,127674.50296453846,0,3406.984530404803,21,60,0,22.899228165226056,4.7,5.170483995038151,0
10409,SUKA MAJU JAYA,restaurant,F&B,Indonesia.Batam.Kuliner.202406162232.db,places,1.1513793,104.0092673,389772.83962364326,127281.3301482726,0,2055.1587756041117,72,313,16,36.50265611683701,4.8,2.6390573296152584,0
10411,Warung Terimakasih,diner,F&B,Indonesia.Batam.Kuliner.202406162232.db,places,1.142816,104.004912,389287.8986047156,126334.84955075174,0,1982.706689466296,86,325,1,14.656782788438878,4.8,1.9459101490553132,0
10412,Indorasa Rumah Makan dan Indorasa Hotel,ikan bakar restaurant,F&B,Indonesia.Batam.Kuliner.202406162232.db,places,1.1453524,104.0106321,389924.46944639715,126615.02127573422,0,1511.3570589342164,153,422,4,57.52572525053703,4.2,6.3835066348840055,0
10413,Ayam Penyet Sidomulyo - Cabang Mega Legenda 2,restaurant,F&B,Indonesia.Batam.Kuliner.202406162232.db,places,1.1027863,104.0616705,395601.93500790105,121907.62554013262,9,292.818883490165,81,126,33,49.080127649535164,3.0,0.6931471805599453,0
10414,Nagoya Thamrin Kopitiam (Nagoya Thamrin Food Market),food court,F&B,Indonesia.Batam.Kuliner.202406162232.db,places,1.1440136,104.0151569,390427.8908094582,126466.84766466022,0,1018.190604406998,160,372,3,26.760901525636342,4.5,5.60947179518496,0
10415,Richeese Factory Nagoya Batam,fast food restaurant,F&B,Indonesia.Batam.Kuliner.202406162232.db,places,1.1495664,104.0089718,389739.8899135292,127080.93068775279,0,1940.3372220309716,99,364,0,16.070857980244284,4.3,7.650168700845001,0
10416,Kopitiam DEWI,coffee shop,F&B,Indonesia.Batam.Kuliner.202406162232.db,places,1.145021,104.0064208,389455.866923764,126578.54803057003,0,1907.4219793488057,89,365,4,9.495015398331299,4.4,4.61512051684126,0
10417,Bakso Prasmanan Mami,restaurant,F&B,Indonesia.Batam.Kuliner.202406162232.db,places,1.1491195,104.0075248,389578.86580318044,127031.58307302165,0,2033.733699769193,93,348,19,50.75338655166604,5.0,1.791759469228055,0
10418,Warung Makan Bu Sri Pekalongan Pemalang,restaurant,F&B,Indonesia.Batam.Kuliner.202406162232.db,places,1.1017631,104.0580814,395202.5416615587,121794.64152728088,9,122.47309895920152,81,124,30,39.68775326050047,5.0,0.6931471805599453,0
10420,Shuang Hong Bak Kut Teh Nagoya Citywalk,mandarin restaurant,F&B,Indonesia.Batam.Kuliner.202406162232.db,places,1.1429943,104.0068018,389498.18313688546,126354.4873394924,0,1787.1329491214187,102,384,0,52.82483598332582,4.4,5.560681631015528,0
10421,Mie Lendir Pasar Tanjung Pantun,noodle shop,F&B,Indonesia.Batam.Kuliner.202406162232.db,places,1.1494415,104.0054818,389351.5544855305,127067.25834374854,0,2238.873893437089,72,296,2,10.236537720087597,4.6,2.302585092994046,0
10424,Mas BrOo Takoyaki & Mozarella Corndog - Nagoya Newton,indonesian restaurant,F&B,Indonesia.Batam.Kuliner.202406162232.db,places,1.1437677,104.0050952,389308.31969706336,126440.05031006118,0,1994.3044760630069,88,338,3,49.134199303993775,4.4,2.4849066497880004,0
10425,Pondok Nagoya,restaurant,F&B,Indonesia.Batam.Kuliner.202406162232.db,places,1.1447145,104.0112804,389996.5811793058,126544.47842200058,0,1412.7304414015307,144,423,35,56.711824515171315,4.0,0.6931471805599453,0
10426,HENG HENG BAK KUT TEH,restaurant,F&B,Indonesia.Batam.Kuliner.202406162232.db,places,1.1024602,104.0607674,395501.4361360234,121871.60837656147,9,186.24751474735302,85,127,34,19.241344918602387,5.0,1.9459101490553132,0
10428,Good Day,cafe,F&B,Indonesia.Batam.Kuliner.202406162232.db,places,1.101156,104.0588606,395289.221773198,121727.50198157279,9,99.94018405622582,90,124,2,13.563335563447797,4.1,6.115892125483034,0
10429,Batam Olehlo Nagoya,restaurant,F&B,Indonesia.Batam.Kuliner.202406162232.db,places,1.1486987,104.0115702,390028.97917339526,126984.90881365616,0,1664.0811241785268,156,387,44,48.43404622108472,5.0,2.0794415416798357,0
10432,Dapur Binjai,restaurant,F&B,Indonesia.Batam.Kuliner.202406162232.db,places,1.1010135,104.06136,395567.3240802932,121711.66158403312,9,269.02916765487737,85,124,34,17.739199138456627,5.0,0.6931471805599453,0
10433,Baycity Seafood Harbour Bay,seafood restaurant,F&B,Indonesia.Batam.Kuliner.202406162232.db,places,1.1530879,103.997728,388488.93306691153,127470.6603905432,0,3182.1337594120027,22,97,4,65.82558384902259,4.4,6.267200548541362,0
10434,Warung Sedap Malam Nagoya,nasi goreng restaurant,F&B,Indonesia.Batam.Kuliner.202406162232.db,places,1.1454047,104.0113053,389999.37810528214,126620.77703747504,0,1452.0964993881896,167,418,0,16.833400610688187,5.0,1.0986122886681098,0
10435,Nasi uduk Sedap Malam,betawi restaurant,F&B,Indonesia.Batam.Kuliner.202406162232.db,places,1.1494361,104.0121128,390089.38213632355,127066.4053106874,0,1682.7196974891745,162,358,1,29.793124564368938,4.6,3.7612001156935624,0
10437,Dimsum PJS  Nagoya Food Court,dim sum restaurant,F&B,Indonesia.Batam.Kuliner.202406162232.db,places,1.1419459,104.0066016,389475.8668554549,126238.59735794077,0,1776.2289067005215,91,357,1,3.5914720605885675,4.0,1.3862943611198906,0
10438,Saveurs de France,bakery,F&B,Indonesia.Batam.Kuliner.202406162232.db,places,1.1531469,104.0027017,389042.35706143244,127476.9883286694,0,2730.572407265091,34,139,1,34.56249058276954,4.8,5.638354669333745,0
10439,Gultik Bang Otong Nagoya,indonesian restaurant,F&B,Indonesia.Batam.Kuliner.202406162232.db,places,1.1432707,104.0117928,390053.5407359387,126384.85097034463,0,1284.5170449129384,130,459,3,9.0107294192402,4.6,2.6390573296152584,0
10440,Mie Rebus Pakde Yono,noodle shop,F&B,Indonesia.Batam.Kuliner.202406162232.db,places,1.1494329,104.0055734,389361.7464481051,127066.30408834638,0,2229.938210734054,74,298,2,10.236537720087597,4.4,2.0794415416798357,0
10443,KFC,fast food restaurant,F&B,Indonesia.Batam.Kuliner.202406162232.db,places,1.146444,104.012827,390168.73651965015,126735.61016321542,0,1390.4639930915164,188,396,3,14.240293530894656,4.3,7.367077059881012,0
10444,Wey Wey Seafood,seafood restaurant,F&B,Indonesia.Batam.Kuliner.202406162232.db,places,1.1526147,103.9980871,388528.8716094238,127418.33525020834,0,3120.7565750654676,22,104,3,65.82558384902259,4.2,8.20849175174038,0
10445,RM Tian Hui Vegetarian Batam,vegetarian restaurant,F&B,Indonesia.Batam.Kuliner.202406162232.db,places,1.1540009,104.0055008,389353.8444717779,127571.2867180984,0,2556.56030544352,39,132,0,32.238366368114036,4.6,2.6390573296152584,0
10446,Haji Ungku Sulaiman Susi Sop Ayam Kampung 89 Nagoya,soup shop,F&B,Indonesia.Batam.Kuliner.202406162232.db,places,1.1434175,104.0107734,389940.11807193805,126401.11833722751,0,1393.3920734363592,142,464,0,45.188935643207216,4.1,2.70805020110221,0
10447,Seblak Teh Euis (Seblak Perasmanan Teh Euis  Sei Panas),traditional restaurant,F&B,Indonesia.Batam.Kuliner.202406162232.db,places,1.1444876,104.0281593,391874.6758337525,126518.75342316163,0,988.126128927229,70,236,0,12.340003048268349,4.7,4.532599493153256,0
10448,Mie Tarempa Sungai Panas,noodle shop,F&B,Indonesia.Batam.Kuliner.202406162232.db,places,1.1371491,104.0252813,391554.1686749225,125707.61602832889,0,368.8313238795145,36,158,2,212.02226729157837,4.4,7.979338895262328,0
10449,Pasar Pagi Tos 3000 (Pasar jodoh Tos 3000),fresh food market,F&B,Indonesia.Batam.Kuliner.202406162232.db,places,1.1466137,104.0057485,389381.12138552556,126754.64254212617,0,2051.698450691636,87,337,0,52.86644107238409,4.2,6.963189985870238,0
10450,Chapron Lounge,cafe,F&B,Indonesia.Batam.Kuliner.202406162232.db,places,1.152187,104.0075579,389582.6667890709,127370.68525381555,0,2252.6197986174925,62,244,1,0.0,5.0,0.6931471805599453,0
10452,Waroeng richi,coffee shop,F&B,Indonesia.Batam.Kuliner.202406162232.db,places,1.139563,104.0259246,391625.83840459154,125974.44019491653,0,463.10317046149606,36,193,2,177.57558220201167,4.0,1.0986122886681098,0
10453,Pasar Tanjung Pantun Jodoh,produce market,F&B,Indonesia.Batam.Kuliner.202406162232.db,places,1.1498149,104.0059654,389405.3788214496,127108.51794489706,0,2218.8060512147276,75,289,0,51.490521752705696,4.2,6.063785208687608,0
10454,Sushi Home Batam,sushi restaurant,F&B,Indonesia.Batam.Kuliner.202406162232.db,places,1.1419302,104.0065005,389464.6168752511,126236.86565450858,0,1786.7075112872744,90,351,0,11.38248001812937,4.4,3.091042453358316,0
10455,Xiang Fu Ji Chinese Restaurant,restaurant,F&B,Indonesia.Batam.Kuliner.202406162232.db,places,1.1425182,104.0057501,389381.14246695006,126301.89629333394,0,1884.0402762569815,85,337,30,36.671632113834804,4.7,2.3978952727983707,0
10457,BPK Legend Sei Panas,restaurant,F&B,Indonesia.Batam.Kuliner.202406162232.db,places,1.1284893,104.0300379,392083.1118530816,124750.12791691144,0,1373.5507333554958,19,91,8,77.57673146381352,4.4,5.384495062789089,0
10458,Shinpuru,restaurant,F&B,Indonesia.Batam.Kuliner.202406162232.db,places,1.1539394,103.9989541,388625.393938142,127564.7435579735,0,3119.1010443057053,23,99,6,24.21879576777004,4.1,2.3978952727983707,0
10459,Morning Bakery (Harbour Bay),bakery,F&B,Indonesia.Batam.Kuliner.202406162232.db,places,1.1529108,103.9996571,388703.5765123798,127451.0069408557,0,2990.6877717884645,23,111,1,56.32073408698274,4.2,7.170888478512505,0
10461,Pisang Keju 89 Sungai Panas,restaurant,F&B,Indonesia.Batam.Kuliner.202406162232.db,places,1.1377129,104.0278911,391844.5804121612,125769.8442197947,0,648.2668652637174,53,170,13,6.610187552007586,4.4,5.480638923341991,0
10462,KFC,fast food restaurant,F&B,Indonesia.Batam.Kuliner.202406162232.db,places,1.1411502,104.0028163,389054.6464077894,126150.78067791427,0,2170.9400187244337,71,257,2,25.47087452543868,4.1,6.368187186350492,0
10463,Sohk  Nagoya Hill  Batam,restaurant,F&B,Indonesia.Batam.Kuliner.202406162232.db,places,1.1470351,104.0117026,390043.6476880873,126800.99767246997,0,1527.4044649527593,180,406,45,47.15494987655928,4.0,0.6931471805599453,0
10464,Dimsum PJS  Sei Panas,dim sum restaurant,F&B,Indonesia.Batam.Kuliner.202406162232.db,places,1.1381967,104.0284742,391909.4795372861,125823.30474930305,0,712.8749885165505,51,161,0,51.32954240774394,4.6,5.41610040220442,0
10465,Teh Tarik Raja,cafe,F&B,Indonesia.Batam.Kuliner.202406162232.db,places,1.1568659,104.0036029,389142.77728313755,127888.07866742255,0,2929.4132493133275,15,86,0,121.76452160635218,4.5,5.8944028342648505,0
10466,Dju Dju Baru,soup shop,F&B,Indonesia.Batam.Kuliner.202406162232.db,places,1.1462338,104.0068181,389500.120852144,126712.6043526533,0,1926.8947813537884,98,376,0,15.350810239477495,4.3,5.497168225293202,0
10468,Mang Brew Bandung Steam Bun (Ayam Geprek Mang Brew  Sei Panas),restaurant,F&B,Indonesia.Batam.Kuliner.202406162232.db,places,1.1379482,104.0334944,392468.06377994176,125795.64631486905,0,1271.0720553271794,36,134,11,49.56756078030953,4.6,4.532599493153256,0
10469,Ayam Taliwang Pantai Senggigi Lombok Nagoya Citywalk,javanese restaurant,F&B,Indonesia.Batam.Kuliner.202406162232.db,places,1.144449,104.0085924,389697.47831007,126515.23141833319,0,1661.5209729701348,135,420,1,59.016551973255616,4.3,4.189654742026425,0
10470,Cafe De Venus,cafe,F&B,Indonesia.Batam.Kuliner.202406162232.db,places,1.152187,104.0075579,389582.6667890709,127370.68525381555,0,2252.6197986174925,62,244,1,0.0,3.8,1.6094379124341003,0
10471,Donburo Itadakimas  NAGOYA,japanese restaurant,F&B,Indonesia.Batam.Kuliner.202406162232.db,places,1.1484887,104.0099853,389852.6202088444,126961.75496890339,0,1777.0475442336226,142,386,1,24.06648907342725,4.4,3.7612001156935624,0
10472,Shiang Palace Chinese Restorant,chinese restaurant,F&B,Indonesia.Batam.Kuliner.202406162232.db,places,1.152187,104.007558,389582.6779160126,127370.68524993963,0,2252.6118218484157,62,244,0,0.011126942385306074,3.3,1.3862943611198906,0
10473,Warung Alfian Batam,coffee shop,F&B,Indonesia.Batam.Kuliner.202406162232.db,places,1.1510408,104.0067955,389497.7908350801,127244.00561252325,0,2230.143643155688,69,274,4,82.67844471959913,5.0,0.6931471805599453,0
10474,Martabak 818,murtabak restaurant,F&B,Indonesia.Batam.Kuliner.202406162232.db,places,1.1406073,104.0045685,389249.5928742302,126090.69704014846,0,1969.0377256785084,80,290,0,5.8447691134591535,4.5,6.063785208687608,0
10475,Rumah Makan Dendeng Batokok,indonesian restaurant,F&B,Indonesia.Batam.Kuliner.202406162232.db,places,1.1278088,104.0302082,392102.0359874799,124674.89476994892,0,1443.6452315079816,23,80,4,77.57673146381352,3.7,4.02535169073515,0
10477,Steak On You Windsor Nagoya,steak house,F&B,Indonesia.Batam.Kuliner.202406162232.db,places,1.1400742,104.0100389,389858.2632584807,126031.55443773749,0,1358.6765326348996,89,372,0,1.8644963637948992,4.4,4.31748811353631,0
10478,Jodoh Centre Supermarket,discount supermarket,F&B,Indonesia.Batam.Kuliner.202406162232.db,places,1.1499621,104.0051915,389319.2729758218,127124.8204944278,0,2298.2590438778266,67,265,0,65.99618973768092,4.2,6.035481432524756,0
10479,Akimbo Bar,bar,F&B,Indonesia.Batam.Kuliner.202406162232.db,places,1.1651415,104.0280368,391861.8260663609,128801.97433753009,-1,0.0,5,23,0,43.78252006097161,3.5,1.0986122886681098,0
10480,Top 100 Jodoh Supermarket,supermarket,F&B,Indonesia.Batam.Kuliner.202406162232.db,places,1.1471646,104.0036379,389146.2967171927,126815.62469678122,0,2288.5871800710606,62,269,0,97.12026915340111,4.3,7.292337176173877,0
10483,Goji Kitchen & Bar,restaurant,F&B,Indonesia.Batam.Kuliner.202406162232.db,places,1.1543241,103.9969279,388399.9543415782,127607.3506111834,0,3330.364162495865,21,69,5,64.6639996016893,4.1,3.332204510175204,0
10484,Wey Wey Palace,seafood restaurant,F&B,Indonesia.Batam.Kuliner.202406162232.db,places,1.1558741,103.9944059,388119.3927198482,127778.79853373604,0,3659.0685304361486,15,38,3,23.277855088002077,4.6,5.87493073085203,0
10485,Kedai Vegetarian Aho,vegetarian restaurant,F&B,Indonesia.Batam.Kuliner.202406162232.db,places,1.1454861,104.0125211,390134.66268962994,126629.72892329049,0,1348.194724090279,186,408,3,28.565076984364552,4.5,3.4657359027997265,0
10487,Alfamart,convenience store,F&B,Indonesia.Batam.Kuliner.202406162232.db,places,1.1531622,104.0045127,389243.8667216515,127478.60917107273,0,2575.598963006073,44,152,0,86.60625472513696,3.6,3.912023005428146,0
10489,Pasar Jodoh Batam,shopping mall,F&B,Indonesia.Batam.Kuliner.202406162232.db,places,1.1484738,104.0058692,389394.6230966643,126960.266780486,0,2143.745519872664,83,316,0,42.50562237471479,4.3,6.811244378601294,0
10490,Kopi Central Nagoya,restaurant,F&B,Indonesia.Batam.Kuliner.202406162232.db,places,1.1462961,104.009976,389851.5015274717,126719.36977412886,0,1629.8132987911204,146,416,35,83.35046032757336,4.5,3.258096538021482,0
10491,Mabes Anak Rantau Durian Tinggi,coffee shop,F&B,Indonesia.Batam.Kuliner.202406162232.db,places,1.1484497,104.0045304,389245.6543888707,126957.65443764819,0,2269.0910671203233,61,285,6,40.56257897757019,3.0,0.6931471805599453,0
10493,Nasi Goreng Kampoengan Nagoya,indonesian restaurant,F&B,Indonesia.Batam.Kuliner.202406162232.db,places,1.1389415,104.0028353,389056.6759815358,125906.61406496546,0,2142.9943606710876,50,225,1,66.10585074083708,5.0,1.791759469228055,0
10494,Sei Enam Seafood Batam Centre,seafood restaurant,F&B,Indonesia.Batam.Kuliner.202406162232.db,places,1.1302734,104.0384166,393015.470237955,124947.04375833394,0,2008.4162768720557,24,104,2,183.85938627276082,4.3,6.638567789166521,0
10496,Shuang Hong Bak Kut Teh Nagoya Hill (Shuang Hong 双凤肉骨茶),restaurant,F&B,Indonesia.Batam.Kuliner.202406162232.db,places,1.1465563,104.0121464,390093.0108071903,126748.05071097489,0,1455.4378263299348,187,400,48,0.0,3.7,2.772588722239781,0
10497,Kangen Cafè DC Mall,indonesian restaurant,F&B,Indonesia.Batam.Kuliner.202406162232.db,places,1.1413647,104.0029405,389068.47436025075,126174.48828860116,0,2161.2809372367765,70,265,3,27.44563851972258,2.6,1.791759469228055,0
10500,Ikan bakar tanjung batu (nagoya),ikan bakar restaurant,F&B,Indonesia.Batam.Kuliner.202406162232.db,places,1.1400719,104.0100555,389860.1102495685,126031.29954440238,0,1356.8131411379106,89,372,1,1.8644963637948992,4.6,2.0794415416798357,0
10501,Nusantara Baru,padang restaurant,F&B,Indonesia.Batam.Kuliner.202406162232.db,places,1.1456903,104.0120663,390084.065101362,126652.32006633695,0,1402.03733713429,178,411,8,18.66131516773973,3.4,2.3978952727983707,0
10504,Alfamart,convenience store,F&B,Indonesia.Batam.Kuliner.202406162232.db,places,1.1402144,104.0273834,391788.1823110057,126046.39534375642,0,640.6205070397361,49,205,0,42.390405797852665,4.5,4.882801922586371,0
10507,Bukit jodoh sei panas,housing development,F&B,Indonesia.Batam.Kuliner.202406162232.db,places,1.1420897,104.0273444,391783.9129070234,126253.70467917838,0,742.0631208000349,45,239,0,50.53006010131311,4.5,1.0986122886681098,0
10508,Nasi Uduk & Seafood Rio,restaurant,F&B,Indonesia.Batam.Kuliner.202406162232.db,places,1.1407627,104.0053001,389331.00390150014,126107.8479362702,0,1891.2787411166935,81,306,27,75.48976667717369,4.3,2.9444389791664403,0
10509,HW LiveHouse Batam,bar,F&B,Indonesia.Batam.Kuliner.202406162232.db,places,1.1556941,103.9953092,388219.89559634676,127758.86439411443,0,3563.952595320788,18,43,0,59.40515489125476,4.7,5.6131281063880705,0
10510,WARKOP AGEM MEDAN PREMIUM 22 SPECIAL MIE BANGLADESH,restaurant,F&B,Indonesia.Batam.Kuliner.202406162232.db,places,1.1460299,104.0068149,389499.756972951,126690.06390268289,0,1916.6399455074975,103,371,23,22.543386900285466,4.1,4.836281906951478,0
10511,Maneka Dimsum,dim sum restaurant,F&B,Indonesia.Batam.Kuliner.202406162232.db,places,1.144348,104.015416,390456.7334130312,126503.80465686998,0,1021.6950696789654,163,362,0,28.87114125233217,4.1,3.367295829986474,0
10512,Durian Bolone,diner,F&B,Indonesia.Batam.Kuliner.202406162232.db,places,1.112621,103.9789881,386402.16761771863,122997.86098636327,7,928.2170341219631,108,193,2,8.517906305858414,4.3,5.384495062789089,0
10521,Resto Central - Tumpeng  Nasi Kotak  Prasamanan  Catering Acara Batam,restaurant,F&B,Indonesia.Batam.Kuliner.202406162232.db,places,1.1005114,104.0339479,392517.1611956322,121657.1305695723,0,4347.768357083698,22,42,7,77.10833753181015,4.2,4.330733340286331,0
10523,Kafe Temasek,asian restaurant,F&B,Indonesia.Batam.Kuliner.202406162232.db,places,1.1474146,104.0113317,390002.39233642956,126842.96453084974,0,1586.0770179066892,174,403,2,58.84913969356274,4.6,1.791759469228055,0
10526,Komplek Mitra Raya 2,food court,F&B,Indonesia.Batam.Kuliner.202406162232.db,places,1.1278899,104.0397298,393161.5019243365,124683.50879621922,0,2259.4226831014967,18,116,0,21.370425933619117,4.6,5.25227342804663,0
10527,Martabak Canai & Prata Akbar-Nagoya NewTown,brunch restaurant,F&B,Indonesia.Batam.Kuliner.202406162232.db,places,1.1433369,104.0057603,389382.3087487798,126392.40091780726,0,1909.0522234138414,89,357,0,11.796961089324332,5.0,1.0986122886681098,0
10528,Sentra Wisata Kuliner Bratang Binangun,food court,F&B,Indonesia.Batam.Kuliner.202406162232.db,places,-7.297318,112.760383,1359151.0969249555,-814041.1809509282,-1,0.0,1,1,1,270.0121988109135,4.5,8.019612794400267,0
10531,Kedai Samesame Mitra Raya,restaurant,F&B,Indonesia.Batam.Kuliner.202406162232.db,places,1.1199542,104.0419439,393407.5753744791,123806.1675615706,0,2976.6633038276736,30,128,4,2.849856570646198,4.7,3.6888794541139363,0
10534,Sate Khas Tanjung Pinang 79,satay restaurant,F&B,Indonesia.Batam.Kuliner.202406162232.db,places,1.1394762,104.0031013,389086.29427038453,125965.71347670401,0,2117.228250912896,59,237,1,48.76675487285411,5.0,1.0986122886681098,0
10536,Nelayan Ikan Bakar & Asam Pedas Nagoya,ikan bakar restaurant,F&B,Indonesia.Batam.Kuliner.202406162232.db,places,1.1495133,104.0115763,390029.6890743918,127074.96019713531,0,1728.8985838499989,148,366,4,36.76131859271283,4.4,5.950642552587727,0
10539,Sri Rezeki,restaurant,F&B,Indonesia.Batam.Kuliner.202406162232.db,places,1.112601,103.9790879,386413.27178772783,122995.64618120658,7,938.7059699482937,107,193,30,11.322895101315023,4.2,3.7376696182833684,0
10540,Kulineran Kuliner Batavia,food court,F&B,Indonesia.Batam.Kuliner.202406162232.db,places,-6.2067714,106.9541256,716220.308341638,-686460.3795507167,-1,0.0,0,0,0,3077.2112810970257,4.7,6.818924065275521,0
10542,Pempek Ny  Kamto Nagoya Thamrin City,pempek restaurant,F&B,Indonesia.Batam.Kuliner.202406162232.db,places,1.1446659,104.0145906,390364.9036762083,126538.97906326209,0,1113.1152523836215,195,392,0,1.9010984070789703,5.0,2.3978952727983707,0
10543,Sentra Kuliner Gang 7 Samping UNESA,hawker stall,F&B,Indonesia.Batam.Kuliner.202406162232.db,places,-7.3031245,112.6700438,1349079.6906873016,-814515.5835022711,-1,0.0,0,1,0,685.398416088317,5.0,5.181783550292085,0
10544,Nagoya Foodcourt,food court,F&B,Indonesia.Batam.Kuliner.202406162232.db,places,1.1419144,104.0066095,389476.74468380096,126235.11481735136,0,1774.5204515725209,92,357,0,3.5914720605885675,4.6,8.119100837637486,0
10545,Ayam Bakar Bude Samping Lucky Plaza,chicken restaurant,F&B,Indonesia.Batam.Kuliner.202406162232.db,places,1.1440152,104.0107139,389933.52030259557,126467.19459875496,0,1428.9944593701223,142,442,3,52.16496536862234,4.5,4.624972813284271,0
10546,Mamma Yong Tahu,hawker stall,F&B,Indonesia.Batam.Kuliner.202406162232.db,places,1.144134,104.0148756,390396.5952771435,126480.1682586966,0,1050.6111551448157,171,384,1,34.01247665698412,3.7,3.8918202981106265,0
10549,Ikan Bakar 99 Nagoya Batam,ikan bakar restaurant,F&B,Indonesia.Batam.Kuliner.202406162232.db,places,1.1456564,104.0112963,389998.38627944386,126648.6020744291,0,1468.8200371749651,172,417,4,2.4770310173277195,3.7,1.3862943611198906,0
10550,Joy's Restaurant,restaurant,F&B,Indonesia.Batam.Kuliner.202406162232.db,places,1.1447567,104.0146993,390377.0021150497,126549.01256893032,0,1110.8443432566348,197,388,60,5.721154640869045,4.3,2.1972245773362196,0
10551,Taichan King Nagoya,satay restaurant,F&B,Indonesia.Batam.Kuliner.202406162232.db,places,1.1435358,104.0116515,390037.8284287933,126414.1624001557,0,1311.9948197397107,130,449,5,11.11936007034602,5.0,0.6931471805599453,0
10552,Sentra Wisata Kuliner Ketintang,brunch restaurant,F&B,Indonesia.Batam.Kuliner.202406162232.db,places,-7.310521,112.7294541,1355681.1538491277,-815454.2676058982,-1,0.0,0,1,0,892.8258662250564,4.6,4.477336814478207,0
10555,Sahabat Taichan - Nagoya,satay restaurant,F&B,Indonesia.Batam.Kuliner.202406162232.db,places,1.1431028,104.0120111,390077.8245043233,126366.2817667298,0,1254.4517879636762,127,457,5,18.321628473669335,4.8,1.791759469228055,0
10558,Sentra Wisata Kuliner Semolowaru,food court,F&B,Indonesia.Batam.Kuliner.202406162232.db,places,-7.3007976,112.7799566,1361324.3839545683,-814467.1126386354,-1,0.0,1,1,0,152.56768228884062,4.3,6.617402977974478,0
10562,Hai Kee Kopitiam,restaurant,F&B,Indonesia.Batam.Kuliner.202406162232.db,places,1.1410116,104.0045723,389250.03116132866,126135.39115454574,0,1975.7071405981087,79,299,29,19.90979302843677,4.1,3.4339872044851463,0
10563,Pujasera Town Centre Batamindo,food court,F&B,Indonesia.Batam.Kuliner.202406162232.db,places,1.0672945,104.0253343,391557.5387763135,117985.42919183213,13,403.57623446607073,19,49,1,8.306439005213404,4.3,6.016157159698354,0
10566,Rocket Chicken Nagoya Newton,restaurant,F&B,Indonesia.Batam.Kuliner.202406162232.db,places,1.1449025,104.0057606,389382.4021035092,126565.47365094206,0,1969.5894260446505,88,347,28,47.402810619141526,4.9,2.0794415416798357,0
10570,Sentra Wisata Kuliner Indrapura,food court,F&B,Indonesia.Batam.Kuliner.202406162232.db,places,-7.2438092,112.7364089,1356583.7197634708,-808026.8177249433,-1,0.0,2,2,0,16.77427318524763,4.5,4.955827057601261,0
10571,Pelam Coffee & Resto,seafood restaurant,F&B,Indonesia.Batam.Kuliner.202406162232.db,places,1.0993902,103.9303648,380991.1918915242,121537.11511640371,-1,0.0,6,6,1,71.12526964216158,4.7,3.9889840465642745,0
10572,Kaiten Ramen,japanese restaurant,F&B,Indonesia.Batam.Kuliner.202406162232.db,places,1.146417,104.0123269,390113.08963385667,126732.64458316102,0,1430.1689063386434,188,402,4,11.44485984384541,3.4,4.04305126783455,0
10573,Sentra Wisata Kuliner Taman Prestasi,food court,F&B,Indonesia.Batam.Kuliner.202406162232.db,places,-7.2624706,112.7447097,1357472.5338207267,-810124.1442104131,-1,0.0,0,1,0,746.3506989723189,4.4,6.440946540632921,0
10575,BPK Chika,restaurant,F&B,Indonesia.Batam.Kuliner.202406162232.db,places,1.1384254,104.0024686,389015.85350036295,125849.57470302057,0,2181.716320886902,49,214,21,43.049675009717376,4.7,4.574710978503383,0
10576,Senju Takoyaki Nagoya,japanese restaurant,F&B,Indonesia.Batam.Kuliner.202406162232.db,places,1.1427769,104.0123098,390111.0483450408,126330.24306330587,0,1208.653075452866,125,458,3,20.76829588649908,5.0,2.1972245773362196,0
10577,Kuliner nusantara,deli,F&B,Indonesia.Batam.Kuliner.202406162232.db,places,1.1454893,103.9959221,388287.6957599037,126630.72444947109,0,3025.6843552794835,54,93,0,78.60176063917972,5.0,0.6931471805599453,0
10578,Sentra Wisata Kuliner Wiyung,restaurant,F&B,Indonesia.Batam.Kuliner.202406162232.db,places,-7.314035,112.6974162,1352106.7407503263,-815784.6773747486,-1,0.0,1,1,0,358.2952356055397,4.3,6.787844982309579,0
10579,Nada Malay Seafood (Nada Seafood Melayu),seafood restaurant,F&B,Indonesia.Batam.Kuliner.202406162232.db,places,1.1270482,103.9676403,385140.03583296,124593.2060140012,-1,0.0,3,19,0,176.80027057517657,4.8,5.389071729816501,0
10580,Gadeno New York Pizza & Steak,steak house,F&B,Indonesia.Batam.Kuliner.202406162232.db,places,1.1463969,104.012226,390101.86177785957,126730.42646085744,0,1437.2595154059218,184,399,0,11.44485984384541,2.3,3.713572066704308,0
10581,Warung Penwan,family restaurant,F&B,Indonesia.Batam.Kuliner.202406162232.db,places,1.0975615,103.9332555,381312.77967953274,121334.83775352869,-1,0.0,3,6,0,309.16983249594796,4.5,2.8903717578961645,0
10582,Restoran Pondok Batam Kuring,sundanese restaurant,F&B,Indonesia.Batam.Kuliner.202406162232.db,places,1.1535108,104.0082924,389664.4451261734,127516.99911601454,0,2301.7585887116443,49,221,1,117.84905626639156,4.2,6.1092475827643655,0
10583,SENTRA KULINER JOMBANG,restaurant,F&B,Indonesia.Batam.Kuliner.202406162232.db,places,-7.6069363,112.2358382,1300197.4000002048,-847560.1028072163,-1,0.0,0,0,0,40469.625554546925,4.7,2.4849066497880004,0
10584,Sabana Fried Chicken Nagoya,fried chicken takeaway,F&B,Indonesia.Batam.Kuliner.202406162232.db,places,1.1435676,104.0055989,389364.3586349569,126417.9103845647,0,1934.1261309706088,88,351,0,31.191977822921835,3.5,1.0986122886681098,0
10585,Moon Vegetarian,vegetarian restaurant,F&B,Indonesia.Batam.Kuliner.202406162232.db,places,1.1464005,104.0087879,389719.306143726,126730.95662470462,0,1746.6974523612375,139,400,2,6.102146088331363,4.4,4.890349128221754,0
10586,Sentra Kuliner Tretes,restaurant,F&B,Indonesia.Batam.Kuliner.202406162232.db,places,-7.6964325,112.6312744,1343995.898389643,-858299.3321839777,-1,0.0,0,0,0,10126.479835200184,4.3,4.795790545596741,0
10588,RM kak ROS Seafood,restaurant,F&B,Indonesia.Batam.Kuliner.202406162232.db,places,1.0998249,103.9290388,380843.65961307834,121585.22404029644,-1,0.0,5,6,2,17.68319456272665,4.1,3.5263605246161616,0
10589,Ayam Penyet Ria Nagoya Hill,ayam penyet restaurant,F&B,Indonesia.Batam.Kuliner.202406162232.db,places,1.1462896,104.0121527,390093.70163359045,126718.56757940484,0,1435.8685669598838,185,401,2,14.395173628673286,2.6,3.58351893845611,0
10590,Sentra Wisata Kuliner (SWK) Rungkut Kidul,brunch restaurant,F&B,Indonesia.Batam.Kuliner.202406162232.db,places,-7.3272571,112.7769314,1360936.1231512488,-817412.7490893806,-1,0.0,0,1,0,966.9922914443986,4.9,2.302585092994046,0
10591,Sentra Wisata Kuliner Penjaringan Sari,food court,F&B,Indonesia.Batam.Kuliner.202406162232.db,places,-7.3221139,112.7839191,1361724.348430885,-816852.5928609449,-1,0.0,0,1,0,966.9922914443986,4.3,5.0689042022202315,0
10592,Sushi Murni Thamrin,sushi takeaway,F&B,Indonesia.Batam.Kuliner.202406162232.db,places,1.1445387,104.0148915,390398.37982511485,126524.90599176617,0,1078.806597724368,190,382,0,2.553343797640341,4.0,1.3862943611198906,0
10593,HOUKIA SEAFOOD RESTO & IKAN BAKAR,ikan bakar restaurant,F&B,Indonesia.Batam.Kuliner.202406162232.db,places,1.127901,103.972768,385710.63678036025,124687.27991318834,7,1879.0815389749296,6,26,0,72.41275056345789,4.3,4.248495242049359,0
10594,Soto medan Halal,restaurant,F&B,Indonesia.Batam.Kuliner.202406162232.db,places,1.1432689,104.012432,390124.6641936952,126384.6275154095,0,1221.526843598265,121,445,29,47.177776384381325,4.0,0.6931471805599453,0
10595,Mie Ayam Arafah,noodle shop,F&B,Indonesia.Batam.Kuliner.202406162232.db,places,1.145355,104.0114483,390015.2877543283,126615.27736081649,0,1435.8718747768332,168,420,2,16.833400610688187,5.0,0.6931471805599453,0
10596,Sentra kuliner Simpang Tiga THB,restaurant,F&B,Indonesia.Batam.Kuliner.202406162232.db,places,-6.1822887,106.9939563,720639.4058804812,-683768.8067786834,-1,0.0,0,0,0,1025.245266055606,5.0,2.0794415416798357,0
10597,Kampung laut seafood Tg riau,restaurant,F&B,Indonesia.Batam.Kuliner.202406162232.db,places,1.1002904,103.9326476,381245.2439522031,121636.54110263112,-1,0.0,6,8,2,272.8149121153088,5.0,0.6931471805599453,0
10598,SENTRA KULINER SETRO BARU,indonesian restaurant,F&B,Indonesia.Batam.Kuliner.202406162232.db,places,-7.2400056,112.7777324,1361193.8890546756,-807681.6036807287,-1,0.0,0,0,0,1820.044728747757,4.2,5.4638318050256105,0
10599,Kao ba BBQ 烤吧 BBQ,chinese restaurant,F&B,Indonesia.Batam.Kuliner.202406162232.db,places,1.1440306,104.0140224,390301.65622481215,126468.77031380666,0,1117.762267129359,165,403,5,86.30535950128775,5.0,3.044522437723423,0
10600,Sentra Wisata Kuliner Karah,food court,F&B,Indonesia.Batam.Kuliner.202406162232.db,places,-7.3094548,112.7196133,1354587.3271418374,-815316.4345611469,-1,0.0,0,0,0,1102.4766726814921,4.3,6.9726062513017535,0
10601,kuliner Nusantara,diner,F&B,Indonesia.Batam.Kuliner.202406162232.db,places,-7.275947,112.645571,1346406.380593698,-811438.3404130714,-1,0.0,0,0,0,2484.443811511914,5.0,1.0986122886681098,0
10602,New Sun Bread,bakery,F&B,Indonesia.Batam.Kuliner.202406162232.db,places,1.1461828,104.0123589,390116.64132785506,126706.7532450488,0,1410.69216891537,186,404,0,7.518471112756497,4.2,2.9444389791664403,0
10604,Centra Kuliner Jotaren(Pojok Kota Sragen) (CENTRA KULINER JOTAREN TAMAN TIARA SACHARI),indonesian restaurant,F&B,Indonesia.Batam.Kuliner.202406162232.db,places,-7.4290926,111.0090173,1164263.2975107068,-825700.3662742539,-1,0.0,0,0,0,1578.1749175564878,5.0,0.6931471805599453,0
10605,Rumah Makan Sunda Kharisma,restaurant,F&B,Indonesia.Batam.Kuliner.202406162232.db,places,1.1160088,103.974726,385928.04569709685,123372.5408800062,7,703.6795067004283,29,151,7,21.23624375118474,4.8,2.4849066497880004,0
10606,Sentra Kuliner Siwalankerto (Sentra Wisata Kuliner Siwalankerto),food court,F&B,Indonesia.Batam.Kuliner.202406162232.db,places,-7.3405056,112.7359633,1356348.1011592909,-818811.1767937597,-1,0.0,0,1,0,982.7337489658705,4.4,4.007333185232471,0
10607,Taichan King Nagoya,satay restaurant,F&B,Indonesia.Batam.Kuliner.202406162232.db,places,1.1399176,104.0063083,389443.1539723724,126014.38573134433,0,1766.9439568407774,97,333,2,26.547103570949673,4.3,2.5649493574615367,0
10608,Acia Ikan Bakar,ikan bakar restaurant,F&B,Indonesia.Batam.Kuliner.202406162232.db,places,1.1421629,104.011093,389975.63209912187,126262.41375598227,0,1306.1041821864012,118,459,3,47.84613258865412,4.4,7.164720378771857,0
10609,Restaurant Liang Kee 888,seafood restaurant,F&B,Indonesia.Batam.Kuliner.202406162232.db,places,1.1407981,104.0043011,389219.846585146,126111.79975308258,0,2001.6445005836968,78,289,4,22.113033353969115,4.4,6.07993319509559,0
10610,Sentra Wisata Kuliner Dharmahusada,indonesian restaurant,F&B,Indonesia.Batam.Kuliner.202406162232.db,places,-7.2683301,112.7741892,1360744.7315752283,-810834.3194167995,-1,0.0,0,0,0,1400.1508508721665,4.4,7.821242083523558,0
10611,Gayungan Culinary Central (Sentra Wisata Kuliner Gayungan),cafe,F&B,Indonesia.Batam.Kuliner.202406162232.db,places,-7.3377386,112.7166822,1354206.4274966808,-818465.34696316,-1,0.0,0,0,0,1396.0432766474942,4.2,7.062191632286556,0
10613,Gerai Nelayan 2M Mentarau,seafood restaurant,F&B,Indonesia.Batam.Kuliner.202406162232.db,places,1.1339512,103.971781,385601.0486845601,125356.15853459944,-1,0.0,2,17,1,36.534073063890155,4.4,6.816735880594968,0
10614,Bubur Ayam Pak Soleh,porridge restaurant,F&B,Indonesia.Batam.Kuliner.202406162232.db,places,1.14929,104.0096664,389817.16707649257,127050.34865514039,0,1862.3220264512481,135,370,0,83.1084871380153,4.5,5.973809611869261,0
10615,Sentra KULINER DI SONO,food court,F&B,Indonesia.Batam.Kuliner.202406162232.db,places,-7.4309497,112.7136537,1353688.2025381485,-828855.4109683561,-1,0.0,0,0,0,4918.83416139237,4.8,3.4657359027997265,0
10616,SENTRA KULINER ANGGASWANGI,indonesian restaurant,F&B,Indonesia.Batam.Kuliner.202406162232.db,places,-7.4125101,112.6735232,1349256.6058948566,-826720.9600557219,-1,0.0,0,0,0,4525.715707467461,4.8,2.3978952727983707,0
10618,Sentra Kuliner KITA,food court,F&B,Indonesia.Batam.Kuliner.202406162232.db,places,-7.2702994,112.760835,1359253.5184950128,-811028.3093444972,-1,0.0,0,1,0,616.1471783677833,4.8,2.3978952727983707,0
10619,Bakso Kota Cak Man,bakso restaurant,F&B,Indonesia.Batam.Kuliner.202406162232.db,places,1.146466,104.0127009,390154.70628029236,126738.0470348594,0,1402.5006817439396,188,399,4,14.240293530894656,2.6,2.1972245773362196,0
10620,Bakmi Bening,restaurant,F&B,Indonesia.Batam.Kuliner.202406162232.db,places,1.124599,103.981933,386730.31144525297,124321.89198517567,7,1946.397421362412,12,35,3,81.70966562064649,5.0,2.5649493574615367,0
10622,Sentra Wisata Kuliner Convention Hall,convention center,F&B,Indonesia.Batam.Kuliner.202406162232.db,places,-7.2893635,112.7834711,1361737.9620911404,-813198.4478915329,-1,0.0,1,1,0,75.19774648942621,4.3,7.7458682297922685,0
10623,SENTRA BERDIKARI,diner,F&B,Indonesia.Batam.Kuliner.202406162232.db,places,-6.4690205,106.8593245,705623.0884738986,-715427.5629042882,-1,0.0,1,3,1,107.83156001281763,5.0,0.6931471805599453,0
10624,Kuliner Ami,diner,F&B,Indonesia.Batam.Kuliner.202406162232.db,places,-7.3012651,112.7812437,1361466.8323476454,-814521.7510224762,-1,0.0,1,1,0,152.56768228884062,5.0,0.6931471805599453,0
10625,Mie Ayam Bakso Barcelona pak kumis kawasan,indonesian restaurant,F&B,Indonesia.Batam.Kuliner.202406162232.db,places,1.1210454,103.9713346,385550.8730720035,123929.46066347124,-1,0.0,6,44,1,151.14568363260642,4.6,4.330733340286331,0
10627,Sentra Wisata Kuliner Lidah Wetan,coffee shop,F&B,Indonesia.Batam.Kuliner.202406162232.db,places,-7.3073849,112.6656085,1348577.6964032652,-814982.2447579708,-1,0.0,0,1,0,685.398416088317,3.0,1.0986122886681098,0
10628,Lesehan Idola,restaurant,F&B,Indonesia.Batam.Kuliner.202406162232.db,places,1.1208206,103.9775005,386236.9548082083,123904.36913517451,7,1315.310668386245,17,131,5,51.24369954448396,5.0,0.6931471805599453,0
10629,Sentra Wisata Kuliner Sukomanunggal,food court,F&B,Indonesia.Batam.Kuliner.202406162232.db,places,-7.2643434,112.6970826,1352164.6377469087,-810242.0905430892,-1,0.0,0,0,0,2375.5180679103864,4.1,5.056245805348308,0
10630,Dapur eddull Seraya (Pondok Kriuk Cabang Seraya Nagoya),restaurant,F&B,Indonesia.Batam.Kuliner.202406162232.db,places,1.1484182,104.0160676,390529.3911817531,126953.72772053143,0,1333.2862713065115,152,337,46,4.2133403199048525,4.8,3.258096538021482,0
10631,Es Tiara (Es Bencong),restaurant,F&B,Indonesia.Batam.Kuliner.202406162232.db,places,1.1492296,104.0169648,390629.25281116867,127043.3910941116,0,1367.219464668151,111,324,39,24.223150651374546,4.4,6.068425588244111,0
10632,Sentra makanan pocan,brunch restaurant,F&B,Indonesia.Batam.Kuliner.202406162232.db,places,-7.3428241,112.7690784,1360031.2939462345,-819133.9455126164,-1,0.0,0,0,0,1944.5392815797093,5.0,1.0986122886681098,0
10634,Wisata Kuliner Tanah Merah (Sentra Wisata Kuliner Tanah Merah Kenjeran),food court,F&B,Indonesia.Batam.Kuliner.202406162232.db,places,-7.2266081,112.7684107,1360181.2064746239,-806169.3084692365,-1,0.0,0,0,0,1820.044728747757,4.5,5.272999558563747,0
10635,Arai Pinang,padang restaurant,F&B,Indonesia.Batam.Kuliner.202406162232.db,places,1.1484827,104.0176216,390702.30602960737,126960.79851883887,0,1262.1586404613124,106,361,6,0.6457251157728349,4.4,5.572154032177765,0
10637,waroeng nabilla gojek crew,seblak restaurant,F&B,Indonesia.Batam.Kuliner.202406162232.db,places,1.1482581,104.0155437,390471.09111422836,126936.04923207613,0,1348.481055959435,167,342,0,2.3764619970477243,4.2,4.90527477843843,0
10638,Sentra Kuliner BCC Blok O,restaurant,F&B,Indonesia.Batam.Kuliner.202406162232.db,places,-6.5439679,106.7820036,697040.1664226983,-723685.8688433553,-1,0.0,1,1,0,320.8326158552239,4.6,4.394449154672439,0
10640,Wisata Kuliner Deles (Sentra Wisata Kuliner Deles),food court,F&B,Indonesia.Batam.Kuliner.202406162232.db,places,-7.289812,112.783975,1361793.2192825289,-813249.4512627642,-1,0.0,1,1,0,75.19774648942621,4.4,7.9676267393338165,0
10641,Angkringan jogja,diner,F&B,Indonesia.Batam.Kuliner.202406162232.db,places,1.1478013,104.0153997,390455.0509480812,126885.55692116235,0,1315.1934696835133,168,354,1,1.4359276142545097,4.6,5.68697535633982,0
10642,RM Ampera Ababil,padang restaurant,F&B,Indonesia.Batam.Kuliner.202406162232.db,places,1.1480172,104.0148272,390391.3574840933,126909.44594009093,0,1371.4078384247525,179,348,9,8.927994775900906,4.5,5.225746673713202,0
10643,Sentra Kuliner Rajeg,indonesian restaurant,F&B,Indonesia.Batam.Kuliner.202406162232.db,places,-6.1224694,106.531286,669448.1982440611,-676984.1754021345,-1,0.0,0,0,0,12732.898164057084,5.0,2.0794415416798357,0
10644,Nasi Goreng Kampoengan Seraya,indonesian restaurant,F&B,Indonesia.Batam.Kuliner.202406162232.db,places,1.1484791,104.017627,390702.90674656566,126960.40034371671,0,1261.5569398531377,106,362,14,0.7206970874650165,5.0,1.3862943611198906,0
10648,Sup Tulang Bu mega,restaurant,F&B,Indonesia.Batam.Kuliner.202406162232.db,places,1.1488869,104.0161963,390543.729372303,127005.53611635434,0,1371.4889235724238,134,326,41,25.326639693327117,4.6,5.087596335232384,0
10650,Sentra Kuliner,restaurant,F&B,Indonesia.Batam.Kuliner.202406162232.db,places,-2.2262753,113.9195065,1495819.0207491815,-249101.2589079925,-1,0.0,0,0,0,450249.5366479509,5.0,1.3862943611198906,0
10652,SENTRA KULINER SAWUNGGALING,food court,F&B,Indonesia.Batam.Kuliner.202406162232.db,places,-7.3722857,112.6788595,1349928.482448365,-822245.3947772724,-1,0.0,0,0,0,4525.715707467461,4.8,2.995732273553991,0
10654,Sentra Wisata Kuliner Ketintang,food court,F&B,Indonesia.Batam.Kuliner.202406162232.db,places,-7.3185238,112.7295739,1355679.068496266,-816347.0910367646,-1,0.0,0,1,0,892.8258662250564,4.4,4.812184355372417,0
10655,Kedai Kopi Jawa Timur,javanese restaurant,F&B,Indonesia.Batam.Kuliner.202406162232.db,places,1.110593,103.9447909,382596.8796355708,122775.00584901088,7,2894.4262929567476,11,42,1,34.46245127252536,4.4,2.772588722239781,0
10656,Miso Dapur Ibnoe   Seraya,indonesian restaurant,F&B,Indonesia.Batam.Kuliner.202406162232.db,places,1.1509423,104.0154276,390458.2750612504,127232.78369931992,0,1612.344830904981,114,290,13,28.498881169993474,5.0,0.6931471805599453,0
10657,Culinary Mulyorejo (Sentra Wisata Kuliner Mulyorejo),food court,F&B,Indonesia.Batam.Kuliner.202406162232.db,places,-7.2627234,112.7854336,1362008.0127205781,-810230.5453257674,-1,0.0,0,0,0,1400.1508508721665,4.4,7.277938572945661,0
10658,Coto Makassar Anging Mammiri Batam,south sulawesi restaurant,F&B,Indonesia.Batam.Kuliner.202406162232.db,places,1.1519626,104.0109265,389957.4801062783,127345.74815058829,0,1981.6411913429658,70,311,0,2.270684894702729,3.9,4.736198448394496,0
10661,Sentra Wisata Kuliner Terminal Manukan,food court,F&B,Indonesia.Batam.Kuliner.202406162232.db,places,-7.2682654,112.6665108,1348752.6676318904,-810621.3959920915,-1,0.0,0,0,0,1044.1968472328854,4.5,5.680172609017068,0
10662,DOKAR BUBUR AYAM & BAKMI JOWO,restaurant,F&B,Indonesia.Batam.Kuliner.202406162232.db,places,1.1318829,103.9758217,386050.58168573905,125127.35221506571,7,2373.1970977867,7,19,3,25.226944819139632,4.6,3.4011973816621555,0
10663,Wapo (Sentra PKL Indrapura),brunch restaurant,F&B,Indonesia.Batam.Kuliner.202406162232.db,places,-7.243839,112.736673,1356613.0784868193,-808030.6454901587,-1,0.0,2,2,0,22.729566297842794,4.1,3.091042453358316,0
10664,SeKuL Sentra Kuliner Desa Mojoparon,restaurant,F&B,Indonesia.Batam.Kuliner.202406162232.db,places,-7.6046727,112.8123109,1364324.7099249854,-848428.8725183795,-1,0.0,0,0,0,16495.05326412957,4.3,3.7612001156935624,0
10667,Sentra Kuliner Kerto Emas,food court,F&B,Indonesia.Batam.Kuliner.202406162232.db,places,-7.4572296,112.5672792,1337345.101504808,-831502.7410858708,-1,0.0,0,0,0,5222.201737819209,4.7,2.4849066497880004,0
10670,DEPOT BU UGIK (Sentra PKL Indrapura),diner,F&B,Indonesia.Batam.Kuliner.202406162232.db,places,-7.2439342,112.7364926,1356592.8034735532,-808040.9195848218,-1,0.0,2,2,0,16.77427318524763,3.5,2.833213344056216,0
10672,Warung Uni Desi (Warung Uway),restaurant,F&B,Indonesia.Batam.Kuliner.202406162232.db,places,1.1506989,104.015512,390467.65689410723,127205.87333997287,0,1584.1317023039553,114,296,39,0.0,3.8,2.5649493574615367,0
10678,Waroenk Mak Sri,restaurant,F&B,Indonesia.Batam.Kuliner.202406162232.db,places,-6.186147,106.9811137,719216.1705620072,-684190.2523379785,-1,0.0,1,3,1,493.26275805830767,4.8,3.6635616461296463,0
10679,Waroeng Nasi Uduk NABILLA,betawi restaurant,F&B,Indonesia.Batam.Kuliner.202406162232.db,places,1.1483119,104.0155468,390471.4380970842,126941.99653684083,0,1353.31083612918,166,340,1,4.464211901423119,4.3,3.091042453358316,0
10681,Sentra Wisata Kuliner Manukan Lor,food court,F&B,Indonesia.Batam.Kuliner.202406162232.db,places,-7.2594547,112.6633408,1348416.3864129134,-809632.830365775,-1,0.0,0,0,0,1044.1968472328854,4.5,4.897839799950911,0
10683,Sentra Kuliner Sukorame,nasi restaurant,F&B,Indonesia.Batam.Kuliner.202406162232.db,places,-8.0201512,112.7231769,1353550.2341491543,-894588.6267564326,-1,0.0,0,0,0,10705.611039087462,4.9,2.0794415416798357,0
10684,WARUNG DENISE,indonesian restaurant,F&B,Indonesia.Batam.Kuliner.202406162232.db,places,1.1491681,104.0166319,390592.208951007,127036.60521148863,0,1376.9132869305226,116,318,13,8.428916123114535,4.7,2.3978952727983707,0
10685,Has Fried Chicken,chicken restaurant,F&B,Indonesia.Batam.Kuliner.202406162232.db,places,-6.3188305,107.1362163,736326.6510327482,-698934.0470819982,-1,0.0,0,0,0,11920.226981901915,4.3,3.091042453358316,0
10686,Chiki Chicky Warung Makan,rice restaurant,F&B,Indonesia.Batam.Kuliner.202406162232.db,places,1.14849,104.0134601,390239.2591986442,126961.76499557015,0,1505.9326954533515,182,357,0,2.190215628322811,5.0,1.3862943611198906,0
10687,Ayam kosek mbah amat sekupang,tongue restaurant,F&B,Indonesia.Batam.Kuliner.202406162232.db,places,1.1038241,103.9525288,383457.6349454059,122026.40416109201,7,2183.081480412536,20,51,0,52.82800146475286,5.0,0.6931471805599453,0
10690,Pondok Soto Uni Leni,soto restaurant,F&B,Indonesia.Batam.Kuliner.202406162232.db,places,1.1490292,104.0166524,390594.48468449665,127021.2494660518,0,1362.1266419592,117,324,0,1.9267619478032558,3.9,3.784189633918261,0
10691,Tasty Cafe and Restaurant,indonesian restaurant,F&B,Indonesia.Batam.Kuliner.202406162232.db,places,1.1483409,104.0145724,390363.0183934155,126945.23975332007,0,1417.023449349387,180,344,15,8.748833350304178,5.0,0.6931471805599453,0
10692,Sentra Kuliner Mabes  Al-Mukhlasin sukorejo,corporate office,F&B,Indonesia.Batam.Kuliner.202406162232.db,places,-7.7197388,112.7192396,1353734.4491228317,-861075.3407340054,-1,0.0,0,0,0,10126.479835200184,4.6,4.5217885770490405,0
10693,Sriwijaya Culinary Center (Sentra Kuliner Sriwijaya),food court,F&B,Indonesia.Batam.Kuliner.202406162232.db,places,-7.9785158,112.6364204,1343993.162082531,-889764.4707438641,-1,0.0,0,0,0,10705.611039087462,4.3,6.366470447731438,0
10695,Sentra Kuliner Veteran Brigjen Katamso,restaurant,F&B,Indonesia.Batam.Kuliner.202406162232.db,places,-7.4313244,111.0236773,1165886.3164743222,-825970.5861956748,-1,0.0,1,1,0,76.59043305794638,4.5,3.044522437723423,0
10696,Nasi Uduk  Cak Soleh,fast food restaurant,F&B,Indonesia.Batam.Kuliner.202406162232.db,places,1.1074416,103.9643328,384771.24031908653,122425.85379237914,7,821.0814223446669,81,130,3,2.9292622234729113,4.7,2.833213344056216,0
10697,WakJoe,restaurant,F&B,Indonesia.Batam.Kuliner.202406162232.db,places,1.1509169,104.012013,390078.33412097336,127230.10718747927,0,1815.9538928446266,107,312,31,51.45861353781924,4.3,1.3862943611198906,0
10698,RM  Sunda77,sundanese restaurant,F&B,Indonesia.Batam.Kuliner.202406162232.db,places,1.1485275,104.0163627,390562.23089845653,126965.79919348241,0,1327.7393788006095,139,340,2,17.815355390385765,4.5,3.828641396489095,0
10699,Ikan bakar ayam bakar seraya,restaurant,F&B,Indonesia.Batam.Kuliner.202406162232.db,places,1.1484061,104.0162574,390550.5096273009,126952.38283443154,0,1321.6649236596365,145,342,43,17.815355390385765,5.0,1.3862943611198906,0
10700,D'steam Seafood Batam Peranakan Style,restaurant,F&B,Indonesia.Batam.Kuliner.202406162232.db,places,1.148653,104.0158276,390502.69549496775,126979.69332526649,0,1369.166737462721,156,331,50,0.0,4.5,4.0943445622221,0
10701,Sentra Kuliner Kadipaten,nasi goreng restaurant,F&B,Indonesia.Batam.Kuliner.202406162232.db,places,-6.7662129,108.1749691,851026.1094473326,-749051.4059201233,-1,0.0,0,0,0,42735.48118567172,3.9,3.58351893845611,0
10704,Ayam geprek mania seraya 01,restaurant,F&B,Indonesia.Batam.Kuliner.202406162232.db,places,1.147646,104.0157505,390494.07831254986,126868.37555228561,0,1279.188854480193,168,350,53,12.918517568964436,5.0,0.6931471805599453,0
10705,WARUNG WAK MENONG 19,restaurant,F&B,Indonesia.Batam.Kuliner.202406162232.db,places,1.1489066,104.0149487,390404.91059000697,127007.7617186522,0,1444.6442919308047,164,333,50,47.10882011635859,5.0,0.6931471805599453,0
10706,Sentra Wisata Kuliner Guminto Suramadu,food court,F&B,Indonesia.Batam.Kuliner.202406162232.db,places,-7.2080615,112.762119,1359515.7896711696,-804088.5248227039,-1,0.0,0,0,0,2184.5915192540415,4.7,3.6635616461296463,0
10707,Agam Raya,padang restaurant,F&B,Indonesia.Batam.Kuliner.202406162232.db,places,1.1559314,104.0138261,390280.26852342125,127784.37513795216,0,2186.235721494819,4,174,0,146.30604681974995,5.0,1.0986122886681098,0
10708,Warung Nusantara Azizah,indonesian restaurant,F&B,Indonesia.Batam.Kuliner.202406162232.db,places,1.1479921,104.0146993,390377.1251814197,126906.67611552446,0,1377.589891097164,180,349,15,8.039516585472848,5.0,1.0986122886681098,0
10709,ASO SAMBAL BAKAR KUALI,indonesian restaurant,F&B,Indonesia.Batam.Kuliner.202406162232.db,places,1.127348,103.9731168,385749.4267257929,124626.1329870391,7,1823.4612950862825,6,32,0,72.41275056345789,5.0,1.0986122886681098,0
10710,Sentral Kuliner,restaurant,F&B,Indonesia.Batam.Kuliner.202406162232.db,places,-6.2551455,106.6149104,678659.6158435331,-691683.4239441669,-1,0.0,0,0,0,5445.706295443993,4.9,4.584967478670572,0
10711,Love 168 Nasi Campur,restaurant,F&B,Indonesia.Batam.Kuliner.202406162232.db,places,1.1490291,104.0136934,390265.2389066744,127021.35190734845,0,1536.486891999896,171,346,50,3.5278417879183994,5.0,1.0986122886681098,0
10712,Reggia Miso & Bakso,soto ayam restaurant,F&B,Indonesia.Batam.Kuliner.202406162232.db,places,1.1487699,104.0142288,390324.80261062493,126992.67757659648,0,1477.8699431882385,177,349,2,17.135129771183717,5.0,0.6931471805599453,0
10713,PKL centers Villa Bukit Mas (Sentra Wisata Kuliner Villa Bukit Mas),food court,F&B,Indonesia.Batam.Kuliner.202406162232.db,places,-7.300234,112.707352,1353239.630526587,-814264.5122091146,-1,0.0,0,0,0,1695.672534689548,4.3,5.869296913133774,0
10714,SKJ ( Sentra Kuliner Jerukgamping),brunch restaurant,F&B,Indonesia.Batam.Kuliner.202406162232.db,places,-7.4155014,112.5885755,1339795.3024048181,-826891.0270292459,-1,0.0,0,0,0,5222.201737819209,4.6,2.9444389791664403,0
10717,Rawon Kalkulator,soto restaurant,F&B,Indonesia.Batam.Kuliner.202406162232.db,places,-7.2918496,112.7401047,1356903.2166105579,-813392.2014504191,-1,0.0,1,2,0,468.5414493596126,4.4,8.987571750367046,0
10718,Dapur Abah Khas Sunda,sundanese restaurant,F&B,Indonesia.Batam.Kuliner.202406162232.db,places,1.1493701,104.0161469,390538.251068446,127058.95426462534,0,1421.2171126329904,121,317,2,50.05346223509184,4.9,2.0794415416798357,0
10719,Sentra Kuliner BCC Blok M,udon noodle restaurant,F&B,Indonesia.Batam.Kuliner.202406162232.db,places,-6.5468556,106.7817272,697008.4621185407,-724005.131125021,-1,0.0,1,1,0,320.8326158552239,4.0,1.791759469228055,0
10720,GERAI ERNA,restaurant,F&B,Indonesia.Batam.Kuliner.202406162232.db,places,1.1569526,104.0129897,390187.24233235413,127897.29806348796,-1,0.0,3,141,1,146.30604681974995,4.7,1.3862943611198906,0
10723,Sentra Wisata Kuliner (SWK) PEGIRIAN,food court,F&B,Indonesia.Batam.Kuliner.202406162232.db,places,-7.2287568,112.7456364,1357640.26517423,-806365.49824464,-1,0.0,0,0,0,1956.4835394279862,4.3,5.225746673713202,0
10724,Rm Nusantara,padang restaurant,F&B,Indonesia.Batam.Kuliner.202406162232.db,places,1.1483781,104.014503,390355.2977203792,126949.35476156526,0,1424.8993630331388,180,346,9,7.902329983850793,4.7,1.9459101490553132,0
10725,Foodcourt Urip Sumoharjo (Sentra Wisata Kuliner Urip Sumoharjo),food court,F&B,Indonesia.Batam.Kuliner.202406162232.db,places,-7.2747433,112.7415447,1357096.4760873076,-811486.9610568889,-1,0.0,0,0,0,1328.2055256389394,4.1,7.666221925662725,0
10726,Warung Sederhana Bukit Senyum No 110,breakfast restaurant,F&B,Indonesia.Batam.Kuliner.202406162232.db,places,1.1584546,104.0104013,389899.2913928488,128063.44010405203,0,2609.38726677627,5,75,1,61.939467360111024,4.1,2.4849066497880004,0
10727,Ruko Stevonica,restaurant,F&B,Indonesia.Batam.Kuliner.202406162232.db,places,1.1091686,103.9672106,385091.52704409766,122616.65937261184,7,448.6871613420866,68,121,20,5.918109135225618,4.2,3.4011973816621555,0
10729,Kost dan resto mama Dina,family restaurant,F&B,Indonesia.Batam.Kuliner.202406162232.db,places,1.1528763,104.0156855,390487.04522944137,127446.57150725604,0,1793.4509265435543,50,242,0,215.71497259085154,5.0,0.6931471805599453,0
10731,Cafe Kongkow Seraya,brunch restaurant,F&B,Indonesia.Batam.Kuliner.202406162232.db,places,1.1519424,104.0109228,389957.0676348122,127343.51524280231,0,1980.1577707646532,71,311,1,2.270684894702729,1.0,0.6931471805599453,0
10732,Sentra Wisata Kuliner Dukuh Menanggal,food court,F&B,Indonesia.Batam.Kuliner.202406162232.db,places,-7.3436613,112.7277249,1355424.61128031,-819147.2304572962,-1,0.0,0,1,0,982.7337489658705,4.3,5.313205979041787,0
10734,Dapur Mak Long,brunch restaurant,F&B,Indonesia.Batam.Kuliner.202406162232.db,places,1.0996654,103.9290268,380842.31799663417,121567.59181311834,-1,0.0,5,6,0,17.68319456272665,4.3,2.1972245773362196,0
10736,Sentra Kuliner dan Transit Wisata Dieng,indonesian restaurant,F&B,Indonesia.Batam.Kuliner.202406162232.db,places,-7.3779693,109.9510307,1047057.7613016558,-818573.3222170683,-1,0.0,0,0,0,64962.52410909209,5.0,0.6931471805599453,0
10737,Angkringan Nusantara,indonesian restaurant,F&B,Indonesia.Batam.Kuliner.202406162232.db,places,1.1478128,104.0153937,390454.3837698817,126886.82844047541,0,1316.6197300555602,168,354,16,1.4359276142545097,5.0,1.3862943611198906,0
10738,FOODCITY GRAND GALAXY CITY,food court,F&B,Indonesia.Batam.Kuliner.202406162232.db,places,-6.274167,106.9762567,718642.0617966236,-693923.9484815052,22,436.9330112296937,12,28,0,211.46886685459117,4.6,6.910750787961936,0
10742,SENTRA KULINER GANDARIA,food court,F&B,Indonesia.Batam.Kuliner.202406162232.db,places,-6.2458746,106.7835455,697325.0543588165,-690718.4217397086,-1,0.0,0,0,0,5024.345135729714,4.5,4.948759890378168,0
10743,BAKSO NORJO sentra kuliner wonorejo kebun bibit2 WONOREJO-RUNGKUT,bakso restaurant,F&B,Indonesia.Batam.Kuliner.202406162232.db,places,-7.3123776,112.7889324,1362301.621470383,-815776.2364095653,-1,0.0,0,0,0,1221.3874784676777,4.6,2.5649493574615367,0
10744,RUJAK JESSIKA 21,restaurant,F&B,Indonesia.Batam.Kuliner.202406162232.db,places,1.158383,104.0109534,389960.720276267,128055.50348645676,0,2572.425121086492,4,82,1,61.939467360111024,5.0,1.6094379124341003,0
10745,Sentra Kuliner Rewwin RW IX  Wedoro Sidoarjo,food court,F&B,Indonesia.Batam.Kuliner.202406162232.db,places,-7.3466484,112.7477522,1357648.965654682,-819519.1478609932,-1,0.0,0,0,0,1481.0372944016829,4.7,6.045005314036012,0
10746,Sentra Kuliner KBS,restaurant,F&B,Indonesia.Batam.Kuliner.202406162232.db,places,-7.2941979,112.7366171,1356510.28840301,-813647.4239288203,-1,0.0,1,1,0,468.5414493596126,5.0,1.0986122886681098,0
10747,Kantin Bu'e Giri,restaurant,F&B,Indonesia.Batam.Kuliner.202406162232.db,places,1.1501881,104.0142078,390322.52007282455,127149.45606945483,0,1608.3394963712026,146,325,46,0.0,3.0,0.6931471805599453,0
10750,RM  2 Saudara,padang restaurant,F&B,Indonesia.Batam.Kuliner.202406162232.db,places,1.1482649,104.014065,390306.55743947194,126936.8576518646,0,1444.3624187526257,183,359,9,40.030133013376556,4.0,1.0986122886681098,0
10751,WARUNG MAKOKE,french restaurant,F&B,Indonesia.Batam.Kuliner.202406162232.db,places,1.1496953,104.0128902,390175.8928303836,127095.02918236045,0,1649.462974611272,161,349,0,91.12313765619267,5.0,0.6931471805599453,0
10752,Kawasan kuliner Lucky City,restaurant,F&B,Indonesia.Batam.Kuliner.202406162232.db,places,1.1469275,104.0070152,389522.0786989608,126789.28333383217,0,1945.4507077058558,90,379,18,18.294020729785885,2.0,0.6931471805599453,0
10753,Kapas Krampung Street Food Culinary Center  Surabaya (Sentra Wisata Kuliner Kapas Krampung),food court,F&B,Indonesia.Batam.Kuliner.202406162232.db,places,-7.252782,112.7670666,1359981.2926067035,-809086.3085610494,-1,0.0,0,0,0,1855.6901536709684,4.3,6.769641976852503,0
10754,Miso Tulang dan Soto Medan Maimun,indonesian restaurant,F&B,Indonesia.Batam.Kuliner.202406162232.db,places,1.1484782,104.0176179,390701.8941625543,126960.30119956945,0,1261.862669690438,106,362,14,0.6457251157728349,5.0,0.6931471805599453,0
10755,RM Mando,padang restaurant,F&B,Indonesia.Batam.Kuliner.202406162232.db,places,1.1094867,103.9427336,382367.9135155953,122652.78685766707,7,3127.557091893786,8,33,3,63.47334860802407,4.3,1.6094379124341003,0
10756,Sentra Kuliner Puncak (Centra Kuliner Sari Barokah),restaurant,F&B,Indonesia.Batam.Kuliner.202406162232.db,places,-6.6706526,106.926635,712983.8421977239,-737756.9871877762,-1,0.0,0,0,0,10749.807651484605,4.1,4.174387269895637,0
10758,Aiola Eatery,food court,F&B,Indonesia.Batam.Kuliner.202406162232.db,places,-7.258743,112.7502734,1358099.3648804922,-809719.0242425398,-1,0.0,0,1,0,746.3506989723189,4.5,9.173053787190167,0
10760,Sentra Kuliner Pom Dinoyo Surabaya,fast food restaurant,F&B,Indonesia.Batam.Kuliner.202406162232.db,places,-7.2860532,112.7452711,1357489.7569921594,-812755.6060222818,-1,0.0,0,1,0,865.6115516642857,5.0,0.6931471805599453,0
10762,Rm Berkah Ibu,restaurant,F&B,Indonesia.Batam.Kuliner.202406162232.db,places,1.1491881,104.0165588,390584.07593232265,127038.81894907259,0,1382.4888667733858,118,321,39,8.428916123114535,5.0,1.3862943611198906,0
10763,Mr Sumo Harapan Indah (Mr Sumo - BEKASI),grill,F&B,Indonesia.Batam.Kuliner.202406162232.db,places,-6.1891115,106.9756062,718605.2921312796,-684515.879205729,-1,0.0,0,1,0,692.2465703268521,4.7,8.972083182851925,0
10764,Pempek OM Ganjen,pempek restaurant,F&B,Indonesia.Batam.Kuliner.202406162232.db,places,1.1513716,104.012112,390089.36719516665,127280.36910329114,0,1849.1753555180771,88,306,0,51.45861353781924,4.4,6.100318952020064,0
10767,Foodcourt Kulineri,indonesian restaurant,F&B,Indonesia.Batam.Kuliner.202406162232.db,places,-7.3748615,112.7948619,1362840.059121436,-822757.9332889284,-1,0.0,0,0,0,4585.024450565427,3.5,1.9459101490553132,0
10768,Sentra Kuliner Taman Tirtonadi,food court,F&B,Indonesia.Batam.Kuliner.202406162232.db,places,-6.9738769,111.4172532,1210283.904694207,-775705.9018965857,-1,0.0,0,0,0,67064.77709967841,4.0,2.5649493574615367,0
10770,Rm Padang Lintau Jaya,brunch restaurant,F&B,Indonesia.Batam.Kuliner.202406162232.db,places,1.1497778,104.0170245,390635.9164422356,127103.990595477,0,1419.9234171926614,110,313,3,11.540830719777432,5.0,2.1972245773362196,0
10773,Soto Kuali,soto ayam restaurant,F&B,Indonesia.Batam.Kuliner.202406162232.db,places,1.146213,104.012715,390156.26553701295,126710.07810310867,0,1382.7686433056363,189,403,2,12.659676325956214,4.7,2.302585092994046,0
10774,Sentra Kuliner RMI,food court,F&B,Indonesia.Batam.Kuliner.202406162232.db,places,-7.295064,112.7612661,1359253.8031454103,-813791.4650728055,-1,0.0,1,1,1,270.0121988109135,4.3,7.002155954403621,0
10776,Foodteria The Central Mall Gunawangsa Tidar,restaurant,F&B,Indonesia.Batam.Kuliner.202406162232.db,places,-7.2539211,112.7156811,1354255.8144372865,-809115.1184313715,-1,0.0,0,0,0,2375.5180679103864,4.3,3.091042453358316,0
10777,Tempat Makan Kopitiam,food court,F&B,Indonesia.Batam.Kuliner.202406162232.db,places,1.1277001,104.0501609,394322.15416203934,124662.14634988866,0,3325.726782925337,55,118,1,71.65784409349378,4.5,5.616771097666572,0
10778,IKAN BAKAR ECO,ikan bakar restaurant,F&B,Indonesia.Batam.Kuliner.202406162232.db,places,1.1480677,104.0152786,390441.5863752375,126915.01125843168,0,1347.120460274995,170,350,2,24.295417292152813,2.3,1.3862943611198906,0
10779,Warmindo Arjuna (Koala Investing),restaurant,F&B,Indonesia.Batam.Kuliner.202406162232.db,places,-6.1836302,106.9847922,719624.407007891,-683913.3928921589,-1,0.0,1,2,1,493.26275805830767,4.7,2.8903717578961645,0
10780,RayaFood Condet (RayaFood Restaurant),middle eastern restaurant,F&B,Indonesia.Batam.Kuliner.202406162232.db,places,-6.2730888,106.8572552,705472.1412854922,-693756.5296496572,-1,0.0,0,0,0,5215.764128719422,4.6,6.80903930604298,0
10783,Go Steak Batam Nagoya,restaurant,F&B,Indonesia.Batam.Kuliner.202406162232.db,places,1.148388,104.0160445,390526.8197125327,126950.39008923066,0,1331.6904873665312,154,336,47,4.2133403199048525,4.5,3.044522437723423,0
10786,Kawasan Kuliner Rujak Batam,restaurant,F&B,Indonesia.Batam.Kuliner.202406162232.db,places,1.1521678,104.0221146,391202.3778500374,127368.00269255666,0,1568.3870900451125,43,247,16,39.986412716250804,4.5,3.6375861597263857,0
10788,Batagor Siomay Maknyus,brunch restaurant,F&B,Indonesia.Batam.Kuliner.202406162232.db,places,1.1479705,104.014979,390408.2463884532,126904.27757976497,0,1357.3454703751672,177,350,4,11.737495667408307,5.0,1.0986122886681098,0
10789,Culinary Sentra Dharmawangsa   Hokky Open 24 Hours (Sentra Wisata Kuliner Dharmawangsa),food court,F&B,Indonesia.Batam.Kuliner.202406162232.db,places,-7.2673172,112.7561795,1358740.723435779,-810686.7268908551,-1,0.0,0,1,0,616.1471783677833,4.4,5.384495062789089,0
10790,NOM NOM SEAFOOD,seafood restaurant,F&B,Indonesia.Batam.Kuliner.202406162232.db,places,1.1486118,104.0139517,390293.96385222266,126975.21074008092,0,1482.3875392671243,179,354,4,29.600170804869464,4.6,2.1972245773362196,0
10792,Wisata Kuliner Jajar Tunggal Surabaya,food court,F&B,Indonesia.Batam.Kuliner.202406162232.db,places,-7.3138735,112.7006293,1352464.8398648957,-815772.824105062,-1,0.0,1,1,0,358.2952356055397,4.3,5.961005339623274,0
10793,Nasi Goreng Goyang Lidah,nasi goreng restaurant,F&B,Indonesia.Batam.Kuliner.202406162232.db,places,1.1479325,104.0150775,390419.20496934175,126900.07302158949,0,1347.5712024411903,175,350,0,11.737495667408307,4.0,3.58351893845611,0
10795,Pempek Palembang Ayuk Ning Seraya dpn RS Budi kemuliaan,pempek restaurant,F&B,Indonesia.Batam.Kuliner.202406162232.db,places,1.1489967,104.0179401,390737.76479853,127017.60740944497,0,1301.682239696758,99,354,1,19.771325475881227,5.0,1.0986122886681098,0
10796,SWK SAIYO2,food court,F&B,Indonesia.Batam.Kuliner.202406162232.db,places,-7.3108457,112.7577346,1358829.9995802832,-815544.987458632,-1,0.0,0,0,0,1537.7052764973203,5.0,1.9459101490553132,0
10797,SP Cellular,restaurant,F&B,Indonesia.Batam.Kuliner.202406162232.db,places,1.14875,104.0167167,390601.62867383304,126990.382318133,0,1331.303110763623,119,338,40,25.25619298766636,4.8,1.791759469228055,0
10801,RM Cirebon,soup shop,F&B,Indonesia.Batam.Kuliner.202406162232.db,places,1.1088373,103.949934,383169.0993675916,122580.71091566172,7,2334.249313082275,26,59,0,71.73971046295121,4.3,6.826545223556594,0
10802,Puti Bungsu,padang restaurant,F&B,Indonesia.Batam.Kuliner.202406162232.db,places,1.1487917,104.0124331,390124.99708369304,126995.15649097189,0,1605.765179900195,172,377,8,12.401989361929392,4.2,5.159055299214529,0
10803,St kuliner food place,restaurant,F&B,Indonesia.Batam.Kuliner.202406162232.db,places,1.1409433,104.0032151,389099.0129535308,126127.89305930884,0,2123.5114976452883,73,266,28,7.337444790358896,3.8,1.9459101490553132,0
10807,Sentra Wisata Kuliner Siola,food court,F&B,Indonesia.Batam.Kuliner.202406162232.db,places,-7.2567686,112.7376015,1356691.763232572,-809474.5516381956,-1,0.0,0,0,0,1015.663931232908,4.8,2.833213344056216,0
10808,Family Resto - Kota Harapan Indah,chinese restaurant,F&B,Indonesia.Batam.Kuliner.202406162232.db,places,-6.1797933,106.9820614,719323.6970333662,-683487.8734310279,-1,0.0,0,2,0,521.0501900776767,4.5,6.298949246855942,0
10811,Lesehan Dapur 2 Jempol (Lesehan Dapur Dua Jempol),restaurant,F&B,Indonesia.Batam.Kuliner.202406162232.db,places,1.1023527,103.9521872,383419.56675867306,121863.75567370343,7,2281.8992998227613,12,48,7,119.97333314036591,4.2,4.02535169073515,0
10812,Rumah makan Alif 08,breakfast restaurant,F&B,Indonesia.Batam.Kuliner.202406162232.db,places,1.1483774,104.0136031,390255.16641983535,126949.31191512715,0,1486.212309137492,186,362,0,20.201952839863484,4.7,1.3862943611198906,0
10814,Usman 77,restaurant,F&B,Indonesia.Batam.Kuliner.202406162232.db,places,1.148719,104.01639,390565.2758349218,126986.96787526472,0,1344.9372996817456,135,334,41,15.752559080864085,5.0,0.6931471805599453,0
10815,Pojok Kuliner Nagoya Mansion,restaurant,F&B,Indonesia.Batam.Kuliner.202406162232.db,places,1.1434637,104.0149159,390401.05400314415,126406.06711613326,0,1000.6492967766932,147,374,42,66.44162289090539,4.3,3.2188758248682006,0
10816,Special Soto Boyolali Hj  Hesti Widodo Kota Wisata,restaurant,F&B,Indonesia.Batam.Kuliner.202406162232.db,places,-6.3683182,106.9555692,716313.2837020697,-704329.1207259685,-1,0.0,0,0,0,9702.40060627559,4.6,6.3473892096560105,0
10818,Warung Baraya Cirebon,indonesian restaurant,F&B,Indonesia.Batam.Kuliner.202406162232.db,places,1.1475798,104.0159389,390515.03893148183,126861.0501353181,0,1261.6226789273344,168,352,16,9.399988584623213,3.0,0.6931471805599453,0
10819,SOP TULANG PUJA KESIMA,soup restaurant,F&B,Indonesia.Batam.Kuliner.202406162232.db,places,1.1077449,103.953003,383510.55354295066,122459.82620466017,7,2013.0661892600945,31,58,0,13.4800278642533,4.5,4.02535169073515,0
10821,Kuliner Ikan Bakar Wiloma,ikan bakar restaurant,F&B,Indonesia.Batam.Kuliner.202406162232.db,places,1.1439886,104.0061555,389426.3075194981,126464.42931477293,0,1891.3777010479603,90,372,1,50.66936527494224,4.5,1.0986122886681098,0
10822,Love Seafood Nagoya,seafood restaurant,F&B,Indonesia.Batam.Kuliner.202406162232.db,places,1.149113,104.0135051,390244.2900956457,127030.6340325509,0,1556.6103929719247,170,348,5,22.913108296105314,4.5,5.84354441703136,0
10823,Sei Sapi Dewa Gedung Sentra Kramat,restaurant,F&B,Indonesia.Batam.Kuliner.202406162232.db,places,-6.1790668,106.8435523,703991.9436006005,-683352.4014655207,-1,0.0,0,0,0,4919.795313183493,5.0,0.6931471805599453,0
10827,Warung yolanda,cafe,F&B,Indonesia.Batam.Kuliner.202406162232.db,places,1.1108242,103.9501643,383194.80351586663,122800.35189478255,7,2296.229198134682,23,64,1,156.6337313239112,4.7,3.6888794541139363,0
10828,Sentra Kuliner Sukodadi,restaurant,F&B,Indonesia.Batam.Kuliner.202406162232.db,places,-7.092548,112.3316884,1311796.9888576549,-790419.3951108902,-1,0.0,0,0,0,40492.049317797944,3.7,1.3862943611198906,0
10829,Rm Rafli Minang - Puri Sentra Niaga,indonesian restaurant,F&B,Indonesia.Batam.Kuliner.202406162232.db,places,-6.2250218,106.9003881,710264.9286706792,-688457.2860626164,-1,0.0,0,0,0,6281.25645412889,4.0,0.6931471805599453,0
10831,soto uni seraya,permanently closed,F&B,Indonesia.Batam.Kuliner.202406162232.db,places,1.149012,104.0166552,390594.79558386595,127019.3479526583,0,1360.2838630012195,117,324,0,1.9267619478032558,4.5,3.8066624897703196,0
10832,Ayam Geprek Sambal Getar,diner,F&B,Indonesia.Batam.Kuliner.202406162232.db,places,1.1089419,103.951683,383363.71999619843,122592.20537595499,7,2139.4969945964153,27,61,0,13.755017173398514,4.5,4.948759890378168,0
10833,Rumah Makan Dan Bakmi Sinuraya Tobing,noodle shop,F&B,Indonesia.Batam.Kuliner.202406162232.db,places,1.1097576,103.9570727,383963.47933317267,122682.16825865398,7,1533.763814813076,16,109,1,37.270849754987786,4.4,4.04305126783455,0
10834,Warung Buncit Cirebon,restaurant,F&B,Indonesia.Batam.Kuliner.202406162232.db,places,1.1475981,104.0158564,390505.8599099811,126863.07630156988,0,1268.3062820324055,169,352,55,9.399988584623213,3.7,2.4849066497880004,0
10835,MOKATA Thai BBQ,thai restaurant,F&B,Indonesia.Batam.Kuliner.202406162232.db,places,1.148224,104.0161965,390543.72640156455,126932.25457891093,0,1307.5220328462428,152,343,0,18.048237978193427,4.4,3.332204510175204,0
10836,Kedai Kopi Bonex,restaurant,F&B,Indonesia.Batam.Kuliner.202406162232.db,places,1.1486488,104.0165132,390578.9815346665,126979.20276663029,0,1331.671280920602,132,341,40,15.752559080864085,5.0,0.6931471805599453,0
10837,Bubur Ayam Jg Jaya,porridge restaurant,F&B,Indonesia.Batam.Kuliner.202406162232.db,places,1.1474196,104.0163285,390558.38335939986,126843.32561507485,0,1223.5766940657818,164,354,1,39.76067193858888,4.5,2.4849066497880004,0
10842,Rumah Makan Jawa,seafood restaurant,F&B,Indonesia.Batam.Kuliner.202406162232.db,places,1.023461,103.945492,382671.5915486126,113142.59927395316,5,1165.020889330742,13,25,0,61.58155827410796,4.5,2.6390573296152584,0
10843,Lesehan Uda Kenan,restaurant,F&B,Indonesia.Batam.Kuliner.202406162232.db,places,1.0367555,103.95193,383388.4709328986,114612.05830036542,5,482.80991268044454,20,57,4,12.609256487395978,5.0,1.0986122886681098,0
10844,Popotato Batam Nagoya,bakso restaurant,F&B,Indonesia.Batam.Kuliner.202406162232.db,places,1.1466556,104.0118961,390065.16384673247,126759.03764130914,0,1483.7524668935487,186,403,5,20.26247616077113,5.0,0.6931471805599453,0
10846,Suka Rasa Restaurant Sekupang,restaurant,F&B,Indonesia.Batam.Kuliner.202406162232.db,places,1.108913,103.9514666,383339.6393871025,122589.01903589063,7,2163.780364048315,27,60,10,14.299220807388322,4.2,2.3978952727983707,0
10847,Rm Puncak Sago,padang restaurant,F&B,Indonesia.Batam.Kuliner.202406162232.db,places,1.0254094,103.9452469,382644.3886295358,113358.00239385435,5,1002.3248787325082,17,30,2,44.13732151470972,4.4,2.833213344056216,0
10848,Soto Medan Opung Putri,diner,F&B,Indonesia.Batam.Kuliner.202406162232.db,places,1.0362657,103.9487478,383034.35157019243,114558.0287273447,5,472.49937506021394,12,59,1,66.99662351218048,4.8,2.3978952727983707,0
10849,SANDS CAFE,restaurant,F&B,Indonesia.Batam.Kuliner.202406162232.db,places,1.14877,104.0137155,390267.6880715862,126992.70833910111,0,1512.3045700923371,179,351,51,1.1601769127727664,3.0,1.3862943611198906,0
10850,Mie Tarempa Pak Ciek,noodle shop,F&B,Indonesia.Batam.Kuliner.202406162232.db,places,1.0330471,103.954359,383658.6241091095,114202.00928543144,5,398.0875667469366,25,70,1,278.55276656112005,5.0,1.0986122886681098,0
10851,Warung kuliner idea,soup kitchen,F&B,Indonesia.Batam.Kuliner.202406162232.db,places,1.0340528,103.947679,382915.3388696783,114313.43396503036,5,387.55636135250404,12,58,0,76.66979818120551,5.0,0.6931471805599453,0
10852,Cipta Rasa Indrapati,restaurant,F&B,Indonesia.Batam.Kuliner.202406162232.db,places,1.1488067,104.017211,390656.63120604283,126996.631404204,0,1313.3243920398293,113,347,39,54.18528495948507,1.0,0.6931471805599453,0
10856,RESTO BATULBAKAR spesialis bakso tulang,bakso restaurant,F&B,Indonesia.Batam.Kuliner.202406162232.db,places,1.0299221,103.9449556,382612.138638619,113856.88871667505,5,713.3911136869299,15,47,0,151.91902171174956,4.9,2.0794415416798357,0
10858,Pempek Putri Food,pempek restaurant,F&B,Indonesia.Batam.Kuliner.202406162232.db,places,1.038409,103.9503327,383210.7910222751,114794.91007378353,5,651.7190985983807,12,48,0,88.71299883504332,4.0,1.0986122886681098,0
10860,Bakso Beranak Sekupang,bakso restaurant,F&B,Indonesia.Batam.Kuliner.202406162232.db,places,1.1094093,103.9502385,383203.00444226875,122643.9330001611,7,2294.782808091424,26,61,1,55.20001590763185,4.2,3.58351893845611,0
10861,RM FAMILY JAYA,padang restaurant,F&B,Indonesia.Batam.Kuliner.202406162232.db,places,1.0250295,103.9453689,382657.9504963097,113316.00026390718,5,1027.5832467437851,14,28,2,44.13732151470972,4.9,2.1972245773362196,0
10863,Ayam Cobek Indonesia,restaurant,F&B,Indonesia.Batam.Kuliner.202406162232.db,places,1.1485118,104.0127412,390159.2684867813,126964.20253952953,0,1559.8473269836877,181,377,55,11.791923862832643,5.0,1.791759469228055,0
10864,Baso Aci & Cuanki Mang Oe  Seraya,asian restaurant,F&B,Indonesia.Batam.Kuliner.202406162232.db,places,1.1485098,104.0134608,390239.3378426754,126963.9537988082,0,1507.5724963409868,182,356,2,2.190215628322811,5.0,1.6094379124341003,0
10865,Martabak SAMI SAE,murtabak restaurant,F&B,Indonesia.Batam.Kuliner.202406162232.db,places,1.0273021,103.9476669,382913.74584992987,113567.15016811347,5,676.3684158556671,19,37,0,63.644350034404425,4.6,1.791759469228055,0
10867,Rujak Petis Sei Harapan,restaurant,F&B,Indonesia.Batam.Kuliner.202406162232.db,places,1.103436,103.9522518,383426.797166128,121983.51093192972,7,2227.602667276427,20,51,11,52.82800146475286,4.5,1.0986122886681098,0
10868,WARUNG POJOK SEROJA,snack bar,F&B,Indonesia.Batam.Kuliner.202406162232.db,places,1.0273288,103.9501137,383186.01702355954,113570.0122656427,5,580.7407800899101,16,42,0,138.25415045035993,4.0,0.6931471805599453,0
10869,RM  Budi Baiak,padang restaurant,F&B,Indonesia.Batam.Kuliner.202406162232.db,places,1.1479567,104.0157833,390497.73976567155,126902.72121761316,0,1306.0565267475822,166,341,9,21.170593754730554,4.0,2.0794415416798357,0
10870,RM Padang Mutiara Berkah,padang restaurant,F&B,Indonesia.Batam.Kuliner.202406162232.db,places,1.0229145,103.9455992,382683.5005108683,113082.18019635793,5,1211.6602434554122,11,26,2,20.37854577089275,4.5,1.0986122886681098,0
10872,Rujak Sukowati,javanese restaurant,F&B,Indonesia.Batam.Kuliner.202406162232.db,places,1.1639458,104.0116762,390041.36051883496,128670.42653010054,1,1424.3276409117946,24,69,1,46.73658107495612,5.0,1.3862943611198906,0
10873,Adacellicious,breakfast restaurant,F&B,Indonesia.Batam.Kuliner.202406162232.db,places,1.0290914,103.9504304,383221.3221874581,113764.85446865133,5,383.0106562900464,15,62,0,61.004274622822294,5.0,0.6931471805599453,0
10874,Ayam Geprek Mantap 55,chicken restaurant,F&B,Indonesia.Batam.Kuliner.202406162232.db,places,1.0313994,103.9427345,382365.037448395,114020.28515742261,5,908.2038305071007,8,49,0,229.19894548734194,4.8,1.791759469228055,0
10875,Warung kartini,restaurant,F&B,Indonesia.Batam.Kuliner.202406162232.db,places,1.1081602,103.9506645,383250.35780733667,122505.82929020091,7,2262.6513711675707,30,60,11,110.49973692934228,5.0,0.6931471805599453,0
10876,Pondok Sabar,restaurant,F&B,Indonesia.Batam.Kuliner.202406162232.db,places,1.1020019,103.9484855,383007.65272596315,121825.12021087231,7,2675.566994540421,7,37,5,171.36187277166275,5.0,1.0986122886681098,0
10877,Warung Santap MAS YUD,fast food restaurant,F&B,Indonesia.Batam.Kuliner.202406162232.db,places,1.0367794,103.9520408,383400.80114343413,114614.69634079609,5,488.6529009149436,20,55,1,12.609256487395978,5.0,1.0986122886681098,0
10878,Mendoan Purbalingga,restaurant,F&B,Indonesia.Batam.Kuliner.202406162232.db,places,1.1496031,104.016876,390619.3863189645,127084.68374786145,0,1408.9044044552538,111,317,39,18.346381833129268,5.0,1.9459101490553132,0
10882,Bakso WONOGIRI,bakso restaurant,F&B,Indonesia.Batam.Kuliner.202406162232.db,places,1.1045783,103.9533772,383552.0684329275,122109.7469883665,7,2065.2414921807904,21,54,0,125.95122239819015,4.7,1.3862943611198906,0
10883,Warung Berkah,javanese restaurant,F&B,Indonesia.Batam.Kuliner.202406162232.db,places,1.1125904,103.9478329,382935.4511643799,122995.69618246972,7,2561.446345305014,9,45,1,270.4473077446073,5.0,1.0986122886681098,0
10888,G'PREKS Ijo,restaurant,F&B,Indonesia.Batam.Kuliner.202406162232.db,places,1.0286329,103.9614786,384450.70211330947,113713.76551303652,5,1262.2228149784896,16,45,9,72.63457664578685,5.0,1.791759469228055,0
10889,Rumah Makan Simpang Horizon,diner,F&B,Indonesia.Batam.Kuliner.202406162232.db,places,1.0228122,103.9466463,382800.01419844566,113070.83274865833,5,1170.7037652727302,12,28,1,97.16646927091801,3.3,1.3862943611198906,0
10890,Warmindo TUNTANG,restaurant,F&B,Indonesia.Batam.Kuliner.202406162232.db,places,1.1033236,103.9528475,383493.0782208374,121971.0618822195,7,2171.1722211920364,16,51,8,65.71905054181626,4.0,1.0986122886681098,0
10892,Wr Bakso Braling,bakso restaurant,F&B,Indonesia.Batam.Kuliner.202406162232.db,places,1.1090369,103.9515035,383343.7502126818,122602.71461286843,7,2158.264608082868,27,61,1,10.221957234975191,4.6,4.700480365792417,0
10893,Bubur Ayam Bandung,indonesian restaurant,F&B,Indonesia.Batam.Kuliner.202406162232.db,places,1.1477601,104.0155134,390467.70070078626,126880.9980334173,0,1304.3168653261425,168,350,16,0.5856112449534383,3.0,0.6931471805599453,0
10894,Ikan Bakar Maria,health food restaurant,F&B,Indonesia.Batam.Kuliner.202406162232.db,places,1.030948,103.9478227,382931.21561577055,113970.19563294051,5,376.6078529281189,16,60,0,157.26331269911998,5.0,1.3862943611198906,0
10895,Rumah Makan Padang   UNI SUSI,diner,F&B,Indonesia.Batam.Kuliner.202406162232.db,places,1.0272447,103.9470978,382850.4165364612,113560.82550631296,5,716.4325961268065,21,35,1,56.42353154348066,5.0,1.0986122886681098,0
10897,Dapoer Mama Ghina,restaurant,F&B,Indonesia.Batam.Kuliner.202406162232.db,places,1.111902,103.9610594,384407.1735651032,122919.07287965165,7,1088.1861987720918,28,108,16,171.65708694039702,5.0,1.791759469228055,0
10898,Minang Queen,restaurant,F&B,Indonesia.Batam.Kuliner.202406162232.db,places,1.0358523,103.9554011,383774.68651873723,114512.08289781789,5,628.2152193229737,25,58,7,29.635592815520013,5.0,2.302585092994046,0
10900,Toko Fatur Seraya,grocery store,F&B,Indonesia.Batam.Kuliner.202406162232.db,places,1.1492744,104.0167517,390605.5430479406,127048.35175486877,0,1381.7155410129621,114,315,0,17.770183522297508,4.8,1.6094379124341003,0
10901,BAKSO BAKAR BAROKAH,indonesian restaurant,F&B,Indonesia.Batam.Kuliner.202406162232.db,places,1.0346299,103.9470951,382850.3860640207,114377.25344520037,5,474.66403344916677,12,60,0,91.0592829533043,5.0,1.0986122886681098,0
10903,Kantin Mandiri,restaurant,F&B,Indonesia.Batam.Kuliner.202406162232.db,places,1.1090477,103.9527682,383484.4775697361,122603.85872230181,7,2018.1861906486001,30,61,11,113.63280170079867,5.0,0.6931471805599453,0
10904,Mie Ayam Dan Bakso Es Durian Nurlela,restaurant,F&B,Indonesia.Batam.Kuliner.202406162232.db,places,1.1485318,104.0134719,390240.5737718818,126966.38540596943,0,1508.667442838704,182,355,52,0.0,4.4,3.258096538021482,0
10907,NASI GORENG SENOPATHY,indonesian restaurant,F&B,Indonesia.Batam.Kuliner.202406162232.db,places,1.1480428,104.0147511,390382.89086369437,126912.2788590342,0,1378.6839155160824,180,347,15,8.039516585472848,5.0,0.6931471805599453,0
10908,Kopitiam Simpang Nato,padang restaurant,F&B,Indonesia.Batam.Kuliner.202406162232.db,places,1.0352722,103.9572725,383982.9063424492,114447.88494240645,5,779.4107238219284,30,59,2,1.621992915752702,4.2,3.58351893845611,0
10910,RM  Teteh Masakan Sunda,sundanese restaurant,F&B,Indonesia.Batam.Kuliner.202406162232.db,places,1.1109907,103.9590059,384178.6397950693,122818.41023179867,7,1312.302035480804,16,118,0,222.05374403695177,5.0,1.0986122886681098,0
10911,Mahyuddin,breakfast restaurant,F&B,Indonesia.Batam.Kuliner.202406162232.db,places,1.0258448,103.9458635,382713.01740027836,113406.11292651424,5,922.3817636127782,17,33,0,83.81247834573388,1.0,0.6931471805599453,0
10912,Es Buah Toga,restaurant,F&B,Indonesia.Batam.Kuliner.202406162232.db,places,1.1489611,104.0153686,390451.63463550474,127013.77042109761,0,1424.6810132462006,161,326,50,1.2283313739384678,5.0,0.6931471805599453,0
10913,ANGKRINGAN THE CAKIL,restaurant,F&B,Indonesia.Batam.Kuliner.202406162232.db,places,1.1524119,104.0218494,391172.87859705725,127394.9972711888,0,1595.5547532170779,37,244,14,39.986412716250804,4.0,3.7376696182833684,0
10915,Rumah Makan Simpang Tigo,padang restaurant,F&B,Indonesia.Batam.Kuliner.202406162232.db,places,1.1075583,103.9366127,381686.74355392787,122439.84706853522,-1,0.0,1,12,0,39.73411320637453,5.0,1.791759469228055,0
10916,RM BATUNAMBO NAULI,restaurant,F&B,Indonesia.Batam.Kuliner.202406162232.db,places,1.0314842,103.9515932,383350.800843489,114029.3336227439,5,144.59873659883402,6,79,1,294.4723167244878,5.0,1.0986122886681098,0
10917,Ayam Kosek,chicken restaurant,F&B,Indonesia.Batam.Kuliner.202406162232.db,places,1.148177,104.012922,390179.3732090549,126927.18445786234,0,1518.8649811060527,181,381,1,6.972558280723745,2.8,1.9459101490553132,0
10920,Rujak Batam (Ex Simpang Rujak),salad shop,F&B,Indonesia.Batam.Kuliner.202406162232.db,places,1.1496164,104.0233031,391334.52435487387,127085.90860805263,0,1293.6148848709984,82,268,0,33.789620200199835,4.4,5.214935757608986,0
10922,Dapur Nona Melly,restaurant,F&B,Indonesia.Batam.Kuliner.202406162232.db,places,1.1051606,103.947696,382919.9259232121,122174.34303617173,7,2651.110146762677,10,48,6,141.5567977218415,5.0,1.0986122886681098,0
10924,RUJAK JESSIKA 21,restaurant,F&B,Indonesia.Batam.Kuliner.202406162232.db,places,1.1436695,104.0221554,391206.5963834486,126428.5422320543,0,628.990642991907,46,304,25,54.36150027496289,5.0,1.6094379124341003,0
10925,Warung ECCY,diner,F&B,Indonesia.Batam.Kuliner.202406162232.db,places,1.025908,103.9549625,383725.52029296,113412.76751127695,5,865.585067793568,10,45,1,116.15714408201116,5.0,1.0986122886681098,0
10927,WARUNG MANJA,restaurant,F&B,Indonesia.Batam.Kuliner.202406162232.db,places,1.1093063,103.9575225,384013.51224422385,122632.25991074253,7,1489.4446449126303,16,116,9,7.540541558262604,5.0,1.791759469228055,0
10928,Taj Indian Cuisine,indian restaurant,F&B,Indonesia.Batam.Kuliner.202406162232.db,places,1.1489013,104.0124569,390127.6494821614,127007.27152801263,0,1613.0457824015689,172,373,1,12.401989361929392,4.3,6.137727054086234,0
10929,Bakso D'Lava,brunch restaurant,F&B,Indonesia.Batam.Kuliner.202406162232.db,places,1.0370958,103.9541441,383634.8585752737,114649.59663642904,5,625.5444431860409,23,53,1,45.434171305138115,3.7,1.3862943611198906,0
10931,Warung kita Mba Tyas,breakfast restaurant,F&B,Indonesia.Batam.Kuliner.202406162232.db,places,1.107791,103.9531451,383526.367235543,122464.9169284336,7,1996.5968315735588,32,61,0,16.562976563780495,5.0,0.6931471805599453,0
10933,SYA SYA THAI TEA,thai restaurant,F&B,Indonesia.Batam.Kuliner.202406162232.db,places,1.1494912,104.0239904,391410.99478427396,127072.04202178154,0,1290.2868500776517,87,261,0,0.0,4.8,2.9444389791664403,0
10934,TP WARUNG MAKAN BU GENDUT,diner,F&B,Indonesia.Batam.Kuliner.202406162232.db,places,1.1505303,104.0057405,389380.3818489518,127187.61215156023,0,2286.1764735922734,70,266,0,31.16543904703847,4.3,4.418840607796598,0
10935,Dendeng Batokok Asli,padang restaurant,F&B,Indonesia.Batam.Kuliner.202406162232.db,places,1.1093597,103.9510347,383291.59807472565,122638.41834477858,7,2206.9137654691194,26,63,1,12.559300571527649,3.6,2.70805020110221,0
10936,Miso medan,restaurant,F&B,Indonesia.Batam.Kuliner.202406162232.db,places,1.1033691,103.9492112,383088.4571510214,121976.23452631204,7,2546.702427201067,13,45,8,108.27328789462648,5.0,1.0986122886681098,0
10937,Bude Nur,indonesian restaurant,F&B,Indonesia.Batam.Kuliner.202406162232.db,places,1.0262697,103.9448492,382600.1654296668,113453.12250739704,5,959.5389164132616,17,33,0,104.89769972228844,3.5,2.4849066497880004,0
10939,Budhe Lontong,restaurant,F&B,Indonesia.Batam.Kuliner.202406162232.db,places,1.0263936,103.9540368,383622.5297604709,113466.48373172202,5,767.5121970676217,7,50,2,92.54141345264554,5.0,1.0986122886681098,0
10940,UCI JASUKE,family restaurant,F&B,Indonesia.Batam.Kuliner.202406162232.db,places,1.0357296,103.9479335,382943.72005402046,114498.79340591418,5,477.3130916846921,12,57,0,108.27231884746277,5.0,1.0986122886681098,0
10941,RM  KHAS BATAK BORU BUTAR,batak restaurant,F&B,Indonesia.Batam.Kuliner.202406162232.db,places,1.110536,103.9543838,383664.3082699662,122768.32521429194,7,1827.392645960193,28,64,0,242.16858777327334,4.0,0.6931471805599453,0
10942,AYAM PENYET BABEH,ayam penyet restaurant,F&B,Indonesia.Batam.Kuliner.202406162232.db,places,1.1057602,103.9532516,383538.13857649814,122240.40979464831,7,2037.3057092139206,30,55,0,102.01944237693417,5.0,0.6931471805599453,0
10945,Sate Madura Jalan dapur 12,satay restaurant,F&B,Indonesia.Batam.Kuliner.202406162232.db,places,1.0360385,103.9555927,383796.0136895145,114532.66007323546,5,657.5567560270517,25,57,2,29.635592815520013,4.5,3.58351893845611,0
10947,Star One Economic Food,restaurant,F&B,Indonesia.Batam.Kuliner.202406162232.db,places,1.1072973,103.9536872,383586.6690499283,122410.31758037256,7,1948.069554405561,38,61,18,37.21512512745985,5.0,1.3862943611198906,0
10948,OCEAN RESTO & FUNCTION,restaurant,F&B,Indonesia.Batam.Kuliner.202406162232.db,places,1.0279467,103.9589319,384167.29183958605,113637.99928664796,5,1035.5475823215245,19,52,11,59.44390953132073,5.0,0.6931471805599453,0
10949,Warung Makan Jowo Jogja Mbok Minten,restaurant,F&B,Indonesia.Batam.Kuliner.202406162232.db,places,1.0294853,103.9588391,384157.0209561202,113808.0929857312,5,954.0632068780726,22,57,13,85.3568999005788,4.8,2.1972245773362196,0
10950,Bhinneka Indonesian Resto & Cafe,indonesian restaurant,F&B,Indonesia.Batam.Kuliner.202406162232.db,places,1.111893,104.0341596,392541.1266595725,122915.31625411334,0,3182.1247530170435,13,101,0,5.648311835625336,4.8,7.00850518208228,0
10951,mitra cabe ijo-baloi Mas,restaurant,F&B,Indonesia.Batam.Kuliner.202406162232.db,places,1.128832,104.0139417,390292.10323259415,124788.61451413682,0,1356.8258213997162,45,149,20,3.231242928142474,4.6,5.117993812416755,0
10952,Sabana Fried Chicken Simpang Nato,fried chicken takeaway,F&B,Indonesia.Batam.Kuliner.202406162232.db,places,1.0356731,103.9565966,383907.7098382355,114492.2287181682,5,730.6819213523137,30,55,0,51.44349635213311,4.1,3.332204510175204,0
10955,Prasmanan Khas Sunda   UMMI NINING,restaurant,F&B,Indonesia.Batam.Kuliner.202406162232.db,places,1.0363396,103.9540414,383623.4029654191,114566.00330294712,5,552.8551883916829,22,54,4,42.39868868752991,4.0,0.6931471805599453,0
10956,SARAPAN PAGI BAROKAH (AYUK KAVLING LAMA),breakfast restaurant,F&B,Indonesia.Batam.Kuliner.202406162232.db,places,1.0365347,103.9504965,383228.94923643465,114587.70190369674,5,443.720315590851,18,55,0,139.8677662985027,5.0,1.791759469228055,0
10957,Wiji's Waroeng,indonesian restaurant,F&B,Indonesia.Batam.Kuliner.202406162232.db,places,1.1116312,104.0290001,391967.0188578321,122886.56351192796,0,3013.114408302394,15,42,2,0.0,4.5,5.4638318050256105,0
10958,Warung ayam penyet DO'A IBU (CHINESE FOOD),restaurant,F&B,Indonesia.Batam.Kuliner.202406162232.db,places,1.0366682,103.9592899,384207.4440686272,114602.1372529341,5,1047.6584809626481,22,48,6,230.9145359825952,5.0,0.6931471805599453,0
10961,Kuliner hokki pondok indah g2 03,restaurant,F&B,Indonesia.Batam.Kuliner.202406162232.db,places,1.1149547,104.0369716,392854.1284763771,123253.67326192714,0,3037.7542630893677,27,115,6,65.11849030341953,4.1,3.044522437723423,0
10962,DPR (Daun Pisang Resto),restaurant,F&B,Indonesia.Batam.Kuliner.202406162232.db,places,1.124993,104.0292768,391998.29580020776,124363.65266488129,0,1644.4130566651247,16,54,6,35.33162446411316,4.3,5.793013608384144,0
10965,Morningdew kitchen,fast food restaurant,F&B,Indonesia.Batam.Kuliner.202406162232.db,places,1.1068342,103.9493263,383101.4002004548,122359.29388717994,7,2433.7518287508715,30,57,0,77.81651081961914,4.8,1.6094379124341003,0
10966,3 BETUAH MALAY RESTO & CAFE,restaurant,F&B,Indonesia.Batam.Kuliner.202406162232.db,places,1.1055641,103.9541475,383637.8204599103,122218.69600312538,7,1948.5692718762562,28,58,13,102.01944237693417,4.7,2.0794415416798357,0
10967,Rasa Sulawesi Resto,restaurant,F&B,Indonesia.Batam.Kuliner.202406162232.db,places,1.1129065,104.04016,393208.8273432428,123027.1369516501,0,3425.5140543664247,52,110,13,53.727138189297094,4.7,3.912023005428146,0
10970,Rm simpang empat (Taman baloi mas),restaurant,F&B,Indonesia.Batam.Kuliner.202406162232.db,places,1.1291644,104.016279,390552.18714902323,124825.27221226886,0,1168.393766432242,31,124,12,34.34288208653407,4.3,2.772588722239781,0
10971,THE RECIPES RESTO By MBAK IIN,restaurant,F&B,Indonesia.Batam.Kuliner.202406162232.db,places,1.1119331,104.031199,392211.7018469424,122919.85709794416,0,3053.3074173296864,16,62,1,88.56327485529268,4.4,5.4638318050256105,0
10972,Warung niki,brunch restaurant,F&B,Indonesia.Batam.Kuliner.202406162232.db,places,1.033806,103.9418118,382262.45152202423,114286.36740591333,5,1011.9927210599378,15,44,1,89.49665822755968,5.0,1.6094379124341003,0
10976,Kez's Bakery & Restaurant,italian restaurant,F&B,Indonesia.Batam.Kuliner.202406162232.db,places,1.1116762,104.0415725,393365.9517631009,122891.08107374987,0,3628.220971563171,53,109,1,0.0,4.5,6.744059186311348,0
10977,MIE ACEH SIGLI NOBAR Simpg STC,noodle shop,F&B,Indonesia.Batam.Kuliner.202406162232.db,places,1.1084664,103.9536705,383584.85643100983,122539.56107770023,7,1926.7608408432473,35,63,1,92.22957117005899,4.2,5.056245805348308,0
10978,Masakan Padang Gunjong Limu,padang restaurant,F&B,Indonesia.Batam.Kuliner.202406162232.db,places,1.0370257,103.9548132,383709.3104501641,114641.82256388804,5,666.4879108355619,24,52,1,74.85664886009256,5.0,1.6094379124341003,0
10979,Resto Bumbu Ndeso,indonesian restaurant,F&B,Indonesia.Batam.Kuliner.202406162232.db,places,1.1135733,104.0292616,391996.18665937765,123101.24615829614,0,2814.2405805775734,16,47,2,63.51117980217698,4.7,2.6390573296152584,0
10980,Gorengan Viral,fast food restaurant,F&B,Indonesia.Batam.Kuliner.202406162232.db,places,1.0355423,103.9540106,383619.9465838201,114477.86376300312,5,486.6291356518778,22,58,1,85.09528499833726,5.0,1.791759469228055,0
10983,Four One Qua,restaurant,F&B,Indonesia.Batam.Kuliner.202406162232.db,places,1.0253841,103.9478584,382934.985467216,113355.10987252487,5,856.2791286536649,18,31,0,60.237097057568434,3.5,1.0986122886681098,0
10984,Jajanan By Denis Tirta,family restaurant,F&B,Indonesia.Batam.Kuliner.202406162232.db,places,1.1140805,104.0289935,391966.3736029932,123157.32513500651,0,2752.0331702133585,16,47,0,63.51117980217698,4.5,4.465908118654584,0
10985,Ayam penyet & Ayam cabe ijo Kang Salim,nasi restaurant,F&B,Indonesia.Batam.Kuliner.202406162232.db,places,1.0358841,103.9546958,383696.20505533746,114515.62423242266,5,568.6434964899755,23,59,0,42.25336569109378,5.0,1.0986122886681098,0
10986,Ampera Labuah Baru,padang restaurant,F&B,Indonesia.Batam.Kuliner.202406162232.db,places,1.1090761,103.9514203,383334.4938341797,122607.05141661533,7,2167.04105334118,27,61,1,10.221957234975191,4.5,4.04305126783455,0
10990,Asiong Bak Goreng & Grill,chinese restaurant,F&B,Indonesia.Batam.Kuliner.202406162232.db,places,1.1118686,104.034115,392536.16313267406,122912.62054876571,0,3182.4765672812,13,101,0,5.648311835625336,4.7,3.7612001156935624,0
10992,Bakso TOWER,bakso restaurant,F&B,Indonesia.Batam.Kuliner.202406162232.db,places,1.0379461,103.9377634,381812.114625925,114744.2039020859,5,1571.0520401687213,13,26,0,164.83999446938773,4.2,5.786897381366708,0
10994,Azma Prata,cafe,F&B,Indonesia.Batam.Kuliner.202406162232.db,places,1.1056332,103.9512591,383316.4219741987,122226.4483099665,7,2254.3554560208468,35,56,1,172.53931540918308,4.8,2.9444389791664403,0
10995,Raos Resto Batam Kota,indonesian restaurant,F&B,Indonesia.Batam.Kuliner.202406162232.db,places,1.1179574,104.0271995,391766.8966540964,123585.96868742381,0,2285.838587394471,11,43,1,84.49090602669415,4.8,2.9444389791664403,0
10996,Sate Paklek Mardi,satay restaurant,F&B,Indonesia.Batam.Kuliner.202406162232.db,places,1.1037574,103.9501045,383187.87272080884,122019.1256600736,7,2438.69942240204,17,44,0,108.27328789462648,4.8,2.8903717578961645,0
10997,Warung Pasta Eden Park,restaurant,F&B,Indonesia.Batam.Kuliner.202406162232.db,places,1.1084073,104.0380461,392973.4521230959,122529.8443994429,0,3721.18979452345,39,116,7,122.74526134237017,4.7,4.624972813284271,0
10998,Yora official,breakfast restaurant,F&B,Indonesia.Batam.Kuliner.202406162232.db,places,1.0370043,103.9427809,382370.4070439672,114639.9014451795,5,1021.7938549891891,16,43,1,52.80553237434236,5.0,0.6931471805599453,0
11001,Rumahku Noodle & Rice,restaurant,F&B,Indonesia.Batam.Kuliner.202406162232.db,places,1.1220636,104.0329283,392404.48978418164,124039.68338541883,0,2134.34542987484,7,65,2,113.11007707868177,4.7,2.995732273553991,0
11002,Mie Ayam dan Bakso Baloi Persero Pak Sujud,noodle shop,F&B,Indonesia.Batam.Kuliner.202406162232.db,places,1.1323328,104.0136084,390255.1483833018,125175.62988033154,0,1129.8010024391185,66,207,1,68.99721023637642,4.6,5.267858159063328,0
11004,Sun Noodle,noodle shop,F&B,Indonesia.Batam.Kuliner.202406162232.db,places,1.1079408,104.0311627,392207.51816765964,122478.52418673696,0,3471.4349465785745,19,55,0,206.27675997026557,4.6,5.170483995038151,0
11005,Ekklesia Resto BPK & Cafe,indonesian restaurant,F&B,Indonesia.Batam.Kuliner.202406162232.db,places,1.1090887,104.0405109,393247.73487098515,122605.08151473456,0,3796.133415115031,53,98,4,32.64070745625013,4.9,2.772588722239781,0
11009,Rumah Makan Syamil,diner,F&B,Indonesia.Batam.Kuliner.202406162232.db,places,1.1164506,103.9570775,383964.27510372124,123422.07177752348,-1,0.0,4,29,0,142.49021852223308,5.0,1.3862943611198906,0
11010,Warung Makan Golden Land,restaurant,F&B,Indonesia.Batam.Kuliner.202406162232.db,places,1.1104844,104.0385387,393028.3383610529,122759.44194546198,0,3549.1575995357707,50,99,10,124.86025291241808,5.0,2.833213344056216,0
11011,Rumah Makan Taman Kota,restaurant,F&B,Indonesia.Batam.Kuliner.202406162232.db,places,1.1245488,104.0049935,389296.27317994257,124315.45770310774,0,2411.536173301987,16,64,8,57.17890172951436,4.5,3.4011973816621555,0
11013,Rumah makan Padang Tujuah Putri Batam,diner,F&B,Indonesia.Batam.Kuliner.202406162232.db,places,1.026688,103.9590362,384178.8525590714,113498.84778045291,5,1119.795856424806,15,45,1,30.270695677892775,4.9,2.0794415416798357,0
11014,Bandoeng Resto,sundanese restaurant,F&B,Indonesia.Batam.Kuliner.202406162232.db,places,1.1094872,104.0409454,393296.09593820246,122649.11844293805,0,3785.7499722081398,55,94,0,8.983431228334624,4.3,6.452048954437226,0
11015,WARUNG MAKAN TETEH RENI,permanently closed,F&B,Indonesia.Batam.Kuliner.202406162232.db,places,1.0351132,103.9574097,383998.16755594953,114430.30265947616,5,786.9637461478491,30,58,0,22.388282501058793,5.0,1.3862943611198906,0
11018,Bakso & Lontong tumpeng Mahkota Berkah,restaurant,F&B,Indonesia.Batam.Kuliner.202406162232.db,places,1.1076331,103.9537108,383589.3081961225,122447.43900876127,7,1937.9917574587691,38,62,17,37.21512512745985,5.0,1.0986122886681098,0
11019,Rumah makan Rizqi,permanently closed,F&B,Indonesia.Batam.Kuliner.202406162232.db,places,1.0229331,103.9457814,382703.77572859067,113084.22975095538,5,1200.2560101371118,12,27,0,20.37854577089275,4.0,1.9459101490553132,0
11020,Bunaken Kopitiam (BUNAKEN cafe & resto),manado restaurant,F&B,Indonesia.Batam.Kuliner.202406162232.db,places,1.1241402,104.0320231,392303.84445118776,124269.27722957605,0,1888.6696248317487,15,64,0,46.44823570566744,4.2,5.579729825986222,0
11021,Cita Rasa Balai,restaurant,F&B,Indonesia.Batam.Kuliner.202406162232.db,places,1.1288173,104.0139166,390289.30980235187,124786.99042105384,0,1359.8993421624311,45,149,20,3.231242928142474,4.6,4.1588830833596715,0
11023,rumah makan,permanently closed,F&B,Indonesia.Batam.Kuliner.202406162232.db,places,1.0316519,103.9447789,382592.53951808636,114048.1233487908,5,679.0463972181524,13,53,0,192.23633903635348,4.0,0.6931471805599453,0
11025,Aldeno Resto,brunch restaurant,F&B,Indonesia.Batam.Kuliner.202406162232.db,places,1.1246028,104.0228228,391280.1458813357,124320.75706024964,0,1481.2033815870939,9,39,0,157.73852456951275,4.2,1.9459101490553132,0
11026,Rumah makan dama gadang,brunch restaurant,F&B,Indonesia.Batam.Kuliner.202406162232.db,places,1.0334336,103.939643,382021.1021632882,114245.27929945242,5,1247.4815346454966,13,37,1,139.24424592817869,5.0,1.0986122886681098,0
11029,Rm kondang raos sekupang,restaurant,F&B,Indonesia.Batam.Kuliner.202406162232.db,places,1.1085711,103.9518634,383383.7791323593,122551.20667265271,7,2124.3723545189023,28,60,10,32.841992223885285,4.6,3.828641396489095,0
11031,Bakso Gunung Sam Ferry,indonesian restaurant,F&B,Indonesia.Batam.Kuliner.202406162232.db,places,1.1120783,104.0418377,393395.47494387475,122935.52204964221,0,3610.5935553758572,52,111,4,10.562287419274677,4.3,6.498282149476434,0
11032,Seblak RN food cabang tiban,indonesian restaurant,F&B,Indonesia.Batam.Kuliner.202406162232.db,places,1.1070459,103.9520363,383402.9586036283,122382.59043286595,7,2133.527777615913,32,57,0,132.4463491849599,5.0,0.6931471805599453,0
11033,TSC Dapur12,restaurant,F&B,Indonesia.Batam.Kuliner.202406162232.db,places,1.033358,103.9590833,384184.33448097674,114236.20629638838,5,924.2247615586235,23,54,8,60.250417849747066,4.0,1.9459101490553132,0
11034,Rumah Makan Jodoh,restaurant,F&B,Indonesia.Batam.Kuliner.202406162232.db,places,1.1168557,104.0289476,391961.3675332492,123464.11529215197,0,2457.4103560017747,10,52,3,148.84081760976278,4.4,4.454347296253507,0
11035,Rm BPK Bang Tonang (makanan non halal),diner,F&B,Indonesia.Batam.Kuliner.202406162232.db,places,1.1084722,104.0403069,393225.0137089488,122536.93722709602,0,3841.611420464345,52,96,3,7.314986648373598,4.9,2.8903717578961645,0
11036,Warung Bakso Moro Asih,bakso restaurant,F&B,Indonesia.Batam.Kuliner.202406162232.db,places,1.0343996,103.9581836,384084.2577166986,114351.38673897147,5,845.1603911605123,29,53,1,38.58367443786086,4.4,2.8903717578961645,0
11037,RM JAYA RASA,javanese restaurant,F&B,Indonesia.Batam.Kuliner.202406162232.db,places,1.1176435,104.0428733,393510.9059046582,123550.69516793518,0,3226.740559886219,29,132,0,2.113691948403389,4.5,4.948759890378168,0
11040,Mie goreng tek- tek Naladipha,health food restaurant,F&B,Indonesia.Batam.Kuliner.202406162232.db,places,1.0365355,103.9426899,382360.26362877706,114588.07929376123,5,1006.8467039223052,18,42,0,32.36155611759917,5.0,1.0986122886681098,0
11041,Bakso Wonogiri,bakso restaurant,F&B,Indonesia.Batam.Kuliner.202406162232.db,places,1.111196,104.0399069,393180.6034511538,122838.0570528176,0,3564.4879683518366,53,103,0,25.679511132129175,4.6,3.970291913552122,0
11042,Alvi,restaurant,F&B,Indonesia.Batam.Kuliner.202406162232.db,places,1.1265403,104.0120428,390080.7264214101,124535.3456500577,0,1686.553874591855,54,130,28,18.018972558979243,4.4,1.791759469228055,0
11043,Kitchen chef IRWANDNT,restaurant,F&B,Indonesia.Batam.Kuliner.202406162232.db,places,1.1039647,103.9481507,382970.4750883752,122042.1193284542,7,2638.0916696519416,11,46,7,135.1316922840838,5.0,1.0986122886681098,0
11044,Mie Ayam Bakso Cjdw,restaurant,F&B,Indonesia.Batam.Kuliner.202406162232.db,places,1.0284574,103.9590991,384185.91553580004,113694.45047192955,5,1025.7814857918074,18,52,11,35.21732617020451,4.5,3.332204510175204,0
11045,Bakery 33,restaurant,F&B,Indonesia.Batam.Kuliner.202406162232.db,places,1.0340091,103.9588469,384158.0525593142,114308.19322109314,5,908.1795444189678,24,54,7,67.51575443825028,4.1,4.3694478524670215,0
11046,Makanan Balai,restaurant,F&B,Indonesia.Batam.Kuliner.202406162232.db,places,1.128723,104.013588,390252.7429133905,124776.57824314901,0,1392.207561520086,48,154,22,38.02040001149601,5.0,2.0794415416798357,0
11047,SATE PADANG CAMPAGO,satay restaurant,F&B,Indonesia.Batam.Kuliner.202406162232.db,places,1.0361177,103.9567331,383922.91512082936,114541.37373519102,5,768.237481413524,29,53,2,51.44349635213311,3.7,1.3862943611198906,0
11051,Mie Terempa'K,noodle shop,F&B,Indonesia.Batam.Kuliner.202406162232.db,places,1.1147957,104.0530188,394639.6881070812,123235.51733164962,6,319.8601459296719,16,51,1,0.0,4.5,9.088172738001974,0
11052,Rumah Makan Mandailing,padang restaurant,F&B,Indonesia.Batam.Kuliner.202406162232.db,places,1.0319988,103.9585353,384123.30629298056,114085.96838119597,5,860.7814117663964,25,57,1,24.71231964403248,4.5,2.995732273553991,0
11054,Warung Mbak Ellen,diner,F&B,Indonesia.Batam.Kuliner.202406162232.db,places,1.1110982,104.0299471,392072.3724045035,122827.60764857642,0,3098.2521779501685,19,47,1,120.72764231843216,4.5,2.3978952727983707,0
11056,Raja melayu batam (Fnye cooking),restaurant,F&B,Indonesia.Batam.Kuliner.202406162232.db,places,1.1075054,103.9491156,383077.9812446873,122433.50279410424,7,2443.887524949531,26,59,10,77.81651081961914,5.0,0.6931471805599453,0
11057,Akuak Aie,satay restaurant,F&B,Indonesia.Batam.Kuliner.202406162232.db,places,1.0345171,103.9585101,384120.59341486177,114364.36429544871,5,883.571130260722,28,51,2,38.58367443786086,3.5,1.0986122886681098,0
11058,Monika,diner,F&B,Indonesia.Batam.Kuliner.202406162232.db,places,1.036612,103.9492419,383089.3456044353,114596.29364286436,5,483.73455776921674,11,58,1,66.99662351218048,3.0,0.6931471805599453,0
11059,CABE IJO PETIR LAMONGAN,restaurant,F&B,Indonesia.Batam.Kuliner.202406162232.db,places,1.1091713,103.9506746,383251.5212782357,122617.60509891626,7,2248.643280102521,27,63,9,35.854002301004506,4.5,3.1780538303479458,0
11060,Miendoni Mie Ayam Goreng,restaurant,F&B,Indonesia.Batam.Kuliner.202406162232.db,places,1.131551,104.0064592,389459.626674343,125089.47572519263,0,1876.9045537351672,92,201,38,15.20406830812584,4.6,3.9512437185814275,0
11061,Korean Banban Chicken Batam,korean restaurant,F&B,Indonesia.Batam.Kuliner.202406162232.db,places,1.1044376,104.0366897,392822.382906295,122091.05829511747,0,4049.1161990627297,21,93,0,246.65606498290555,4.9,4.553876891600541,0
11062,Pempek Cek Raden,restaurant,F&B,Indonesia.Batam.Kuliner.202406162232.db,places,1.0324117,103.9589951,384174.4857188071,114131.59721714018,5,910.0105961236951,25,55,11,34.039395633016454,4.2,3.295836866004329,0
11065,Ayam Galaw Batam,chicken restaurant,F&B,Indonesia.Batam.Kuliner.202406162232.db,places,1.1119026,104.0352887,392666.7620036876,122916.33642129606,0,3236.287752338633,17,107,1,125.6394859588791,5.0,1.791759469228055,0
11067,Warung Madina,restaurant,F&B,Indonesia.Batam.Kuliner.202406162232.db,places,1.0317766,103.9585596,384126.00224666495,114061.40355724137,5,865.5091426242452,24,57,11,24.71231964403248,5.0,1.0986122886681098,0
11068,PONDOK BANDENG BU WATIK,indonesian restaurant,F&B,Indonesia.Batam.Kuliner.202406162232.db,places,1.1188694,104.0398839,393178.32088131947,123686.32217232785,0,2896.841154636501,39,96,5,22.89261190390813,4.7,1.3862943611198906,0
11070,Ikan bakar tanjung batu,grill,F&B,Indonesia.Batam.Kuliner.202406162232.db,places,1.1150549,104.0282349,391881.99960325175,123265.06943337372,0,2625.4901104674755,17,42,0,51.034337553673055,5.0,2.5649493574615367,0
11071,Warung harapan bukit kamboja,restaurant,F&B,Indonesia.Batam.Kuliner.202406162232.db,places,1.0256132,103.959699,384252.56744228065,113380.00599561264,5,1249.7876943431168,14,35,9,21.49709156643376,3.0,0.6931471805599453,0
11073,Kuliner Sate Padang Pasisia  Sinar Pelangai,satay restaurant,F&B,Indonesia.Batam.Kuliner.202406162232.db,places,1.1092576,103.9509852,383286.0860597285,122627.13323416692,7,2213.3672427401657,26,63,0,12.559300571527649,5.0,1.0986122886681098,0
11074,Kol's Kitchen Batam,traditional restaurant,F&B,Indonesia.Batam.Kuliner.202406162232.db,places,1.1207291,104.025216,391546.2942750058,123892.44379115454,0,1938.9036684242267,9,34,0,150.9422040466824,5.0,0.6931471805599453,0
11075,Rm Salero baru,padang restaurant,F&B,Indonesia.Batam.Kuliner.202406162232.db,places,1.0238821,103.9585476,384124.38235048915,113188.67667916474,5,1286.315379348609,10,28,1,210.83780532649277,5.0,1.0986122886681098,0
11076,BAKPAO RAVA,breakfast restaurant,F&B,Indonesia.Batam.Kuliner.202406162232.db,places,1.0339486,103.9434569,382445.51697243203,114302.0707792383,5,833.9097572203237,18,52,1,183.737734466258,5.0,1.0986122886681098,0
11077,Empire Restaurant & Lounge,indian restaurant,F&B,Indonesia.Batam.Kuliner.202406162232.db,places,1.1119867,104.0418107,393392.46737256227,122925.39700987302,0,3616.8040506044654,53,111,1,10.562287419274677,4.3,5.209486152841421,0
11079,Ramadhani Seafood,seafood restaurant,F&B,Indonesia.Batam.Kuliner.202406162232.db,places,1.1188794,104.0396784,393155.45533880475,123687.43511675176,0,2880.4341205217424,40,95,1,22.89261190390813,4.3,5.117993812416755,0
11081,OYYI Home made,restaurant,F&B,Indonesia.Batam.Kuliner.202406162232.db,places,1.1071114,103.9507615,383261.1102458549,122389.88156260955,7,2271.139328877836,34,58,15,116.44522518201374,5.0,1.6094379124341003,0
11082,Mie Tarempa Dapur 12,noodle shop,F&B,Indonesia.Batam.Kuliner.202406162232.db,places,1.0346777,103.9570545,383958.6266803477,114382.17163886855,5,733.3176048554707,30,61,1,62.29025596422737,5.0,1.0986122886681098,0
11083,Warung Baloi Q,restaurant,F&B,Indonesia.Batam.Kuliner.202406162232.db,places,1.124053,104.0048471,389279.96448975813,124260.65393108918,0,2458.3426771838376,9,56,5,57.17890172951436,4.4,3.7376696182833684,0
11084,Ayam Penyet Mania,ayam penyet restaurant,F&B,Indonesia.Batam.Kuliner.202406162232.db,places,1.1109639,104.0399164,393181.6521775071,122812.39896510591,0,3586.414750709315,54,100,0,25.679511132129175,4.4,2.995732273553991,0
11085,Hijrah Seafood R76 Kendal Cabe Ijo,seafood restaurant,F&B,Indonesia.Batam.Kuliner.202406162232.db,places,1.0331422,103.9595805,384239.65282346046,114212.33175270849,5,977.3662978351924,23,53,0,37.84617561306968,4.9,2.3978952727983707,0
11087,Sate Kendal,restaurant,F&B,Indonesia.Batam.Kuliner.202406162232.db,places,1.1255786,104.0249115,391512.5914056052,124428.55069115467,0,1406.9269781097526,11,37,4,144.5645573936466,4.5,5.337538079701318,0
11089,Markitchen,restaurant,F&B,Indonesia.Batam.Kuliner.202406162232.db,places,1.1188603,104.0370396,392861.8362834245,123685.41992316429,0,2691.012645700796,19,89,4,14.266586179672206,5.0,0.6931471805599453,0
11090,Ayam geprek dan crispy sagulung seroja blok A1 No 36,restaurant,F&B,Indonesia.Batam.Kuliner.202406162232.db,places,1.0269186,103.9572908,383984.6402218712,113524.40362525766,5,950.8633792949252,15,45,9,168.88353812625752,5.0,1.0986122886681098,0
11091,Kuliner mie ayam bakso moro asih 2 dapur 12,diner,F&B,Indonesia.Batam.Kuliner.202406162232.db,places,1.0376352,103.9566762,383916.63883294933,114709.1336979328,5,861.9512999133809,21,50,1,167.8773269047268,3.7,1.3862943611198906,0
11092,Burger Baloi,hamburger restaurant,F&B,Indonesia.Batam.Kuliner.202406162232.db,places,1.126633,104.012176,390095.55109100597,124545.58833249223,0,1669.0694179000218,53,132,0,18.018972558979243,4.5,1.0986122886681098,0
11093,Azka Ayam Penyet Special,ayam penyet restaurant,F&B,Indonesia.Batam.Kuliner.202406162232.db,places,1.0264568,103.9587375,384145.6061845985,113473.29972821145,5,1108.1269467577379,15,45,0,30.60941436536326,4.2,3.258096538021482,0
11094,Sahabat Sandwich,fast food restaurant,F&B,Indonesia.Batam.Kuliner.202406162232.db,places,1.0315134,103.9614691,384449.7487697219,114032.2013152285,5,1190.5638033315336,20,50,0,236.93885594596358,4.8,1.6094379124341003,0
11095,Persewaan kios DS Group,brunch restaurant,F&B,Indonesia.Batam.Kuliner.202406162232.db,places,1.0366886,103.9541994,383640.99724027474,114604.57907636421,5,593.7356694904458,23,55,1,42.39868868752991,5.0,0.6931471805599453,0
11096,Hari Hari Vegetarian baloi,snack bar,F&B,Indonesia.Batam.Kuliner.202406162232.db,places,1.1261605,104.0129508,390181.7455648023,124493.32566946858,0,1654.4349197616673,40,116,0,100.80115703380086,5.0,1.3862943611198906,0
11097,Warung Elga & Kya,restaurant,F&B,Indonesia.Batam.Kuliner.202406162232.db,places,1.0287737,103.9591368,384190.12203167187,113729.415675419,5,1014.7329737795249,21,53,12,35.21732617020451,3.0,1.0986122886681098,0
11098,Dimsum PSS  Anggrek Sari Batam Centre,hong kong style fast food restaurant,F&B,Indonesia.Batam.Kuliner.202406162232.db,places,1.1157433,104.041502,393358.25344499655,123340.68536274707,0,3273.7453492471814,49,111,0,53.07821920341704,4.3,2.833213344056216,0
11099,Pos wars,restaurant,F&B,Indonesia.Batam.Kuliner.202406162232.db,places,1.0345246,103.9414414,382221.2613582564,114365.8219353165,5,1066.345765021021,16,40,3,89.49665822755968,4.6,1.791759469228055,0
11101,Taman kuliner Kartini Sragen,indonesian restaurant,F&B,Indonesia.Batam.Kuliner.202406162232.db,places,-7.431553,111.0230261,1165813.7239987655,-825995.0080491783,-1,0.0,1,1,0,76.59043305794638,4.0,1.6094379124341003,0
11102,Warung Bunda Zyla,restaurant,F&B,Indonesia.Batam.Kuliner.202406162232.db,places,1.0272366,103.9590773,384183.4457399077,113559.49333962906,5,1089.7787763150932,15,47,9,60.81924989657921,5.0,0.6931471805599453,0
11103,Mie Ayam Bakso Mas Trimo,noodle shop,F&B,Indonesia.Batam.Kuliner.202406162232.db,places,1.117625,104.0428685,393510.3711443755,123548.65024126344,0,3227.782850326477,30,132,3,2.113691948403389,4.6,5.030437921392435,0
11104,Ikan Bakar Manado,restaurant,F&B,Indonesia.Batam.Kuliner.202406162232.db,places,1.124463,104.0242336,391437.1203292848,124305.25013197726,0,1513.5436873447263,11,32,4,138.6598016705988,4.4,2.772588722239781,0
11105,WARUNG MASAKAN JAWA 21,restaurant,F&B,Indonesia.Batam.Kuliner.202406162232.db,places,1.0330043,103.9598918,384274.28787971754,114197.07574121778,5,1011.0286020284525,23,53,9,5.208441979088219,5.0,0.6931471805599453,0
11107,Jus  Burger & Roti Bakar Nick,restaurant,F&B,Indonesia.Batam.Kuliner.202406162232.db,places,1.0363641,103.954641,383690.1246649305,114568.68972559512,5,600.2084409912356,23,55,4,53.412711156960896,5.0,0.6931471805599453,0
11108,RM MINANG SAIYO MASAKAN PADANG,diner,F&B,Indonesia.Batam.Kuliner.202406162232.db,places,1.0351528,103.9578617,384048.4654988495,114434.6638601832,5,835.5487042939993,31,57,1,50.48666290790987,4.5,1.6094379124341003,0
11109,Nasi ayam Hainam Aura 168,chicken restaurant,F&B,Indonesia.Batam.Kuliner.202406162232.db,places,1.1188637,104.0403365,393228.6812947128,123685.67558341363,0,2931.9820300122424,39,101,1,50.36456407409488,4.5,3.332204510175204,0
11110,Rumah Makan Khas Sunda Cibiuk,sundanese restaurant,F&B,Indonesia.Batam.Kuliner.202406162232.db,places,-6.2452081,107.0043894,721767.9699749991,-690732.6371364854,-1,0.0,1,1,0,48.05339885315966,4.4,7.483806687665835,0
11111,Warung Jajanan corndog,snack bar,F&B,Indonesia.Batam.Kuliner.202406162232.db,places,1.0347836,103.9389135,381939.97608533426,114394.54820520103,5,1347.8290748030531,15,32,0,15.877287896274439,5.0,0.6931471805599453,0
11112,Nabiyu ad daafiah,asian restaurant,F&B,Indonesia.Batam.Kuliner.202406162232.db,places,1.0290993,103.9637185,384699.96485515323,113765.2443534742,5,1484.8767391383585,4,40,0,197.56505773375872,5.0,1.3862943611198906,0
11113,Kartini Point,restaurant,F&B,Indonesia.Batam.Kuliner.202406162232.db,places,-6.7110254,108.5570453,893363.547133563,-743232.237393997,-1,0.0,0,0,0,42735.48118567172,4.9,3.8066624897703196,0
11116,Talago Surya Batam Centre,indonesian restaurant,F&B,Indonesia.Batam.Kuliner.202406162232.db,places,1.1189942,104.0430136,393526.56570157094,123700.00453694431,0,3136.1267955098656,30,129,3,29.712523686384227,3.7,2.4849066497880004,0
11119,Soto Kudus Kartini,diner,F&B,Indonesia.Batam.Kuliner.202406162232.db,places,-6.245014,107.004001,721725.0614361163,-690711.0041424187,-1,0.0,1,1,0,48.05339885315966,4.3,7.364547014255642,0
11120,KB's Cafe & Resto,restaurant,F&B,Indonesia.Batam.Kuliner.202406162232.db,places,1.121164,104.0231817,391319.95364501316,123940.59593076272,0,1863.0905907933336,8,31,2,217.5324951003584,5.0,2.0794415416798357,0
11121,Warung sarapan malam Barokah,breakfast restaurant,F&B,Indonesia.Batam.Kuliner.202406162232.db,places,1.0330035,103.9599386,384279.49554157315,114196.98559773724,5,1016.2249171700777,23,53,0,5.208441979088219,4.4,3.2188758248682006,0
11123,New sun bread,restaurant,F&B,Indonesia.Batam.Kuliner.202406162232.db,places,1.0352737,103.957287,383984.51989113557,114448.05023504222,5,780.9621044042788,30,59,9,1.621992915752702,4.1,3.5553480614894135,0
11125,STEAMBOSS EATERY (STEAMBOSS - Steamboat & Grill),restaurant,F&B,Indonesia.Batam.Kuliner.202406162232.db,places,1.1212667,104.0335659,392475.40625535714,123951.56560257814,0,2247.142785650855,9,68,3,113.11007707868177,4.5,3.295836866004329,0
11126,Warung rara taman raya belian,restaurant,F&B,Indonesia.Batam.Kuliner.202406162232.db,places,1.1213891,104.0951087,399323.19955340214,123962.90773701825,15,1250.6802856691327,16,53,4,169.64179322202375,3.3,1.3862943611198906,0
11127,PONDOK SOTO JOWO BU AGUS CS,soto restaurant,F&B,Indonesia.Batam.Kuliner.202406162232.db,places,1.1219448,104.0258336,391615.0593526353,124026.81236285597,0,1821.4388207724335,15,36,0,150.9422040466824,5.0,1.6094379124341003,0
11128,Ranah Minang sekupang,padang restaurant,F&B,Indonesia.Batam.Kuliner.202406162232.db,places,1.1282218,103.9250093,380396.425380286,124724.66363896022,25,290.13479844803277,10,14,3,178.92392202728368,4.5,6.490723534502507,0
11129,Rumah Makan Taman Raya,padang restaurant,F&B,Indonesia.Batam.Kuliner.202406162232.db,places,1.1189364,104.0935331,399147.8021788729,123691.82975743583,15,1564.751056585186,24,45,1,7.067254083452708,5.0,1.6094379124341003,0
11130,Rumah makan Segar,restaurant,F&B,Indonesia.Batam.Kuliner.202406162232.db,places,1.1246441,103.9268811,380604.5609150906,124329.07208862453,25,159.15221033728295,11,14,1,32.360336041873786,5.0,0.6931471805599453,0
11131,Tsania Seafood,seafood restaurant,F&B,Indonesia.Batam.Kuliner.202406162232.db,places,1.0982984,103.9287696,380813.644083586,121416.48038048482,-1,0.0,5,6,1,153.80786183433494,4.5,6.747586526829315,0
11132,RM Prasmanan Dapoer Bukit Dangas,diner,F&B,Indonesia.Batam.Kuliner.202406162232.db,places,1.1243293,103.9574644,384007.63635703723,124293.03796768811,-1,0.0,3,10,0,329.13291260761144,4.5,3.1354942159291497,0
11133,Ayam bakar salju,family restaurant,F&B,Indonesia.Batam.Kuliner.202406162232.db,places,1.1206265,104.0928261,399069.1935844516,123878.68517772436,15,1499.544670177535,18,52,0,167.18603507599315,3.5,1.6094379124341003,0
11134,RM KHANSANA SEKUPANG,padang restaurant,F&B,Indonesia.Batam.Kuliner.202406162232.db,places,1.1259884,103.9279469,380723.21059768624,124477.6407932276,25,172.93529165986038,10,14,3,82.38882667678148,4.3,4.51085950651685,0
11135,Warung Pinggir Danau,restaurant,F&B,Indonesia.Batam.Kuliner.202406162232.db,places,1.1029618,103.9545865,383686.5681494262,121930.99721668931,7,2011.967264982653,11,64,6,197.5943569268677,4.6,2.70805020110221,0
11136,Pempek Taman Raya,restaurant,F&B,Indonesia.Batam.Kuliner.202406162232.db,places,1.1183512,104.0912664,398895.57113104046,123627.21716595166,15,1793.4361476297827,24,39,6,155.74242857833858,4.0,0.6931471805599453,0
11137,Aroma Signature,coffee shop,F&B,Indonesia.Batam.Kuliner.202406162232.db,places,1.1117623,104.033044,392416.9890345975,122900.90848530545,0,3144.985642048674,16,97,0,119.74822789023636,4.8,6.396929655216146,0
11138,Rm Ampera Sero,padang restaurant,F&B,Indonesia.Batam.Kuliner.202406162232.db,places,1.1263464,103.925043,380400.09875404113,124517.33669414866,25,155.0748079936547,10,14,3,28.445018737260966,4.5,2.8903717578961645,0
11140,Ampera One Taman Raya,restaurant,F&B,Indonesia.Batam.Kuliner.202406162232.db,places,1.1198258,104.0941008,399210.99932822224,123790.12840859803,15,1450.706608316934,22,50,7,116.86104785679437,5.0,0.6931471805599453,0
11141,Tebing laut Cafe and Resto,restaurant,F&B,Indonesia.Batam.Kuliner.202406162232.db,places,1.145328,103.9934492,388012.5296587447,126612.98964076524,0,3286.7005675893106,37,67,14,16.81008640498684,4.2,4.997212273764115,0
11142,Sate SS,satay restaurant,F&B,Indonesia.Batam.Kuliner.202406162232.db,places,1.1189857,104.0370699,392865.212305187,123699.28130687159,0,2682.2345245701167,19,86,1,14.266586179672206,4.5,2.772588722239781,0
11143,Rm Family Juo,padang restaurant,F&B,Indonesia.Batam.Kuliner.202406162232.db,places,1.1266037,103.9250445,380400.2761567547,124545.78115967783,25,164.32622868591795,10,14,3,28.445018737260966,4.3,1.3862943611198906,0
11144,RM Segar Nusantara,restaurant,F&B,Indonesia.Batam.Kuliner.202406162232.db,places,1.046009,103.9422931,382316.4607143445,115635.38343355521,-1,0.0,1,19,0,186.92936133950084,5.0,1.0986122886681098,0
11145,Warung Kuliner Asli Suroboyo,restaurant,F&B,Indonesia.Batam.Kuliner.202406162232.db,places,1.1003347,104.0585485,395254.46585214755,121636.72195377732,9,197.1205818305787,85,124,32,17.543685845322273,5.0,1.0986122886681098,0
11147,Bakso Rudal Taman Raya,bakso restaurant,F&B,Indonesia.Batam.Kuliner.202406162232.db,places,1.1082936,104.0581004,395204.8846783445,122516.55815171049,9,704.4143335892059,11,137,1,46.08127008740142,4.8,1.6094379124341003,0
11148,Miso Ajo Selat Panjang Palmspring,soup restaurant,F&B,Indonesia.Batam.Kuliner.202406162232.db,places,1.124929,104.0289657,391963.6774337981,124356.58921003266,0,1634.059126417925,17,52,0,35.33162446411316,4.4,6.12029741895095,0
11151,RM Ajun Baloi Mas,restaurant,F&B,Indonesia.Batam.Kuliner.202406162232.db,places,1.1278296,104.0134276,390234.8616988858,124677.82164132933,0,1477.8865183465562,48,139,23,29.849538561776097,4.5,2.4849066497880004,0
11153,Rumah Makan Mitra Sari,restaurant,F&B,Indonesia.Batam.Kuliner.202406162232.db,places,1.114784,103.944351,382548.09634375887,123238.3356119395,7,2972.275371994416,8,22,2,37.83100989928993,5.0,0.6931471805599453,0
11155,MARTABAK OKI TAMAN RAYA,murtabak restaurant,F&B,Indonesia.Batam.Kuliner.202406162232.db,places,1.1189143,104.0934735,399141.1698574468,123689.38877550622,15,1571.1627552690964,24,44,0,7.067254083452708,5.0,1.3862943611198906,0
11156,Sate Tarempa  Kep Anambas,satay restaurant,F&B,Indonesia.Batam.Kuliner.202406162232.db,places,1.1198455,104.0348496,392618.1914090778,123794.41015539276,0,2457.7788213739573,9,82,1,186.08837952460794,4.5,3.4657359027997265,0
11157,Cafetaria Rumah Makan,restaurant,F&B,Indonesia.Batam.Kuliner.202406162232.db,places,1.1122029,103.9454331,382668.4028103096,122952.95366435651,7,2825.6150214465747,11,38,3,191.78370501948146,5.0,1.3862943611198906,0
11158,Holan Seafood & Resto,chinese restaurant,F&B,Indonesia.Batam.Kuliner.202406162232.db,places,1.123073,104.023656,391372.7994659149,124151.61182030142,0,1657.3632829103858,10,34,0,166.5590114021224,4.0,1.0986122886681098,0
11159,Seafood One Marina,seafood restaurant,F&B,Indonesia.Batam.Kuliner.202406162232.db,places,1.07142,103.9310303,381064.151885466,118444.98858077801,-1,0.0,2,2,0,176.85088853108252,4.4,6.0867747269123065,0
11160,Warung-warung,diner,F&B,Indonesia.Batam.Kuliner.202406162232.db,places,1.1080274,104.0577817,395169.41375579056,122487.14221885017,9,682.4667668501719,14,137,1,46.08127008740142,4.8,2.1972245773362196,0
11162,Rumah Makan Bawah Batuang,padang restaurant,F&B,Indonesia.Batam.Kuliner.202406162232.db,places,1.1188726,104.0931467,399104.8060822496,123684.79031165694,15,1600.2755239482756,25,44,1,36.65337660249676,4.8,1.791759469228055,0
11163,Ketoprak Cirebon 288,hawker stall,F&B,Indonesia.Batam.Kuliner.202406162232.db,places,1.1098342,104.0410139,393303.73036270926,122687.47544796053,0,3758.163810689998,54,90,3,19.329944564522297,3.9,4.2626798770413155,0
11165,Rumah Makan Mie Pangsit Terang Bulan Blok Gno20,chinese restaurant,F&B,Indonesia.Batam.Kuliner.202406162232.db,places,1.1132376,104.0406837,393267.11124887055,123063.71979262312,0,3430.8228513219287,49,113,0,64.2026456539207,5.0,0.6931471805599453,0
11167,Foresthree Coffee & Kitchen Anggrek Mas Center,restaurant,F&B,Indonesia.Batam.Kuliner.202406162232.db,places,1.1154732,104.0279226,391847.2652110689,123311.32249456258,0,2571.8662523757007,15,38,4,57.84309526341467,4.5,5.017279836814924,0
11169,Mie tarempa Mak Adis,noodle shop,F&B,Indonesia.Batam.Kuliner.202406162232.db,places,1.1230767,104.0935474,399149.53498232306,124149.51619271583,15,1280.2084268695069,10,53,0,88.94075585488669,4.3,1.3862943611198906,0
11171,Kelong Baba by Kelong Shangrila Tj  Pinang,seafood restaurant,F&B,Indonesia.Batam.Kuliner.202406162232.db,places,1.1338624,103.9797438,386487.07554705144,125346.02837698371,-1,0.0,5,14,0,366.675347802425,4.5,7.255591274253665,0
11172,Teras Lian 2745,family restaurant,F&B,Indonesia.Batam.Kuliner.202406162232.db,places,1.1173478,104.0412475,393329.99315402005,123518.06570494622,0,3123.328444965639,39,110,0,117.49600134427027,4.6,1.791759469228055,0
11173,Sate kendal hj warti Simpang kara,fast food restaurant,F&B,Indonesia.Batam.Kuliner.202406162232.db,places,1.1123175,104.0418512,393396.9856700787,122961.9641685268,0,3590.5798962364897,52,112,3,26.485240130496187,4.0,3.1780538303479458,0
11174,Warung Bunda,restaurant,F&B,Indonesia.Batam.Kuliner.202406162232.db,places,1.107913,103.936555,381680.3371393882,122479.06132111057,-1,0.0,1,12,0,39.73411320637453,3.5,1.0986122886681098,0
11175,BAKSO CEKER PRASMANAN JEMARA,restaurant,F&B,Indonesia.Batam.Kuliner.202406162232.db,places,1.1254164,103.9299875,380950.25143806596,124414.32285069895,25,405.11773591842467,6,14,1,235.70469882119582,5.0,0.6931471805599453,0
11176,Food delivery,restaurant,F&B,Indonesia.Batam.Kuliner.202406162232.db,places,1.1159497,104.0410713,393310.33703280886,123363.51768187733,0,3225.030249413857,49,106,10,53.07821920341704,5.0,1.0986122886681098,0
11177,mieagobatam,restaurant,F&B,Indonesia.Batam.Kuliner.202406162232.db,places,1.1183034,104.0926653,399051.2222537006,123621.88499246274,15,1682.566119395562,28,43,7,82.63356379155977,5.0,0.6931471805599453,0
11178,TOCA BUDE,restaurant,F&B,Indonesia.Batam.Kuliner.202406162232.db,places,1.1208424,103.9380385,381845.9267495513,123908.34169537979,-1,0.0,1,6,0,485.5279270522156,3.6,1.791759469228055,0
11179,Rm Golansi,restaurant,F&B,Indonesia.Batam.Kuliner.202406162232.db,places,1.1095912,103.9421727,382305.504447529,122664.36158041137,7,3189.2877628228052,8,28,2,63.47334860802407,4.5,1.9459101490553132,0
11180,Modern Grill BBQ Resto,barbecue restaurant,F&B,Indonesia.Batam.Kuliner.202406162232.db,places,1.1229434,104.0046322,389256.0106550496,124137.99884763586,0,2555.0797614695603,8,40,0,25.3630164075076,4.5,5.707110264748875,0
11181,Rizki Pacitan Indah,restaurant,F&B,Indonesia.Batam.Kuliner.202406162232.db,places,1.1161838,104.0941871,399220.4775426233,123387.5228622514,15,1749.527697917633,24,41,6,72.79764331602543,4.2,2.302585092994046,0
11182,Warung Ajo,diner,F&B,Indonesia.Batam.Kuliner.202406162232.db,places,1.1267045,103.9277418,380700.41758690967,124556.81400473829,25,169.25284391512827,11,15,0,82.38882667678148,4.0,2.6390573296152584,0
11183,Ketoprak RSBP,brunch restaurant,F&B,Indonesia.Batam.Kuliner.202406162232.db,places,1.1296528,103.9328847,381272.8035480932,124882.53776495073,-1,0.0,1,13,0,150.4658439155519,5.0,1.3862943611198906,0
11184,Miso Medan Bang Joni,diner,F&B,Indonesia.Batam.Kuliner.202406162232.db,places,1.1099852,104.0409263,393293.9885316658,122704.17106070126,0,3738.8773088436687,52,94,3,5.483705432352612,4.0,3.4657359027997265,0
11185,Mie & Teh Talua Pelabuhan Sekupang,noodle shop,F&B,Indonesia.Batam.Kuliner.202406162232.db,places,1.1260114,103.9255005,380450.9926358169,124480.28366113645,25,99.29873240898696,10,14,0,62.953272016727006,3.3,1.3862943611198906,0
11186,Rumah Makan Nan Kandung,padang restaurant,F&B,Indonesia.Batam.Kuliner.202406162232.db,places,1.1101504,103.9437649,382482.695849863,122726.11748000843,7,3009.7419253339244,9,38,3,25.822329274290613,4.1,2.0794415416798357,0
11187,Sambel jawa timur Bu atik,restaurant,F&B,Indonesia.Batam.Kuliner.202406162232.db,places,1.1124566,104.0305965,392144.6805824093,122977.7501351203,0,2976.756483359465,16,55,3,88.56327485529268,4.4,2.9444389791664403,0
11189,Warung Kita,restaurant,F&B,Indonesia.Batam.Kuliner.202406162232.db,places,1.1168298,104.0919212,398968.3774082213,123459.01231518858,15,1856.7076547845506,27,36,7,56.86660468855131,5.0,1.791759469228055,0
11190,Rumah Makan Panjaitan,padang restaurant,F&B,Indonesia.Batam.Kuliner.202406162232.db,places,1.11043,103.9445269,382567.4970799311,122756.99679651526,7,2924.144433181672,11,41,3,34.46245127252536,3.4,2.0794415416798357,0
11192,Rumah Makan Tsania Seafood  Cabang 2 Tg Riau  Ruko Pingwin,seafood restaurant,F&B,Indonesia.Batam.Kuliner.202406162232.db,places,1.133377,104.0122165,390100.31103484996,125291.11579716962,0,1208.8439222526745,74,229,2,38.73192340016257,4.2,1.791759469228055,0
11193,La Vita Coffee & Resto,cafe,F&B,Indonesia.Batam.Kuliner.202406162232.db,places,1.114661,104.0284741,391908.6010504635,123221.51640115112,0,2674.513421173659,16,45,1,51.034337553673055,4.3,4.110873864173311,0
11194,Ayam Geprek Mantap,fried chicken takeaway,F&B,Indonesia.Batam.Kuliner.202406162232.db,places,1.1095042,104.0378749,392954.4421006126,122651.10864902698,0,3605.7959007968625,45,110,0,122.74526134237017,5.0,1.0986122886681098,0
11195,Warung Bukit Balada,grocery store,F&B,Indonesia.Batam.Kuliner.202406162232.db,places,1.1349525,103.9244588,380335.4453335211,125468.76564720515,-1,0.0,0,9,0,746.5965207376595,4.8,1.791759469228055,0
11196,Kampung Ruli rawasari,diner,F&B,Indonesia.Batam.Kuliner.202406162232.db,places,1.1106976,103.9413423,382213.14686542156,122786.70654000262,7,3277.972527036777,8,21,0,153.29126560281932,2.5,1.0986122886681098,0
11198,Yaoora,restaurant,F&B,Indonesia.Batam.Kuliner.202406162232.db,places,1.1172377,104.0274551,391795.31093671196,123506.39895860277,0,2369.99226250183,11,44,3,84.49090602669415,4.8,3.4965075614664802,0
11199,Selera Kota Raya Makanan dan Minuman,restaurant,F&B,Indonesia.Batam.Kuliner.202406162232.db,places,1.503135,103.6438571,349132.6663895204,166188.80554555965,-1,0.0,0,0,0,12339.99128356403,4.0,4.553876891600541,0
11201,Sup Ikan Yong Kee (Yong Kee Istimewa Soup Seafood 永记),seafood restaurant,F&B,Indonesia.Batam.Kuliner.202406162232.db,places,1.1283037,104.0503957,394348.30187979597,124728.8632403756,0,3328.249815151557,43,119,2,0.0,4.4,8.013674142832684,0
11203,Lotek Padang Minang Saiyo,indonesian restaurant,F&B,Indonesia.Batam.Kuliner.202406162232.db,places,1.1163619,104.0928762,399074.62239710806,123407.25577718076,15,1824.154933454187,27,38,3,27.599591263028326,5.0,1.791759469228055,0
11204,Co  Deer,coffee shop,F&B,Indonesia.Batam.Kuliner.202406162232.db,places,1.1240923,103.9351035,381519.4710415008,124267.73568340526,-1,0.0,1,10,0,485.5279270522156,5.0,0.6931471805599453,0
11205,Truk cafe sekupang,restaurant,F&B,Indonesia.Batam.Kuliner.202406162232.db,places,1.1156121,103.9406295,382134.02641776204,123330.03034953585,7,3395.27426009894,4,17,1,71.60029755957476,3.0,1.0986122886681098,0
11206,Warung Prasmanan Selera Nusantara,tegal restaurant,F&B,Indonesia.Batam.Kuliner.202406162232.db,places,1.1095408,104.0407412,393273.37654060405,122655.05107680436,0,3768.2478864772415,53,92,0,23.481208908963687,5.0,1.9459101490553132,0
11207,Ayam Penyet SidoMulyo Cab  Taman Raya,ayam penyet restaurant,F&B,Indonesia.Batam.Kuliner.202406162232.db,places,1.1169389,104.0931734,399107.71092391945,123471.02969383332,15,1754.1550319842343,26,43,0,44.61110799598685,3.8,1.791759469228055,0
11208,Rm  Selera baru,coffee shop,F&B,Indonesia.Batam.Kuliner.202406162232.db,places,1.1144418,103.9443485,382547.80460119946,123200.50572697696,7,2967.4905483651905,10,25,0,37.83100989928993,5.0,1.9459101490553132,0
11209,Golden Prawn 933,seafood restaurant,F&B,Indonesia.Batam.Kuliner.202406162232.db,places,1.159912,104.037245,392886.2075333093,128223.52119254251,0,2954.43777913121,14,55,2,76.3840419733105,4.2,8.804325112562537,0
11210,Warung Makan Mama Sandy,brunch restaurant,F&B,Indonesia.Batam.Kuliner.202406162232.db,places,1.1279811,104.0148977,390398.4455687267,124694.5140941234,0,1363.4352368670413,37,122,0,141.9985264037206,5.0,1.791759469228055,0
11211,Coffee One Sekupang,coffee shop,F&B,Indonesia.Batam.Kuliner.202406162232.db,places,1.1249814,103.9265976,380573.0286471061,124366.37219960154,25,114.58991156128585,11,14,0,12.378167622105146,4.9,2.1972245773362196,0
11212,1D Prata KDA (Waroeng Prata 1D KDA Batam Center),restaurant,F&B,Indonesia.Batam.Kuliner.202406162232.db,places,1.1058014,104.0832341,398001.4014239194,122240.18120958057,12,397.95370373355274,25,54,9,0.0,4.5,5.8888779583328805,0
11213,Bakso dan Mie ayam Pak Dhe,noodle shop,F&B,Indonesia.Batam.Kuliner.202406162232.db,places,1.1121767,104.0293974,392011.2463446085,122946.85205112088,0,2966.7006879961023,13,44,0,45.03598250293956,4.5,4.574710978503383,0
11214,Adi-8 Chinese Food,chinese restaurant,F&B,Indonesia.Batam.Kuliner.202406162232.db,places,1.1282312,104.0130025,390187.57581531134,124722.23334321631,0,1476.3825599147747,51,156,2,13.933107213080898,4.5,6.5998704992128365,0
11215,BPK SUKANALU TARAS,restaurant,F&B,Indonesia.Batam.Kuliner.202406162232.db,places,1.1165671,104.0930175,399090.35156399023,123429.93463841935,15,1796.6816104568054,27,42,7,27.599591263028326,4.5,3.4965075614664802,0
11216,Susi Orchid Food,restaurant,F&B,Indonesia.Batam.Kuliner.202406162232.db,places,1.1238556,104.0253239,391558.41547983396,124238.06362252343,0,1602.8399900265802,13,34,5,138.6598016705988,5.0,2.302585092994046,0
11217,Warung Salomo mie Khas Siantar  Batam,noodle shop,F&B,Indonesia.Batam.Kuliner.202406162232.db,places,1.111306,104.0409739,393299.3323546839,122850.17855413374,0,3622.0219873103183,53,110,1,39.93761881412671,3.9,3.044522437723423,0
11218,Lakse Mak 3S,restaurant,F&B,Indonesia.Batam.Kuliner.202406162232.db,places,1.1147291,104.0529438,394631.34053942986,123228.15767470635,6,329.81275724137123,16,51,5,11.12863136314172,5.0,2.0794415416798357,0
11219,Banoor Eatery & Coffee,indonesian restaurant,F&B,Indonesia.Batam.Kuliner.202406162232.db,places,1.1176227,104.0246426,391482.3778495129,123549.06312696384,0,2268.583184267743,9,34,1,88.79656849259202,4.7,2.5649493574615367,0
11221,Mie Ayam Batam Center Mbak Wawa,noodle shop,F&B,Indonesia.Batam.Kuliner.202406162232.db,places,1.1173699,104.0375175,392914.9580556922,123520.6444792402,0,2853.968878326354,22,99,1,21.214796458389596,5.0,3.9318256327243257,0
11222,RM  Masakan Padang,padang restaurant,F&B,Indonesia.Batam.Kuliner.202406162232.db,places,1.1099022,103.9433818,382440.05726680043,122698.69435573636,7,3053.335823476301,8,36,3,24.88566143570866,3.0,1.3862943611198906,0
11223,RM  Pondok Nelayan Kuliner 2,restaurant,F&B,Indonesia.Batam.Kuliner.202406162232.db,places,1.1011403,104.0621064,395650.3800929602,121725.6525993205,9,342.2677213115583,82,120,34,32.70147699676274,4.3,3.332204510175204,0
11224,AB Warung Kopi,cafe,F&B,Indonesia.Batam.Kuliner.202406162232.db,places,1.1088187,103.9517003,383365.64019609045,122578.585048139,7,2139.089075326861,27,60,2,13.755017173398514,4.5,3.091042453358316,0
11225,Pantai Cafe,cafe,F&B,Indonesia.Batam.Kuliner.202406162232.db,places,1.1267218,104.003989,389184.5839356253,124555.71505330662,0,2365.8236834795766,17,88,0,167.65120993004714,4.3,5.777652323222656,0
11226,Mochy Burger,restaurant,F&B,Indonesia.Batam.Kuliner.202406162232.db,places,1.1293937,103.9571165,383969.12518306146,124852.91562522817,-1,0.0,1,4,0,194.15455036018793,5.0,1.3862943611198906,0
11227,Maharaja Curry House,indian restaurant,F&B,Indonesia.Batam.Kuliner.202406162232.db,places,1.1255106,104.030522,392136.8678472381,124420.82541504348,0,1668.6651094044512,19,69,0,149.90308729069568,4.4,6.7226297948554485,0
11228,Bakso kawasan kang iman (bakso dibatam),restaurant,F&B,Indonesia.Batam.Kuliner.202406162232.db,places,1.1100198,103.9435725,382461.2817206512,122711.68738093565,7,3031.631883096976,9,37,2,24.88566143570866,5.0,1.791759469228055,0
11229,WR Foodcourt Batam,seafood restaurant,F&B,Indonesia.Batam.Kuliner.202406162232.db,places,1.1193508,104.0420716,393421.7626950314,123739.45945388007,0,3032.137784023274,30,128,1,59.96393072340488,5.0,0.6931471805599453,0
11230,Aroma Signature cabang Eden Park,indonesian restaurant,F&B,Indonesia.Batam.Kuliner.202406162232.db,places,1.1065662,104.0388909,393067.3870619749,122326.28744422329,0,3944.9243362800166,22,100,2,224.18565244117895,3.9,3.1780538303479458,0
11231,Fried chicken sabana (SABANA FRIED CHICKEN MERLION),restaurant,F&B,Indonesia.Batam.Kuliner.202406162232.db,places,1.0555716,103.9502254,383199.48641865165,116692.2237516545,-1,0.0,2,8,1,221.29482250263072,5.0,0.6931471805599453,0
11232,Bakso Banyuwangi Cak Jito,bakso restaurant,F&B,Indonesia.Batam.Kuliner.202406162232.db,places,1.1210536,103.9558498,383827.84687920375,123930.97701218548,-1,0.0,3,10,0,97.2309404362432,4.5,1.6094379124341003,0
11233,NASI GORENG SOLO,nasi goreng restaurant,F&B,Indonesia.Batam.Kuliner.202406162232.db,places,1.1189887,104.0409147,393293.0218832524,123699.47280231895,0,2967.145911814371,36,115,0,60.28065970768975,4.7,4.897839799950911,0
11234,Bakmi Ayank Pangsit,bakso restaurant,F&B,Indonesia.Batam.Kuliner.202406162232.db,places,1.1162375,104.0422066,393436.6718344056,123395.29166643544,0,3285.8723443285826,36,110,0,95.55779507722583,5.0,1.3862943611198906,0
11235,Anto Penyet Sekupang,restaurant,F&B,Indonesia.Batam.Kuliner.202406162232.db,places,1.1078661,103.9530163,383512.03820788476,122473.22422396358,7,2009.2427550359203,31,60,11,13.4800278642533,5.0,1.0986122886681098,0
11236,IMD dDrink  Golden Prawn  Food & Beverage,fast food restaurant,F&B,Indonesia.Batam.Kuliner.202406162232.db,places,1.1611468,104.0417826,393391.1436361699,128359.85210939895,0,3371.8005592523577,19,34,0,7.47650367217592,5.0,0.6931471805599453,0
11237,Warung Makan Fortunate Vegetarian,vegetarian restaurant,F&B,Indonesia.Batam.Kuliner.202406162232.db,places,1.1088595,104.0364039,392790.7406590505,122579.89278741794,0,3592.5882373047884,27,120,0,178.52131781450217,4.3,1.9459101490553132,0
11238,Sarapan Pagi,hawker stall,F&B,Indonesia.Batam.Kuliner.202406162232.db,places,1.1116814,104.039885,393178.1840835033,122891.7169105512,0,3518.668349972173,56,108,3,12.446934781581422,5.0,0.6931471805599453,0
11239,RAFI Cafe,coffee shop,F&B,Indonesia.Batam.Kuliner.202406162232.db,places,1.1298449,103.9588028,384156.7810320732,124902.72799073366,-1,0.0,1,4,0,194.15455036018793,5.0,1.6094379124341003,0
11240,Pasar Gerai Marchelia,brunch restaurant,F&B,Indonesia.Batam.Kuliner.202406162232.db,places,1.1173755,104.0377259,392938.14687119337,123521.25594166362,0,2867.5014126618466,22,100,1,23.196875881086264,5.0,0.6931471805599453,0
11241,Pawon Kabita,restaurant,F&B,Indonesia.Batam.Kuliner.202406162232.db,places,1.1171937,104.0402027,393213.7330756121,123501.06851398794,0,3057.872086703805,40,100,8,117.49600134427027,4.5,1.6094379124341003,0
11242,Layang Restaurant,restaurant,F&B,Indonesia.Batam.Kuliner.202406162232.db,places,1.1415799,103.9200962,379850.279748686,126201.60716691414,-1,0.0,2,3,0,51.228281344554645,4.1,2.6390573296152584,0
11243,Mie Anna,noodle shop,F&B,Indonesia.Batam.Kuliner.202406162232.db,places,1.127213,104.0114689,390016.8936609893,124609.73229160736,0,1675.8551212988118,56,152,2,98.02037412689828,3.4,1.791759469228055,0
11244,KUKO LOLA,indonesian restaurant,F&B,Indonesia.Batam.Kuliner.202406162232.db,places,1.124429,104.0317199,392270.11807508307,124301.2142011766,0,1843.0467199650432,17,65,2,27.651557925881196,4.1,3.1780538303479458,0
11245,KUE DINA SEKUPANG Jl  RE Martadinata,breakfast restaurant,F&B,Indonesia.Batam.Kuliner.202406162232.db,places,1.115318,103.9412028,382197.80760791665,123297.49479370717,7,3327.4134918204713,4,17,0,71.60029755957476,5.0,1.0986122886681098,0
11247,MI & MIE KITCHEN,noodle shop,F&B,Indonesia.Batam.Kuliner.202406162232.db,places,1.1149607,104.0375568,392919.2438020283,123254.31524692388,0,3073.2282119750435,30,112,1,65.11849030341953,5.0,0.6931471805599453,0
11249,Salero Basomo RM Padang,padang restaurant,F&B,Indonesia.Batam.Kuliner.202406162232.db,places,1.1157499,103.9418897,382274.258284163,123345.2136053525,7,3259.1019340041016,4,15,0,90.12097915230535,4.3,2.302585092994046,0
11251,Ikan Bakar Sampan  Tanjung Uma,seafood restaurant,F&B,Indonesia.Batam.Kuliner.202406162232.db,places,1.1387765,104.0006123,388809.3161918317,125888.45941626471,0,2389.3337496707136,32,189,3,35.43612477080362,4.2,3.4657359027997265,0
11252,Teras Cafe,cafe,F&B,Indonesia.Batam.Kuliner.202406162232.db,places,1.133039,104.0072499,389547.66436754004,125253.93979749181,0,1737.2603213554414,111,232,0,72.58100844565091,4.4,6.251903883165888,0
11253,Warung AdanE,supermarket,F&B,Indonesia.Batam.Kuliner.202406162232.db,places,1.124499,103.9604175,384336.24085216335,124311.68092733731,-1,0.0,1,12,0,329.13291260761144,5.0,0.6931471805599453,0
11259,Okela Garden (Live Seafood & Ikan Bakar),seafood restaurant,F&B,Indonesia.Batam.Kuliner.202406162232.db,places,1.1373124,104.0074158,389566.2862374801,125726.34574263392,0,1632.3573498234064,99,299,6,34.885294738464864,4.4,6.53813982376767,0
11260,BPK Eden,restaurant,F&B,Indonesia.Batam.Kuliner.202406162232.db,places,1.1085334,104.0402819,393222.23415194993,122543.70354755517,0,3834.397614271493,52,96,13,7.314986648373598,4.0,1.6094379124341003,0
11261,Pasar Kuliner Pagi Perum Marchelia,breakfast restaurant,F&B,Indonesia.Batam.Kuliner.202406162232.db,places,1.1174782,104.0373601,392897.4481215287,123532.62236696557,0,2833.872076834034,22,99,0,21.214796458389596,5.0,1.0986122886681098,0
11263,Sate Ayam Kambing Halal,restaurant,F&B,Indonesia.Batam.Kuliner.202406162232.db,places,1.1184037,104.0404692,393243.43014186283,123634.81956502644,0,2978.970719068624,41,102,5,52.95151648869425,5.0,0.6931471805599453,0
11265,Kantin SMK MTS,indonesian restaurant,F&B,Indonesia.Batam.Kuliner.202406162232.db,places,1.119027,104.036311,392780.7712262211,123703.87459303334,0,2626.881581115372,16,87,1,83.13915046094303,4.3,2.5649493574615367,0
11266,Roti'O RS BP Batam,cafe,F&B,Indonesia.Batam.Kuliner.202406162232.db,places,1.129713,103.9315338,381122.487409262,124889.24809967402,-1,0.0,1,15,0,150.4658439155519,3.0,2.772588722239781,0
11267,Rumah Makan Kota Buana,padang restaurant,F&B,Indonesia.Batam.Kuliner.202406162232.db,places,1.124661,104.031627,392259.7896311663,124326.86438445054,0,1816.190927220351,17,64,0,27.651557925881196,4.5,1.0986122886681098,0
11268,Nasi Campur Acu,family restaurant,F&B,Indonesia.Batam.Kuliner.202406162232.db,places,1.1283294,104.0131933,390208.809839784,124733.08185452445,0,1453.9703095651453,49,156,0,14.865281953666727,5.0,1.3862943611198906,0
11271,Garis Temu Coffe,coffee shop,F&B,Indonesia.Batam.Kuliner.202406162232.db,places,1.143281,103.9209274,379942.8403986775,126389.62940607425,-1,0.0,2,2,0,209.57059990760115,5.0,1.9459101490553132,0
11273,Roti'O,bakery,F&B,Indonesia.Batam.Kuliner.202406162232.db,places,1.12487,103.9265864,380571.7778559736,124354.05738920008,25,126.46453848133916,11,14,1,12.378167622105146,2.7,2.0794415416798357,0
11274,Indomaret Siriaon,convenience store,F&B,Indonesia.Batam.Kuliner.202406162232.db,places,1.120441,103.9552228,383758.0549246823,123863.27960557198,-1,0.0,6,9,0,97.2309404362432,4.7,2.9444389791664403,0
11275,Annisaaulia oleh-oleh khas Batam,bakery,F&B,Indonesia.Batam.Kuliner.202406162232.db,places,1.124927,103.9268064,380596.2602997555,124360.3497345366,25,126.95128909577377,11,14,1,23.999578543824384,3.0,0.6931471805599453,0
11276,yaremart (Yare Mart),convenience store,F&B,Indonesia.Batam.Kuliner.202406162232.db,places,1.1272517,103.9235683,380236.04094916675,124617.47826739479,25,343.5256433150299,9,13,0,179.20289804139023,5.0,1.0986122886681098,0
11278,Ombak Bar,bar,F&B,Indonesia.Batam.Kuliner.202406162232.db,places,1.1413364,103.9197045,379806.68403655826,126174.70455191872,-1,0.0,2,3,0,51.228281344554645,4.5,6.400257445308821,0
11286,RM  Bpk Petra,restaurant,F&B,Indonesia.Batam.Kuliner.202406162232.db,places,1.1119468,103.9837495,386931.95156534226,122923.14663502776,7,1444.6222083620733,94,165,25,37.22997278644057,4.3,3.258096538021482,0
11289,lontong tunjang tiban,breakfast restaurant,F&B,Indonesia.Batam.Kuliner.202406162232.db,places,1.1130755,103.9798403,386497.0108914705,123048.07229246435,7,1031.3599266586114,121,193,0,0.21004138814973544,4.0,3.8066624897703196,0
11292,Podomoro  Sambal Ijo Tiban Centre,cafe,F&B,Indonesia.Batam.Kuliner.202406162232.db,places,1.1126948,103.9794002,386448.02558541216,123006.00357121906,7,974.7866978714353,111,194,7,3.0067713694886273,4.4,4.90527477843843,0
11298,Dimsum PSS  Tiban Center Batam,hong kong style fast food restaurant,F&B,Indonesia.Batam.Kuliner.202406162232.db,places,1.1130774,103.9798403,386497.01096412656,123048.28233383993,7,1031.4062447587041,121,193,1,0.21004138814973544,4.4,3.367295829986474,0
11306,Soto Mie Asli Bogor  PENUIN  Cab Tiban Kuliner,noodle shop,F&B,Indonesia.Batam.Kuliner.202406162232.db,places,1.1126852,103.9794256,386450.85152400046,123004.9413316655,7,977.3610908946075,111,194,3,1.1493144441216667,4.1,3.7376696182833684,0
11309,Tuti's Kitchen,pempek restaurant,F&B,Indonesia.Batam.Kuliner.202406162232.db,places,1.1100628,103.9773405,386218.738081665,122715.12013335557,7,735.4726929003716,98,168,2,0.0,5.0,1.0986122886681098,0
11310,WARUNG POJOK TIBAN 1,restaurant,F&B,Indonesia.Batam.Kuliner.202406162232.db,places,1.1161807,103.9755433,386018.99484273914,123391.51243643057,7,777.3219275289999,38,160,9,16.087927675222694,4.3,4.859812404361672,0
11315,Bakso Boyolali,bakso restaurant,F&B,Indonesia.Batam.Kuliner.202406162232.db,places,1.1098824,103.9856698,387145.5483154202,122694.85808548219,7,1659.4170931732233,40,149,3,22.303934364914046,4.7,2.4849066497880004,0
11320,Kuliner warung dede,restaurant,F&B,Indonesia.Batam.Kuliner.202406162232.db,places,1.1131972,103.9794702,386455.8338333862,123061.54024475363,7,994.4044282637425,113,194,32,2.4706373075684596,5.0,0.6931471805599453,0
11321,Warung Mamak Tono,restaurant,F&B,Indonesia.Batam.Kuliner.202406162232.db,places,1.1109515,103.9740518,385852.8316023639,122813.49115373871,7,361.97218154031816,31,160,9,1.9526541335907657,5.0,1.9459101490553132,0
11323,Dapoer Bundar,restaurant,F&B,Indonesia.Batam.Kuliner.202406162232.db,places,1.1168817,103.985913,387172.8757407113,123468.60660606384,7,1802.2746767339236,21,157,6,180.33936757753105,4.7,1.9459101490553132,0
11324,Mie hotplate gachor tiban 1,noodle shop,F&B,Indonesia.Batam.Kuliner.202406162232.db,places,1.1131277,103.9796122,386471.631778345,123053.85168394167,7,1007.9375312328817,115,194,3,5.586265485241921,5.0,2.6390573296152584,0
11328,Bebek Carok - Tiban  Batam,diner,F&B,Indonesia.Batam.Kuliner.202406162232.db,places,1.1092066,103.9666585,385030.09499261266,122620.88166147187,7,502.4529855192863,67,123,3,29.95127145656589,4.6,4.532599493153256,0
11334,Sarapan pagi warung mama,breakfast restaurant,F&B,Indonesia.Batam.Kuliner.202406162232.db,places,1.108785,103.98572,387151.09257568547,122573.5409186062,7,1678.5076811071076,34,141,1,95.05395572241194,5.0,0.6931471805599453,0
11337,Jomtea Tiban Centre,cafe,F&B,Indonesia.Batam.Kuliner.202406162232.db,places,1.1131006,103.9794788,386456.78707582096,123050.86096664143,7,992.8035659907938,113,195,7,1.2921408722350958,4.4,4.700480365792417,0
11339,Rumah Makan Pondok Tiban Indah,restaurant,F&B,Indonesia.Batam.Kuliner.202406162232.db,places,1.1134501,103.9840114,386961.1508687257,123089.3233351528,7,1494.4811795399298,74,174,22,44.28158183482936,4.4,2.0794415416798357,0
11344,RESTO JOSS GANDOZZ,restaurant,F&B,Indonesia.Batam.Kuliner.202406162232.db,places,1.1129727,103.9827443,386820.1402758237,123036.59634194776,7,1346.558776737418,111,185,30,43.65211433021082,4.1,4.248495242049359,0
11345,Podomoro Sambal Idjo,restaurant,F&B,Indonesia.Batam.Kuliner.202406162232.db,places,1.1214995,103.9815933,386692.39318698505,123979.26152329966,7,1668.7908363154575,19,114,6,88.1522529925641,4.5,6.1092475827643655,0
11348,Melenial cafe (Lekker Story Tiban Foodcourt Center),cafe,F&B,Indonesia.Batam.Kuliner.202406162232.db,places,1.1131065,103.9792758,386434.19911306363,123051.5210177759,7,970.9993939100797,108,195,7,0.0,4.5,2.8903717578961645,0
11351,M&R CATERING,indonesian restaurant,F&B,Indonesia.Batam.Kuliner.202406162232.db,places,1.1092471,103.9849996,387070.9498748411,122624.65258067902,7,1592.17463244474,38,153,3,46.73276749130343,4.0,0.6931471805599453,0
11353,Sop Ayam Klaten Pak Toyo,soup shop,F&B,Indonesia.Batam.Kuliner.202406162232.db,places,1.1131234,103.9797088,386482.380474948,123053.37260812272,7,1018.2893213284827,119,194,1,5.4452463617011215,4.3,4.564348191467836,0
11354,Amir Prata House,indonesian restaurant,F&B,Indonesia.Batam.Kuliner.202406162232.db,places,1.1225289,103.9831053,386860.67516524985,124093.00112697817,7,1869.2098346891069,11,52,1,115.08039535793509,4.6,3.4339872044851463,0
11359,Orange Cafe Pempek Palembang,pempek restaurant,F&B,Indonesia.Batam.Kuliner.202406162232.db,places,1.1126223,103.9787637,386377.19825310505,122998.01334081659,7,903.7469920934541,107,192,2,1.0842856360039321,4.7,3.2188758248682006,0
11360,Mie Tarempa Berkat Tiban (Mie Tarempa Kedai Kopi Berkat Tiban),halal restaurant,F&B,Indonesia.Batam.Kuliner.202406162232.db,places,1.1092297,103.9663861,384999.7852662487,122623.44591798789,7,529.4276396849823,68,126,1,0.0,4.2,6.3561076606958915,0
11361,Sate Madura Cak Umar  Tiban Indah,satay restaurant,F&B,Indonesia.Batam.Kuliner.202406162232.db,places,1.1146106,103.9839912,386958.9474153786,123217.61500565063,7,1520.6195426262304,57,180,1,11.443248591679485,4.4,6.023447592961033,0
11362,TIBAN PRINCESS FOODPLACE,restaurant,F&B,Indonesia.Batam.Kuliner.202406162232.db,places,1.1129233,103.9779815,386290.17288735666,123031.31847417691,7,826.4214465387148,112,183,32,17.540850367006303,4.5,2.5649493574615367,0
11363,SIO OK Food Tiban KSB Mentarau,diner,F&B,Indonesia.Batam.Kuliner.202406162232.db,places,1.1251147,103.9680767,385188.519156931,124379.44326040252,-1,0.0,3,18,0,71.73139900118386,4.3,4.060443010546419,0
11367,Angkringan ciblek,health food restaurant,F&B,Indonesia.Batam.Kuliner.202406162232.db,places,1.1095692,103.9644505,384784.4193527859,122661.05247129526,7,724.4175818577731,73,121,0,22.659725329634902,4.5,3.5263605246161616,0
11368,Bakso PSG  Tiban,bakso restaurant,F&B,Indonesia.Batam.Kuliner.202406162232.db,places,1.1126492,103.9788145,386382.851895061,123000.98512891695,7,909.8748193513795,107,192,3,3.2244118688532586,4.1,4.060443010546419,0
11371,Lesehan Bang Ujang 165 - Tiban BTN,brunch restaurant,F&B,Indonesia.Batam.Kuliner.202406162232.db,places,1.1158803,103.9785666,386355.39143360336,123358.18676433274,7,1017.7206133857086,98,176,3,14.565582557659745,5.0,1.791759469228055,0
11372,Pancong balap lumer,restaurant,F&B,Indonesia.Batam.Kuliner.202406162232.db,places,1.1107963,103.9870383,387297.85831139336,122795.83557123005,7,1807.0956259390455,39,133,12,13.980796667248368,5.0,1.0986122886681098,0
11374,Chop snacks Tiban,restaurant,F&B,Indonesia.Batam.Kuliner.202406162232.db,places,1.120363,103.977427,386228.7586841327,123853.785142715,7,1269.1909262773775,18,140,5,40.53884353331681,4.6,3.044522437723423,0
11375,Dapoer Mak Uning,indonesian restaurant,F&B,Indonesia.Batam.Kuliner.202406162232.db,places,1.1109375,103.9740625,385854.02167679905,122811.94306426964,7,363.1976673434829,31,160,0,1.9526541335907657,5.0,1.0986122886681098,0
11380,Acia Ikan Bakar,coffee shop,F&B,Indonesia.Batam.Kuliner.202406162232.db,places,1.1130952,103.9792196,386427.94520164933,123050.27398856639,7,964.6282400763674,108,195,2,2.437255265139608,5.0,1.6094379124341003,0
11382,Rumah Makan Khas Toraja Tiban III,restaurant,F&B,Indonesia.Batam.Kuliner.202406162232.db,places,1.1113572,103.9670351,385072.0832598493,122858.61271325091,7,420.5335710395832,47,119,18,108.82264343993977,5.0,1.0986122886681098,0
11384,Warung Ningrat Sate Tiban,satay restaurant,F&B,Indonesia.Batam.Kuliner.202406162232.db,places,1.1158336,103.9842574,386988.6145815088,123352.80492112787,7,1589.2630468833868,39,173,1,65.14729074141702,4.5,3.4657359027997265,0
11385,BASO ACI JUDES TIBAN,bakso restaurant,F&B,Indonesia.Batam.Kuliner.202406162232.db,places,1.1132188,103.9794759,386456.4689093533,123063.92786432583,7,995.6003521730005,113,194,3,2.4706373075684596,5.0,0.6931471805599453,0
11386,Koki Teppanyaki Japanese Food,restaurant,F&B,Indonesia.Batam.Kuliner.202406162232.db,places,1.1130948,103.9792415,386430.382040294,123050.22892586254,7,966.9847937960789,108,195,30,1.2731294372950783,4.3,1.3862943611198906,0
11387,Spicyboox Tiban Centre,restaurant,F&B,Indonesia.Batam.Kuliner.202406162232.db,places,1.1128257,103.9789392,386396.73425413406,123020.49207023646,7,927.4846117367497,108,193,31,7.258641107425931,4.3,1.3862943611198906,0
11391,Ayam Geprek Jogja - Tiban Center,chicken restaurant,F&B,Indonesia.Batam.Kuliner.202406162232.db,places,1.1131253,103.9797577,386487.8217411428,123053.58076704503,7,1023.6351354920595,120,193,1,5.4452463617011215,3.9,2.3978952727983707,0
11392,Ayam Goreng Tulang Kropos,fried chicken takeaway,F&B,Indonesia.Batam.Kuliner.202406162232.db,places,1.1126321,103.9787633,386377.15411934006,122999.09672789018,7,903.9164427347321,107,192,0,1.0842856360039321,3.6,2.3978952727983707,0
11394,Amati Coffee | Tea | Resto Tiban,coffee shop,F&B,Indonesia.Batam.Kuliner.202406162232.db,places,1.107641,103.9680566,385185.60467116826,122447.75264895601,7,482.29324938507295,63,126,0,74.17196348644869,4.6,5.641907070938114,0
11395,Rumah Singgah Coffee Roasters,coffee roasters,F&B,Indonesia.Batam.Kuliner.202406162232.db,places,1.1089634,103.9844041,387004.67674203543,122593.31286564935,7,1530.7782865813417,39,156,0,66.283412105398,4.4,3.5553480614894135,0
11397,Bubur ayam sunda cabang dc mall tiban,porridge restaurant,F&B,Indonesia.Batam.Kuliner.202406162232.db,places,1.1129183,103.9843632,387000.27599948633,123030.52045478609,7,1523.798126316012,62,166,0,29.880339278202953,4.8,1.791759469228055,0
11399,Mieso Medan Pondok Nangka,noodle shop,F&B,Indonesia.Batam.Kuliner.202406162232.db,places,1.115714,103.9803889,386558.1555843597,123339.73227668324,7,1186.5686478561277,107,183,3,30.146970703515773,4.7,4.634728988229636,0
11401,Bakso Goyang Lidah,bakso restaurant,F&B,Indonesia.Batam.Kuliner.202406162232.db,places,1.1076032,103.9863217,387218.00010721525,122442.87252048601,7,1767.9889759187627,25,119,2,29.245636422270103,4.0,1.9459101490553132,0
11406,Pojok 55,restaurant,F&B,Indonesia.Batam.Kuliner.202406162232.db,places,1.1085493,103.9629372,384615.9911030987,122548.3628576517,7,916.4670323892149,71,126,23,53.34004106244347,4.4,5.429345628954441,0
11409,Seblak Nasya,seblak restaurant,F&B,Indonesia.Batam.Kuliner.202406162232.db,places,1.1110853,103.9854367,387119.6565056142,122827.84504780443,7,1628.7314280534101,51,158,0,88.06464031376176,5.0,1.0986122886681098,0
11415,TOKO VICTORIA TIBAN KAMPUNG,supermarket,F&B,Indonesia.Batam.Kuliner.202406162232.db,places,1.1118275,103.9857242,387151.67530343204,122909.88270659534,7,1663.1084189087817,52,156,0,88.06464031376176,4.2,6.259581464064923,0
11416,Eatizen Food,frozen food store,F&B,Indonesia.Batam.Kuliner.202406162232.db,places,1.1129579,103.9772043,386203.69366711256,123035.17341790033,7,744.212714567765,111,180,0,32.83609483453515,5.0,2.6390573296152584,0
11418,Seblak Huh Hah     Tiban,seblak restaurant,F&B,Indonesia.Batam.Kuliner.202406162232.db,places,1.1158808,103.9786975,386369.9569295955,123358.23698133211,7,1030.1474167393123,97,177,0,14.565582557659745,4.5,4.564348191467836,0
11419,Pempek Athaya,restaurant,F&B,Indonesia.Batam.Kuliner.202406162232.db,places,1.110677,103.9869966,387293.2137615896,122782.64880390173,7,1802.6844843167644,39,133,12,4.241762861022407,5.0,1.3862943611198906,0
11424,Nasi Uduk 86 Tiban III,nasi uduk restaurant,F&B,Indonesia.Batam.Kuliner.202406162232.db,places,1.1103966,103.965568,384908.79836554383,122752.47687082877,7,586.1697938984222,70,126,0,66.63396803871291,4.4,3.5263605246161616,0
11426,Catering Hasjannah Batam   bakso pulang kerja,restaurant,F&B,Indonesia.Batam.Kuliner.202406162232.db,places,1.1102237,103.9769269,386172.72211324354,122732.92325601142,7,687.4596077881184,100,170,26,26.036948038307735,5.0,3.828641396489095,0
11429,Tiban Indah GPI Cendana Blok J No 26,chicken restaurant,F&B,Indonesia.Batam.Kuliner.202406162232.db,places,1.1234913,103.9844729,387012.8868339688,124199.3395836662,7,2053.267714826401,6,37,0,185.67783784016984,4.7,1.3862943611198906,0
11434,Bina Cakra Cafe & Bakery,restaurant,F&B,Indonesia.Batam.Kuliner.202406162232.db,places,1.11155,103.97565,386030.68962038227,122879.59257464814,7,542.9122031802326,85,169,25,113.69736066812513,3.8,2.5649493574615367,0
11438,Gorengan SPBU Tiban III,hawker stall,F&B,Indonesia.Batam.Kuliner.202406162232.db,places,1.1095501,103.9655378,384905.40520475316,122658.8986669787,7,607.5809587303186,73,128,2,23.05386460489623,4.3,1.3862943611198906,0
11439,Dyn's Kitchen,restaurant,F&B,Indonesia.Batam.Kuliner.202406162232.db,places,1.1219087,103.972638,385695.93826373044,124024.84613599612,7,1221.0911240084909,5,46,2,25.120017895546308,4.3,1.3862943611198906,0
11441,TAHU KALASAM TIBAN,tofu restaurant,F&B,Indonesia.Batam.Kuliner.202406162232.db,places,1.0996789,103.9617041,384478.43835986155,121567.79958832469,7,1611.1747749123829,16,73,0,29.49332681366251,4.4,2.5649493574615367,0
11442,Geprek Garod's Ayam,hong kong style fast food restaurant,F&B,Indonesia.Batam.Kuliner.202406162232.db,places,1.1126843,103.983783,386935.70724294306,123004.67446931056,7,1456.3858579446533,90,168,1,10.79863438478345,5.0,1.791759469228055,0
11443,Warung Bu Maya,nasi restaurant,F&B,Indonesia.Batam.Kuliner.202406162232.db,places,1.1100083,103.9896511,387588.5590812503,122708.62441707648,7,2100.6325576878103,18,59,0,187.14530494541663,5.0,1.0986122886681098,0
11444,Pisang Keju 89 Tiban,restaurant,F&B,Indonesia.Batam.Kuliner.202406162232.db,places,1.1137517,103.9775122,386237.98472939903,123122.91467898324,7,805.7157208247431,111,182,31,11.366423804998607,4.3,2.772588722239781,0
11445,Baa Baa Kambing - Tiban,restaurant,F&B,Indonesia.Batam.Kuliner.202406162232.db,places,1.1130097,103.9822973,386770.40321042057,123040.70377661676,7,1298.1758144692897,113,187,32,47.18724588959674,4.9,5.981414211254481,0
11450,BALE SAMBAL TIBAN (depan naavagreen),restaurant,F&B,Indonesia.Batam.Kuliner.202406162232.db,places,1.1125265,103.97459,385912.77872366394,122987.58389636544,7,453.5088445645482,46,160,14,109.28053298397404,5.0,0.6931471805599453,0
11454,Nasi Kapau Pak Nin,restaurant,F&B,Indonesia.Batam.Kuliner.202406162232.db,places,1.1112925,103.9792749,386434.0296171083,122850.98677848965,7,943.5644040855155,98,187,26,45.44649602987308,4.4,6.042632833682381,0
11456,Ayam Betutu Bu Wayan Batam,balinese restaurant,F&B,Indonesia.Batam.Kuliner.202406162232.db,places,1.1106932,103.9798528,386498.31078894174,122784.71309386546,7,1008.0281194241701,102,185,0,33.69521160804163,4.9,2.4849066497880004,0
11457,Lele Bebek Ayam Mas Budiman  Tiban,buffet restaurant,F&B,Indonesia.Batam.Kuliner.202406162232.db,places,1.1126545,103.9788645,386388.41569285933,123001.56910831277,7,915.4443967793708,107,192,0,5.59436125717272,4.2,2.3978952727983707,0
11460,PRASMANAN TIBAN  Kantin Mamy Zhaa,buffet restaurant,F&B,Indonesia.Batam.Kuliner.202406162232.db,places,1.1097694,103.9644068,384779.56449138187,122683.18600858061,7,724.6172772019772,73,121,1,22.659725329634902,5.0,1.0986122886681098,0
11462,Kinkincafe,cafe,F&B,Indonesia.Batam.Kuliner.202406162232.db,places,1.1073591,103.9788896,386391.00649115175,122416.17161080384,7,986.9533054796487,23,168,1,5.111777766492532,4.7,1.3862943611198906,0
11463,Es Teh Indonesia Tiban Batam,cafe,F&B,Indonesia.Batam.Kuliner.202406162232.db,places,1.1135348,103.977543,386241.40358686674,123098.93559149197,7,800.248356594448,111,182,7,15.41887948175463,4.6,4.0943445622221,0
11464,WM Taragak,restaurant,F&B,Indonesia.Batam.Kuliner.202406162232.db,places,1.1127116,103.9798169,386494.393216591,123007.84474207285,7,1020.6855783454132,119,194,33,0.0,4.8,2.1972245773362196,0
11468,Tela- Tela Singkong Safat,restaurant,F&B,Indonesia.Batam.Kuliner.202406162232.db,places,1.109126,103.9865723,387245.9424292147,122611.20526114914,7,1767.5085651313682,32,130,9,12.675557631948195,4.0,0.6931471805599453,0
11469,Kakigo Japanese Food,restaurant,F&B,Indonesia.Batam.Kuliner.202406162232.db,places,1.1111519,103.9811606,386643.84968409047,122835.37128499761,7,1152.9990816676877,119,184,32,28.309593780116007,5.0,0.6931471805599453,0
11471,Bowl & I Part II - Tiban Centre,restaurant,F&B,Indonesia.Batam.Kuliner.202406162232.db,places,1.1131058,103.9794892,386457.94450209587,123051.43541633623,7,994.0625606220124,113,195,32,1.2921408722350958,5.0,0.6931471805599453,0
11472,Ketoprak Green Cirebon Tiban 3,restaurant,F&B,Indonesia.Batam.Kuliner.202406162232.db,places,1.1098056,103.9654503,384895.6787403828,122687.14723641821,7,610.1429715964091,73,126,24,8.71185652229217,4.8,3.6635616461296463,0
11474,Nasi Goreng  Kang Aji   Tiban Indah,nasi goreng restaurant,F&B,Indonesia.Batam.Kuliner.202406162232.db,places,1.1148367,103.9843828,387002.53001024097,123242.59486492915,7,1569.2599971024983,41,174,0,36.16608066366568,4.2,2.6390573296152584,0
11477,Makanan khas Batak,diner,F&B,Indonesia.Batam.Kuliner.202406162232.db,places,1.1119326,103.9687443,385262.2921438372,122922.15585073466,7,249.98916227741054,21,125,1,197.07131486970724,5.0,0.6931471805599453,0
11478,Ayam Goreng Balado Anak Ayah,chicken restaurant,F&B,Indonesia.Batam.Kuliner.202406162232.db,places,1.1114473,103.9841235,386973.54820253985,122867.91361411379,7,1483.3484363480409,74,164,0,38.892849424848485,2.5,1.0986122886681098,0
11479,RUMAH MAKAN SIREGAR KHAS BATAK TOBA,batak restaurant,F&B,Indonesia.Batam.Kuliner.202406162232.db,places,1.1229421,103.9775657,386244.2916694029,124138.89456113002,7,1517.9459622801085,15,56,0,194.44121383004503,4.5,3.7612001156935624,0
11481,Seblak Teh Senny - Tiban,sundanese restaurant,F&B,Indonesia.Batam.Kuliner.202406162232.db,places,1.1132429,103.9801091,386526.9271635031,123066.56769673656,7,1064.674884209891,119,192,0,1.5113075641853295,5.0,1.0986122886681098,0
11483,SABANA  TIBAN INDAH,restaurant,F&B,Indonesia.Batam.Kuliner.202406162232.db,places,1.1216077,103.9802238,386540.01104194944,123991.27588182253,7,1571.5904979957509,22,123,7,51.57601758623579,5.0,0.6931471805599453,0
11484,Warmindo Club,food producer,F&B,Indonesia.Batam.Kuliner.202406162232.db,places,1.1114763,103.9806249,386584.2537112748,122871.25363940878,7,1094.4650026213476,117,184,0,41.26548123724556,4.4,3.2188758248682006,0
11487,ABIMI FOODS,snack bar,F&B,Indonesia.Batam.Kuliner.202406162232.db,places,1.1171611,103.9556093,383800.9326550462,123500.67479036604,-1,0.0,5,26,0,78.41098227281894,5.0,0.6931471805599453,0
11488,Warung Bude Lasmi,brunch restaurant,F&B,Indonesia.Batam.Kuliner.202406162232.db,places,1.1140294,103.961303,384434.3623806416,123154.24472892545,7,1107.8579434666851,7,97,0,66.95559608162135,4.0,0.6931471805599453,0
11490,Ketoprak Cirebon,indonesian restaurant,F&B,Indonesia.Batam.Kuliner.202406162232.db,places,1.1090178,103.98661,387250.13327936607,122599.24254672934,7,1773.1267839809616,31,130,3,12.675557631948195,3.0,0.6931471805599453,0
11492,Warung Fikar,restaurant,F&B,Indonesia.Batam.Kuliner.202406162232.db,places,1.1024238,103.987421,387340.12604415626,121870.2592987328,7,2079.318021303199,2,26,0,84.08783952165945,5.0,0.6931471805599453,0
11493,Hisana Batam  Komplek Taman Sari  Tiban Batam Kepulauan Riau,chicken restaurant,F&B,Indonesia.Batam.Kuliner.202406162232.db,places,1.1082697,103.9728771,385722.01727492263,122517.0680492463,7,381.86899825700254,19,175,1,85.0485460627849,4.4,4.553876891600541,0
11494,Pecel Siram Maspram Tiban Koperasi,salad shop,F&B,Indonesia.Batam.Kuliner.202406162232.db,places,1.1019082,103.9650163,384847.08208166785,121814.1175913734,7,1195.2141628303916,32,109,0,24.22690578573292,5.0,1.6094379124341003,0
11495,Mie ayam bakso banyuwangi ok tiban indah,restaurant,F&B,Indonesia.Batam.Kuliner.202406162232.db,places,1.1156758,103.9848215,387051.3768620665,123335.33879304687,7,1642.9918171668983,38,169,13,65.14729074141702,5.0,1.0986122886681098,0
11497,Gethuk Jadoel Tiban,dessert shop,F&B,Indonesia.Batam.Kuliner.202406162232.db,places,1.1173151,103.9773042,386214.97707747144,123516.85010060409,7,1004.1508404945001,37,174,0,128.39635610774786,5.0,2.0794415416798357,0
11498,Prata Canai,restaurant,F&B,Indonesia.Batam.Kuliner.202406162232.db,places,1.1125479,103.9789639,386399.47204130783,122989.78085049505,7,924.0617459893339,108,193,31,8.517906305858414,4.4,2.0794415416798357,0
11501,RM Bude Longbud,breakfast restaurant,F&B,Indonesia.Batam.Kuliner.202406162232.db,places,1.1182683,103.9789279,386395.685655716,123622.16173478751,7,1208.4241523118287,31,173,0,108.4965416113999,4.6,5.68697535633982,0
11503,Hangsang BBQ Grill Cabang Tiban,restaurant,F&B,Indonesia.Batam.Kuliner.202406162232.db,places,1.10979,103.9574061,384000.5789367139,122685.73696409723,7,1496.49348155109,16,110,9,37.270849754987786,4.6,2.833213344056216,0
11508,Rm Riak Galombang,padang restaurant,F&B,Indonesia.Batam.Kuliner.202406162232.db,places,1.1093573,103.9865023,387238.1621625286,122636.7776483335,7,1756.9171651635245,35,133,1,26.729750017800374,5.0,1.791759469228055,0
11509,Nasi Goreng Tresnoku Tiban,nasi goreng restaurant,F&B,Indonesia.Batam.Kuliner.202406162232.db,places,1.1127655,103.977998,386292.00283010333,123013.8733390057,7,823.9357493345409,109,182,1,16.034759129904565,4.5,1.0986122886681098,0
11510,5 minutes coffee,coffee shop,F&B,Indonesia.Batam.Kuliner.202406162232.db,places,1.1131089,103.9795656,386466.445790713,123051.77517380379,7,1002.4125257314947,114,194,2,5.586265485241921,5.0,1.6094379124341003,0
11513,Luargaris Coffee Tiban,coffee shop,F&B,Indonesia.Batam.Kuliner.202406162232.db,places,1.1107649,103.9734703,385788.1196864523,122792.88531145295,7,298.51560826639985,23,157,1,67.91342133373485,4.7,4.919980925828125,0
11515,CAFE Goyang Lidah ( GL),indonesian restaurant,F&B,Indonesia.Batam.Kuliner.202406162232.db,places,1.1111252,103.9842641,386989.18076793,122832.30074234378,7,1498.2836383403333,62,163,5,38.892849424848485,4.0,1.0986122886681098,0
11517,Surgami-Tiban,indonesian restaurant,F&B,Indonesia.Batam.Kuliner.202406162232.db,places,1.1112204,103.9797982,386492.2554636725,122842.9961452524,7,1001.5560474506649,107,186,5,34.504612576731716,4.3,2.772588722239781,0
11519,BAKMIE ASENG SIANTAR TIBAN LAMA (TIBAN INDAH),noodle shop,F&B,Indonesia.Batam.Kuliner.202406162232.db,places,1.1130756,103.9846559,387032.8512104156,123047.89843063253,7,1558.5047011333752,53,164,1,23.4573635299828,4.5,3.4011973816621555,0
11523,Warkop Berjaya,restaurant,F&B,Indonesia.Batam.Kuliner.202406162232.db,places,1.1078677,103.9863269,387218.5887226589,122472.11223289231,7,1762.5424190789834,25,128,6,29.245636422270103,5.0,0.6931471805599453,0
11525,Kedai Ommed,restaurant,F&B,Indonesia.Batam.Kuliner.202406162232.db,places,1.1277956,103.9764909,386124.88524389884,124675.48218528033,7,1959.7636481443903,12,41,5,59.78409684242619,4.4,3.4657359027997265,0
11526,Manse Korean Grill Tiban Mas,korean restaurant,F&B,Indonesia.Batam.Kuliner.202406162232.db,places,1.1111953,103.9743321,385884.030535712,122840.43199692192,7,393.5672099139252,35,159,0,13.563795246292267,4.8,3.295836866004329,0
11527,Mie Ayam Brebes Tiban,brunch restaurant,F&B,Indonesia.Batam.Kuliner.202406162232.db,places,1.1154579,103.9818714,386723.1060919115,123311.36380286094,7,1326.1251752794901,102,186,4,68.10986421247033,5.0,0.6931471805599453,0
11528,RM  Khansana,padang restaurant,F&B,Indonesia.Batam.Kuliner.202406162232.db,places,1.099718,103.9623019,384544.9588468122,121572.09891181147,7,1566.7951250254669,21,81,1,62.81961510581725,4.5,5.1298987149230735,0
11531,Mie Ayam Bakso Es Teler Karmila Tiban,indonesian restaurant,F&B,Indonesia.Batam.Kuliner.202406162232.db,places,1.1131443,103.9798762,386501.00818174443,123055.67661935826,7,1036.9534140573053,121,193,6,3.995646721610298,4.6,2.70805020110221,0
11532,SOP ikan Novri 28,restaurant,F&B,Indonesia.Batam.Kuliner.202406162232.db,places,1.1164682,103.9554587,383784.1477875232,123424.08138096795,-1,0.0,4,40,0,39.526383193196416,5.0,0.6931471805599453,0
11533,SOTO MBAK ENY,javanese restaurant,F&B,Indonesia.Batam.Kuliner.202406162232.db,places,1.1219202,103.9822663,386767.2950531069,124025.74302670831,7,1755.0736383321284,11,69,0,88.1522529925641,4.5,2.3978952727983707,0
11534,Hwaga Indonesia cab tiban (Hwa Ga),korean restaurant,F&B,Indonesia.Batam.Kuliner.202406162232.db,places,1.1108125,103.9801875,386535.55805567536,122797.88862674999,7,1044.8764838680702,104,185,1,0.0,4.8,3.367295829986474,0
11536,Beringin Premium,coffee shop,F&B,Indonesia.Batam.Kuliner.202406162232.db,places,1.1035619,103.9655251,384903.7612001473,121996.91211880291,7,1011.9487110441886,44,119,0,37.28296075077303,4.7,3.4339872044851463,0
11538,RM TORAJA 89 (Pangsit Toraja   Chinnese Food),dumpling restaurant,F&B,Indonesia.Batam.Kuliner.202406162232.db,places,1.1131131,103.9801264,386528.84720360074,123052.21788981173,7,1063.3321470719554,119,193,0,2.7811401337759634,4.0,1.6094379124341003,0
11539,Rumah Es Tali Roso,restaurant,F&B,Indonesia.Batam.Kuliner.202406162232.db,places,1.1134958,103.9782824,386323.67653496156,123094.59568841354,7,876.504006813352,111,184,32,15.60616614051087,4.0,4.07753744390572,0
11540,Pecel Lele Pak Eko Sambal Mentah  Tiban,pecel lele restaurant,F&B,Indonesia.Batam.Kuliner.202406162232.db,places,1.1145286,103.9844921,387014.6802537763,123208.53085206216,7,1572.227954443479,41,171,0,36.16608066366568,4.7,1.3862943611198906,0
11543,Warung Mas Adzam Latif - Tiban,restaurant,F&B,Indonesia.Batam.Kuliner.202406162232.db,places,1.1157378,103.9764179,386116.29618049157,123342.51674753809,7,814.2245866116089,82,175,24,103.58311876790648,5.0,0.6931471805599453,0
11544,Mie Tarempa Tiban Center,noodle shop,F&B,Indonesia.Batam.Kuliner.202406162232.db,places,1.1130369,103.9831647,386866.92136429966,123043.67739166367,7,1393.8702189831745,108,179,4,47.31396732545403,4.5,6.985641817639208,0
11545,Warkop Agem Medan Cabang Tiban,indonesian restaurant,F&B,Indonesia.Batam.Kuliner.202406162232.db,places,1.1201121,103.9776927,386258.3138862667,123826.038289527,7,1264.4340656584175,22,147,2,13.904272546875672,3.7,2.3978952727983707,0
11546,Café Tiban Mas (Kedai Kopi Tiban Mas),coffee shop,F&B,Indonesia.Batam.Kuliner.202406162232.db,places,1.1111549,103.974217,385871.22156462586,122835.9702930773,7,380.57364323201296,35,161,1,13.563795246292267,4.3,4.04305126783455,0
11547,Wisata Kuliner Tiban Centre (Ratu salad),permanently closed,F&B,Indonesia.Batam.Kuliner.202406162232.db,places,1.1126764,103.9794201,386450.23919213726,123003.96872003654,7,976.5770901447188,111,194,0,1.1493144441216667,4.4,6.931471805599453,0
11548,Lado Balinyak Tiban,country food restaurant,F&B,Indonesia.Batam.Kuliner.202406162232.db,places,1.1142419,103.9627866,384599.4544395771,123177.67817424957,7,960.157802604889,6,96,0,166.74685689187342,4.6,3.295836866004329,0
11550,SOTO KWALI SOLO TIBAN CABANG PENUIN,indonesian restaurant,F&B,Indonesia.Batam.Kuliner.202406162232.db,places,1.1086964,103.9636541,384695.7681209011,122564.5966369737,7,835.5139712983872,74,123,6,3.90684418481959,4.5,3.713572066704308,0
11551,Amir Prata,restaurant,F&B,Indonesia.Batam.Kuliner.202406162232.db,places,1.1131106,103.9793825,386446.0719780254,123051.97015592166,7,982.6425502366584,109,195,30,3.724369381570296,4.5,7.0967213784947605,0
11552,Ayam Taliwang Senggigi Lombok,restaurant,F&B,Indonesia.Batam.Kuliner.202406162232.db,places,1.1104993,103.9619111,384501.88989484916,122763.97285820056,7,990.6968393442636,59,118,21,148.5698591842406,4.1,3.713572066704308,0
11553,AYAM PENYET N&A TIBAN 2,diner,F&B,Indonesia.Batam.Kuliner.202406162232.db,places,1.1169868,103.9718675,385610.0125847461,123480.76820994359,7,670.3427019629198,7,114,0,258.0531007802233,5.0,2.0794415416798357,0
11557,Wisata kuliner,restaurant,F&B,Indonesia.Batam.Kuliner.202406162232.db,places,1.112841,103.9793954,386447.49707198003,123022.1658893173,7,977.4642391550506,111,195,31,16.170957076089117,4.5,1.0986122886681098,0
11558,Soto Lamongan MM,soup shop,F&B,Indonesia.Batam.Kuliner.202406162232.db,places,1.1158622,103.9794903,386458.17247556744,123356.15017210318,7,1105.3661151690371,97,176,1,88.24022508972152,4.4,6.025865973825314,0
11559,Kue Luti Gendang Khas Melayu,restaurant,F&B,Indonesia.Batam.Kuliner.202406162232.db,places,1.1085616,103.9640634,384741.30677168083,122549.67874234468,7,797.2518038102407,76,125,24,0.5596420468279903,4.6,2.1972245773362196,0
11562,Crepes Lekker,creperie,F&B,Indonesia.Batam.Kuliner.202406162232.db,places,1.1029692,103.9676646,385141.8063409206,121931.30731038858,7,955.82398867811,26,117,0,140.55348321814057,5.0,1.791759469228055,0
11563,Warung Kuliner Batam,restaurant,F&B,Indonesia.Batam.Kuliner.202406162232.db,places,1.1319065,103.9755962,386025.490933172,125129.97001576994,7,2369.9560856876187,8,19,3,25.226944819139632,5.0,1.3862943611198906,0
11564,rumah makan dan Soto Padang LAPAU TIBAN,soto restaurant,F&B,Indonesia.Batam.Kuliner.202406162232.db,places,1.1157071,103.9824312,386785.4055047758,123338.89082158441,7,1394.1898278145056,79,183,0,68.10986421247033,3.0,0.6931471805599453,0
11566,pendowo tiban 3,restaurant,F&B,Indonesia.Batam.Kuliner.202406162232.db,places,1.1097291,103.9654315,384893.5838599406,122678.69100084924,7,614.0924795121583,73,126,24,8.71185652229217,3.6,3.1780538303479458,0
11567,MARTABAK dan ROTI BAKAR PAK RADEN,murtabak restaurant,F&B,Indonesia.Batam.Kuliner.202406162232.db,places,1.1139971,103.9841127,386972.44353257446,123149.78917712084,7,1517.5313064827349,68,177,0,14.160085978843158,4.5,4.1588830833596715,0
11568,Bengkel Steak Tiban,steak house,F&B,Indonesia.Batam.Kuliner.202406162232.db,places,1.1109543,103.9795071,386459.85404536076,122813.59048312732,7,968.9439332598836,99,185,0,18.236304504632717,3.3,2.8903717578961645,0
11570,Es Teler Best Ice,restaurant,F&B,Indonesia.Batam.Kuliner.202406162232.db,places,1.1035515,103.96586,384941.0260277675,121995.74945600673,7,991.7582964133743,43,119,9,37.28296075077303,4.4,2.4849066497880004,0
11571,Bakso Ngangenin Tiban,indonesian restaurant,F&B,Indonesia.Batam.Kuliner.202406162232.db,places,1.1080641,103.9663695,384997.893161528,122494.59116408079,7,591.3485152167386,74,131,7,6.4332297446779085,4.2,3.4339872044851463,0
11572,RM Elsano Adley Tiban,restaurant,F&B,Indonesia.Batam.Kuliner.202406162232.db,places,1.1093573,103.9574775,384008.5069556077,122637.89966719656,7,1493.7075487927884,16,116,9,7.540541558262604,5.0,1.3862943611198906,0
11573,Nge Jepang,japanese restaurant,F&B,Indonesia.Batam.Kuliner.202406162232.db,places,1.1161585,103.9748456,385941.35958631,123389.08531721875,7,724.915188609638,30,148,1,21.23624375118474,3.5,1.9459101490553132,0
11575,Nasi Goreng Kang Aji Cabang Tiban,nasi goreng restaurant,F&B,Indonesia.Batam.Kuliner.202406162232.db,places,1.1142064,103.9774479,386230.84738851705,123173.18341671521,7,819.4125837774656,107,181,1,50.77290249760055,5.0,1.0986122886681098,0
11576,Warung Sarapan Pagi UNCU,breakfast restaurant,F&B,Indonesia.Batam.Kuliner.202406162232.db,places,1.1090086,103.9868625,387278.22905120975,122598.215888611,7,1801.1319688806275,29,129,1,28.11452333553411,4.5,1.6094379124341003,0
11579,Nyonya Terasi Tiban Vitka,indonesian restaurant,F&B,Indonesia.Batam.Kuliner.202406162232.db,places,1.1109362,103.97967,386477.97955306334,122811.58330288898,7,987.0861908291059,100,185,3,18.236304504632717,5.0,1.0986122886681098,0
11580,Pojok Bertuah Kedai Kopi Khalkhan,diner,F&B,Indonesia.Batam.Kuliner.202406162232.db,places,1.113426,103.961355,384440.12504260644,123087.53758107962,7,1084.069520718976,8,97,0,66.95559608162135,5.0,0.6931471805599453,0
11581,Prata Waroeng 8,restaurant,F&B,Indonesia.Batam.Kuliner.202406162232.db,places,1.1127197,103.9799283,386506.78921162424,123008.7358953019,7,1033.036296905248,121,194,33,9.455357070681051,4.5,6.297109319933935,0
11583,Angkringan PAKDHE YONO Cipta Puri,restaurant,F&B,Indonesia.Batam.Kuliner.202406162232.db,places,1.108756,103.9634701,384675.29627207277,122571.19250409392,7,853.0650041546749,73,123,24,21.50818582579336,4.5,3.2188758248682006,0
11586,Bakso Pakde Slamet,bakso restaurant,F&B,Indonesia.Batam.Kuliner.202406162232.db,places,1.1163452,103.977939,386285.5751118848,123409.6048592238,7,988.8382253223816,94,173,4,54.819068232606874,4.5,4.248495242049359,0
11587,bubur ayam 'om Andi',porridge restaurant,F&B,Indonesia.Batam.Kuliner.202406162232.db,places,1.1126268,103.9783949,386336.16134485096,122998.52501448456,7,863.6465149573114,109,187,0,27.443391746319936,5.0,1.0986122886681098,0
11588,MERA CEMILAN KOLAM RENANG TIBAN MAS INDAH,snack bar,F&B,Indonesia.Batam.Kuliner.202406162232.db,places,1.1244592,103.9784499,386342.73661395087,124306.57276045435,7,1712.3756666926618,18,50,0,171.96831981863784,4.3,1.3862943611198906,0
11589,Wo Seafood,seafood restaurant,F&B,Indonesia.Batam.Kuliner.202406162232.db,places,1.113294,103.980889,386613.7100084677,123072.18669864292,7,1150.506911358402,122,188,0,33.72023060822603,5.0,0.6931471805599453,0
11590,Martabak Mesir Cipta Puri,murtabak restaurant,F&B,Indonesia.Batam.Kuliner.202406162232.db,places,1.107433,103.9643577,384774.0106747415,122424.90210612901,7,819.1141027319698,81,130,0,2.9292622234729113,4.4,2.1972245773362196,0
11591,Geprek Gold Chick Tiban,indonesian restaurant,F&B,Indonesia.Batam.Kuliner.202406162232.db,places,1.1091803,103.9671587,385085.75245591626,122617.95480577169,7,453.25316486276785,68,121,5,5.918109135225618,2.0,3.367295829986474,0
11592,RM LAPAU Tiban,restaurant,F&B,Indonesia.Batam.Kuliner.202406162232.db,places,1.1158973,103.9805895,386580.483714371,123359.98800310315,7,1215.5340446592802,104,183,29,30.146970703515773,4.4,2.9444389791664403,0
11593,RM PADANG MATO AIA,diner,F&B,Indonesia.Batam.Kuliner.202406162232.db,places,1.1197981,103.9772452,386208.5077028519,123791.34353232641,7,1206.774505375352,23,147,1,23.73843824355466,4.6,1.791759469228055,0
11594,suka nakam,indonesian restaurant,F&B,Indonesia.Batam.Kuliner.202406162232.db,places,1.1045561,103.9675949,385134.11153508624,122106.73943346937,7,798.5090392093375,40,120,2,72.79494457865961,4.0,1.0986122886681098,0
11595,Rumah Makan Mr  Kevin,permanently closed,F&B,Indonesia.Batam.Kuliner.202406162232.db,places,-6.2061348,106.6196913,679205.3044208637,-686265.1270685048,-1,0.0,0,0,0,1005.9430112117404,3.8,1.791759469228055,0
11597,TJAP NYONYA DIMSUM SHOP TIBAN,dim sum restaurant,F&B,Indonesia.Batam.Kuliner.202406162232.db,places,1.1078171,103.967358,385107.87650229014,122467.24732036851,7,521.4773687083882,73,125,0,41.683474504613564,4.6,5.616771097666572,0
11598,Rumah Makan Flamboyan,javanese restaurant,F&B,Indonesia.Batam.Kuliner.202406162232.db,places,-7.7661279,110.3900084,1095160.178912376,-862234.3684554286,-1,0.0,0,0,0,64962.52410909209,4.5,7.707512194600341,0
11599,Flamboyan Kuliner Khas Palembang,pempek restaurant,F&B,Indonesia.Batam.Kuliner.202406162232.db,places,-6.2605859,106.9477363,715491.0964253002,-692409.9788192171,-1,0.0,0,0,0,2288.086032417813,4.7,4.3694478524670215,0
11600,Rumah Makan Flamboyan Anyer,seafood restaurant,F&B,Indonesia.Batam.Kuliner.202406162232.db,places,-6.0681967,105.893853,598913.7923029222,-670824.7566505165,-1,0.0,0,0,0,26608.208487671975,4.3,6.003887067106539,0
11601,Pondok Flamboyan (RM  Pondok Flamboyan Khas Sunda Tigaraksa),sundanese restaurant,F&B,Indonesia.Batam.Kuliner.202406162232.db,places,-6.2695452,106.4675009,662343.3817389267,-693227.9081174138,-1,0.0,0,0,0,6696.020241696255,4.6,4.919980925828125,0
11602,Sando Nichi,fast food restaurant,F&B,Indonesia.Batam.Kuliner.202406162232.db,places,-6.1970715,106.6189166,679122.6280391501,-685262.587314823,-1,0.0,0,0,0,1005.9430112117404,4.9,3.258096538021482,0
11603,Tiban_centre,food court,F&B,Indonesia.Batam.Kuliner.202406162232.db,places,1.1132262,103.9775554,386242.77152801445,123064.81994715423,7,790.3532854431627,111,182,0,23.581640570047732,4.5,4.394449154672439,0
11604,KI BAKSO BATAM tiban Koperasi,bakso restaurant,F&B,Indonesia.Batam.Kuliner.202406162232.db,places,1.1041901,103.9651984,384867.43257114757,122066.37139088882,7,978.9557078791069,69,121,1,7.426042183973692,4.4,6.352629396319567,0
11605,Bak Kut Teh - Windsor Foodcourt (Man Yuan Xiang 88),diner,F&B,Indonesia.Batam.Kuliner.202406162232.db,places,1.1406828,104.0134221,390234.7340759212,126098.70411813655,0,1007.6706735248823,88,448,1,17.09298077326838,4.1,2.772588722239781,0
11606,Kedai Kopi Windsor Central,restaurant,F&B,Indonesia.Batam.Kuliner.202406162232.db,places,1.1420072,104.0128628,390172.55120355194,126245.13389309547,0,1117.1255364482497,115,463,26,31.503029318984673,4.1,4.143134726391533,0
11607,Paradise,permanently closed,F&B,Indonesia.Batam.Kuliner.202406162232.db,places,1.1408398,104.004626,389255.99978667684,126116.39706678432,0,1966.6770259797136,79,294,0,19.90979302843677,4.4,2.9444389791664403,0
11608,New Windsor Foodcourt,food court,F&B,Indonesia.Batam.Kuliner.202406162232.db,places,1.1408359,104.0134006,390232.3475810477,126115.62967969102,0,1015.0908342106054,90,452,2,17.09298077326838,4.4,3.9318256327243257,0
11610,GO STEAK TIBAN,restaurant,F&B,Indonesia.Batam.Kuliner.202406162232.db,places,1.1199789,103.9773603,386221.3220468138,123811.3261757719,7,1230.461372601661,22,142,6,23.73843824355466,3.9,4.61512051684126,0
11611,Perumahan Villa Paradise,gated community,F&B,Indonesia.Batam.Kuliner.202406162232.db,places,1.0533484,103.9615839,384463.31917487,116446.02755891441,2,1713.6735002425391,12,101,0,137.60572560925826,3.9,3.58351893845611,0
11612,Windsor Bar & Cafe,bar & grill,F&B,Indonesia.Batam.Kuliner.202406162232.db,places,1.1412685,104.0134526,390238.1500019954,126163.45031531411,0,1025.5527161142547,95,452,0,44.73643386855874,4.6,4.174387269895637,0
11613,Richeese Factory Tiban,fast food restaurant,F&B,Indonesia.Batam.Kuliner.202406162232.db,places,1.1091385,103.9673034,385101.8519650969,122613.3282586882,7,441.08050148237174,69,122,3,10.848977537665291,4.3,6.54534966033442,0
11614,Bakso Gunung Tiban,bakso restaurant,F&B,Indonesia.Batam.Kuliner.202406162232.db,places,1.1130142,103.9775319,386240.1485122403,123041.3846413055,7,780.92656872618,111,182,3,23.581640570047732,4.2,6.300785794663244,0
11616,Tiban Market Centre (I am Suka  Nakam),market,F&B,Indonesia.Batam.Kuliner.202406162232.db,places,1.1069393,104.0566359,395041.88293939945,122366.89819454824,9,612.7085966658962,19,126,0,0.8120539512353796,4.2,7.700295203420117,0
11617,Vitka Kuliner,cafe,F&B,Indonesia.Batam.Kuliner.202406162232.db,places,1.1118253,103.9799488,386509.0361111609,122909.8608965953,7,1021.9601414727063,114,191,7,68.93827022980099,4.0,0.6931471805599453,0
11618,Top 100 Tiban,shopping mall,F&B,Indonesia.Batam.Kuliner.202406162232.db,places,1.1125898,103.9773506,386219.95864567783,122994.47498874555,7,749.355252498365,109,180,1,16.71363235624528,4.4,7.432483807917119,0
11619,Martabak HAR - Indian & Indonesian Food (Tiban),indian restaurant,F&B,Indonesia.Batam.Kuliner.202406162232.db,places,1.1126612,103.9772182,386205.2289748739,123002.3732356743,7,736.9363235763086,109,180,0,16.71363235624528,3.8,1.791759469228055,0
11620,KFC,fast food restaurant,F&B,Indonesia.Batam.Kuliner.202406162232.db,places,1.1091314,103.9669295,385060.24692499137,122612.55788370379,7,478.51818779291466,68,120,3,15.065247897663752,4.4,7.768533300926033,0
11621,BAKSO RUDAL,family restaurant,F&B,Indonesia.Batam.Kuliner.202406162232.db,places,1.1126453,103.9787658,386377.43280420196,123000.55586690728,7,904.4780687853887,107,192,2,1.4855140266814932,5.0,1.0986122886681098,0
11622,KOMPLEK TIBAN CENTRE,shopping mall,F&B,Indonesia.Batam.Kuliner.202406162232.db,places,1.113192,103.981274,386656.5457551247,123060.89599458885,7,1190.0200767963215,122,188,1,15.324958091532546,4.5,4.189654742026425,0
11623,Primart,grocery store,F&B,Indonesia.Batam.Kuliner.202406162232.db,places,1.1134419,103.9779327,386284.76268792374,123088.65063071293,7,837.7032930967894,111,183,0,39.36535535654026,4.3,5.771441123130016,0
11624,Excelso Café,cafe,F&B,Indonesia.Batam.Kuliner.202406162232.db,places,1.111587,103.978795,386380.6414677451,122883.56165853307,7,891.8932263422745,104,189,8,62.54132475625092,4.6,6.828712071641684,0
