id,name,rating,review,price_level,category,services,address,open_hours,phone,latitude,longitude,url,cluster,source_category,source_file,source_table,rejection_reason
3656,Misjid Al Fajri Karas,0.0,0,0,,[],"Q83C+55H, Karas, Galang, Batam City, Riau Islands, Indonesia",[],,0.7529458,104.3204869,https://www.google.com/maps/place/Misjid+Al+Fajri+Karas/data=!4m7!3m6!1s0x31d909edb8385571:0x886254bcb9cf3c4f!8m2!3d0.7529458!4d104.3204869!16s%2Fg%2F11fn98bng3!19sChIJcVU4uO0J2TERTzzPubxUYog?authuser=0&hl=en&rclk=1,2.0,F&B,Indonesia.Batam.Kuliner.202406162232.db,places,null_required_column
5018,Berempah Batam,4.0,2,0,,[],"42X7+974, Kampung Seraya, Batu Ampar, Batam City, Riau Islands 29444, Indonesia",[],,1.1482807,104.0131909,https://www.google.com/maps/place/Berempah+Batam/data=!4m7!3m6!1s0x31d9895d57cdfb17:0x1bffa0dc035ab4dc!8m2!3d1.1482807!4d104.0131909!16s%2Fg%2F11scycfy9m!19sChIJF_vNV12J2TER3LRaA9yg_xs?authuser=0&hl=en&rclk=1,0.0,F&B,Indonesia.Batam.Kuliner.202406162232.db,places,null_required_column
5020,Kedai Pak De Seraya,0.0,0,0,,[],"5228+2RC, Jl. Seruni, Kp. Seraya, Kec. Batu Ampar, Kota Batam, Kepulauan Riau 29444, Indonesia",[],,1.1500624,104.0170062,https://www.google.com/maps/place/Kedai+Pak+De+Seraya/data=!4m7!3m6!1s0x31d98999283efdc9:0x9260dafc03bc022d!8m2!3d1.1500624!4d104.0170062!16s%2Fg%2F11h890tcr_!19sChIJyf0-KJmJ2TERLQK8A_zaYJI?authuser=0&hl=en&rclk=1,2.0,F&B,Indonesia.Batam.Kuliner.202406162232.db,places,null_required_column
5021,Kampung Seraya,5.0,1,0,,[],"NAGOYA GARDEN II, Blk. C No.17, Kp. Seraya, Kec. Batu Ampar, Kota Batam, Indonesia",[],,1.1532903,104.02484,https://www.google.com/maps/place/Kampung+Seraya/data=!4m7!3m6!1s0x31d9899cc89018db:0x7ab0090efd01fb8b!8m2!3d1.1532903!4d104.02484!16s%2Fg%2F11t6kpmj5z!19sChIJ2xiQyJyJ2TERi_sB_Q4JsHo?authuser=0&hl=en&rclk=1,5.0,F&B,Indonesia.Batam.Kuliner.202406162232.db,places,null_required_column
5402,Saiful Kuliner,0.0,0,0,,[],"239F+GFQ, Kabil, Nongsa, Batam City, Riau Islands, Indonesia",[],,1.0188263,104.0737296,https://www.google.com/maps/place/Saiful+Kuliner/data=!4m7!3m6!1s0x31d9915505204865:0x4c580f757c899085!8m2!3d1.0188263!4d104.0737296!16s%2Fg%2F11kj5n2rsb!19sChIJZUggBVWR2TERhZCJfHUPWEw?authuser=0&hl=en&rclk=1,0.0,F&B,Indonesia.Batam.Kuliner.202406162232.db,places,null_required_column
5405,Pusat Kuliner Jasinta,0.0,0,0,,[],"349F+MJG, Kabil, Nongsa, Batam City, Riau Islands 29467, Indonesia",[],,1.0692617,104.1240588,https://www.google.com/maps/place/Pusat+Kuliner+Jasinta/data=!4m7!3m6!1s0x31d9850062e8afc3:0x1fe0717f70a84ca9!8m2!3d1.0692617!4d104.1240588!16s%2Fg%2F11y2jt4lc8!19sChIJw6_oYgCF2TERqUyocH9x4B8?authuser=0&hl=en&rclk=1,-1.0,F&B,Indonesia.Batam.Kuliner.202406162232.db,places,null_required_column
5408,Zahra Kuliner,0.0,0,0,,[],"239F+P94, Kabil, Nongsa, Batam City, Riau Islands, Indonesia",[],,1.0192686,104.0734654,https://www.google.com/maps/place/Zahra+Kuliner/data=!4m7!3m6!1s0x31d9912946c19137:0x85ba4a5e3b2c574b!8m2!3d1.0192686!4d104.0734654!16s%2Fg%2F11txqm0jfk!19sChIJN5HBRimR2TERS1csO15KuoU?authuser=0&hl=en&rclk=1,-1.0,F&B,Indonesia.Batam.Kuliner.202406162232.db,places,null_required_column
5419,RedDoorz   Hokkie Hotel Punggur Batam,4.3,4,0,,[],"Jl. Patimura, Kabil, Kecamatan Nongsa, Kota Batam, Kepulauan Riau 29467, Indonesia",[],+62 21 80629666,1.0628326,104.1184705,https://www.google.com/maps/place/RedDoorz+@+Hokkie+Hotel+Punggur+Batam/data=!4m10!3m9!1s0x31d98594f2849a99:0x4ed24792fd0116ad!5m2!4m1!1i2!8m2!3d1.0628326!4d104.1184705!16s%2Fg%2F11j94kf7t9!19sChIJmZqE8pSF2TERrRYB_ZJH0k4?authuser=0&hl=en&rclk=1,5.0,F&B,Indonesia.Batam.Kuliner.202406162232.db,places,null_required_column
5426,Hokkie Hotel - Batam Kabil Punggur,4.2,468,0,,[],"Jl. Patimura, Kabil, Kecamatan Nongsa, Kota Batam, Kepulauan Riau 29467, Indonesia",[],,1.0632466,104.122324,https://www.google.com/maps/place/Hokkie+Hotel+-+Batam+Kabil+Punggur/data=!4m10!3m9!1s0x31d985755b2b60ed:0xf2cf40ccc0198131!5m2!4m1!1i2!8m2!3d1.0632466!4d104.122324!16s%2Fg%2F11gf3fz87s!19sChIJ7WArW3WF2TERMYEZwMxAz_I?authuser=0&hl=en&rclk=1,2.0,F&B,Indonesia.Batam.Kuliner.202406162232.db,places,null_required_column
5464,Warung elis,0.0,0,0,,[],"2WHW+VGM, Lekop River, Sagulung, Batam City, Riau Islands 29425, Indonesia",[],,1.029714,103.9463051,https://www.google.com/maps/place/Warung+elis/data=!4m7!3m6!1s0x31d98df6e46db90d:0x31fd3e7c8de1d251!8m2!3d1.029714!4d103.9463051!16s%2Fg%2F11s2hw3t96!19sChIJDblt5PaN2TERUdLhjXw-_TE?authuser=0&hl=en&rclk=1,-1.0,F&B,Indonesia.Batam.Kuliner.202406162232.db,places,null_required_column
5958,Warunk Mbah Uti (Special Nasi Uduk & Sate Senayan),0.0,0,0,,[],"Area Food Court Tiban Center Nomor 12, Tiban Indah, Kec. Sekupang, Kota Batam, Kepulauan Riau 29424, Indonesia",[],+62 812-1141-2145,1.1127118,103.9795992,https://www.google.com/maps/place/Warunk+Mbah+Uti+%28Special+Nasi+Uduk+%26+Sate+Senayan%29/data=!4m7!3m6!1s0x31d98b1b54e25797:0x16d0458a29d6ca45!8m2!3d1.1127118!4d103.9795992!16s%2Fg%2F11khbvlsmv!19sChIJl1fiVBuL2TERRcrWKYpF0BY?authuser=0&hl=en&rclk=1,0.0,F&B,Indonesia.Batam.Kuliner.202406162232.db,places,null_required_column
6048,Wisata Kuliner Tiban Centre,4.4,1,2,,[],"Ratu salad batam wisata kuliner tiban centre, Jl. Gajah Mada No.17, RW.3, Tiban Indah, Kec. Sekupang, Kota Batam, Kepulauan Riau 29422, Indonesia",[],+62 812-2909-9959,1.1126764,103.9794201,https://www.google.com/maps/place/Wisata+Kuliner+Tiban+Centre/data=!4m7!3m6!1s0x31d98b92399839ef:0xf9c6c2d0fc630310!8m2!3d1.1126764!4d103.9794201!16s%2Fg%2F11cn8shmq4!19sChIJ7zmYOZKL2TEREANj_NDCxvk?authuser=0&hl=en&rclk=1,0.0,F&B,Indonesia.Batam.Kuliner.202406162232.db,places,null_required_column
7346,Soto Seger Ayam Kampung BATU BESAR,4.8,27,1,,[],"Jl. Hang Jebat No.84, Batu Besar, Kecamatan Nongsa, Kota Batam, Kepulauan Riau 29465, Indonesia",[],+62 852-4940-6637,1.1552961,104.1279957,https://www.google.com/maps/place/Soto+Seger+Ayam+Kampung+BATU+BESAR/data=!4m7!3m6!1s0x31d987be6903ef55:0x720a900e5b47b489!8m2!3d1.1552961!4d104.1279957!16s%2Fg%2F11gglt4vw1!19sChIJVe8Dab6H2TERibRHWw6QCnI?authuser=0&hl=en&rclk=1,2.0,F&B,Indonesia.Batam.Kuliner.202406162232.db,places,null_required_column
7348,Resto Bebek Bakar Batu,4.2,76,2,,[],"44Q6+5W9, Ruko Mega Techno City Centre Hangnadim, Batu Besar, Nongsa, Batam City, Riau Islands 29465, Indonesia",[],+62 813-7241-8969,1.1379206,104.1123697,https://www.google.com/maps/place/Resto+Bebek+Bakar+Batu/data=!4m7!3m6!1s0x31d98632b21e62b1:0xeebf158a106b05fc!8m2!3d1.1379206!4d104.1123697!16s%2Fg%2F11f3c1wrqy!19sChIJsWIesjKG2TER_AVrEIoVv-4?authuser=0&hl=en&rclk=1,-1.0,F&B,Indonesia.Batam.Kuliner.202406162232.db,places,null_required_column
7973,Seafood Rumah Makan (Seafood restaurant),0.0,0,0,,,"Pasar Bengkong Harapan No. 160 A, JL Cendrawasih, No. 1, Bengkong Harapan, Bengkong, Batam, 29457","[{""day"": ""Tuesday"", ""hours"": ""10:00 - 18:00""}, {""day"": ""Wednesday"", ""hours"": ""10:00 - 18:00""}, {""day"": ""Thursday"", ""hours"": ""10:00 - 18:00""}, {""day"": ""Friday"", ""hours"": ""10:00 - 18:00""}, {""day"": ""Saturday"", ""hours"": ""10:00 - 18:00""}, {""day"": ""Sunday"", ""hours"": ""10:00 - 15:00""}, {""day"": ""Monday"", ""hours"": ""10:00 - 18:00""}]",0877-9122-0529,1.143511,104.036361,https://www.google.com/maps/place/Seafood+Rumah+Makan/data=!4m7!3m6!1s0x31d989a400eda0b3:0xae2126c837fc8dff!8m2!3d1.143511!4d104.036361!16s%2Fg%2F11bc7p93mx!19sChIJs6DtAKSJ2TER_438N8gmIa4?authuser=0&hl=en&rclk=1,2.0,F&B,Indonesia.Batam.Kuliner.202406162232.db,places,null_required_column
7982,Taruno (Restaurant),0.0,0,0,,,"Jl. Bengkong Harapan 1 Blok K, Bengkong Indah, Kec. Bengkong, Kota Batam, Kepulauan Riau 29432","[{""day"": ""Tuesday"", ""hours"": ""09:30 - 23:00""}, {""day"": ""Wednesday"", ""hours"": ""09:30 - 23:00""}, {""day"": ""Thursday"", ""hours"": ""09:30 - 23:00""}, {""day"": ""Friday"", ""hours"": ""09:30 - 23:00""}, {""day"": ""Saturday"", ""hours"": ""09:30 - 23:00""}, {""day"": ""Sunday"", ""hours"": ""09:30 - 23:00""}, {""day"": ""Monday"", ""hours"": ""09:30 - 23:00""}]",0812-7099-2211,1.1509589,104.02659,https://www.google.com/maps/place/Taruno/data=!4m7!3m6!1s0x31d98996ef610265:0xfcbca451fbac0def!8m2!3d1.1509589!4d104.02659!16s%2Fg%2F11b7qr3n82!19sChIJZQJh75aJ2TER7w2s-1GkvPw?authuser=0&hl=en&rclk=1,0.0,F&B,Indonesia.Batam.Kuliner.202406162232.db,places,null_required_column
7983,Bakso hitam gg (Bakso restaurant),0.0,0,0,,,"Jl. Bengkong Harapan 1 No.14 Blok E, Bengkong Laut, Kec. Bengkong, Kota Batam, Kepulauan Riau 29444",[object Object],0821-7750-5066,1.1520612,104.0259171,https://www.google.com/maps/place/Bakso+hitam+gg/data=!4m7!3m6!1s0x31d9890177ef5c0f:0xd80310830355b96f!8m2!3d1.1520612!4d104.0259171!16s%2Fg%2F11jvpbzky3!19sChIJD1zvdwGJ2TERb7lVA4MQA9g?authuser=0&hl=en&rclk=1,-1.0,F&B,Indonesia.Batam.Kuliner.202406162232.db,places,null_required_column
7984,Krusty Dunk (Restaurant),0.0,0,0,,,"Kampung harapan swadya, Sadai, Kec. Bengkong, Kota Batam, Kepulauan Riau 24594","[{""day"": ""Tuesday"", ""hours"": ""08:00 - 22:00""}, {""day"": ""Wednesday"", ""hours"": ""08:00 - 22:00""}, {""day"": ""Thursday"", ""hours"": ""08:00 - 22:00""}, {""day"": ""Friday"", ""hours"": ""08:00 - 22:00""}, {""day"": ""Saturday"", ""hours"": ""08:00 - 17:00""}, {""day"": ""Sunday"", ""hours"": ""08:00 - 22:00""}, {""day"": ""Monday"", ""hours"": ""08:00 - 22:00""}]",0812-6195-3374,1.136505,104.0372637,https://www.google.com/maps/place/Krusty+Dunk/data=!4m7!3m6!1s0x31d9897df10d3463:0xe96955a3fb259f42!8m2!3d1.136505!4d104.0372637!16s%2Fg%2F11s7zwnr09!19sChIJYzQN8X2J2TERQp8l-6NVaek?authuser=0&hl=en&rclk=1,2.0,F&B,Indonesia.Batam.Kuliner.202406162232.db,places,null_required_column
7985,Eda Medan (Indonesian restaurant),0.0,0,0,,,"Taman Harapan Indah, Blk. D No.14, Tj. Buntung, Kec. Bengkong, Kota Batam, Kepulauan Riau 29432",[object Object],0822-8466-9794,1.1651414,104.02803,https://www.google.com/maps/place/Eda+Medan/data=!4m7!3m6!1s0x31d98909d9476b51:0x95e7b12bdde8f2b3!8m2!3d1.1651414!4d104.02803!16s%2Fg%2F11swb4rths!19sChIJUWtH2QmJ2TERs_Lo3Sux55U?authuser=0&hl=en&rclk=1,-1.0,F&B,Indonesia.Batam.Kuliner.202406162232.db,places,null_required_column
7988,Kedai Kopi Tembilahan (Breakfast restaurant),0.0,0,0,,,"Jl. Bengkong Harapan 1 No.10 Blok K, Bengkong Indah, Kec. Bengkong, Kota Batam, Kepulauan Riau 29444","[{""day"": ""Tuesday"", ""hours"": ""06:00 - 23:00""}, {""day"": ""Wednesday"", ""hours"": ""06:00 - 23:00""}, {""day"": ""Thursday"", ""hours"": ""06:00 - 23:00""}, {""day"": ""Friday"", ""hours"": ""06:00 - 23:00""}, {""day"": ""Saturday"", ""hours"": ""06:00 - 23:00""}, {""day"": ""Sunday"", ""hours"": ""06:00 - 23:00""}, {""day"": ""Monday"", ""hours"": ""06:00 - 23:00""}]",0821-6900-6397,1.151708,104.0288135,https://www.google.com/maps/place/Kedai+Kopi+Tembilahan/data=!4m7!3m6!1s0x31d9891b73770bd9:0xe480b914601d37fb!8m2!3d1.151708!4d104.0288135!16s%2Fg%2F11vwvwwjy9!19sChIJ2Qt3cxuJ2TER-zcdYBS5gOQ?authuser=0&hl=en&rclk=1,-1.0,F&B,Indonesia.Batam.Kuliner.202406162232.db,places,null_required_column
7989,Jingga Corp (Diner),0.0,0,0,,,"Jl. Bengkong Harapan II No.150 blok O, RT.02/RW.09, Bengkong Indah, Kec. Bengkong, Kota Batam, Kepulauan Riau 29458",[object Object],0812-7707-1130,1.1511656,104.0331816,https://www.google.com/maps/place/Jingga+Corp/data=!4m7!3m6!1s0x31d98928bffe8615:0xf237efb5535c7fef!8m2!3d1.1511656!4d104.0331816!16s%2Fg%2F11qbcrb_v9!19sChIJFYb-vyiJ2TER739cU7XvN_I?authuser=0&hl=en&rclk=1,2.0,F&B,Indonesia.Batam.Kuliner.202406162232.db,places,null_required_column
7991,Pindukuik (Restaurant),0.0,0,0,,,"Pasar bengkong harapan, Bengkong Indah, Kec. Bengkong, Kota Batam, Kepulauan Riau 29444",[object Object],0813-7222-5540,1.1519818,104.0289259,https://www.google.com/maps/place/Pindukuik/data=!4m7!3m6!1s0x31d989cff9b78167:0xae22d5ecfeaa0006!8m2!3d1.1519818!4d104.0289259!16s%2Fg%2F11fpsr8ykt!19sChIJZ4G3-c-J2TERBgCq_uzVIq4?authuser=0&hl=en&rclk=1,2.0,F&B,Indonesia.Batam.Kuliner.202406162232.db,places,null_required_column
7997,Tumpeng buk Eton Batam (Traditional restaurant),0.0,0,0,,,"Jl. Bengkong Harapan 1 No.36 BLOK M, Bengkong Laut, Kec. Bengkong, Kota Batam, Kepulauan Riau 29444",[object Object],0822-8771-9121,1.153774,104.0277736,https://www.google.com/maps/place/Tumpeng+buk+Eton+Batam/data=!4m7!3m6!1s0x31d9894ff9e09303:0x1c09d84c4d849271!8m2!3d1.153774!4d104.0277736!16s%2Fg%2F11v9z2kv2f!19sChIJA5Pg-U-J2TERcZKETUzYCRw?authuser=0&hl=en&rclk=1,-1.0,F&B,Indonesia.Batam.Kuliner.202406162232.db,places,null_required_column
8000,Warung Makan Sido Dadi (Restaurant),0.0,0,0,,,"522H+FFF, Jl. Bengkong Harapan 1, Bengkong Indah, Kec. Bengkong, Kota Batam, Kepulauan Riau 29444",[object Object],0813-6434-6474,1.151188,104.0286795,"https://www.google.com/maps/place/Warung+Makan+Sido+Dadi/@1.151188,104.0286795,17z/data=!3m1!4b1!4m6!3m5!1s0x31d989964403aaab:0xfcbfef3e4e0b33e8!8m2!3d1.151188!4d104.0286795!16s%2Fg%2F11bc740d5p?authuser=0&hl=en&entry=ttu",5.0,F&B,Indonesia.Batam.Kuliner.202406162232.db,places,null_required_column
8002,Bubur Ayam Ibu Diah (Porridge restaurant),0.0,0,0,,,"Pasar Bengkong Harapan No. 03 B, JL Cendrawasih, No. 1, Bengkong Harapan, Bengkong, Batam, 29457","[{""day"": ""Tuesday"", ""hours"": ""06:00 - 12:00""}, {""day"": ""Wednesday"", ""hours"": ""06:00 - 12:00""}, {""day"": ""Thursday"", ""hours"": ""06:00 - 12:00""}, {""day"": ""Friday"", ""hours"": ""06:00 - 12:00""}, {""day"": ""Saturday"", ""hours"": ""06:00 - 12:00""}, {""day"": ""Sunday"", ""hours"": ""06:00 - 12:00""}, {""day"": ""Monday"", ""hours"": ""06:00 - 12:00""}]",0877-9122-0529,1.143511,104.036361,"https://www.google.com/maps/place/Bubur+Ayam+Ibu+Diah/@1.143511,104.036361,17z/data=!3m1!4b1!4m6!3m5!1s0x31d989a400eda0b3:0x449297276b887af8!8m2!3d1.143511!4d104.036361!16s%2Fg%2F11bc7sdzwb?authuser=0&hl=en&entry=ttu",0.0,F&B,Indonesia.Batam.Kuliner.202406162232.db,places,null_required_column
8004,Mie ayam bakso berutal (Fast food restaurant),0.0,0,0,,,"Jl. Bengkong Harapan 1 Blk. F No.16, Sadai, Kec. Bengkong, Kota Batam, Kepulauan Riau 29444",[object Object],,1.1439174,104.0319322,"https://www.google.com/maps/place/Mie+ayam+bakso+berutal/@1.1439174,104.0319322,17z/data=!3m1!4b1!4m6!3m5!1s0x31d9890068fdb6cd:0x5cb5f395e5e36510!8m2!3d1.1439174!4d104.0319322!16s%2Fg%2F11vy8qs0fm?authuser=0&hl=en&entry=ttu",2.0,F&B,Indonesia.Batam.Kuliner.202406162232.db,places,null_required_column
8009,Warung mie ayam aco (Snack bar),0.0,0,0,,,"Jl. Bengkong Harapan II No.9 Blok R, Bengkong Indah, Kec. Bengkong, Kota Batam, Kepulauan Riau 29444",[object Object],0813-7194-7760,1.1551161,104.0352126,https://www.google.com/maps/place/Warung+mie+ayam+aco/data=!4m7!3m6!1s0x31d9895012c82827:0xb5a80b5c78115724!8m2!3d1.1551161!4d104.0352126!16s%2Fg%2F11lmn46gmk!19sChIJJyjIElCJ2TERJFcReFwLqLU?authuser=0&hl=en&rclk=1,0.0,F&B,Indonesia.Batam.Kuliner.202406162232.db,places,null_required_column
8013,Warung Mie Ayam Bude (Noodle shop),0.0,0,0,,,"522G+JJW, Jl. Bengkong Harapan 1, Bengkong Laut, Kec. Bengkong, Kota Batam, Kepulauan Riau 29444","[{""day"": ""Tuesday"", ""hours"": ""10:00 - 21:30""}, {""day"": ""Wednesday"", ""hours"": ""10:00 - 21:30""}, {""day"": ""Thursday"", ""hours"": ""10:00 - 21:30""}, {""day"": ""Friday"", ""hours"": ""10:00 - 21:30""}, {""day"": ""Saturday"", ""hours"": ""10:00 - 21:30""}, {""day"": ""Sunday"", ""hours"": ""10:00 - 21:30""}, {""day"": ""Monday"", ""hours"": ""10:00 - 21:30""}]",0853-5555-4519,1.1516085,104.0265829,https://www.google.com/maps/place/Warung+Mie+Ayam+Bude/data=!4m7!3m6!1s0x31d98922cd1f1bd7:0xf943e8e9dd7d9b3d!8m2!3d1.1516085!4d104.0265829!16s%2Fg%2F11h07wspmj!19sChIJ1xsfzSKJ2TERPZt93enoQ_k?authuser=0&hl=en&rclk=1,0.0,F&B,Indonesia.Batam.Kuliner.202406162232.db,places,null_required_column
8016,Warung Makan Bu Sri (Restaurant),0.0,0,0,,,"522H+FF4, Jl. Bengkong Harapan 1, Bengkong Laut, Kec. Bengkong, Kota Batam, Kepulauan Riau 29444","[{""day"": ""Tuesday"", ""hours"": ""05:45 - 12:00""}, {""day"": ""Wednesday"", ""hours"": ""05:45 - 12:00""}, {""day"": ""Thursday"", ""hours"": ""05:45 - 12:00""}, {""day"": ""Friday"", ""hours"": ""05:45 - 12:00""}, {""day"": ""Saturday"", ""hours"": ""05:45 - 12:00""}, {""day"": ""Sunday"", ""hours"": ""05:45 - 12:00""}, {""day"": ""Monday"", ""hours"": ""05:45 - 12:00""}]",0858-3637-0212,1.1511319,104.0287135,https://www.google.com/maps/place/Warung+Makan+Bu+Sri/data=!4m7!3m6!1s0x31d989d081ea036f:0x6b2121b46c121cff!8m2!3d1.1511319!4d104.0287135!16s%2Fg%2F11flrkrkkw!19sChIJbwPqgdCJ2TER_xwSbLQhIWs?authuser=0&hl=en&rclk=1,-1.0,F&B,Indonesia.Batam.Kuliner.202406162232.db,places,null_required_column
8017,Ayam Geprek   Cek Rara (Coffee shop),0.0,0,0,,,"Jl. Bengkong Harapan 1 No.23, Bengkong Laut, Kec. Bengkong, Kota Batam, Kepulauan Riau 29432",[object Object],,1.1507206,104.025912,"https://www.google.com/maps/place/Ayam+Geprek+,+Cek+Rara/data=!4m7!3m6!1s0x31d9899409c37d05:0x3152982de265a402!8m2!3d1.1507206!4d104.025912!16s%2Fg%2F11vjjn6wfp!19sChIJBX3DCZSJ2TERAqRl4i2YUjE?authuser=0&hl=en&rclk=1",5.0,F&B,Indonesia.Batam.Kuliner.202406162232.db,places,null_required_column
8022,Bengkong harapan 2 Jl Melati blok R No 24 (Grocery store),0.0,0,0,,,"Jl. Bengkong Harapan II Jl. Melati No.24 blok R, Bengkong Indah, Kec. Bengkong, Kota Batam, Kepulauan Riau 29444","[{""day"": ""Tuesday"", ""hours"": ""17:00 - 00:00""}, {""day"": ""Wednesday"", ""hours"": ""17:00 - 00:00""}, {""day"": ""Thursday"", ""hours"": ""17:00 - 00:00""}, {""day"": ""Friday"", ""hours"": ""17:00 - 00:00""}, {""day"": ""Saturday"", ""hours"": ""17:00 - 00:00""}, {""day"": ""Sunday"", ""hours"": ""17:00 - 00:00""}, {""day"": ""Monday"", ""hours"": ""17:00 - 00:00""}]",,1.1462819,104.0281049,https://www.google.com/maps/place/Bengkong+harapan+2+Jl.Melati+blok+R+No+24/data=!4m7!3m6!1s0x31d989004a54d0b9:0x60d750ad1ec1438e!8m2!3d1.1462819!4d104.0281049!16s%2Fg%2F11vxjgxvvw!19sChIJudBUSgCJ2TERjkPBHq1Q12A?authuser=0&hl=en&rclk=1,2.0,F&B,Indonesia.Batam.Kuliner.202406162232.db,places,null_required_column
8024,Bawang goreng ERA (Soup kitchen),0.0,0,0,,,"Jl. Bengkong Harapan 1 Gg. Mesra No.81 blok E, Bengkong Laut, Kec. Bengkong, Kota Batam, Kepulauan Riau 29444",[object Object],,1.1516744,104.0257041,https://www.google.com/maps/place/Bawang+goreng+ERA/data=!4m7!3m6!1s0x31d989ff761aa7b9:0xe5eec73813e6905d!8m2!3d1.1516744!4d104.0257041!16s%2Fg%2F11k9nggf20!19sChIJuacadv-J2TERXZDmEzjH7uU?authuser=0&hl=en&rclk=1,2.0,F&B,Indonesia.Batam.Kuliner.202406162232.db,places,null_required_column
8027,Salad Buah Youmy (Restaurant),0.0,0,0,,,"Jl. Bengkong Harapan 1 No.98 Blok E, Bengkong Laut, Kec. Bengkong, Kota Batam, Kepulauan Riau 29458",[object Object],,1.1521115,104.025976,https://www.google.com/maps/place/Salad+Buah+Youmy/data=!4m7!3m6!1s0x31d989824fb73eb3:0xd59f80b01f275c4f!8m2!3d1.1521115!4d104.025976!16s%2Fg%2F11hf2r91pw!19sChIJsz63T4KJ2TERT1wnH7CAn9U?authuser=0&hl=en&rclk=1,2.0,F&B,Indonesia.Batam.Kuliner.202406162232.db,places,null_required_column
8028,Karim Lele (Food products supplier),0.0,0,0,,,"Pasar Bengkong Harapan Kios 154, JL Cendrawasih, No. 1, Bengkong Harapan, Bengkong, Sadai, Batam, Kota Batam, Kepulauan Riau 29457",[object Object],0877-9112-0529,1.1431479,104.0365859,https://www.google.com/maps/place/Karim+Lele/data=!4m7!3m6!1s0x31d989a400eda0b3:0x94579ab786194b42!8m2!3d1.1431479!4d104.0365859!16s%2Fg%2F11bc7py5x1!19sChIJs6DtAKSJ2TERQksZhreaV5Q?authuser=0&hl=en&rclk=1,0.0,F&B,Indonesia.Batam.Kuliner.202406162232.db,places,null_required_column
8031,BASRENG BATAM (Staple food package),0.0,0,0,,,"Jl. Bengkong Harapan 1 No.11 blok d, RT.002/RW.006, Bengkong Indah, Kec. Bengkong, Kota Batam, Kepulauan Riau 29458",[object Object],0857-5634-5458,1.1505533,104.028275,https://www.google.com/maps/place/BASRENG+BATAM/data=!4m7!3m6!1s0x31d989b6a2579803:0xa436ab7ade1959f9!8m2!3d1.1505533!4d104.028275!16s%2Fg%2F11vsw8cqtf!19sChIJA5hXoraJ2TER-VkZ3nqrNqQ?authuser=0&hl=en&rclk=1,2.0,F&B,Indonesia.Batam.Kuliner.202406162232.db,places,null_required_column
8037,Hemvrie Ivon (Convenience store),0.0,0,0,,,"Jl. Bengkong Harapan II No.144, Bengkong Indah, Kec. Bengkong, Kota Batam, Kepulauan Riau 29444",[object Object],0812-7001-3338,1.1517606,104.0302213,https://www.google.com/maps/place/Hemvrie+Ivon/data=!4m7!3m6!1s0x31d989fc2f1d1637:0x1655ce8003d48a0e!8m2!3d1.1517606!4d104.0302213!16s%2Fg%2F11ft2y_qht!19sChIJNxYdL_yJ2TERDorUA4DOVRY?authuser=0&hl=en&rclk=1,2.0,F&B,Indonesia.Batam.Kuliner.202406162232.db,places,null_required_column
8038,Sate Madura pak kumis (Restaurant),0.0,0,0,,,"Jl. Bengkong Harapan 1 No.2a, Bengkong Laut, Kec. Bengkong, Kota Batam, Kepulauan Riau 29444","[{""day"": ""Tuesday"", ""hours"": ""17:00 - 00:00""}, {""day"": ""Wednesday"", ""hours"": ""09:00 - 17:00""}, {""day"": ""Thursday"", ""hours"": ""17:00 - 00:00""}, {""day"": ""Friday"", ""hours"": ""17:00 - 00:00""}, {""day"": ""Saturday"", ""hours"": ""17:00 - 00:00""}, {""day"": ""Sunday"", ""hours"": ""17:00 - 00:00""}, {""day"": ""Monday"", ""hours"": ""17:00 - 00:00""}]",0852-6464-6414,1.1509084,104.0266023,https://www.google.com/maps/place/Sate+Madura+pak+kumis/data=!4m7!3m6!1s0x31d98943d2783a6f:0x730aa8ecb2423c11!8m2!3d1.1509084!4d104.0266023!16s%2Fg%2F11l23wjgpw!19sChIJbzp40kOJ2TERETxCsuyoCnM?authuser=0&hl=en&rclk=1,2.0,F&B,Indonesia.Batam.Kuliner.202406162232.db,places,null_required_column
8040,Yamaha Pasar Bengkong Harapan (Grocery store),0.0,0,0,,,"Blok C No. 32 Pasar Bengkong Harapan, Jl. Bengkong Harapan 1, Bengkong Indah, Kec. Bengkong, Kota Batam, Kepulauan Riau 29444","[{""day"": ""Tuesday"", ""hours"": ""15:00 - 00:00""}, {""day"": ""Wednesday"", ""hours"": ""15:00 - 00:00""}, {""day"": ""Thursday"", ""hours"": ""15:00 - 00:00""}, {""day"": ""Friday"", ""hours"": ""15:00 - 00:00""}, {""day"": ""Saturday"", ""hours"": ""15:00 - 00:00""}, {""day"": ""Sunday"", ""hours"": ""15:00 - 00:00""}, {""day"": ""Monday"", ""hours"": ""00:00 - 12:00""}]",,1.1510631,104.0289064,https://www.google.com/maps/place/Yamaha+Pasar+Bengkong+Harapan/data=!4m7!3m6!1s0x31d989a20a644639:0xb6b0b12b8dde3ad8!8m2!3d1.1510631!4d104.0289064!16s%2Fg%2F11h6r6nl4g!19sChIJOUZkCqKJ2TER2DrejSuxsLY?authuser=0&hl=en&rclk=1,0.0,F&B,Indonesia.Batam.Kuliner.202406162232.db,places,null_required_column
8042,Lek Karman (Food products supplier),0.0,0,0,,,"Pasar Bengkong Harapan Kios 159 B, JL Cendrawasih, No. 1, Bengkong Harapan, Bengkong, Sadai, Batam, Kota Batam, Kepulauan Riau 29457",[object Object],0877-9112-0529,1.143602,104.0362616,https://www.google.com/maps/place/Lek+Karman/data=!4m7!3m6!1s0x31d989a400eda0b3:0x414d1c0095524296!8m2!3d1.143602!4d104.0362616!16s%2Fg%2F11bc7mpgg9!19sChIJs6DtAKSJ2TERlkJSlQAcTUE?authuser=0&hl=en&rclk=1,0.0,F&B,Indonesia.Batam.Kuliner.202406162232.db,places,null_required_column
8045,Lucky Betta (Fish store),0.0,0,0,,,"522H+9C3, Jl. Bengkong Harapan 1 Indah, RW.6, Bengkong Indah, Kec. Bengkong, Kota Batam, Kepulauan Riau 29444",[object Object],0812-6176-9106,1.1508786,104.0285603,https://www.google.com/maps/place/Lucky+Betta/data=!4m7!3m6!1s0x31d9898f28225caf:0xe5561725b9a60f43!8m2!3d1.1508786!4d104.0285603!16s%2Fg%2F11kf9n7_2q!19sChIJr1wiKI-J2TERQw-muSUXVuU?authuser=0&hl=en&rclk=1,2.0,F&B,Indonesia.Batam.Kuliner.202406162232.db,places,null_required_column
8051,Bg Dodo (Food products supplier),0.0,0,0,,,"Pasar Bengkong Harapan No. 71A, JL Cendrawasih, No. 1, Bengkong Harapan, Bengkong, Sadai, Batam, Kota Batam, Kepulauan Riau 29457",[object Object],0877-9112-0529,1.143511,104.036361,https://www.google.com/maps/place/Bg+Dodo/data=!4m7!3m6!1s0x31d989a400eda0b3:0x4bbeed85ecb7a2ec!8m2!3d1.143511!4d104.036361!16s%2Fg%2F11bc7sj353!19sChIJs6DtAKSJ2TER7KK37IXtvks?authuser=0&hl=en&rclk=1,-1.0,F&B,Indonesia.Batam.Kuliner.202406162232.db,places,null_required_column
8053,Puding dcinaamond (Health food store),0.0,0,0,,,"Jl. Bengkong Harapan 1 Blk. A No.36, Tj. Buntung, Kec. Bengkong, Kota Batam, Kepulauan Riau 29444",[object Object],0821-7133-6268,1.1633965,104.0275521,https://www.google.com/maps/place/Puding+dcinaamond/data=!4m7!3m6!1s0x31d989c1c2aab385:0xcf3e5819c07b0fc1!8m2!3d1.1633965!4d104.0275521!16s%2Fg%2F11l5j6qxyb!19sChIJhbOqwsGJ2TERwQ97wBlYPs8?authuser=0&hl=en&rclk=1,2.0,F&B,Indonesia.Batam.Kuliner.202406162232.db,places,null_required_column
8055,Ratu dapur bengkong (Diner),0.0,0,0,,,"Jl. Bengkong Harapan II Gg. Mangga No.135 blok O, RT.02/RW.09, Bengkong Indah, Kec. Bengkong, Kota Batam, Kepulauan Riau 29458",[object Object],0821-7165-7071,1.1517339,104.0328303,https://www.google.com/maps/place/Ratu+dapur+bengkong/data=!4m7!3m6!1s0x31d98921505129cf:0x8c61f18284fd5e95!8m2!3d1.1517339!4d104.0328303!16s%2Fg%2F11kqw0zh_1!19sChIJzylRUCGJ2TERlV79hILxYYw?authuser=0&hl=en&rclk=1,2.0,F&B,Indonesia.Batam.Kuliner.202406162232.db,places,null_required_column
8056,Toko Zamqua (Convenience store),0.0,0,0,,,"Komplek Bengkong Harapan I Blok M No. 68, JL Bengkong Harapan, Harapan Baru, Batu Ampar, Bengkong Laut, Batam, Kota Batam, Kepulauan Riau 29444","[{""day"": ""Tuesday"", ""hours"": ""07:30 - 21:00""}, {""day"": ""Wednesday"", ""hours"": ""07:30 - 21:00""}, {""day"": ""Thursday"", ""hours"": ""07:30 - 21:00""}, {""day"": ""Friday"", ""hours"": ""07:30 - 21:00""}, {""day"": ""Saturday"", ""hours"": ""07:30 - 21:00""}, {""day"": ""Sunday"", ""hours"": ""07:00 - 20:30""}, {""day"": ""Monday"", ""hours"": ""07:30 - 21:00""}]",(0778) 425035,1.15147,104.025436,https://www.google.com/maps/place/Toko+Zamqua/data=!4m7!3m6!1s0x31d98996c7e90b61:0xc7616e40261b3254!8m2!3d1.15147!4d104.025436!16s%2Fg%2F11bc7qylj8!19sChIJYQvpx5aJ2TERVDIbJkBuYcc?authuser=0&hl=en&rclk=1,5.0,F&B,Indonesia.Batam.Kuliner.202406162232.db,places,null_required_column
8058,Callista brownies lumer (Bakery),0.0,0,0,,,"Bengkong harapan 2, jln poliwali Blk. O No.90d, RT.005/RW.009, Bengkong Indah, Kec. Bengkong, Kota Batam, Kepulauan Riau","[{""day"": ""Tuesday"", ""hours"": ""07:00 - 21:00""}, {""day"": ""Wednesday"", ""hours"": ""07:00 - 21:00""}, {""day"": ""Thursday"", ""hours"": ""07:00 - 21:00""}, {""day"": ""Friday"", ""hours"": ""07:00 - 21:00""}, {""day"": ""Saturday"", ""hours"": ""07:00 - 21:00""}, {""day"": ""Sunday"", ""hours"": ""07:00 - 21:00""}, {""day"": ""Monday"", ""hours"": ""07:00 - 21:00""}]",0813-6713-6828,1.1532529,104.0335315,https://www.google.com/maps/place/Callista+brownies+lumer/data=!4m7!3m6!1s0x31d9893e90e168d7:0x5ad182f932aa8e38!8m2!3d1.1532529!4d104.0335315!16s%2Fg%2F11vdq3r2jv!19sChIJ12jhkD6J2TEROI6qMvmC0Vo?authuser=0&hl=en&rclk=1,0.0,F&B,Indonesia.Batam.Kuliner.202406162232.db,places,null_required_column
8061,Warung mamak pulau ngenang (Nasi restaurant),0.0,0,0,,,"Pulau ngenang rt 04, Kota Batam, Kepulauan Riau 29468, Indonesia",[object Object],,0.9968988,104.1721487,https://www.google.com/maps/place/Warung+mamak+pulau+ngenang/data=!4m7!3m6!1s0x31d99bf3327dc6e7:0x4a6bf9413600bf5f!8m2!3d0.9968988!4d104.1721487!16s%2Fg%2F11scqrblxx!19sChIJ58Z9MvOb2TERX78ANkH5a0o?authuser=0&hl=en&rclk=1,-1.0,F&B,Indonesia.Batam.Kuliner.202406162232.db,places,null_required_column
8067,Warung Delima (Grocery store),0.0,0,0,,,"Jalan Raya Sei Lekop-Sagulung kav sei lekop, blok E5 No.2, RT.002/RW.013, Sungai Lekop, Kota Batam, Kepulauan Riau, Indonesia",[object Object],,1.0362286,103.9558295,https://www.google.com/maps/place/Warung+Delima/data=!4m7!3m6!1s0x31d98d002d1c4599:0xc08775d1fdfb4f2e!8m2!3d1.0362286!4d103.9558295!16s%2Fg%2F11w243s5v5!19sChIJmUUcLQCN2TERLk_7_dF1h8A?authuser=0&hl=en&rclk=1,2.0,F&B,Indonesia.Batam.Kuliner.202406162232.db,places,null_required_column
8110,RM PADANG (Padang restaurant),0.0,0,0,,,"sagulung sumber jaya 2 blok a9 no.2 sei langkai,sagulung batam-kepri Hp:081266238586, Sungai Langkai, Kec. Sagulung, Kota Batam, Kepulauan Riau 29439, Indonesia",[object Object],+62 812-6623-8586,1.0368701,103.9668951,https://www.google.com/maps/place/RM+PADANG/data=!4m7!3m6!1s0x31d98db015993d5d:0xe02279c6637ea45c!8m2!3d1.0368701!4d103.9668951!16s%2Fg%2F11h_yrsggc!19sChIJXT2ZFbCN2TERXKR-Y8Z5IuA?authuser=0&hl=en&rclk=1,2.0,F&B,Indonesia.Batam.Kuliner.202406162232.db,places,null_required_column
8113,Rm Limau Gadang (Restaurant),0.0,0,0,,,"2WQG+7M3, Jl. Sei Binti Sagulung, Tj. Uncang, Kec. Batu Aji, Kota Batam, Kepulauan Riau 29425, Indonesia",[object Object],,1.0381392,103.9266815,https://www.google.com/maps/place/Rm+Limau+Gadang/data=!4m7!3m6!1s0x31d98d45662fe6a7:0x6f41c5a9bc534e90!8m2!3d1.0381392!4d103.9266815!16s%2Fg%2F11vx148g5l!19sChIJp-YvZkWN2TERkE5TvKnFQW8?authuser=0&hl=en&rclk=1,0.0,F&B,Indonesia.Batam.Kuliner.202406162232.db,places,null_required_column
8119,Rumah Makan Pondok Salero Masakan Padang (Restaurant),0.0,0,0,,,"2WRG+MH4, Jl. Sei Binti Sagulung, Tj. Uncang, Kec. Batu Aji, Kota Batam, Kepulauan Riau 29425, Indonesia",[object Object],,1.0416463,103.9264416,https://www.google.com/maps/place/Rumah+Makan+Pondok+Salero+Masakan+Padang/data=!4m7!3m6!1s0x31d98d4606e99b71:0x287c3fdb8e1c852d!8m2!3d1.0416463!4d103.9264416!16s%2Fg%2F11vx146zrb!19sChIJcZvpBkaN2TERLYUcjts_fCg?authuser=0&hl=en&rclk=1,2.0,F&B,Indonesia.Batam.Kuliner.202406162232.db,places,null_required_column
8121,RUMAH MAKAN SARI MINANG (Restaurant),0.0,0,0,,,"Tunas Regency, RUKO, Jl. Brigjen Katamso Jl. Sei Binti Sagulung No.05, Kota Batam, Kepulauan Riau, Indonesia",[object Object],+62 822-8425-7400,1.0466822,103.9300108,https://www.google.com/maps/place/RUMAH+MAKAN+SARI+MINANG/data=!4m7!3m6!1s0x31d98d366b4fb86b:0xcdc0913331d0aeab!8m2!3d1.0466822!4d103.9300108!16s%2Fg%2F11svbsm2_q!19sChIJa7hPazaN2TERq67QMTORwM0?authuser=0&hl=en&rclk=1,2.0,F&B,Indonesia.Batam.Kuliner.202406162232.db,places,null_required_column
8122,Catering umareez (Diner),0.0,0,0,,,"perum azure gardenia blok A4 no 12 sei binti, Tembesi, Kec. Sagulung, Kota Batam, Kepulauan Riau 29439, Indonesia",[object Object],+62 858-3039-9474,1.0447917,103.9317893,https://www.google.com/maps/place/Catering+umareez/data=!4m7!3m6!1s0x31d99395f30b630f:0x22da445856d5d583!8m2!3d1.0447917!4d103.9317893!16s%2Fg%2F11r_mltstv!19sChIJD2ML85WT2TERg9XVVlhE2iI?authuser=0&hl=en&rclk=1,2.0,F&B,Indonesia.Batam.Kuliner.202406162232.db,places,null_required_column
8125,Rumah makan Pondok anambas (Diner),0.0,0,0,,,"Terminal muka kuning, pintu 3, Muka Kuning, Kec. Sei Beduk, Kota Batam, Kepulauan Riau 29433, Indonesia",[object Object],,1.0502565,103.9509049,https://www.google.com/maps/place/Rumah+makan+Pondok+anambas/data=!4m7!3m6!1s0x31d98df799d362df:0x48fa537c58a0c313!8m2!3d1.0502565!4d103.9509049!16s%2Fg%2F11j_04jk2l!19sChIJ32LTmfeN2TERE8OgWHxT-kg?authuser=0&hl=en&rclk=1,5.0,F&B,Indonesia.Batam.Kuliner.202406162232.db,places,null_required_column
8136,Dapur IBU NADINE (Restaurant),0.0,0,0,,,"2XH5+FR6, Jl. Dapur 12 Jl. Kav Bukit Kamboja, Sei Pelunggut, Kec. Sagulung, Kota Batam, Kepulauan Riau 29439, Indonesia",[object Object],,1.0286712,103.9595084,"https://www.google.com/maps/place/Dapur+IBU+NADINE/@1.0286712,103.9595084,17z/data=!3m1!4b1!4m6!3m5!1s0x31d98d7f95aae393:0xd6c688ff9ce8a487!8m2!3d1.0286712!4d103.9595084!16s%2Fg%2F11vrpngw_j?authuser=0&hl=en&entry=ttu",2.0,F&B,Indonesia.Batam.Kuliner.202406162232.db,places,null_required_column
8138,MASAKAN UNI HELGA (Restaurant),0.0,0,0,,,"2XG5+HJ6, Jl. Kav Bukit Kamboja Jl. Dapur 12, Sei Pelunggut, Kec. Sagulung, Kota Batam, Kepulauan Riau, Indonesia",[object Object],,1.0264155,103.9590095,https://www.google.com/maps/place/MASAKAN+UNI+HELGA/data=!4m7!3m6!1s0x31d992803eb585b1:0xfdd3e42c7675731b!8m2!3d1.0264155!4d103.9590095!16s%2Fg%2F11lcxlrlgt!19sChIJsYW1PoCS2TERG3N1dizk0_0?authuser=0&hl=en&rclk=1,2.0,F&B,Indonesia.Batam.Kuliner.202406162232.db,places,null_required_column
8139,Warung makan agung jaya (Deli),0.0,0,0,,,"Kavling bukit melati No.35 blok C2, Sei pelunggut, Kec. Sagulung, Kota Batam, Kepulauan Riau 29438, Indonesia",[object Object],+62 812-6832-4810,1.0219281,103.9618783,"https://www.google.com/maps/place/Warung+makan+agung+jaya/@1.0219281,103.9618783,17z/data=!3m1!4b1!4m6!3m5!1s0x31d98d103cae45af:0x9ec244204230d182!8m2!3d1.0219281!4d103.9618783!16s%2Fg%2F11w1lntv5x?authuser=0&hl=en&entry=ttu",5.0,F&B,Indonesia.Batam.Kuliner.202406162232.db,places,null_required_column
8148,Soto medan (Restaurant),0.0,0,0,,,"2XG2+WXP, Pasar Seroja sei, Sungai Pelunggut, Kec. Sagulung, Kota Batam, Kepulauan Riau 29425, Indonesia",[object Object],+62 822-8588-8298,1.0273494,103.9524441,https://www.google.com/maps/place/Soto+medan/data=!4m7!3m6!1s0x31d993bdbab97801:0x1b820d0ed8ebf858!8m2!3d1.0273494!4d103.9524441!16s%2Fg%2F11qryrm8z7!19sChIJAXi5ur2T2TERWPjr2A4Nghs?authuser=0&hl=en&rclk=1,5.0,F&B,Indonesia.Batam.Kuliner.202406162232.db,places,null_required_column
8152,UD  HajjaH 999 (Food seasoning manufacturer),0.0,0,0,,,"dapur 12kec, Jl. Kav Bukit Kamboja No.52 blok y, RT.02/RW.03kel, sei PELUNGGUT, Kec. Sagulung, Kota Batam, Kepulauan Riau 29439, Indonesia",[object Object],+62 813-7388-4898,1.0243668,103.959958,https://www.google.com/maps/place/UD.+HajjaH+999/data=!4m7!3m6!1s0x31d993209c03d251:0x19656ab037390285!8m2!3d1.0243668!4d103.959958!16s%2Fg%2F11v0l096nk!19sChIJUdIDnCCT2TERhQI5N7BqZRk?authuser=0&hl=en&rclk=1,0.0,F&B,Indonesia.Batam.Kuliner.202406162232.db,places,null_required_column
8154,Puddiny (Deli),0.0,0,0,,,,[object Object],+62 858-5671-9341,0.837166,104.053115,https://www.google.com/maps/place/Puddiny/data=!4m7!3m6!1s0x4b1adeceac61c047:0x7b36de6ca5f62e2a!8m2!3d0.837166!4d104.053115!16s%2Fg%2F11kpv99psc!19sChIJR8BhrM7eGksRKi72pWzeNns?authuser=0&hl=en&rclk=1,0.0,F&B,Indonesia.Batam.Kuliner.202406162232.db,places,null_required_column
8158,Laper yuk (Deli),0.0,0,0,,,,[object Object],+62 813-7201-5679,0.837166,104.053115,https://www.google.com/maps/place/Laper+yuk/data=!4m7!3m6!1s0xafa30cbcc0c2f369:0x56692cc07bdc4e66!8m2!3d0.837166!4d104.053115!16s%2Fg%2F11tf71mp4f!19sChIJafPCwLwMo68RZk7ce8AsaVY?authuser=0&hl=en&rclk=1,2.0,F&B,Indonesia.Batam.Kuliner.202406162232.db,places,null_required_column
8160,Kue dan gorengan umi (Cake shop),0.0,0,0,,,"Gang sakinah, Blok Q. 109, Jl. Kav Bukit Kamboja No.Kel, Sei pelunggut, Kec. Sagulung, Kota Batam, Kepulauan Riau 29434, Indonesia",[object Object],+62 812-2767-1572,1.0270141,103.9594729,https://www.google.com/maps/place/Kue+dan+gorengan+umi/data=!4m7!3m6!1s0x31d993003c45ba01:0xec767b1a1ad97e71!8m2!3d1.0270141!4d103.9594729!16s%2Fg%2F11vyhn8yqt!19sChIJAbpFPACT2TERcX7ZGhp7duw?authuser=0&hl=en&rclk=1,5.0,F&B,Indonesia.Batam.Kuliner.202406162232.db,places,null_required_column
8166,Kue Ibu Firman (Sweets and dessert buffet),0.0,0,0,,,,[object Object],+62 822-8542-9895,-2.44565,117.8888,https://www.google.com/maps/place/Kue+Ibu+Firman/data=!4m7!3m6!1s0x631b177ddd4321dd:0xc52d4d3ab016ecf0!8m2!3d-2.44565!4d117.8888!16s%2Fg%2F11sr0__h_2!19sChIJ3SFD3X0XG2MR8OwWsDpNLcU?authuser=0&hl=en&rclk=1,1.0,F&B,Indonesia.Batam.Kuliner.202406162232.db,places,null_required_column
8172,Kebab Durian Lumer (KDL) Roman (Bakery),0.0,0,0,,,,[object Object],+62 896-8550-7819,0.837166,104.053115,https://www.google.com/maps/place/Kebab+Durian+Lumer+%28KDL%29+Roman/data=!4m7!3m6!1s0x216d10ba1eeba241:0x3c000f2b3cb5f3c4!8m2!3d0.837166!4d104.053115!16s%2Fg%2F11vjzrzfd6!19sChIJQaLrHroQbSERxPO1PCsPADw?authuser=0&hl=en&rclk=1,2.0,F&B,Indonesia.Batam.Kuliner.202406162232.db,places,null_required_column
8173,Warung Alfa (Deli),0.0,0,0,,,,[object Object],+62 823-9087-6128,0.837166,104.053115,"https://www.google.com/maps/place/Warung+Alfa/@0.837166,104.053115,10z/data=!3m1!4b1!4m6!3m5!1s0xaef182fee6f34d27:0x68a02fdccb46246c!8m2!3d0.837166!4d104.053115!16s%2Fg%2F11tt0ytkt6?authuser=0&hl=en&entry=ttu",2.0,F&B,Indonesia.Batam.Kuliner.202406162232.db,places,null_required_column
8177,Go berkah no riba (Natural goods store),0.0,0,0,,,,[object Object],+62 812-6709-5656,0.837166,104.053115,"https://www.google.com/maps/place/Go+berkah+no+riba/@0.837166,104.053115,10z/data=!3m1!4b1!4m6!3m5!1s0x31d98bab04bcdd85:0xaef681efe76f6e10!8m2!3d0.837166!4d104.053115!16s%2Fg%2F11j8qwv16b?authuser=0&hl=en&entry=ttu",0.0,F&B,Indonesia.Batam.Kuliner.202406162232.db,places,null_required_column
8178,Katering TBB (Staple food package),0.0,0,0,,,,[object Object],+62 852-6543-9199,-2.44565,117.8888,https://www.google.com/maps/place/Katering+TBB/data=!4m7!3m6!1s0x817fac2aba5c68dd:0x61aa874005051560!8m2!3d-2.44565!4d117.8888!16s%2Fg%2F11y1d9gpmy!19sChIJ3Whcuiqsf4ERYBUFBUCHqmE?authuser=0&hl=en&rclk=1,1.0,F&B,Indonesia.Batam.Kuliner.202406162232.db,places,null_required_column
8179,Sari Eko Pakde Group (Deli),0.0,0,0,,,,[object Object],+62 822-2666-4674,0.837166,104.053115,"https://www.google.com/maps/place/Sari+Eko+Pakde+Group/@0.837166,104.053115,10z/data=!3m1!4b1!4m6!3m5!1s0x4dae016a724e8ce7:0x86e3c84186a11ee5!8m2!3d0.837166!4d104.053115!16s%2Fg%2F11vspghqff?authuser=0&hl=en&entry=ttu",2.0,F&B,Indonesia.Batam.Kuliner.202406162232.db,places,null_required_column
8180,Ayam Lodho Barokah (Caterer),0.0,0,0,,,,[object Object],+62 821-7230-9055,0.837166,104.053115,https://www.google.com/maps/place/Ayam+Lodho+Barokah/data=!4m7!3m6!1s0x8452dbe0623ae321:0x25e4b6a4ad812ec4!8m2!3d0.837166!4d104.053115!16s%2Fg%2F11tjs77mjq!19sChIJIeM6YuDbUoQRxC6BraS25CU?authuser=0&hl=en&rclk=1,2.0,F&B,Indonesia.Batam.Kuliner.202406162232.db,places,null_required_column
8181,Kebab Durian Lumer Roman (Bakery),0.0,0,0,,,,[object Object],+62 896-8550-7819,0.837166,104.053115,https://www.google.com/maps/place/Kebab+Durian+Lumer+Roman/data=!4m7!3m6!1s0x6df96839490dcc2f:0x3c206f0edb080fe7!8m2!3d0.837166!4d104.053115!16s%2Fg%2F11lch6r_p5!19sChIJL8wNSTlo-W0R5w8I2w5vIDw?authuser=0&hl=en&rclk=1,2.0,F&B,Indonesia.Batam.Kuliner.202406162232.db,places,null_required_column
8182,Pondok Vigen Vegetarian (Coffee store),0.0,0,0,,,,[object Object],+62 811-7020-111,1.1175794,104.0606994,https://www.google.com/maps/place/Pondok+Vigen+Vegetarian/data=!4m7!3m6!1s0x31d989ed5ed85107:0x35ed211482bd772c!8m2!3d1.1175794!4d104.0606994!16s%2Fg%2F11h7d8249p!19sChIJB1HYXu2J2TERLHe9ghQh7TU?authuser=0&hl=en&rclk=1,2.0,F&B,Indonesia.Batam.Kuliner.202406162232.db,places,null_required_column
8184,tempat jamsut (Food broker),0.0,0,0,,,,[object Object],+62 895-4102-72444,1.0568264,104.0197195,https://www.google.com/maps/place/tempat+jamsut/data=!4m7!3m6!1s0x2f6d23bd16cc78e7:0xda272b3b614fc513!8m2!3d1.0568264!4d104.0197195!16s%2Fg%2F11sdsfbrwx!19sChIJ53jMFr0jbS8RE8VPYTsrJ9o?authuser=0&hl=en&rclk=1,5.0,F&B,Indonesia.Batam.Kuliner.202406162232.db,places,null_required_column
8188,Restu siahaan dua saudara (Caterer),0.0,0,0,,,,[object Object],+62 852-7227-2153,0.837166,104.053115,https://www.google.com/maps/place/Restu+siahaan+dua+saudara/data=!4m7!3m6!1s0x254432c14e0ca64d:0x5d1819c6a4091dd3!8m2!3d0.837166!4d104.053115!16s%2Fg%2F11y2m26nf7!19sChIJTaYMTsEyRCUR0x0JpMYZGF0?authuser=0&hl=en&rclk=1,2.0,F&B,Indonesia.Batam.Kuliner.202406162232.db,places,null_required_column
8308,RM  Padang Uda Paibo (Indonesian restaurant),0.0,0,0,,,"Komplek Air Mas, Pertokoan, Jl. Engku Putri Jl. Blk. E No.14, Tlk. Tering, Kec. Batam Kota, Kota Batam, Kepulauan Riau 29461, Indonesia",[object Object],,1.1252153,104.0453791,"https://www.google.com/maps/place/RM.+Padang+Uda+Paibo/@1.1252153,104.0453791,17z/data=!3m1!4b1!4m6!3m5!1s0x31d9890068a27133:0xe113a0286360382c!8m2!3d1.1252153!4d104.0453791!16s%2Fg%2F11ld81ydjs?authuser=0&hl=en&entry=ttu",2.0,F&B,Indonesia.Batam.Kuliner.202406162232.db,places,null_required_column
8377,Warung Danuarta (Family restaurant),0.0,0,0,,,"Ruko Tiban Global, Tiban Indah, Sekupang, Batam City, Riau Islands, Indonesia",[object Object],,1.1212859,103.9806954,https://www.google.com/maps/place/Warung+Danuarta/data=!4m7!3m6!1s0x31d98b002ebc7ccf:0xf48532d2596e1d1a!8m2!3d1.1212859!4d103.9806954!16s%2Fg%2F11w9n7fw1b!19sChIJz3y8LgCL2TERGh1uWdIyhfQ?authuser=0&hl=en&rclk=1,2.0,F&B,Indonesia.Batam.Kuliner.202406162232.db,places,null_required_column
8390,Chiken Bandung (Indonesian restaurant),0.0,0,0,,,"Pasar Tiban Centre, Blok C No. 45, JL Gajah Mada, Tiban Tiban Indah, Sekupang, Tiban Indah, Batam, Kota Batam, Kepulauan Riau 29424, Indonesia",[object Object],+62 778 351117,1.1132935,103.9808794,https://www.google.com/maps/place/Chiken+Bandung/data=!4m7!3m6!1s0x31d98b9254ce2555:0x8a518f71122ffc9c!8m2!3d1.1132935!4d103.9808794!16s%2Fg%2F11bc7mln7p!19sChIJVSXOVJKL2TERnPwvEnGPUYo?authuser=0&hl=en&rclk=1,2.0,F&B,Indonesia.Batam.Kuliner.202406162232.db,places,null_required_column
8499,Kuliner Puncak Batam (Restaurant),0.0,0,0,,,"42WC+4QW, Jl. Yos Sudarso, Kp. Pelita, Kec. Bengkong, Kota Batam, Kepulauan Riau 29444",[object Object],0812-7764-8225,1.1453557,104.0219682,https://www.google.com/maps/place/Kuliner+Puncak+Batam/data=!4m7!3m6!1s0x31d98900490f65cb:0x5ab08c0faa91bfaa!8m2!3d1.1453557!4d104.0219682!16s%2Fg%2F11lmj6rb51!19sChIJy2UPSQCJ2TERqr-Rqg-MsFo?authuser=0&hl=en&rclk=1,-1.0,F&B,Indonesia.Batam.Kuliner.202406162232.db,places,null_required_column
8509,Rm Salah tiga (Restaurant),0.0,0,0,,,"Jl. Teuku Umar No.5, Kp. Pelita, Kec. Lubuk Baja, Kota Batam, Kepulauan Riau 29444",[object Object],,1.1436467,104.0174631,https://www.google.com/maps/place/Rm+Salah+tiga/data=!4m7!3m6!1s0x31d9895dfd08f27f:0x9dc7514c836f0e47!8m2!3d1.1436467!4d104.0174631!16s%2Fg%2F11fpp_mpcb!19sChIJf_II_V2J2TERRw5vg0xRx50?authuser=0&hl=en&rclk=1,2.0,F&B,Indonesia.Batam.Kuliner.202406162232.db,places,null_required_column
8529,Taco Land Batam (Restaurant),0.0,0,0,,,"Jl. Pelita VII No.38 Blok D, Kp. Pelita, Kec. Lubuk Baja, Kota Batam, Kepulauan Riau 29444","[{""day"": ""Wednesday"", ""hours"": ""11:00 - 20:00""}, {""day"": ""Thursday"", ""hours"": ""11:00 - 20:00""}, {""day"": ""Friday"", ""hours"": ""11:00 - 20:00""}, {""day"": ""Saturday"", ""hours"": ""11:00 - 20:00""}, {""day"": ""Sunday"", ""hours"": ""11:00 - 20:00""}, {""day"": ""Monday"", ""hours"": ""11:00 - 20:00""}, {""day"": ""Tuesday"", ""hours"": ""11:00 - 20:00""}]",0813-1161-0918,1.1378855,104.0200332,https://www.google.com/maps/place/Taco+Land+Batam/data=!4m7!3m6!1s0x31d98957ec9e78e5:0xf399fc3be8e89b07!8m2!3d1.1378855!4d104.0200332!16s%2Fg%2F11kpqwm987!19sChIJ5Xie7FeJ2TERB5vo6Dv8mfM?authuser=0&hl=en&rclk=1,-1.0,F&B,Indonesia.Batam.Kuliner.202406162232.db,places,null_required_column
8544,Ria Resto (Family restaurant),0.0,0,0,,,"Nagoya Hill Superblock RM4 - W3-3A (GR), JL. Teuku Umar, Kp. Pelita, Nagoya, Batam, Kota Batam, Kepulauan Riau 29444","[{""day"": ""Wednesday"", ""hours"": ""10:00 - 22:00""}, {""day"": ""Thursday"", ""hours"": ""10:00 - 22:00""}, {""day"": ""Friday"", ""hours"": ""10:00 - 22:00""}, {""day"": ""Saturday"", ""hours"": ""10:00 - 22:00""}, {""day"": ""Sunday"", ""hours"": ""10:00 - 22:00""}, {""day"": ""Monday"", ""hours"": ""10:00 - 22:00""}, {""day"": ""Tuesday"", ""hours"": ""10:00 - 22:00""}]",(0778) 7493933,1.146364,104.017353,https://www.google.com/maps/place/Ria+Resto/data=!4m7!3m6!1s0x31d9898517fac79d:0x984586d80ebbf63b!8m2!3d1.146364!4d104.017353!16s%2Fg%2F1pzt5_vdq!19sChIJncf6F4WJ2TERO_a7DtiGRZg?authuser=0&hl=en&rclk=1,0.0,F&B,Indonesia.Batam.Kuliner.202406162232.db,places,null_required_column
8547,Tisam Mulyani (Restaurant),0.0,0,0,,,"42Q8+WQF, Jl. Pelita VII, Kp. Pelita, Kec. Lubuk Baja, Kota Batam, Kepulauan Riau 29444",[object Object],0823-9167-8494,1.1398166,104.0169173,https://www.google.com/maps/place/Tisam+Mulyani/data=!4m7!3m6!1s0x31d98982930d0a65:0x5135d589ecbe2c41!8m2!3d1.1398166!4d104.0169173!16s%2Fg%2F11f31w6jf7!19sChIJZQoNk4KJ2TERQSy-7InVNVE?authuser=0&hl=en&rclk=1,0.0,F&B,Indonesia.Batam.Kuliner.202406162232.db,places,null_required_column
8549,EDVO Food Place (Restaurant),0.0,0,0,,,"42RC+GFF, Kampung Pelita, Lubuk Baja, Batam City, Riau Islands 29444","[{""day"": ""Wednesday"", ""hours"": ""10:00 - 23:00""}, {""day"": ""Thursday"", ""hours"": ""10:00 - 23:00""}, {""day"": ""Friday"", ""hours"": ""10:00 - 23:00""}, {""day"": ""Saturday"", ""hours"": ""10:00 - 00:00""}, {""day"": ""Sunday"", ""hours"": ""10:00 - 14:00""}, {""day"": ""Monday"", ""hours"": ""10:00 - 21:00""}, {""day"": ""Tuesday"", ""hours"": ""10:00 - 23:00""}]",,1.1413194,104.0211635,https://www.google.com/maps/place/EDVO+Food+Place/data=!4m7!3m6!1s0x31d989ff533f4817:0xea5ef3d05a0d5cde!8m2!3d1.1413194!4d104.0211635!16s%2Fg%2F11fnp_4v4s!19sChIJF0g_U_-J2TER3lwNWtDzXuo?authuser=0&hl=en&rclk=1,2.0,F&B,Indonesia.Batam.Kuliner.202406162232.db,places,null_required_column
8550,Harum Dua Kedai (Restaurant),0.0,0,0,,,"42V9+HC2, Kampung Pelita, Lubuk Baja, Batam City, Riau Islands 29444",[object Object],(0778) 455698,1.1438925,104.0185034,https://www.google.com/maps/place/Harum+Dua+Kedai/data=!4m7!3m6!1s0x31d98984ade05017:0x7d8e396dadbf29fa!8m2!3d1.1438925!4d104.0185034!16s%2Fg%2F11bc7qq38t!19sChIJF1DgrYSJ2TER-im_rW05jn0?authuser=0&hl=en&rclk=1,-1.0,F&B,Indonesia.Batam.Kuliner.202406162232.db,places,null_required_column
8561,Bernard (Restaurant),0.0,0,0,,,"Jl. Teuku Umar No.29432, Kp. Pelita, Kec. Lubuk Baja, Kota Batam, Kepulauan Riau 29444",[object Object],,1.1462772,104.0157169,https://www.google.com/maps/place/Bernard/data=!4m7!3m6!1s0x31d989d24d3a8adf:0xe9b3e7f594f92447!8m2!3d1.1462772!4d104.0157169!16s%2Fg%2F11hf678fwy!19sChIJ34o6TdKJ2TERRyT5lPXns-k?authuser=0&hl=en&rclk=1,2.0,F&B,Indonesia.Batam.Kuliner.202406162232.db,places,null_required_column
8583,RM  BATAK  TOBA TABO  (Restaurant),0.0,0,0,,,"JL. Hang Kesturi, Teluk Bakau, Depan Ruko CNN, Kabil, Kota Batam, Kepulauan Riau","[{""day"": ""Wednesday"", ""hours"": ""10:00 - 22:00""}, {""day"": ""Thursday"", ""hours"": ""10:00 - 22:00""}, {""day"": ""Friday"", ""hours"": ""10:00 - 22:00""}, {""day"": ""Saturday"", ""hours"": ""10:00 - 22:00""}, {""day"": ""Sunday"", ""hours"": ""10:00 - 22:00""}, {""day"": ""Monday"", ""hours"": ""10:00 - 22:00""}, {""day"": ""Tuesday"", ""hours"": ""10:00 - 22:00""}]",0812-6141-6504,1.1114695,104.1311041,https://www.google.com/maps/place/RM.+BATAK+%22TOBA+TABO%22/data=!4m7!3m6!1s0x31d987fc3d2c589d:0x1f204c051081a986!8m2!3d1.1114695!4d104.1311041!16s%2Fg%2F11tnnmyn34!19sChIJnVgsPfyH2TERhqmBEAVMIB8?authuser=0&hl=en&rclk=1,0.0,F&B,Indonesia.Batam.Kuliner.202406162232.db,places,null_required_column
8629,Warung Makan Pojok Bu Ana  Bu Linteng (Breakfast restaurant),0.0,0,0,,,"Sembulang, Galang, Batam City, Riau Islands 29481","[{""day"": ""Wednesday"", ""hours"": ""07:00 - 22:00""}, {""day"": ""Thursday"", ""hours"": ""07:00 - 22:00""}, {""day"": ""Friday"", ""hours"": ""07:00 - 22:00""}, {""day"": ""Saturday"", ""hours"": ""07:00 - 22:00""}, {""day"": ""Sunday"", ""hours"": ""07:00 - 22:00""}, {""day"": ""Monday"", ""hours"": ""07:00 - 22:00""}, {""day"": ""Tuesday"", ""hours"": ""07:00 - 22:00""}]",,0.8449638,104.2595458,https://www.google.com/maps/place/Warung+Makan+Pojok+Bu+Ana%2F+Bu+Linteng/data=!4m7!3m6!1s0x31d9a10dc005ef5f:0xcd5e9496d4d459f2!8m2!3d0.8449638!4d104.2595458!16s%2Fg%2F11g1vkjy5h!19sChIJX-8FwA2h2TER8lnU1JaUXs0?authuser=0&hl=en&rclk=1,2.0,F&B,Indonesia.Batam.Kuliner.202406162232.db,places,null_required_column
8643,Budidaya lobster (Indonesian restaurant),0.0,0,0,,,"R44X+HJ, Sijantung, Kota Batam, Kepulauan Riau",[object Object],0853-8688-3373,0.8070205,104.1486629,https://www.google.com/maps/place/Budidaya+lobster/data=!4m7!3m6!1s0x31d9a3a159bec58f:0x41c0d0d33245e3b0!8m2!3d0.8070205!4d104.1486629!16s%2Fg%2F11t47dddwh!19sChIJj8W-WaGj2TERsONFMtPQwEE?authuser=0&hl=en&rclk=1,2.0,F&B,Indonesia.Batam.Kuliner.202406162232.db,places,null_required_column
8646,AS Beach (Seafood restaurant),0.0,0,0,,,"J7CP+MJV Island, Galang Baru, Galang, Batam City, Riau Islands",[object Object],,0.6217309,104.2865553,https://www.google.com/maps/place/AS+Beach/data=!4m7!3m6!1s0x31d901005c38477d:0xe7ded91c6274d96e!8m2!3d0.6217309!4d104.2865553!16s%2Fg%2F11w7jcj1r2!19sChIJfUc4XAAB2TERbtl0YhzZ3uc?authuser=0&hl=en&rclk=1,5.0,F&B,Indonesia.Batam.Kuliner.202406162232.db,places,null_required_column
8648,Warung Sembako Nek Jus (Snack bar),0.0,0,0,,,"Sei Raya, Galang, Batam City, Riau Islands 29481",[object Object],0812-6826-3537,0.8356725,104.1760856,https://www.google.com/maps/place/Warung+Sembako+Nek+Jus/data=!4m7!3m6!1s0x31d9a311db56c12d:0x3bacc770655f830c!8m2!3d0.8356725!4d104.1760856!16s%2Fg%2F11vq4g0_m1!19sChIJLcFW2xGj2TERDINfZXDHrDs?authuser=0&hl=en&rclk=1,3.0,F&B,Indonesia.Batam.Kuliner.202406162232.db,places,null_required_column
8652,Warung ayam penyet ikorasaki (Nasi restaurant),0.0,0,0,,,"W4F8+6P2, Jl. Trans Barelang, Rempang Cate, Galang, Kota Batam, Kepulauan Riau 29482","[{""day"": ""Wednesday"", ""hours"": ""09:38 - 01:38""}, {""day"": ""Thursday"", ""hours"": ""09:38 - 01:38""}, {""day"": ""Friday"", ""hours"": ""09:38 - 01:38""}, {""day"": ""Saturday"", ""hours"": ""09:38 - 01:38""}, {""day"": ""Sunday"", ""hours"": ""09:38 - 01:38""}, {""day"": ""Monday"", ""hours"": ""09:38 - 01:38""}, {""day"": ""Tuesday"", ""hours"": ""09:38 - 01:38""}]",,0.9230119,104.1167781,https://www.google.com/maps/place/Warung+ayam+penyet+ikorasaki/data=!4m7!3m6!1s0x31d9990024b6ea6d:0x50b60549da482262!8m2!3d0.9230119!4d104.1167781!16s%2Fg%2F11vr_4zk7k!19sChIJbeq2JACZ2TERYiJI2kkFtlA?authuser=0&hl=en&rclk=1,-1.0,F&B,Indonesia.Batam.Kuliner.202406162232.db,places,null_required_column
8658,Liga Bintang Lounge Seafood (Seafood restaurant),0.0,0,0,,,"J79P+W5P, Galang Baru, Galang, Batam City, Riau Islands 29487",[object Object],,0.6198264,104.2854598,https://www.google.com/maps/place/Liga+Bintang+Lounge+Seafood/data=!4m7!3m6!1s0x31d9abcfd01c3bbf:0xb90bf1425db13a14!8m2!3d0.6198264!4d104.2854598!16s%2Fg%2F11j50m337w!19sChIJvzsc0M-r2TERFDqxXULxC7k?authuser=0&hl=en&rclk=1,2.0,F&B,Indonesia.Batam.Kuliner.202406162232.db,places,null_required_column
8668,RM NEW SAMUDERA (Restaurant),0.0,0,0,,,"W45F+R7F, Jl. Trans Barelang, Rempang Cate, Galang, Kota Batam, Kepulauan Riau 29482",[object Object],0811-698-954,0.9095606,104.1231611,https://www.google.com/maps/place/RM+NEW+SAMUDERA/data=!4m7!3m6!1s0x31d9995d41c34363:0x8bce40f864129c61!8m2!3d0.9095606!4d104.1231611!16s%2Fg%2F11lfh8g69b!19sChIJY0PDQV2Z2TERYZwSZPhAzos?authuser=0&hl=en&rclk=1,5.0,F&B,Indonesia.Batam.Kuliner.202406162232.db,places,null_required_column
8671,Kabil (Coffee shop),0.0,0,0,,,"V4MV+9W8, Jl. Trans Barelang, Rempang Cate, Galang, Kota Batam, Kepulauan Riau 29482","[{""day"": ""Wednesday"", ""hours"": ""07:40 - 22:00""}, {""day"": ""Thursday"", ""hours"": ""07:40 - 22:00""}, {""day"": ""Friday"", ""hours"": ""07:40 - 22:00""}, {""day"": ""Saturday"", ""hours"": ""07:40 - 22:00""}, {""day"": ""Sunday"", ""hours"": ""07:40 - 23:00""}, {""day"": ""Monday"", ""hours"": ""07:40 - 22:00""}, {""day"": ""Tuesday"", ""hours"": ""07:40 - 22:00""}]",0822-8214-4837,0.7495082,104.1903304,https://www.google.com/maps/place/Kabil/data=!4m7!3m6!1s0x31d9a5007864d483:0x3aac1c96367b21ea!8m2!3d0.7495082!4d104.1903304!16s%2Fg%2F11vr9q45cz!19sChIJg9RkeACl2TER6iF7NpYcrDo?authuser=0&hl=en&rclk=1,2.0,F&B,Indonesia.Batam.Kuliner.202406162232.db,places,null_required_column
8672,Warung nenek upik (Grocery store),0.0,0,0,,,"P62J+2XV, Unnamed Road, Galang Baru, Galang, Kota Batam, Kepulauan Riau","[{""day"": ""Wednesday"", ""hours"": ""06:49 - 05:00""}, {""day"": ""Thursday"", ""hours"": ""06:49 - 05:00""}, {""day"": ""Friday"", ""hours"": ""06:49 - 05:00""}, {""day"": ""Saturday"", ""hours"": ""06:49 - 05:00""}, {""day"": ""Sunday"", ""hours"": ""06:49 - 05:00""}, {""day"": ""Monday"", ""hours"": ""06:49 - 05:00""}, {""day"": ""Tuesday"", ""hours"": ""06:49 - 05:00""}]",0813-6561-4080,0.6744153,104.2482174,"https://www.google.com/maps/place/Warung+nenek+upik/@0.6744153,104.2482174,17z/data=!3m1!4b1!4m6!3m5!1s0x31d9a9006ae66c2f:0x8402d990ac3a3d6!8m2!3d0.6744153!4d104.2482174!16s%2Fg%2F11vqk3mtqs?authuser=0&hl=en&entry=ttu",-1.0,F&B,Indonesia.Batam.Kuliner.202406162232.db,places,null_required_column
8674,Galang (Coffee shop),0.0,0,0,,,"M764+CR7, Galang Baru, Galang, Batam City, Riau Islands",[object Object],,0.6610442,104.2570364,https://www.google.com/maps/place/Galang/data=!4m7!3m6!1s0x31d9a9553032c145:0x360dd97c73e28920!8m2!3d0.6610442!4d104.2570364!16s%2Fg%2F11s_xwkqtc!19sChIJRcEyMFWp2TERIInic3zZDTY?authuser=0&hl=en&rclk=1,3.0,F&B,Indonesia.Batam.Kuliner.202406162232.db,places,null_required_column
8675,Warung ayam penyet (Nasi restaurant),0.0,0,0,,,"R66H+XF7, Sembulang, Galang, Batam City, Riau Islands 29481",[object Object],0878-9781-7590,0.8281606,104.1795755,https://www.google.com/maps/place/Warung+ayam+penyet/data=!4m7!3m6!1s0x31d9a3579d051c89:0x323460ddc90d53d!8m2!3d0.8281606!4d104.1795755!16s%2Fg%2F11j4qsy_6f!19sChIJiRwFnVej2TERPdWQ3A1GIwM?authuser=0&hl=en&rclk=1,3.0,F&B,Indonesia.Batam.Kuliner.202406162232.db,places,null_required_column
8676,Sambal Bakar BuKit CinTa (BuCin) Abang Ganteng (Indonesian restaurant),0.0,0,0,,,"Jl. Yos Sudarso No.1, Kp. Pelita, Kec. Lubuk Baja, Kota Batam, Kepulauan Riau 29444, Indonesia",[object Object],+62 813-6303-4899,1.1430567,104.0223231,https://www.google.com/maps/place/Sambal+Bakar+BuKit+CinTa+%28BuCin%29+Abang+Ganteng/data=!4m7!3m6!1s0x31d989b3c06fce3b:0xebb67cddbe94021f!8m2!3d1.1430567!4d104.0223231!16s%2Fg%2F11td9jzfq3!19sChIJO85vwLOJ2TERHwKUvt18tus?authuser=0&hl=en&rclk=1,2.0,F&B,Indonesia.Batam.Kuliner.202406162232.db,places,null_required_column
8687,warunng maulana (Coffee shop),0.0,0,0,,,"Sei buluh rt02/rw05, Sembulang, Galang, Kota Batam, Kepulauan Riau 29481",[object Object],0823-8802-4793,0.8430384,104.2269149,https://www.google.com/maps/place/warunng+maulana/data=!4m7!3m6!1s0x31d9a18cedeff6ef:0x6331d8ca7703c8e6!8m2!3d0.8430384!4d104.2269149!16s%2Fg%2F11mv4g8ybw!19sChIJ7_bv7Yyh2TER5sgDd8rYMWM?authuser=0&hl=en&rclk=1,-1.0,F&B,Indonesia.Batam.Kuliner.202406162232.db,places,null_required_column
8690,Warung herman (Grocery store·),0.0,0,0,,,"P62J+2XV, Unnamed Road, Galang Baru, Galang, Kota Batam, Kepulauan Riau",[object Object],0813-6561-4080,0.7001064,104.2324156,https://www.google.com/maps/place/Warung+herman/data=!4m7!3m6!1s0x31d9a8fbcac84dbf:0xb4ba29744af360db!8m2!3d0.7001064!4d104.2324156!16s%2Fg%2F11c6v35642!19sChIJv03Iyvuo2TER22DzSnQpurQ?authuser=0&hl=en&rclk=1,-1.0,F&B,Indonesia.Batam.Kuliner.202406162232.db,places,null_required_column
8691,Warung Jawa (Javanese restaurant),0.0,0,0,,,"Balerang Elektrindo Pt., Jl. Pelita VI No.99, Kp. Pelita, Kec. Lubuk Baja, Kota Batam, Kepulauan Riau 29432, Indonesia",[object Object],,1.1400186,104.0186326,https://www.google.com/maps/place/Warung+Jawa/data=!4m7!3m6!1s0x31d98967a61b5b9d:0x112d149b87a2b881!8m2!3d1.1400186!4d104.0186326!16s%2Fg%2F11j0yt6whf!19sChIJnVsbpmeJ2TERgbiih5sULRE?authuser=0&hl=en&rclk=1,5.0,F&B,Indonesia.Batam.Kuliner.202406162232.db,places,null_required_column
8692,Warung Tuak Simanullang (Coffee shop),0.0,0,0,,,"V4WM+WM2, Warung Tuak sebelum simpang jl cino Ulubuton, Jl. Trans Barelang, Rempang Cate, Galang",[object Object],0822-7935-2342,0.8972669,104.1341556,https://www.google.com/maps/place/Warung+Tuak+Simanullang/data=!4m7!3m6!1s0x31d999aecb6bb521:0x32d28a730135e45c!8m2!3d0.8972669!4d104.1341556!16s%2Fg%2F11krcdcck8!19sChIJIbVry66Z2TERXOQ1AXOK0jI?authuser=0&hl=en&rclk=1,-1.0,F&B,Indonesia.Batam.Kuliner.202406162232.db,places,null_required_column
8693,Dapur enam (Soup kitchen),0.0,0,0,,,"R755+RF, Sijantung, Kota Batam, Kepulauan Riau",[object Object],,0.8096035,104.2587147,https://www.google.com/maps/place/Dapur+enam/data=!4m7!3m6!1s0x31d9a131da488831:0xd5d9bafac11d7dae!8m2!3d0.8096035!4d104.2587147!16s%2Fg%2F11tbwwytg2!19sChIJMYhI2jGh2TERrn0dwfq62dU?authuser=0&hl=en&rclk=1,0.0,F&B,Indonesia.Batam.Kuliner.202406162232.db,places,null_required_column
8701,Tempat Mabar epep by Septian (Bakery),0.0,0,0,,,"J7R6+WJ9, Jl. Trans Barelang, Galang Baru, Galang, Kota Batam, Kepulauan Riau 29487",[object Object],,0.6422871,104.2616148,https://www.google.com/maps/place/Tempat+Mabar+epep+by+Septian/data=!4m7!3m6!1s0x31d9ab2a12aed45b:0xbd44cd4d41da8137!8m2!3d0.6422871!4d104.2616148!16s%2Fg%2F11l33xn81r!19sChIJW9SuEiqr2TERN4HaQU3NRL0?authuser=0&hl=en&rclk=1,0.0,F&B,Indonesia.Batam.Kuliner.202406162232.db,places,null_required_column
8705,Warung sembako  Hutahaean (Grocery store),0.0,0,0,,,"Q58R+356, Jl. Trans Barelang, Sijantung, Galang, Kota Batam, Kepulauan Riau 29485",[object Object],,0.7651609,104.1903922,https://www.google.com/maps/place/Warung+sembako+.Hutahaean/data=!4m7!3m6!1s0x31d9a50063341e53:0xd083be6997822bab!8m2!3d0.7651609!4d104.1903922!16s%2Fg%2F11vprgty5f!19sChIJUx40YwCl2TERqyuCl2m-g9A?authuser=0&hl=en&rclk=1,3.0,F&B,Indonesia.Batam.Kuliner.202406162232.db,places,null_required_column
8706,Tsurayya Kitchen (Bakery),0.0,0,0,,,"Kavling, RT.01/RW.04, Air Raja, Galang, Kota Batam, Kepulauan Riau 29432",[object Object],0819-9088-0770,0.9684532,104.1611302,https://www.google.com/maps/place/Tsurayya+Kitchen/data=!4m7!3m6!1s0x31d99bef8855cc05:0xf741d7108ef95a30!8m2!3d0.9684532!4d104.1611302!16s%2Fg%2F11sz1qcwsm!19sChIJBcxViO-b2TERMFr5jhDXQfc?authuser=0&hl=en&rclk=1,5.0,F&B,Indonesia.Batam.Kuliner.202406162232.db,places,null_required_column
8709,Warung Mangkok (Restaurant),0.0,0,0,,,"Jl. Pelita VI, Kp. Pelita, Kec. Lubuk Baja, Kota Batam, Kepulauan Riau 29444, Indonesia",[object Object],+62 851-5529-9352,1.1404778,104.0206304,https://www.google.com/maps/place/Warung+Mangkok/data=!4m7!3m6!1s0x31d98950c0eb7143:0xd9d57d2fdf92ee43!8m2!3d1.1404778!4d104.0206304!16s%2Fg%2F11swc6ns2t!19sChIJQ3HrwFCJ2TERQ-6S3y991dk?authuser=0&hl=en&rclk=1,2.0,F&B,Indonesia.Batam.Kuliner.202406162232.db,places,null_required_column
8716,Angkringan mutiara (Coffee shop),0.0,0,0,,,"Pantai melayu, Galang, Batam City, Riau Islands 29482","[{""day"": ""Wednesday"", ""hours"": ""09:00 - 17:00""}, {""day"": ""Thursday"", ""hours"": ""09:00 - 17:00""}, {""day"": ""Friday"", ""hours"": ""09:00 - 17:00""}, {""day"": ""Saturday"", ""hours"": ""09:00 - 17:00""}, {""day"": ""Sunday"", ""hours"": ""09:00 - 17:00""}, {""day"": ""Monday"", ""hours"": ""09:00 - 17:00""}, {""day"": ""Tuesday"", ""hours"": ""09:00 - 17:00""}]",,0.8548267,104.1472838,https://www.google.com/maps/place/Angkringan+mutiara/data=!4m7!3m6!1s0x31d9a33ead2a6e39:0x126266b260829712!8m2!3d0.8548267!4d104.1472838!16s%2Fg%2F11sdn1b_h_!19sChIJOW4qrT6j2TEREpeCYLJmYhI?authuser=0&hl=en&rclk=1,2.0,F&B,Indonesia.Batam.Kuliner.202406162232.db,places,null_required_column
8723,Warong simpang tiga roza (Restaurant),0.0,0,0,,,"R7X6+HGF, Sembulang, Simpang Tiga, Batam City, Riau Islands 29481",[object Object],0812-7767-1537,0.8489462,104.2612886,https://www.google.com/maps/place/Warong+simpang+tiga+roza/data=!4m7!3m6!1s0x31d9a159a590d0c9:0xb8ccc4353dfc01!8m2!3d0.8489462!4d104.2612886!16s%2Fg%2F11llrjq91s!19sChIJydCQpVmh2TERAfw9NcTMuAA?authuser=0&hl=en&rclk=1,-1.0,F&B,Indonesia.Batam.Kuliner.202406162232.db,places,null_required_column
8726,Warung dol minah (Grocery store),0.0,0,0,,,"R66H+R7V, Sembulang, Galang, Batam City, Riau Islands 29481",[object Object],,0.8118437,104.2275844,"https://www.google.com/maps/place/Warung+dol+minah/@0.8118437,104.2275844,17z/data=!3m1!4b1!4m6!3m5!1s0x31d9a10071902793:0x6dde82b1dcff7ac7!8m2!3d0.8118437!4d104.2275844!16s%2Fg%2F11w3cm2cbp?authuser=0&hl=en&entry=ttu",3.0,F&B,Indonesia.Batam.Kuliner.202406162232.db,places,null_required_column
8736,RM Gaek (Padang restaurant),0.0,0,0,,,"Jln.Teuku umar Los PemKo no.lubuk baja, Jl. Pelita IV No.11, Kp. Pelita, Kec. Lubuk Baja, Kota Batam, Kepulauan Riau 29444, Indonesia",[object Object],+62 822-8338-3457,1.1431585,104.0174606,https://www.google.com/maps/place/RM.Gaek/data=!4m7!3m6!1s0x31d989835e0dc481:0xc51100fa6bc2809c!8m2!3d1.1431585!4d104.0174606!16s%2Fg%2F11bw7d7swy!19sChIJgcQNXoOJ2TERnIDCa_oAEcU?authuser=0&hl=en&rclk=1,5.0,F&B,Indonesia.Batam.Kuliner.202406162232.db,places,null_required_column
8739,Kerupuk ikan ibu yunis (Dried seafood store),0.0,0,0,,,"Pulau, Air Raja, Kota Batam, Kepulauan Riau",[object Object],0877-5452-7981,0.9711253,104.1533072,https://www.google.com/maps/place/Kerupuk+ikan+ibu+yunis/data=!4m7!3m6!1s0x31d99bfd93190017:0xe7b83098766c1796!8m2!3d0.9711253!4d104.1533072!16s%2Fg%2F11t46tkszr!19sChIJFwAZk_2b2TERlhdsdpgwuOc?authuser=0&hl=en&rclk=1,2.0,F&B,Indonesia.Batam.Kuliner.202406162232.db,places,null_required_column
8748,Warung Jagung Bakar (Popcorn store),0.0,0,0,,,"X32G+3MX, Jl. Trans Barelang, Pulau Setokok, Kec. Bulang, Kota Batam, Kepulauan Riau","[{""day"": ""Wednesday"", ""hours"": ""10:00 - 22:00""}, {""day"": ""Thursday"", ""hours"": ""10:00 - 22:00""}, {""day"": ""Friday"", ""hours"": ""10:00 - 22:00""}, {""day"": ""Saturday"", ""hours"": ""10:00 - 22:00""}, {""day"": ""Sunday"", ""hours"": ""10:00 - 22:00""}, {""day"": ""Monday"", ""hours"": ""10:00 - 22:00""}, {""day"": ""Tuesday"", ""hours"": ""10:00 - 22:00""}]",,0.9502415,104.0767375,https://www.google.com/maps/place/Warung+Jagung+Bakar/data=!4m7!3m6!1s0x31d9912e5fe91e4f:0x222eebd231c3f97!8m2!3d0.9502415!4d104.0767375!16s%2Fg%2F11h_vtfjrw!19sChIJTx7pXy6R2TERlz8cI73uIgI?authuser=0&hl=en&rclk=1,0.0,F&B,Indonesia.Batam.Kuliner.202406162232.db,places,null_required_column
8754,Pempek 367 (Stand bar),0.0,0,0,,,"42R9+2PF, Jl. Pelita VI, Kp. Pelita, Kec. Lubuk Baja, Kota Batam, Kepulauan Riau 29444, Indonesia",[object Object],+62 812-6144-5184,1.1400506,104.0193089,"https://www.google.com/maps/place/Pempek+367/@1.1400506,104.0193089,17z/data=!3m1!4b1!4m6!3m5!1s0x31d9894630c15c53:0x438d9920ba739ccd!8m2!3d1.1400506!4d104.0193089!16s%2Fg%2F11gr63cjx7?authuser=0&hl=en&entry=ttu",0.0,F&B,Indonesia.Batam.Kuliner.202406162232.db,places,null_required_column
8755,Kelong Almira Resort,4.4,163,0,,,"Q5HH+49R, Sijantung, Galang, Batam City, Riau Islands 29481",[object Object],,0.7778551,104.1784043,https://www.google.com/maps/place/Kelong+Almira+Resort/data=!4m10!3m9!1s0x31d9a554e3220ae9:0x3c28549504c6f6d2!5m2!4m1!1i2!8m2!3d0.7778551!4d104.1784043!16s%2Fg%2F11g4hpz7d3!19sChIJ6Qoi41Sl2TER0vbGBJVUKDw?authuser=0&hl=en&rclk=1,0.0,F&B,Indonesia.Batam.Kuliner.202406162232.db,places,null_required_column
8757,Kandang ayam telur (Grocery store),0.0,0,0,,,"V4PX+6G3, Ulu buton, Rempang Cate, Galang, Kota Batam, Kepulauan Riau",[object Object],,0.8855135,104.148788,https://www.google.com/maps/place/Kandang+ayam+telur/data=!4m7!3m6!1s0x31d9990042554ff1:0x7e50d8574d26280b!8m2!3d0.8855135!4d104.148788!16s%2Fg%2F11vz5l2k85!19sChIJ8U9VQgCZ2TERCygmTVfYUH4?authuser=0&hl=en&rclk=1,2.0,F&B,Indonesia.Batam.Kuliner.202406162232.db,places,null_required_column
8761,RM Batak Maharani Nainggolan (Restaurant),0.0,0,0,,,"Jl. Trans Barelang, Sembulang, Galang, Kota Batam, Kepulauan Riau 29431",[object Object],0823-8548-6998,0.8512303,104.1639556,https://www.google.com/maps/place/RM+Batak+Maharani+Nainggolan/data=!4m7!3m6!1s0x31d9a3bde629ad55:0x3c7545304b799b7d!8m2!3d0.8512303!4d104.1639556!16s%2Fg%2F11t9_84q3s!19sChIJVa0p5r2j2TERfZt5SzBFdTw?authuser=0&hl=en&rclk=1,0.0,F&B,Indonesia.Batam.Kuliner.202406162232.db,places,null_required_column
8762,Warung Mie aceh (Coffee shop),0.0,0,0,,,"Q6V4+VVM, Sijantung, Galang, Batam City, Riau Islands",[object Object],,0.7947226,104.2071818,https://www.google.com/maps/place/Warung+Mie+aceh/data=!4m7!3m6!1s0x31d9a74dd07f16c5:0xf0e1d935312ecf65!8m2!3d0.7947226!4d104.2071818!16s%2Fg%2F11l24g2mzc!19sChIJxRZ_0E2n2TERZc8uMTXZ4fA?authuser=0&hl=en&rclk=1,5.0,F&B,Indonesia.Batam.Kuliner.202406162232.db,places,null_required_column
8763,Warung Jogja (Restaurant),0.0,0,0,,,"R5QG+JV4, Sembulang, Galang, Batam City, Riau Islands",[object Object],,0.8390047,104.1772174,https://www.google.com/maps/place/Warung+Jogja/data=!4m7!3m6!1s0x31d9a3ccf494c0cd:0xb3b62881417bc3c9!8m2!3d0.8390047!4d104.1772174!16s%2Fg%2F11rwncsqqh!19sChIJzcCU9Myj2TERycN7QYEotrM?authuser=0&hl=en&rclk=1,2.0,F&B,Indonesia.Batam.Kuliner.202406162232.db,places,null_required_column
8764,Soto Ayam Dan Gorengan  Bang Toyib  (Restaurant),0.0,0,0,,,"W3VJ+23G, Jl. Trans Barelang, Pulau Setokok, Kec. Bulang, Kota Batam, Kepulauan Riau 29475",[object Object],,0.9425738,104.0802168,https://www.google.com/maps/place/Soto+Ayam+Dan+Gorengan+%22Bang+Toyib%22/data=!4m7!3m6!1s0x31d99746317845ff:0xcfbbf1ff22b12821!8m2!3d0.9425738!4d104.0802168!16s%2Fg%2F11r_vnvzl0!19sChIJ_0V4MUaX2TERISixIv_xu88?authuser=0&hl=en&rclk=1,2.0,F&B,Indonesia.Batam.Kuliner.202406162232.db,places,null_required_column
8766,SBS Resort,4.1,338,0,,,"Sembulang, Galang, Batam City, Riau Islands 29481",[object Object],0812-7059-879,0.7857741,104.1699829,"https://www.google.com/maps/place/SBS+Resort/@0.7857741,104.1699829,17z/data=!3m1!4b1!4m9!3m8!1s0x31d9a41545c9e685:0x7c7d718a6a1a764c!5m2!4m1!1i2!8m2!3d0.7857741!4d104.1699829!16s%2Fg%2F11cjh_q30n?authuser=0&hl=en&entry=ttu",0.0,F&B,Indonesia.Batam.Kuliner.202406162232.db,places,null_required_column
8767,Tower (Coffee shop),0.0,0,0,,,"V5M5+6G8, Rempang Cate, Galang, Batam City, Riau Islands",[object Object],,0.8830331,104.1588275,https://www.google.com/maps/place/Tower/data=!4m7!3m6!1s0x31d9999aa34d9613:0xb101354de507836d!8m2!3d0.8830331!4d104.1588275!16s%2Fg%2F11v0y49q_b!19sChIJE5ZNo5qZ2TERbYMH5U01AbE?authuser=0&hl=en&rclk=1,2.0,F&B,Indonesia.Batam.Kuliner.202406162232.db,places,null_required_column
8769,Rangga (Coffee shop),0.0,0,0,,,"Q6V4+PQ, Sijantung, Galang, Batam City, Riau Islands",[object Object],,0.7950972,104.2069537,https://www.google.com/maps/place/Rangga/data=!4m7!3m6!1s0x31d9a7f68897ad87:0xbb4312053ec5279e!8m2!3d0.7950972!4d104.2069537!16s%2Fg%2F11v44w6mdf!19sChIJh62XiPan2TERnifFPgUSQ7s?authuser=0&hl=en&rclk=1,0.0,F&B,Indonesia.Batam.Kuliner.202406162232.db,places,null_required_column
8770,KRIWIL POTATO (Restaurant),0.0,0,0,,,"Jl. Pelita IV No.15, Kp. Pelita, Kec. Lubuk Baja, Kota Batam, Kepulauan Riau 29444, Indonesia",[object Object],+62 899-6436-929,1.1410176,104.0196928,https://www.google.com/maps/place/KRIWIL+POTATO/data=!4m7!3m6!1s0x31d9892ff3484b09:0x6d5ef95454d3c640!8m2!3d1.1410176!4d104.0196928!16s%2Fg%2F11h7z89yxh!19sChIJCUtI8y-J2TERQMbTVFT5Xm0?authuser=0&hl=en&rclk=1,5.0,F&B,Indonesia.Batam.Kuliner.202406162232.db,places,null_required_column
8777,Alawiyah snack (Food manufacturer),0.0,0,0,,,,[object Object],0878-7125-0985,1.1175794,104.0606994,"https://www.google.com/maps/place/Alawiyah+snack/@1.1175794,104.0606994,13z/data=!3m1!4b1!4m6!3m5!1s0x41d352e91d4f1c65:0x88af99bb93a29d69!8m2!3d1.1175794!4d104.0606994!16s%2Fg%2F11s7_nrm0k?authuser=0&hl=en&entry=ttu",-1.0,F&B,Indonesia.Batam.Kuliner.202406162232.db,places,null_required_column
8779,A3 Snack (Catering food and drink supplier),0.0,0,0,,,,[object Object],0813-6419-5510,1.0239934,103.946548,https://www.google.com/maps/place/A3+Snack/data=!4m7!3m6!1s0x65bc33f488279d99:0x900b907a531d331f!8m2!3d1.0239934!4d103.946548!16s%2Fg%2F11kq9k0r6x!19sChIJmZ0niPQzvGURHzMdU3qQC5A?authuser=0&hl=en&rclk=1,2.0,F&B,Indonesia.Batam.Kuliner.202406162232.db,places,null_required_column
8791,Jual minuman serba 5 ribu (Dairy store),0.0,0,0,,,,"[{""day"": ""Wednesday"", ""hours"": ""09:00 - 18:00""}, {""day"": ""Thursday"", ""hours"": ""09:00 - 18:00""}, {""day"": ""Friday"", ""hours"": ""09:00 - 18:00""}, {""day"": ""Saturday"", ""hours"": ""09:00 - 18:00""}, {""day"": ""Sunday"", ""hours"": ""09:00 - 18:00""}, {""day"": ""Monday"", ""hours"": ""09:00 - 18:00""}, {""day"": ""Tuesday"", ""hours"": ""09:00 - 18:00""}]",0822-8414-5760,0.837166,104.053115,https://www.google.com/maps/place/Jual+minuman+serba+5+ribu/data=!4m7!3m6!1s0xacbdb99f150473ef:0xef06b9a797451906!8m2!3d0.837166!4d104.053115!16s%2Fg%2F11v9z27khj!19sChIJ73MEFZ-5vawRBhlFl6e5Bu8?authuser=0&hl=en&rclk=1,2.0,F&B,Indonesia.Batam.Kuliner.202406162232.db,places,null_required_column
8797,Jala_Hati (Deli),0.0,0,0,,,,[object Object],0821-7212-7676,0.917062,104.4845973,https://www.google.com/maps/place/Jala_Hati/data=!4m7!3m6!1s0x5c5aedef72095ff:0x25bd1e6c3cd94e49!8m2!3d0.917062!4d104.4845973!16s%2Fg%2F11y42y72kb!19sChIJ_5Ug996uxQURSU7ZPGwevSU?authuser=0&hl=en&rclk=1,2.0,F&B,Indonesia.Batam.Kuliner.202406162232.db,places,null_required_column
8801,Kue ibu ijah (Staple food package),0.0,0,0,,,,[object Object],0813-7270-0836,0.837166,104.053115,https://www.google.com/maps/place/Kue+ibu+ijah/data=!4m7!3m6!1s0xdb5019f9b1beeaf:0x68db2c2ea89c5fa9!8m2!3d0.837166!4d104.053115!16s%2Fg%2F11vhrt8f62!19sChIJr-4bm58BtQ0RqV-cqC4s22g?authuser=0&hl=en&rclk=1,-1.0,F&B,Indonesia.Batam.Kuliner.202406162232.db,places,null_required_column
8802,Warung serba ada (Grocery store),0.0,0,0,,,"M6HW+G3G, Jl. Trans Barelang, Galang Baru, Galang, Kota Batam, Kepulauan Riau 29486",[object Object],,0.678823,104.245208,https://www.google.com/maps/place/Warung+serba+ada/data=!4m7!3m6!1s0x31d9a91d0524fed7:0x24961636ac1a5eb8!8m2!3d0.678823!4d104.245208!16s%2Fg%2F11r1d7vc9x!19sChIJ1_4kBR2p2TERuF4arDYWliQ?authuser=0&hl=en&rclk=1,-1.0,F&B,Indonesia.Batam.Kuliner.202406162232.db,places,null_required_column
8832,Seafood Cab 988 (Seafood restaurant),0.0,0,0,,,"426R+9HF, Jl. Golden Land, Taman Baloi, Kec. Batam Kota, Kota Batam, Kepulauan Riau 29444",[object Object],,1.11094,104.0414197,https://www.google.com/maps/place/Seafood+Cab+988/data=!4m7!3m6!1s0x31d9893aa8dd9b3d:0xc73ca6f95ab37af2!8m2!3d1.11094!4d104.0414197!16s%2Fg%2F11kdvlk5l_!19sChIJPZvdqDqJ2TER8nqzWvmmPMc?authuser=0&hl=en&rclk=1,2.0,F&B,Indonesia.Batam.Kuliner.202406162232.db,places,null_required_column
8834,AndiSakka (Restaurant),0.0,0,0,,,"426W+XMJ Warung lamongan damkar, Baloi Permai, Kec. Batam Kota, Kota Batam, Kepulauan Riau 29444",[object Object],,1.1124724,104.0466305,https://www.google.com/maps/place/AndiSakka/data=!4m7!3m6!1s0x31d98901d735e58d:0xcf2619f57a85f9a2!8m2!3d1.1124724!4d104.0466305!16s%2Fg%2F11fnv_4gcd!19sChIJjeU11wGJ2TERovmFevUZJs8?authuser=0&hl=en&rclk=1,5.0,F&B,Indonesia.Batam.Kuliner.202406162232.db,places,null_required_column
8846,Rumah Makan Misso Azzahra (Restaurant),0.0,0,0,,,"42MC+56H, Kampung Pelita, Lubuk Baja, Batam City, Riau Islands 29444, Indonesia",[object Object],,1.1395593,104.0195874,https://www.google.com/maps/place/Rumah+Makan+Misso+Azzahra/data=!4m7!3m6!1s0x31d9899d46052f59:0x4067c8deb6b13f37!8m2!3d1.1395593!4d104.0195874!16s%2Fg%2F11j30ytxs5!19sChIJWS8FRp2J2TERNz-xtt7IZ0A?authuser=0&hl=en&rclk=1,-1.0,F&B,Indonesia.Batam.Kuliner.202406162232.db,places,null_required_column
8851,WARUNG BATAK (Restaurant),0.0,0,0,,,"Pujasera Golden Land, Taman Baloi, Kec. Batam Kota, Kota Batam, Kepulauan Riau 29444","[{""day"": ""Wednesday"", ""hours"": ""07:30 - 15:00""}, {""day"": ""Thursday"", ""hours"": ""07:30 - 15:00""}, {""day"": ""Friday"", ""hours"": ""07:30 - 15:00""}, {""day"": ""Saturday"", ""hours"": ""07:30 - 15:00""}, {""day"": ""Sunday"", ""hours"": ""07:30 - 15:00""}, {""day"": ""Monday"", ""hours"": ""07:30 - 15:00""}, {""day"": ""Tuesday"", ""hours"": ""07:30 - 15:00""}]",0898-4082-951,1.1103748,104.0412244,https://www.google.com/maps/place/WARUNG+BATAK/data=!4m7!3m6!1s0x31d989fee68c1a75:0xb25b7c56e9f73584!8m2!3d1.1103748!4d104.0412244!16s%2Fg%2F11rr4w164y!19sChIJdRqM5v6J2TERhDX36VZ8W7I?authuser=0&hl=en&rclk=1,2.0,F&B,Indonesia.Batam.Kuliner.202406162232.db,places,null_required_column
8886,Rasa Manna (Indonesian restaurant),0.0,0,0,,,"427P+7X8, Jl. Pd. Indah, Taman Baloi, Kec. Batam Kota, Kota Batam, Kepulauan Riau 29444",[object Object],0895-1019-4123,1.1131633,104.0374545,https://www.google.com/maps/place/Rasa+Manna/data=!4m7!3m6!1s0x31d9898da33a528b:0x82c29d6d276082de!8m2!3d1.1131633!4d104.0374545!16s%2Fg%2F11jvjm64m_!19sChIJi1I6o42J2TER3oJgJ22dwoI?authuser=0&hl=en&rclk=1,0.0,F&B,Indonesia.Batam.Kuliner.202406162232.db,places,null_required_column
8896,SARAPAN PAGI TETEH (Restaurant),0.0,0,0,,,"Jl. Pelita VI No.38, Kp. Pelita, Kec. Lubuk Baja, Kota Batam, Kepulauan Riau 29444, Indonesia",[object Object],,1.1402702,104.0196237,https://www.google.com/maps/place/SARAPAN+PAGI+TETEH/data=!4m7!3m6!1s0x31d9899d3a10a073:0x29a46346fcd71873!8m2!3d1.1402702!4d104.0196237!16s%2Fg%2F11vw_wtyt8!19sChIJc6AQOp2J2TERcxjX_EZjpCk?authuser=0&hl=en&rclk=1,-1.0,F&B,Indonesia.Batam.Kuliner.202406162232.db,places,null_required_column
8904,Seoul Garden (Restaurant),0.0,0,0,,,"Blk. A No.3 - 4, Sungai Langkai, Kec. Sagulung, Kota Batam, Kepulauan Riau 29425",[object Object],,1.0455153,103.9606338,https://www.google.com/maps/place/Seoul+Garden/data=!4m7!3m6!1s0x31d98d7556550d3d:0x2aeda695ebd9078!8m2!3d1.0455153!4d103.9606338!16s%2Fg%2F11h0vtkxx3!19sChIJPQ1VVnWN2TEReJC9XmnargI?authuser=0&hl=en&rclk=1,2.0,F&B,Indonesia.Batam.Kuliner.202406162232.db,places,null_required_column
8926,Dapur Dadakan Mbak Sari (Indonesian restaurant),0.0,0,0,,,"Perum Golden Land, Blk. C No.16, Taman Baloi, Center, Kota Batam, Kepulauan Riau 29444",[object Object],0812-6761-5794,1.1102027,104.0395887,https://www.google.com/maps/place/Dapur+Dadakan+Mbak+Sari/data=!4m7!3m6!1s0x31d9890067f78db7:0xf701b83b17c80717!8m2!3d1.1102027!4d104.0395887!16s%2Fg%2F11vy1bsl4g!19sChIJt433ZwCJ2TERFwfIFzu4Afc?authuser=0&hl=en&rclk=1,2.0,F&B,Indonesia.Batam.Kuliner.202406162232.db,places,null_required_column
8927,Golden land blok A no 19 (Ayam penyet restaurant),0.0,0,0,,,"Jl. Golden Land No.19, Taman Baloi, Kec. Batam Kota, Kota Batam, Kepulauan Riau 29444",[object Object],,1.1102085,104.039784,https://www.google.com/maps/place/Golden+land+blok+A+no+19/data=!4m7!3m6!1s0x31d9896f845dca69:0x7952ee2e902f421b!8m2!3d1.1102085!4d104.039784!16s%2Fg%2F11vjphmmzp!19sChIJacpdhG-J2TERG0IvkC7uUnk?authuser=0&hl=en&rclk=1,-1.0,F&B,Indonesia.Batam.Kuliner.202406162232.db,places,null_required_column
8934,Kedai Kopi Kara Indah (Permanently closed),0.0,0,0,,,"Jl. Punggowo No.2, Baloi Permai, Kec. Batam Kota, Kota Batam, Kepulauan Riau 29444",[object Object],,1.1105505,104.0441848,https://www.google.com/maps/place/Kedai+Kopi+Kara+Indah/data=!4m7!3m6!1s0x31d9890f13aac3fb:0xfa98b7c1f4f038df!8m2!3d1.1105505!4d104.0441848!16s%2Fg%2F11tcw1g6wt!19sChIJ-8OqEw-J2TER3zjw9MG3mPo?authuser=0&hl=en&rclk=1,0.0,F&B,Indonesia.Batam.Kuliner.202406162232.db,places,null_required_column
8935,Rumah Makan Uda (Padang restaurant),0.0,0,0,,,"Jl. Centre Park blok G no 1, Taman Baloi, Batam Kota, Batam City, Riau Islands 29444","[{""day"": ""Wednesday"", ""hours"": ""10:00 - 19:00""}, {""day"": ""Thursday"", ""hours"": ""10:00 - 19:00""}, {""day"": ""Friday"", ""hours"": ""10:00 - 19:00""}, {""day"": ""Saturday"", ""hours"": ""10:00 - 19:00""}, {""day"": ""Sunday"", ""hours"": ""10:00 - 19:00""}, {""day"": ""Monday"", ""hours"": ""10:00 - 19:00""}, {""day"": ""Tuesday"", ""hours"": ""10:00 - 19:00""}]",0812-7501-3598,1.112705,104.0402324,https://www.google.com/maps/place/Rumah+Makan+Uda/data=!4m7!3m6!1s0x31d9893a1b6050bf:0xf0c3c6b6add79741!8m2!3d1.112705!4d104.0402324!16s%2Fg%2F11v17ntb5w!19sChIJv1BgGzqJ2TERQZfXrbbGw_A?authuser=0&hl=en&rclk=1,2.0,F&B,Indonesia.Batam.Kuliner.202406162232.db,places,null_required_column
8936,pecel lele cabe ijo (Pecel lele restaurant),0.0,0,0,,,"426R+MFJ, Taman Baloi, Batam Kota, Batam City, Riau Islands 29444",[object Object],,1.1117064,104.0411455,https://www.google.com/maps/place/pecel+lele+cabe+ijo/data=!4m7!3m6!1s0x31d989831ba5b3cd:0xcea7ef0ea1d3d990!8m2!3d1.1117064!4d104.0411455!16s%2Fg%2F11fqw3x6w6!19sChIJzbOlG4OJ2TERkNnToQ7vp84?authuser=0&hl=en&rclk=1,0.0,F&B,Indonesia.Batam.Kuliner.202406162232.db,places,null_required_column
8940,Resto Oma Upik (Diner),0.0,0,0,,,"Jl. Palem Raja Jl. Bukit Indah Raya No.06, Sukajadi, Kec. Batam Kota, Kota Batam, Kepulauan Riau 29432, Indonesia",[object Object],,1.1086114,104.0269193,https://www.google.com/maps/place/Resto+Oma+Upik/data=!4m7!3m6!1s0x31d989c2344f00d7:0x3241e4c79fd666cb!8m2!3d1.1086114!4d104.0269193!16s%2Fg%2F11l2dvcc84!19sChIJ1wBPNMKJ2TERy2bWn8fkQTI?authuser=0&hl=en&rclk=1,-1.0,F&B,Indonesia.Batam.Kuliner.202406162232.db,places,null_required_column
8944,BUKIT MAS INDAH (Restaurant),0.0,0,0,,,"Sukajadi, Batam Kota, Batam City, Riau Islands, Indonesia",[object Object],,1.1142801,104.0222752,https://www.google.com/maps/place/BUKIT+MAS+INDAH/data=!4m7!3m6!1s0x31d989445d80908f:0x91e3374d09963aa9!8m2!3d1.1142801!4d104.0222752!16s%2Fg%2F11y1f4snb4!19sChIJj5CAXUSJ2TERqTqWCU0345E?authuser=0&hl=en&rclk=1,2.0,F&B,Indonesia.Batam.Kuliner.202406162232.db,places,null_required_column
8999,Q~TA Kuliner (Restaurant),0.0,0,0,,,"Villa Muka Kuning E4/18 RT06 RW10, Tembesi, Kec. Sagulung, Kota Batam, Kepulauan Riau 29424, Indonesia",[object Object],+62 812-7750-1770,1.0359686,103.9923488,https://www.google.com/maps/place/Q~TA+Kuliner/data=!4m7!3m6!1s0x31d98d19a412caa1:0xb5ed26dd7e5a90d4!8m2!3d1.0359686!4d103.9923488!16s%2Fg%2F11qnddzvr6!19sChIJocoSpBmN2TER1JBaft0m7bU?authuser=0&hl=en&rclk=1,0.0,F&B,Indonesia.Batam.Kuliner.202406162232.db,places,null_required_column
9003,OKE BOS KULINER (Fast food restaurant),0.0,0,0,,,"MUSHOLLA AL IKHLAS.RUMAH RT01/RW04 BLOK A NO 10, Tj. Uma, Kec. Lubuk Baja, Kota Batam, Kepulauan Riau 29432, Indonesia",[object Object],+62 815-3416-9751,1.1453474,104.0007891,"https://www.google.com/maps/place/OKE+BOS+KULINER/@1.1453474,104.0007891,17z/data=!3m1!4b1!4m6!3m5!1s0x31d98bf6b77b789f:0x769ce4808d8d230d!8m2!3d1.1453474!4d104.0007891!16s%2Fg%2F11szc0j_dm?authuser=0&hl=en&entry=ttu&g_ep=EgoyMDI0MDgyOC4wIKXMDSoASAFQAw%3D%3D",2.0,F&B,Indonesia.Batam.Kuliner.202406162232.db,places,null_required_column
9009,Pusat Kuliner Restaurant Apung Plan (Restaurant),0.0,0,0,,,"44XJ+GWP, Batu Besar, Nongsa, Batam City, Riau Islands 29466, Indonesia",[object Object],+62 812-7588-3567,1.1488405,104.1323147,"https://www.google.com/maps/place/Pusat+Kuliner+Restaurant+Apung+Plan/@1.1488405,104.1323147,17z/data=!3m1!4b1!4m6!3m5!1s0x31d989c29f9384d7:0x87866b0035b7e9ec!8m2!3d1.1488405!4d104.1323147!16s%2Fg%2F11fm748khm?authuser=0&hl=en&entry=ttu&g_ep=EgoyMDI0MDgyOC4wIKXMDSoASAFQAw%3D%3D",2.0,F&B,Indonesia.Batam.Kuliner.202406162232.db,places,null_required_column
9011,Tahu Tek  Rujak Cingur  Tahu Campur Surabaya Budhe Liz (Indonesian restaurant),0.0,0,0,,,"The Factory Cafe, Pusat Kuliner Mega Legenda Batam Center, Baloi Permai, Batam Kota, Batam City, Riau Islands 29431, Indonesia",[object Object],+62 858-3753-1337,1.0999304,104.0586592,"https://www.google.com/maps/place/Tahu+Tek,+Rujak+Cingur,+Tahu+Campur+Surabaya+Budhe+Liz/data=!4m7!3m6!1s0x31d98f7ae5abf8bb:0x4394d1a2cd4d7fd6!8m2!3d1.0999304!4d104.0586592!16s%2Fg%2F11vlmsr5_l!19sChIJu_ir5XqP2TER1n9NzaLRlEM?authuser=0&hl=en&rclk=1",5.0,F&B,Indonesia.Batam.Kuliner.202406162232.db,places,null_required_column
9014,Kuliner LOK LOK BAKAR (Snack bar),0.0,0,0,,,"Jl. Bengkong Kolam, Sadai, Kec. Bengkong, Kota Batam, Kepulauan Riau, Indonesia",[object Object],,1.1424565,104.0382559,https://www.google.com/maps/place/Kuliner+LOK+LOK+BAKAR/data=!4m7!3m6!1s0x31d9890046afd387:0xb8b0ecebd801d7c3!8m2!3d1.1424565!4d104.0382559!16s%2Fg%2F11vsctwtdl!19sChIJh9OvRgCJ2TERw9cB2OvssLg?authuser=0&hl=en&rclk=1,2.0,F&B,Indonesia.Batam.Kuliner.202406162232.db,places,null_required_column
9024,AYAM BAKAR KITO (Chicken restaurant),0.0,0,0,,,"426R+8H2, Jl. Golden Land, Taman Baloi, Kec. Batam Kota, Kota Batam, Kepulauan Riau 29444, Indonesia",[object Object],+62 823-6110-5764,1.1107714,104.0414058,https://www.google.com/maps/place/AYAM+BAKAR+KITO/data=!4m7!3m6!1s0x31d98921bf7cbcb9:0xb457fcf9b0e0bedc!8m2!3d1.1107714!4d104.0414058!16s%2Fg%2F11g0zpbtt8!19sChIJubx8vyGJ2TER3L7gsPn8V7Q?authuser=0&hl=en&rclk=1,2.0,F&B,Indonesia.Batam.Kuliner.202406162232.db,places,null_required_column
9076,Melaya Nusantara (Indonesian restaurant),0.0,0,0,,,"One Batam Mall, Jl. Engku Putri Utara Ground Floor, Teluk Tering, Batam Kota, Batam City, Riau Islands 29444, Indonesia",[object Object],,1.1300839,104.0457822,https://www.google.com/maps/place/Melaya+Nusantara/data=!4m7!3m6!1s0x31d989007d46ce95:0xe8013da77506d365!8m2!3d1.1300839!4d104.0457822!16s%2Fg%2F11vsl8qk16!19sChIJlc5GfQCJ2TERZdMGdac9Aeg?authuser=0&hl=en&rclk=1,-1.0,F&B,Indonesia.Batam.Kuliner.202406162232.db,places,null_required_column
9099,Tungku Emak Btm - Greenland (Morning Bakery) (Hawker Stall),0.0,0,0,,,"Jl. Ruko Greenland Blok D1 no. 1, 6, Kota Batam, Kepulauan Riau 29461, Indonesia",[object Object],+62 877-7780-1325,1.1238207,104.048203,https://www.google.com/maps/place/Tungku+Emak+Btm+-+Greenland+%28Morning+Bakery%29/data=!4m7!3m6!1s0x31d9894372f92227:0xa379c346350b91a!8m2!3d1.1238207!4d104.048203!16s%2Fg%2F11w435f1y5!19sChIJJyL5ckOJ2TERGrlQYzScNwo?authuser=0&hl=en&rclk=1,0.0,F&B,Indonesia.Batam.Kuliner.202406162232.db,places,null_required_column
9117,BrowniesBro (Deli),0.0,0,0,,,"Perumahan Rexvin Green Park Carnation, Blk. B No.23 A, Sungai Langkai, Kec. Sagulung, Kota Batam, Kepulauan Riau 29472, Indonesia",[object Object],+62 831-7195-2121,1.0445233,103.9602837,https://www.google.com/maps/place/BrowniesBro/data=!4m7!3m6!1s0x31d98dc97af3505d:0xb0a43ea0ebf937b0!8m2!3d1.0445233!4d103.9602837!16s%2Fg%2F11w2d5rstc!19sChIJXVDzesmN2TERsDf566A-pLA?authuser=0&hl=en&rclk=1,2.0,F&B,Indonesia.Batam.Kuliner.202406162232.db,places,null_required_column
9221,mie aceh kuta raja (Noodle shop),0.0,0,0,,,"Jl. Teuku Umar No.1, Kp. Seraya, Kec. Batu Ampar, Kota Batam, Kepulauan Riau 29444, Indonesia",[object Object],,1.1489722,104.0153691,https://www.google.com/maps/place/mie+aceh+kuta+raja/data=!4m7!3m6!1s0x31d98945fbf73d6d:0x140b47f2d52126b6!8m2!3d1.1489722!4d104.0153691!16s%2Fg%2F11j0b4dysq!19sChIJbT33-0WJ2TERtiYh1fJHCxQ?authuser=0&hl=en&rclk=1,0,F&B,Indonesia.Batam.Kuliner.202406162232.db,places,null_required_column
9229,Warong Kak Aceh (Family restaurant),0.0,0,0,,,"Jln Peserai, Kampung Simpang Lima, 83000 Batu Pahat, Johor, Malaysia",[object Object],+60 11-5330 5969,1.8523213,102.8912906,https://www.google.com/maps/place/Warong+Kak+Aceh/data=!4m7!3m6!1s0x31d055173720896f:0x64a9e10b3e7c8ca2!8m2!3d1.8523213!4d102.8912906!16s%2Fg%2F11smvw8j5s!19sChIJb4kgNxdV0DERoox8PgvhqWQ?authuser=0&hl=en&rclk=1,0.0,F&B,Indonesia.Batam.Kuliner.202406162232.db,places,null_required_column
9243,Kuliner Aceh (Hong Kong style fast food restaurant),0.0,0,0,,,"Geulanggang Teungoh, Kota Juang, Bireuen Regency, Aceh 24251, Indonesia",[object Object],+62 853-7281-4141,5.2064287,96.7151801,https://www.google.com/maps/place/Kuliner+Aceh/data=!4m7!3m6!1s0x3047430b7e6375d7:0x73e17a79b7997db3!8m2!3d5.2064287!4d96.7151801!16s%2Fg%2F11fn9t3s3w!19sChIJ13VjfgtDRzARs32Zt3l64XM?authuser=0&hl=en&rclk=1,0,F&B,Indonesia.Batam.Kuliner.202406162232.db,places,null_required_column
9272,Kuliner (Cafe),0.0,0,0,,,"Julok rayeuk, Idi Rayeuk, East Aceh Regency, Aceh 24442, Indonesia",[object Object],+62 852-0711-1783,4.9331616,97.7755257,"https://www.google.com/maps/place/Kuliner/@4.9331616,97.7755257,17z/data=!3m1!4b1!4m6!3m5!1s0x303801b5f4900aef:0x72d1e467b9ffd2ce!8m2!3d4.9331616!4d97.7755257!16s%2Fg%2F11tn_1hvfc?authuser=0&hl=en&entry=ttu&g_ep=EgoyMDI0MDgyOC4wIKXMDSoASAFQAw%3D%3D",0,F&B,Indonesia.Batam.Kuliner.202406162232.db,places,null_required_column
9273,MIE BAKSO KAMPUNG (Bakso restaurant),0.0,0,0,,,"WR37+2GV, Seuneubok Punteut, Peudawa, East Aceh Regency, Aceh, Indonesia",[object Object],,4.9018486,97.8142408,https://www.google.com/maps/place/MIE+BAKSO+KAMPUNG/data=!4m7!3m6!1s0x3037f9bb6840cae3:0x5c89113e4352928f!8m2!3d4.9018486!4d97.8142408!16s%2Fg%2F11vf7nyz6c!19sChIJ48pAaLv5NzARj5JSQz4RiVw?authuser=0&hl=en&rclk=1,0,F&B,Indonesia.Batam.Kuliner.202406162232.db,places,null_required_column
9278,Warung ujung kampung (Hawker center),0.0,0,0,,,"CWX9+3Q5, Pondok Keumuning, Langsa Lama, Langsa City, Aceh 24354, Indonesia",[object Object],,4.4476478,97.9206316,https://www.google.com/maps/place/Warung+ujung+kampung/data=!4m7!3m6!1s0x3037850041ecc35b:0xb5c2c9e4fa9bdb11!8m2!3d4.4476478!4d97.9206316!16s%2Fg%2F11vxqnzj_f!19sChIJW8PsQQCFNzAREdub-uTJwrU?authuser=0&hl=en&rclk=1,0,F&B,Indonesia.Batam.Kuliner.202406162232.db,places,null_required_column
9279,Miso Kampung Nenny (Restaurant),0.0,0,0,,,"Jl. Merdeka No.2 No 10C, Gampong Kutablang, Kec. Banda Sakti, Kota Lhokseumawe, Aceh 24351, Indonesia",[object Object],+62 822-6980-0497,5.1823257,97.1366672,https://www.google.com/maps/place/Miso+Kampung+Nenny/data=!4m7!3m6!1s0x3047831c07ed2719:0xdf7e53745d65b318!8m2!3d5.1823257!4d97.1366672!16s%2Fg%2F11vzdl6lwy!19sChIJGSftBxyDRzARGLNlXXRTft8?authuser=0&hl=en&rclk=1,0,F&B,Indonesia.Batam.Kuliner.202406162232.db,places,null_required_column
9280,Himax (Restaurant),0.0,0,0,,,"XPP7+CX2, Jl. Medan B. Aceh, Kp. Keude, Kec. Darul Aman, Kabupaten Aceh Timur, Aceh 24453, Indonesia",[object Object],+62 822-7258-4360,4.9860244,97.7148845,https://www.google.com/maps/place/Himax/data=!4m7!3m6!1s0x303801a292f82a77:0xd218682298d7f3b0!8m2!3d4.9860244!4d97.7148845!16s%2Fg%2F11frs2rwb7!19sChIJdyr4kqIBODARsPPXmCJoGNI?authuser=0&hl=en&rclk=1,0,F&B,Indonesia.Batam.Kuliner.202406162232.db,places,null_required_column
9304,K5 KULINER  BAGJA  (Hawker center),0.0,0,0,,,"Jl. Tengku Sulung No.11, Belian, Kec. Batam Kota, Kota Batam, Kepulauan Riau 29465, Indonesia",[object Object],+62 877-3401-6490,1.1283202,104.1013436,https://www.google.com/maps/place/K5+KULINER+%22BAGJA%22/data=!4m7!3m6!1s0x31d987002ad7c225:0x28afaf4cd636a38a!8m2!3d1.1283202!4d104.1013436!16s%2Fg%2F11y2jv4hs_!19sChIJJcLXKgCH2TERiqM21kyvryg?authuser=0&hl=en&rclk=1,2.0,F&B,Indonesia.Batam.Kuliner.202406162232.db,places,null_required_column
9309,PiscokLumerLL (Soup kitchen),0.0,0,0,,,"Kavling Baru Blok C12 No.14B Batu aji, Kec. Sagulung, Kota Batam, Indonesia",[object Object],,1.0345047,103.9703809,https://www.google.com/maps/place/PiscokLumerLL/data=!4m7!3m6!1s0x31d98d090393501d:0xd6cb97e66b3d60b8!8m2!3d1.0345047!4d103.9703809!16s%2Fg%2F11khbb2rpr!19sChIJHVCTAwmN2TERuGA9a-aXy9Y?authuser=0&hl=en&rclk=1,2.0,F&B,Indonesia.Batam.Kuliner.202406162232.db,places,null_required_column
9317,Waroeng warsil podomoro (Juice shop),0.0,0,0,,,"Kavling Sagulung baru blok m no 40, Kota Batam, Kepulauan Riau 29464, Indonesia",[object Object],,1.0366731,103.9405284,https://www.google.com/maps/place/Waroeng+warsil+podomoro/data=!4m7!3m6!1s0x31d98d94249ac975:0x551852e4ac96d82b!8m2!3d1.0366731!4d103.9405284!16s%2Fg%2F11vx6q48d6!19sChIJdcmaJJSN2TERK9iWrORSGFU?authuser=0&hl=en&rclk=1,-1.0,F&B,Indonesia.Batam.Kuliner.202406162232.db,places,null_required_column
9318,Pesona Kuliner (Breakfast restaurant),0.0,0,0,,,"Cluster Pesona Boulevard Blok H3, Belian, Kec. Batam Kota, Kota Batam, Kepulauan Riau 29464, Indonesia",[object Object],+62 813-6479-4958,1.1207384,104.0970608,https://www.google.com/maps/place/Pesona+Kuliner/data=!4m7!3m6!1s0x31d98909b2e24b51:0xfcd338fec427a83d!8m2!3d1.1207384!4d104.0970608!16s%2Fg%2F11lct3sm2b!19sChIJUUvisgmJ2TERPagnxP440_w?authuser=0&hl=en&rclk=1,5.0,F&B,Indonesia.Batam.Kuliner.202406162232.db,places,null_required_column
9323,Warung makan dan kuliner (Snack bar),0.0,0,0,,,"Cipta Garden No.H 34, Sei Harapan, Kec. Sekupang, Kota Batam, Kepulauan Riau 29424, Indonesia",[object Object],+62 813-7259-0420,1.1287841,103.9665889,https://www.google.com/maps/place/Warung+makan+dan+kuliner/data=!4m7!3m6!1s0x31d98bfe88a38467:0x7fa98335a9acc531!8m2!3d1.1287841!4d103.9665889!16s%2Fg%2F11smzrpyvj!19sChIJZ4SjiP6L2TERMcWsqTWDqX8?authuser=0&hl=en&rclk=1,0,F&B,Indonesia.Batam.Kuliner.202406162232.db,places,null_required_column
9324,Warung Bakso Campur Roso (Deli),0.0,0,0,,,"kios masjid al muslimin, Jl. Kav. Baru No.4, Sungai Langkai, Kec. Sagulung, Kota Batam, Kepulauan Riau 29472, Indonesia",[object Object],+62 812-6661-5005,1.0368164,103.9727753,"https://www.google.com/maps/place/Warung+Bakso+Campur+Roso/@1.0368164,103.9727753,17z/data=!3m1!4b1!4m6!3m5!1s0x31d98d3c11f9acc1:0x2a231f3d1cd9f6f2!8m2!3d1.0368164!4d103.9727753!16s%2Fg%2F11vxc3lfmf?authuser=0&hl=en&entry=ttu&g_ep=EgoyMDI0MDgyOC4wIKXMDSoASAFQAw%3D%3D",-1.0,F&B,Indonesia.Batam.Kuliner.202406162232.db,places,null_required_column
9362,WARUNG MAK MEL (Diner),0.0,0,0,,,"Batu aji, Jl. Kav. Baru Unnamed Rd blok C6 no 100, Sungai Langkai, Kec. Sagulung, Kota Batam, Kepulauan Riau 29425, Indonesia",[object Object],+62 812-7552-2625,1.0346467,103.9645809,https://www.google.com/maps/place/WARUNG+MAK+MEL/data=!4m7!3m6!1s0x31d98d1f99a4228b:0xde58256172a60a50!8m2!3d1.0346467!4d103.9645809!16s%2Fg%2F11ftnlbjjy!19sChIJiyKkmR-N2TERUAqmcmElWN4?authuser=0&hl=en&rclk=1,2.0,F&B,Indonesia.Batam.Kuliner.202406162232.db,places,null_required_column
9368,Kendal Warung Bakso (Bakso restaurant),0.0,0,0,,,"JL Kavling Bukit Melati, Kavling Bukit Melati Blok F-2/36 RT. 003 RW. 05, Sungai Pelunggut, Kec. Sagulung, Kota Batam, Kepulauan Riau 29472, Indonesia",[object Object],+62 819-2258-344,1.020838,103.961664,https://www.google.com/maps/place/Kendal+Warung+Bakso/data=!4m7!3m6!1s0x31d9927d9ae4e103:0xeb930fe356144e7e!8m2!3d1.020838!4d103.961664!16s%2Fg%2F11b6df78hp!19sChIJA-Hkmn2S2TERfk4UVuMPk-s?authuser=0&hl=en&rclk=1,5.0,F&B,Indonesia.Batam.Kuliner.202406162232.db,places,null_required_column
9370,Pempek Fio (Brunch restaurant),0.0,0,0,,,"Kavling, RT001 RW12 No.4, Sambau, Kota Batam, Kepulauan Riau 29874, Indonesia",[object Object],+62 896-0421-4218,1.1712552,104.0939782,https://www.google.com/maps/place/Pempek+Fio/data=!4m7!3m6!1s0x31d989390a207651:0x45437774a44de782!8m2!3d1.1712552!4d104.0939782!16s%2Fg%2F11w8gs2z8n!19sChIJUXYgCjmJ2TERgudNpHR3Q0U?authuser=0&hl=en&rclk=1,0.0,F&B,Indonesia.Batam.Kuliner.202406162232.db,places,null_required_column
9376,Warung lesehan (Brunch restaurant),0.0,0,0,,,"Ruko Cipta Diamond, Jl. Raya Kav. Lama, Sagulung Kota, Kec. Sagulung, Kota Batam, Kepulauan Riau 29439, Indonesia",[object Object],,1.0431326,103.9536942,https://www.google.com/maps/place/Warung+lesehan/data=!4m7!3m6!1s0x31d98d004048b2a3:0xf16464ce48be39a1!8m2!3d1.0431326!4d103.9536942!16s%2Fg%2F11v_5n27wx!19sChIJo7JIQACN2TERoTm-SM5kZPE?authuser=0&hl=en&rclk=1,0,F&B,Indonesia.Batam.Kuliner.202406162232.db,places,null_required_column
9377,Rumah Makan ENAK (Diner),0.0,0,0,,,"Kavling Patam Abadi, Blok B 1, Patam Lestari, Kec. Sekupang, Kota Batam, Kepulauan Riau 29442, Indonesia",[object Object],+62 811-7711-066,1.1287372,103.9666248,"https://www.google.com/maps/place/Rumah+Makan+ENAK/@1.1287372,103.9666248,17z/data=!3m1!4b1!4m6!3m5!1s0x31d98b7d370e2155:0xe115dc1fd907f86a!8m2!3d1.1287372!4d103.9666248!16s%2Fg%2F11khzx7hrw?authuser=0&hl=en&entry=ttu&g_ep=EgoyMDI0MDgyOC4wIKXMDSoASAFQAw%3D%3D",2.0,F&B,Indonesia.Batam.Kuliner.202406162232.db,places,null_required_column
9385,Mie ayam bakso BCA (Diner),0.0,0,0,,,"Jln sakura 1 Jl. Kav. Sei Tering blok c1 no 03 melcem, Tj. Sengkuang, Kec. Batu Ampar, Kota Batam, Kepulauan Riau 29453, Indonesia",[object Object],+62 812-9150-1844,1.168992,104.0159359,https://www.google.com/maps/place/Mie+ayam+bakso+BCA/data=!4m7!3m6!1s0x31d9890b9fe74f6b:0xc00a0770cd19e0fe!8m2!3d1.168992!4d104.0159359!16s%2Fg%2F11sk1srdc3!19sChIJa0_nnwuJ2TER_uAZzXAHCsA?authuser=0&hl=en&rclk=1,0.0,F&B,Indonesia.Batam.Kuliner.202406162232.db,places,null_required_column
9389,Warung Rafasya (Brunch restaurant),0.0,0,0,,,"Jl. Raya Kav. Lama No.12, Sagulung Kota, Kec. Sagulung, Kota Batam, Kepulauan Riau 29425, Indonesia",[object Object],+62 822-2300-0678,1.0436108,103.9534741,https://www.google.com/maps/place/Warung+Rafasya/data=!4m7!3m6!1s0x31d98d7cd70f8c9f:0x4dbd6c36aed596ac!8m2!3d1.0436108!4d103.9534741!16s%2Fg%2F11lm4lgn0l!19sChIJn4wP13yN2TERrJbVrjZsvU0?authuser=0&hl=en&rclk=1,0,F&B,Indonesia.Batam.Kuliner.202406162232.db,places,null_required_column
9394,Bakso arema cup (Bakso restaurant),0.0,0,0,,,"Kavling nongsa, Blk. B No.104, Sambau, Kecamatan Nongsa, Kota Batam, Kepulauan Riau 29465, Indonesia",[object Object],+62 831-8394-2684,1.1542026,104.0999351,https://www.google.com/maps/place/Bakso+arema+cup/data=!4m7!3m6!1s0x31d989572d28bf89:0xcdb9993aa72fec3c!8m2!3d1.1542026!4d104.0999351!16s%2Fg%2F11jrmnbs0v!19sChIJib8oLVeJ2TERPOwvpzqZuc0?authuser=0&hl=en&rclk=1,2.0,F&B,Indonesia.Batam.Kuliner.202406162232.db,places,null_required_column
9436,Restoran Season (Restaurant),0.0,0,0,,,"Jalan Kebun Teh 1, Kebun Teh, 80250 Johor Bahru, Johor, Malaysia",[object Object],,1.4852224,103.7534656,https://www.google.com/maps/place/Restoran+Season/data=!4m7!3m6!1s0x31da6d37c0b4634f:0x801c1739ba119d13!8m2!3d1.4852224!4d103.7534656!16s%2Fg%2F11ldrldlyd!19sChIJT2O0wDdt2jERE50RujkXHIA?authuser=0&hl=en&rclk=1,2.0,F&B,Indonesia.Batam.Kuliner.202406162232.db,places,null_required_column
9438,Jalan kebun teh (Family restaurant),0.0,0,0,,,"Jalan Kebun Teh 1, Larkin, 80350 Johor Bahru, Johor, Malaysia",[object Object],,1.486405,103.7545331,https://www.google.com/maps/place/Jalan+kebun+teh/data=!4m7!3m6!1s0x31da6d0047f78c0d:0xb81edb65b7733d01!8m2!3d1.486405!4d103.7545331!16s%2Fg%2F11vrvsb91d!19sChIJDYz3RwBt2jERAT1zt2XbHrg?authuser=0&hl=en&rclk=1,-1.0,F&B,Indonesia.Batam.Kuliner.202406162232.db,places,null_required_column
9447,Resto Noodle Kepri Mall (Noodle shop),0.0,0,0,,,"422P+FQ7, Jl. Ahmad Yani, Sukajadi, Kec. Batam Kota, Kota Batam, Kepulauan Riau 29444, Indonesia",[object Object],+62 821-8722-3228,1.101165,104.036927,https://www.google.com/maps/place/Resto+Noodle+Kepri+Mall/data=!4m7!3m6!1s0x31d98eccadeefe53:0xa279a37f75903f27!8m2!3d1.101165!4d104.036927!16s%2Fg%2F11bbt93kld!19sChIJU_7urcyO2TERJz-QdX-jeaI?authuser=0&hl=en&rclk=1,2.0,F&B,Indonesia.Batam.Kuliner.202406162232.db,places,null_required_column
9465,De Cafe (Cafe),0.0,0,0,,,"Kepri Mall, Jl. Sudirman Lantai 3, Sukajadi, Kec. Batam Kota, Kota Batam, Kepulauan Riau 29432, Indonesia",[object Object],+62 813-5524-5698,1.1007506,104.0376546,https://www.google.com/maps/place/De+Cafe/data=!4m7!3m6!1s0x31d989334d4ff4f3:0x8bec1b35fe653dfb!8m2!3d1.1007506!4d104.0376546!16s%2Fg%2F11b7tgpnpg!19sChIJ8_RPTTOJ2TER-z1l_jUb7Is?authuser=0&hl=en&rclk=1,2.0,F&B,Indonesia.Batam.Kuliner.202406162232.db,places,null_required_column
9466,Tea Time (Restaurant),0.0,0,0,,,"Kepri Mall, Jl. Ahmad Yani, Sukajadi, Kec. Batam Kota, Kota Batam, Kepulauan Riau 29444, Indonesia",[object Object],+62 812-7050-727,1.1007831,104.0373235,"https://www.google.com/maps/place/Tea+Time/@1.1007831,104.0373235,17z/data=!3m1!4b1!4m6!3m5!1s0x31d98ecca06fe7fd:0x56b5a804f4cf136e!8m2!3d1.1007831!4d104.0373235!16s%2Fg%2F11b7ssj20n?authuser=0&hl=en&entry=ttu&g_ep=EgoyMDI0MDgyOC4wIKXMDSoASAFQAw%3D%3D",2.0,F&B,Indonesia.Batam.Kuliner.202406162232.db,places,null_required_column
9539,YN Kuliner Nusantara (Restaurant),0.0,0,0,,,"Jl. Gor Barat Pemda, Pakansari, Kec. Cibinong, Kabupaten Bogor, Jawa Barat 16915, Indonesia",[object Object],+62 896-7875-1717,-6.4913205,106.8318059,https://www.google.com/maps/place/YN+Kuliner+Nusantara/data=!4m7!3m6!1s0x2e69c1cc53846133:0x2ab1792d6feab6ea!8m2!3d-6.4913205!4d106.8318059!16s%2Fg%2F11l2kgs4mq!19sChIJM2GEU8zBaS4R6rbqby15sSo?authuser=0&hl=en&rclk=1,0,F&B,Indonesia.Batam.Kuliner.202406162232.db,places,null_required_column
9545,Kuliner kekinian (Coffee shop),0.0,0,0,,,"GR5W+6RM, Jl. HM. Ashari, Cibinong, Kec. Cibinong, Kabupaten Bogor, Jawa Barat, Indonesia",[object Object],+62 896-1870-6728,-6.4919191,106.847051,https://www.google.com/maps/place/Kuliner+kekinian/data=!4m7!3m6!1s0x2e69c182c0b0be0f:0xca70dd96f2a4a787!8m2!3d-6.4919191!4d106.847051!16s%2Fg%2F11t80_l0rq!19sChIJD76wwILBaS4Rh6ek8pbdcMo?authuser=0&hl=en&rclk=1,0,F&B,Indonesia.Batam.Kuliner.202406162232.db,places,null_required_column
9556,Pojok Kuliner Leker (Indonesian restaurant),0.0,0,0,,,"Ruko D'king, Jl. Raya Mayor Oking Jaya Atmaja, Ciriung, Kec. Cibinong, Kabupaten Bogor, Jawa Barat 16810, Indonesia",[object Object],+62 21 8762146,-6.4803022,106.8668236,"https://www.google.com/maps/place/Pojok+Kuliner+Leker/@-6.4803022,106.8668236,17z/data=!3m1!4b1!4m6!3m5!1s0x2e69c0351726f199:0x940afbc40e73741e!8m2!3d-6.4803022!4d106.8668236!16s%2Fg%2F11bbrn8d90?authuser=0&hl=en&entry=ttu&g_ep=EgoyMDI0MDgyOC4wIKXMDSoASAFQAw%3D%3D",0,F&B,Indonesia.Batam.Kuliner.202406162232.db,places,null_required_column
9558,Warung pojok kuliner (WPK) (Brunch restaurant),0.0,0,0,,,"GRMR+V74, Gg. Perintis, Harapan Jaya, Kec. Cibinong, Kabupaten Bogor, Jawa Barat 16914, Indonesia",[object Object],+62 896-5765-3417,-6.4653719,106.8407157,"https://www.google.com/maps/place/Warung+pojok+kuliner+(WPK)/@-6.4653719,106.8407157,17z/data=!3m1!4b1!4m6!3m5!1s0x2e69c130f3ac43f3:0x97dc91bbf682ea0f!8m2!3d-6.4653719!4d106.8407157!16s%2Fg%2F11mw0g9m2k?authuser=0&hl=en&entry=ttu&g_ep=EgoyMDI0MDgyOC4wIKXMDSoASAFQAw%3D%3D",0,F&B,Indonesia.Batam.Kuliner.202406162232.db,places,null_required_column
9575,Resto oambing moeda (Indonesian restaurant),0.0,0,0,,,"Komplek ruko, blokAno 12, Jl. Imam Bondjol Komp. Windsor Central, Indonesia",[object Object],,1.1419939,104.0128426,https://www.google.com/maps/place/Resto+oambing+moeda/data=!4m7!3m6!1s0x31d989002579b433:0xba9773a20b0f434c!8m2!3d1.1419939!4d104.0128426!16s%2Fg%2F11w37l40d6!19sChIJM7R5JQCJ2TERTEMPC6Jzl7o?authuser=0&hl=en&rclk=1,2.0,F&B,Indonesia.Batam.Kuliner.202406162232.db,places,null_required_column
9605,Home sweet home (Housing complex),0.0,0,0,,,"Jl. Legenda Malaka No.D. 1, RT.No. 9/RW.Type 36, Baloi Permai, Kec. Batam Kota, Kota Batam, Kepulauan Riau 29444, Indonesia",[object Object],,1.1029965,104.0550834,https://www.google.com/maps/place/Home+sweet+home/data=!4m7!3m6!1s0x31d989002de5550f:0x7661cce85816b763!8m2!3d1.1029965!4d104.0550834!16s%2Fg%2F11w226q_5v!19sChIJD1XlLQCJ2TERY7cWWOjMYXY?authuser=0&hl=en&rclk=1,2.0,F&B,Indonesia.Batam.Kuliner.202406162232.db,places,null_required_column
9770,Sate Babi Rempah (Deli),0.0,0,0,,,,[object Object],+62 896-8188-8201,0.837166,104.053115,"https://www.google.com/maps/place/Sate+Babi+Rempah/@0.837166,104.053115,10z/data=!3m1!4b1!4m6!3m5!1s0x41e24dbb1fc6838d:0x883be660535fe513!8m2!3d0.837166!4d104.053115!16s%2Fg%2F11svvymx_q?authuser=0&hl=en&entry=ttu&g_ep=EgoyMDI0MDgyOC4wIKXMDSoASAFQAw%3D%3D",2.0,F&B,Indonesia.Batam.Kuliner.202406162232.db,places,null_required_column
9776,Harbour Market (Cafe),0.0,0,0,,,"Jalan Orchestra 3 Rukan Beach Boulevard Blok B No.62- 63, Jl. Pantai Indah Kapuk No.2, RT.6/RW.2, Kamal Muara, Kec. Penjaringan, Jkt Utara, Daerah Khusus Ibukota Jakarta 14440, Indonesia",[object Object],+62 882-1441-9111,-6.1105844,106.7420452,https://www.google.com/maps/place/Harbour+Market/data=!4m7!3m6!1s0x2e6a1dda9f5cc183:0xd07ddba1fcfe5f07!8m2!3d-6.1105844!4d106.7420452!16s%2Fg%2F11sppckjzg!19sChIJg8Fcn9odai4RB1_-_KHbfdA?authuser=0&hl=en&rclk=1,0,F&B,Indonesia.Batam.Kuliner.202406162232.db,places,null_required_column
9777,Tamita kedai kopi (Catering food and drink supplier),0.0,0,0,,,,[object Object],+62 818-1840-2721,0.837166,104.053115,https://www.google.com/maps/place/Tamita+kedai+kopi/data=!4m7!3m6!1s0xf5ccac71bd24ed7:0xec6f384b2c63d08c!8m2!3d0.837166!4d104.053115!16s%2Fg%2F11y1_4hl4_!19sChIJ107SG8fKXA8RjNBjLEs4b-w?authuser=0&hl=en&rclk=1,0.0,F&B,Indonesia.Batam.Kuliner.202406162232.db,places,null_required_column
9778,warung dibawah pohon rindang medio (Deli),0.0,0,0,,,,[object Object],+62 812-6698-8551,-2.44565,117.8888,https://www.google.com/maps/place/warung+dibawah+pohon+rindang+medio/data=!4m7!3m6!1s0x45fc617a297db137:0xae86c2745d456776!8m2!3d-2.44565!4d117.8888!16s%2Fg%2F11w7h16sqt!19sChIJN7F9KXph_EURdmdFXXTChq4?authuser=0&hl=en&rclk=1,0,F&B,Indonesia.Batam.Kuliner.202406162232.db,places,null_required_column
9845,Hachidon (Japanese restaurant),0.0,0,0,,,"Food Market Thamrin, Blok i 23, Lubuk Baja Kota, Kec. Lubuk Baja, Thamrin City, Kepulauan Riau 29432, Indonesia",[object Object],+62 822-7953-0192,1.1444556,104.0149511,https://www.google.com/maps/place/Hachidon/data=!4m7!3m6!1s0x31d98991a08eeab5:0xa378fce26a8f6bff!8m2!3d1.1444556!4d104.0149511!16s%2Fg%2F11w9y7zqry!19sChIJteqOoJGJ2TER_2uPauL8eKM?authuser=0&hl=en&rclk=1,0.0,F&B,Indonesia.Batam.Kuliner.202406162232.db,places,null_required_column
9847,ASTON INN,4.6,4447,0,,,"No.1 Blok AA, Jl. Komp. Penuin Centre, Batu Selicin, Kec. Lubuk Baja, Kota Batam, Kepulauan Riau 29444, Indonesia",[object Object],+62 778 430420,1.1347741,104.0104571,"https://www.google.com/maps/place/ASTON+INN/@1.1347741,104.0104571,17z/data=!3m1!4b1!4m9!3m8!1s0x31d9897e7e16d1af:0x671d6c5a376fae89!5m2!4m1!1i2!8m2!3d1.1347741!4d104.0104571!16s%2Fg%2F1jkvx_rhw?authuser=0&hl=en&entry=ttu&g_ep=EgoyMDI0MDgyOC4wIKXMDSoASAFQAw%3D%3D",0.0,F&B,Indonesia.Batam.Kuliner.202406162232.db,places,null_required_column
9853,Hotel Harapan Baru,4.3,264,0,,,"Komplek Penuin Center, Kompleks Jl. Bunga Raya Blok OC No. 1 & 2, Batu Selicin, Kec. Lubuk Baja, Kota Batam, Kepulauan Riau 29441, Indonesia",[object Object],+62 821-7355-8899,1.1340373,104.0110473,https://www.google.com/maps/place/Hotel+Harapan+Baru/data=!4m10!3m9!1s0x31d9897c27a42145:0x7574149fd87c2ca3!5m2!4m1!1i2!8m2!3d1.1340373!4d104.0110473!16s%2Fg%2F1hm4jtvd6!19sChIJRSGkJ3yJ2TERoyx82J8UdHU?authuser=0&hl=en&rclk=1,-1.0,F&B,Indonesia.Batam.Kuliner.202406162232.db,places,null_required_column
9857,Dapur bu endang (Restaurant),0.0,0,0,,,"Perumahan cendana thp7 blok f9 np 04, kelurahan, RT.03/RW.36, Belian, Kec. Batam Kota, Batam center, Kepulauan Riau, Indonesia",[object Object],+62 895-2489-8835,1.1036493,104.0850861,https://www.google.com/maps/place/Dapur+bu+endang/data=!4m7!3m6!1s0x31d989865127fd47:0xcd4797f20aa25eba!8m2!3d1.1036493!4d104.0850861!16s%2Fg%2F11qng1n_gj!19sChIJR_0nUYaJ2TERul6iCvKXR80?authuser=0&hl=en&rclk=1,2.0,F&B,Indonesia.Batam.Kuliner.202406162232.db,places,null_required_column
9863,Warung Kembar (Soup kitchen),0.0,0,0,,,"433Q+95M, Jalan Perumahan Cendana, Belian, Kec. Batam Kota, Kota Batam, Kepulauan Riau 29433, Indonesia",[object Object],,1.1034667,104.0879261,https://www.google.com/maps/place/Warung+Kembar/data=!4m7!3m6!1s0x31d9895ed1a92321:0xd4fc7e7b289d2104!8m2!3d1.1034667!4d104.0879261!16s%2Fg%2F11sy013rsz!19sChIJISOp0V6J2TERBCGdKHt-_NQ?authuser=0&hl=en&rclk=1,2.0,F&B,Indonesia.Batam.Kuliner.202406162232.db,places,null_required_column
9937,Capella Singapore,4.7,2340,0,,,"1 The Knolls, Sentosa Island, 098297",[object Object],6377 8888,1.2497222,103.8241667,https://www.google.com/maps/place/Capella+Singapore/data=!4m10!3m9!1s0x31da1eaa555fbe17:0x54fa3371b8548565!5m2!4m1!1i2!8m2!3d1.2497222!4d103.8241667!16s%2Fg%2F11f2sh3g3g!19sChIJF75fVaoe2jERZYVUuHEz-lQ?authuser=0&hl=en&rclk=1,2.0,F&B,Indonesia.Batam.Kuliner.202406162232.db,places,null_required_column
9945,Donna Donat Batam (Chinese bakery),0.0,0,0,,,"Perumahan KDA, Batam Centre, Cluster Jl. Merak 3 No.10, Belian, Kec. Batam Kota, Kota Batam, Kepulauan Riau 29433, Indonesia",[object Object],+62 822-6836-6381,1.1053446,104.0788366,https://www.google.com/maps/place/Donna+Donat+Batam/data=!4m7!3m6!1s0x31d989069bfc1c95:0xbc2844e70881e180!8m2!3d1.1053446!4d104.0788366!16s%2Fg%2F11vpr8p3ys!19sChIJlRz8mwaJ2TERgOGBCOdEKLw?authuser=0&hl=en&rclk=1,2.0,F&B,Indonesia.Batam.Kuliner.202406162232.db,places,null_required_column
9950,Kuliner batam (Restaurant),0.0,0,0,,,"Perum intan residence, Blk. C No.10, Sungai Langkai, Kec. Sagulung, Kota Batam, Kepulauan Riau 22466, Indonesia",[object Object],+62 813-7079-9797,1.0288683,103.9757719,"https://www.google.com/maps/place/Kuliner+batam/@1.0288683,103.9757719,17z/data=!3m1!4b1!4m6!3m5!1s0x31d98dc446c7fe6f:0xb4fffc2133639c0f!8m2!3d1.0288683!4d103.9757719!16s%2Fg%2F11fn4wk250?authuser=0&hl=en&entry=ttu&g_ep=EgoyMDI0MDgyOC4wIKXMDSoASAFQAw%3D%3D",2.0,F&B,Indonesia.Batam.Kuliner.202406162232.db,places,null_required_column
9986,Rank Tanjung Bumbu dan Presto (Food seasoning manufacturer),0.0,0,0,,,"Perumahan Permata Laguna, Jl. Raya Marina City No.2 Blok A9, Kec. Batu Aji, Kota Batam, Kepulauan Riau 29424, Indonesia",[object Object],+62 813-6309-6078,1.0590826,103.9336931,https://www.google.com/maps/place/Rank+Tanjung+Bumbu+dan+Presto/data=!4m7!3m6!1s0x31d98d0da3c4a2cb:0x24a5b2927e49d545!8m2!3d1.0590826!4d103.9336931!16s%2Fg%2F11t6p1ymt9!19sChIJy6LEow2N2TERRdVJfpKypSQ?authuser=0&hl=en&rclk=1,2.0,F&B,Indonesia.Batam.Kuliner.202406162232.db,places,null_required_column
10012,Kuliner Bandung (Deli),0.0,0,0,,,"Jl. Cibogo Atas Gg. Siti Murgi No.Rt01/03, Sukawarna, Kec. Sukajadi, Kota Bandung, Jawa Barat 40164, Indonesia",[object Object],+62 877-2288-4344,-6.8846806,107.5775555,https://www.google.com/maps/place/Kuliner+Bandung/data=!4m7!3m6!1s0x2e68e7180ab6df19:0xb8c7aaba72201dbd!8m2!3d-6.8846806!4d107.5775555!16s%2Fg%2F11j7cvwd6b!19sChIJGd-2ChjnaC4RvR0gcrqqx7g?authuser=0&hl=en&rclk=1,0,F&B,Indonesia.Batam.Kuliner.202406162232.db,places,null_required_column
10019,Kuliner (Catering food and drink supplier),0.0,0,0,,,"Jl. Sukamulya Indah 12 No.10-20, Sukagalih, Kec. Sukajadi, Kota Bandung, Jawa Barat 40163, Indonesia",[object Object],+62 878-2503-9036,-6.8895523,107.5910192,https://www.google.com/maps/place/Kuliner/data=!4m7!3m6!1s0x2e68e7fcad0719b1:0x626fe22a58645e8a!8m2!3d-6.8895523!4d107.5910192!16s%2Fg%2F11l2lljx01!19sChIJsRkHrfznaC4Ril5kWCrib2I?authuser=0&hl=en&rclk=1,0,F&B,Indonesia.Batam.Kuliner.202406162232.db,places,null_required_column
10020,Bandung Suka warna (Restaurant),0.0,0,0,,,"4H7H+6CP, Sukawarna, Sukajadi, Bandung City, West Java 40164, Indonesia",[object Object],,-6.8869142,107.5785721,https://www.google.com/maps/place/Bandung+Suka+warna/data=!4m7!3m6!1s0x2e68e735f1c37125:0xa72c09b46fe5b801!8m2!3d-6.8869142!4d107.5785721!16s%2Fg%2F11rvmk27cr!19sChIJJXHD8TXnaC4RAbjlb7QJLKc?authuser=0&hl=en&rclk=1,0,F&B,Indonesia.Batam.Kuliner.202406162232.db,places,null_required_column
10022,wr (Snack bar),0.0,0,0,,,"Perumahan POLRI, Sukajadi, Kec. Talang Klp., Kab. Banyuasin, Sumatera Selatan 30961, Indonesia",[object Object],,-2.8734835,104.7117984,https://www.google.com/maps/place/wr/data=!4m7!3m6!1s0x2e3b7392882d835b:0xa9022935ca197023!8m2!3d-2.8734835!4d104.7117984!16s%2Fg%2F11vbf1_mmb!19sChIJW4MtiJJzOy4RI3AZyjUpAqk?authuser=0&hl=en&rclk=1,0,F&B,Indonesia.Batam.Kuliner.202406162232.db,places,null_required_column
10041,Pawon Anjali Dutamas A6 no 6 (Food producer),0.0,0,0,,,"Jl. Perumahan Taman Duta Mas No.6 Blok A6, Baloi Permai, Kec. Batam Kota, Kota Batam, Kepulauan Riau 29431, Indonesia",[object Object],+62 859-1065-97556,1.1089952,104.041959,"https://www.google.com/maps/place/Pawon+Anjali+Dutamas+A6+no+6/@1.1089952,104.041959,17z/data=!3m1!4b1!4m6!3m5!1s0x31d98946ab063981:0x95f7b19931ef454!8m2!3d1.1089952!4d104.041959!16s%2Fg%2F11v9w4qqsw?authuser=0&hl=en&entry=ttu&g_ep=EgoyMDI0MDgyOC4wIKXMDSoASAFQAw%3D%3D",0.0,F&B,Indonesia.Batam.Kuliner.202406162232.db,places,null_required_column
10044,Perumahan Taman Dutamas (Housing complex),0.0,0,0,,,"Taman Dutamas, Cluster Sevilla No.9, Baloi Permai, Batam Kota, Batam City, Riau Islands, Indonesia",[object Object],,1.1016451,104.0464865,https://www.google.com/maps/place/Perumahan+Taman+Dutamas/data=!4m7!3m6!1s0x31d9890066c62fef:0xaca4593d11a3ecc5!8m2!3d1.1016451!4d104.0464865!16s%2Fg%2F11v_28rtyq!19sChIJ7y_GZgCJ2TERxeyjET1ZpKw?authuser=0&hl=en&rclk=1,2.0,F&B,Indonesia.Batam.Kuliner.202406162232.db,places,null_required_column
10064,Ayam Gepek Sahabat (Chicken restaurant),0.0,0,0,,,"Jalan Nadim Raya Perumahan Nadim Raya Tahap 2 Blok A No : 7 Batam Center, Teluk Tering, Batam Kota, Batam City, Riau Islands, Indonesia",[object Object],+62 852-6324-5333,1.1300778,104.0529207,https://www.google.com/maps/place/Ayam+Gepek+Sahabat/data=!4m7!3m6!1s0x31d9898fc346abc7:0x27acf0b444555579!8m2!3d1.1300778!4d104.0529207!16s%2Fg%2F11gmf04fpx!19sChIJx6tGw4-J2TEReVVVRLTwrCc?authuser=0&hl=en&rclk=1,-1.0,F&B,Indonesia.Batam.Kuliner.202406162232.db,places,null_required_column
10074,Tela Tela (Snack bar),0.0,0,0,,,"Perumahan Graha Nusa Batam Blok M1 No.12A, Kota Batam, Kepulauan Riau 29349, Indonesia",[object Object],+62 822-8322-3929,1.0381347,103.9703729,https://www.google.com/maps/place/Tela+Tela/data=!4m7!3m6!1s0x31d98d2bff577ebb:0xf92b5d684679fca0!8m2!3d1.0381347!4d103.9703729!16s%2Fg%2F11vkf2pqym!19sChIJu35X_yuN2TERoPx5RmhdK_k?authuser=0&hl=en&rclk=1,-1.0,F&B,Indonesia.Batam.Kuliner.202406162232.db,places,null_required_column
10085,Salmah Frozen Food (Fast food restaurant),0.0,0,0,,,"Perumahan Cendana Tahap 7, Jl. Raja Alikelana No.7 Blok F7, Belian, Kec. Batam Kota, Kota Batam, Kepulauan Riau 29433, Indonesia",[object Object],,1.104686,104.0847593,https://www.google.com/maps/place/Salmah+Frozen+Food/data=!4m7!3m6!1s0x31d989dc731d567d:0xa755570a8107d7a7!8m2!3d1.104686!4d104.0847593!16s%2Fg%2F11k5jkj8xy!19sChIJfVYdc9yJ2TERp9cHgQpXVac?authuser=0&hl=en&rclk=1,5.0,F&B,Indonesia.Batam.Kuliner.202406162232.db,places,null_required_column
10098,Mookata ABC (Thai restaurant),0.0,0,0,,,"testing, Singapore 123122",[object Object],8888 8888,1.3598056,103.8303073,https://www.google.com/maps/place/Mookata+ABC/data=!4m7!3m6!1s0x31da17088e482a43:0xdc58d00a3573c54b!8m2!3d1.3598056!4d103.8303073!16s%2Fg%2F11w8j1y255!19sChIJQypIjggX2jERS8VzNQrQWNw?authuser=0&hl=en&rclk=1,2.0,F&B,Indonesia.Batam.Kuliner.202406162232.db,places,null_required_column
10115,Soto & Super Geprek Om Jum (Javanese restaurant·),0.0,0,0,,,"Kantor Pos, Jl. Putri Hijau, Sungai Langkai, Kec. Sagulung, Kota Batam, Kepulauan Riau 29472, Indonesia",[object Object],+62 813-7266-6108,1.0368894,103.9763823,https://www.google.com/maps/place/Soto+%26+Super+Geprek+Om+Jum/data=!4m7!3m6!1s0x31d98d21a1bf86f5:0x3e4bebcf86b03f60!8m2!3d1.0368894!4d103.9763823!16s%2Fg%2F11fmz8hlq2!19sChIJ9Ya_oSGN2TERYD-whs_rSz4?authuser=0&hl=en&rclk=1,2.0,F&B,Indonesia.Batam.Kuliner.202406162232.db,places,null_required_column
10127,Warung Merry Panjaitan (Nasi restaurant),0.0,0,0,,,"RPHJ+G2W, Suka Makmur, Kec. Putri Hijau, Kabupaten Bengkulu Utara, Bengkulu 38326, Indonesia",[object Object],,-3.1713283,101.7290733,https://www.google.com/maps/place/Warung+Merry+Panjaitan/data=!4m7!3m6!1s0x2e33c900605828fb:0x1192075e65fb8941!8m2!3d-3.1713283!4d101.7290733!16s%2Fg%2F11w3yvdshc!19sChIJ-yhYYADJMy4RQYn7ZV4HkhE?authuser=0&hl=en&rclk=1,0,F&B,Indonesia.Batam.Kuliner.202406162232.db,places,null_required_column
10140,Dapoer Dewi (Restaurant),0.0,0,0,,,"Tanjakan, pantai indah, Kec. Putri Hijau, Kabupaten Bengkulu Utara, Bengkulu 38326, Indonesia",[object Object],+62 831-0221-3982,-3.2754803,101.6687776,"https://www.google.com/maps/place/Dapoer+Dewi/@-3.2754803,101.6687776,17z/data=!3m1!4b1!4m6!3m5!1s0x2e33bf6c42b62a5b:0xee7a28c70e4fe9ca!8m2!3d-3.2754803!4d101.6687776!16s%2Fg%2F11stphf0yc?authuser=0&hl=en&entry=ttu&g_ep=EgoyMDI0MDgyOC4wIKXMDSoASAFQAw%3D%3D",0,F&B,Indonesia.Batam.Kuliner.202406162232.db,places,null_required_column
10143,Kedai Rakyat (Restaurant),0.0,0,0,,,"PMRG+25, Air Petai, Putri Hijau, North Bengkulu Regency, Bengkulu, Indonesia",[object Object],+62 822-8622-9297,-3.2599865,101.6754889,https://www.google.com/maps/place/Kedai+Rakyat/data=!4m7!3m6!1s0x2e33b93c70b75e21:0xc683397bb5b6eac2!8m2!3d-3.2599865!4d101.6754889!16s%2Fg%2F11tsxl6pjk!19sChIJIV63cDy5My4Rwuq2tXs5g8Y?authuser=0&hl=en&rclk=1,0,F&B,Indonesia.Batam.Kuliner.202406162232.db,places,null_required_column
10145,OMAH JOHAR (Indonesian restaurant),0.0,0,0,,,"RPMM+458, Jl. Swadaya, Karya Pelita, Kec. Putri Hijau, Kabupaten Bengkulu Utara, Bengkulu 38326, Indonesia",[object Object],,-3.1661915,101.7331014,https://www.google.com/maps/place/OMAH+JOHAR/data=!4m7!3m6!1s0x2e33c9001427eb97:0x7b425378126d777d!8m2!3d-3.1661915!4d101.7331014!16s%2Fg%2F11y45k3mnb!19sChIJl-snFADJMy4RfXdtEnhTQns?authuser=0&hl=en&rclk=1,0,F&B,Indonesia.Batam.Kuliner.202406162232.db,places,null_required_column
10153,Parnaraya rm (Brunch restaurant),0.0,0,0,,,"PP33+F25, Karang Pulau, Putri Hijau, North Bengkulu Regency, Bengkulu, Indonesia",[object Object],,-3.296361,101.7026084,https://www.google.com/maps/place/Parnaraya+rm/data=!4m7!3m6!1s0x2e33bf000c2e4fd3:0x69b5f838fe086b48!8m2!3d-3.296361!4d101.7026084!16s%2Fg%2F11vy0d0b79!19sChIJ008uDAC_My4RSGsI_jj4tWk?authuser=0&hl=en&rclk=1,0,F&B,Indonesia.Batam.Kuliner.202406162232.db,places,null_required_column
10154,Kuliner (Nasi goreng restaurant·),0.0,0,0,,,"Jl. Gaperta Ujung No.83AA, Tj. Gusta, Kec. Medan Helvetia, Kota Medan, Sumatera Utara 20162, Indonesia",[object Object],+62 852-6183-0176,3.6061333,98.615688,https://www.google.com/maps/place/Kuliner/data=!4m7!3m6!1s0x30312f06009d5a77:0x92d217f122876a80!8m2!3d3.6061333!4d98.615688!16s%2Fg%2F11hz6shrkz!19sChIJd1qdAAYvMTARgGqHIvEX0pI?authuser=0&hl=en&rclk=1,0,F&B,Indonesia.Batam.Kuliner.202406162232.db,places,null_required_column
10168,catering Bu Inten (Brunch restaurant),0.0,0,0,,,"desa Karya Pelita, Jl. Poros, Karya Jaya, Kec. Putri Hijau, Kabupaten Bengkulu Utara, Bengkulu 38326, Indonesia",[object Object],+62 853-8037-3567,-3.1857698,101.7129273,"https://www.google.com/maps/place/catering+Bu+Inten/@-3.1857698,101.7129273,17z/data=!3m1!4b1!4m6!3m5!1s0x2e33c95724dfa991:0xcf44da06193ebf69!8m2!3d-3.1857698!4d101.7129273!16s%2Fg%2F11vljlr8t6?authuser=0&hl=en&entry=ttu&g_ep=EgoyMDI0MDgyOC4wIKXMDSoASAFQAw%3D%3D",0,F&B,Indonesia.Batam.Kuliner.202406162232.db,places,null_required_column
10178,RM FAJAR (Restaurant·),0.0,0,0,,,"QJ3V+3XC, Jl. Padang - Bengkulu, Ps. Baru Kota Bani, Kec. Putri Hijau, Kabupaten Bengkulu Utara, Bengkulu 38326, Indonesia",[object Object],,-3.1437413,101.5511819,https://www.google.com/maps/place/RM.FAJAR/data=!4m7!3m6!1s0x2e33b161260e5b43:0x8b61d6ab15003229!8m2!3d-3.1437413!4d101.5511819!16s%2Fg%2F11rq3yfv7h!19sChIJQ1sOJmGxMy4RKTIAFavWYYs?authuser=0&hl=en&rclk=1,0,F&B,Indonesia.Batam.Kuliner.202406162232.db,places,null_required_column
10205,ANGKRINGAN TROTOAR BATAM CENTER (Coffee shop),0.0,0,0,,,"Ruko Bank bjb, Harbourfront - Batam Centre, Tlk. Tering, Kec. Batam Kota, Kota Batam, Kepulauan Riau 29444, Indonesia",[object Object],,1.1280649,104.0508398,https://www.google.com/maps/place/ANGKRINGAN+TROTOAR+BATAM+CENTER/data=!4m7!3m6!1s0x31d9890040260029:0xd70bfa8c234930b3!8m2!3d1.1280649!4d104.0508398!16s%2Fg%2F11lf4jsgpq!19sChIJKQAmQACJ2TERszBJI4z6C9c?authuser=0&hl=en&rclk=1,2.0,F&B,Indonesia.Batam.Kuliner.202406162232.db,places,null_required_column
10221,Catering Batam  babi panggang bang tonang (Restaurant),0.0,0,0,,,"Ruko Eden park Batam center, Taman Baloi, Kec. Batam Kota, Kota Batam, Kepulauan Riau 29322, Indonesia",[object Object],+62 852-7287-2418,1.1085919,104.0405737,"https://www.google.com/maps/place/Catering+Batam,+babi+panggang+bang+tonang/@1.1085919,104.0405737,17z/data=!3m1!4b1!4m6!3m5!1s0x31d989c714c716ab:0x8d5a4725b4c295b!8m2!3d1.1085919!4d104.0405737!16s%2Fg%2F11y4h0ps4w?authuser=0&hl=en&entry=ttu&g_ep=EgoyMDI0MDgyOC4wIKXMDSoASAFQAw%3D%3D",5.0,F&B,Indonesia.Batam.Kuliner.202406162232.db,places,null_required_column
10231,Angkringan Si Kawan (Indonesian restaurant·),0.0,0,0,,,"Ruko Graha Mas Blok H/05 Batam Centre, Baloi Permai, Batam Kota, Batam City, Riau Islands 29444, Indonesia",[object Object],+62 821-6900-6967,1.1104278,104.0490391,https://www.google.com/maps/place/Angkringan+Si+Kawan/data=!4m7!3m6!1s0x31d98985878fb0c9:0xdc5ba919021815bf!8m2!3d1.1104278!4d104.0490391!16s%2Fg%2F11t5l8hljw!19sChIJybCPh4WJ2TERvxUYAhmpW9w?authuser=0&hl=en&rclk=1,2.0,F&B,Indonesia.Batam.Kuliner.202406162232.db,places,null_required_column
10236,Ayam galakkk's tepi jalan botania (Chicken restaurant),0.0,0,0,,,"Ruko Botania2 blok b2 No.7 batam Center, Belian, Batam Kota, Batam City, Riau Islands 29465, Indonesia",[object Object],+62 853-7417-6013,1.1069436,104.0876659,"https://www.google.com/maps/place/Ayam+galakkk's+tepi+jalan+botania/@1.1069436,104.0876659,17z/data=!3m1!4b1!4m6!3m5!1s0x31d98997a57c22dd:0x7d64d9d8cbe5d96a!8m2!3d1.1069436!4d104.0876659!16s%2Fg%2F11h0hp0bth?authuser=0&hl=en&entry=ttu&g_ep=EgoyMDI0MDgyOC4wIKXMDSoASAFQAw%3D%3D",2.0,F&B,Indonesia.Batam.Kuliner.202406162232.db,places,null_required_column
10327,Hanasuperfood Mega Mall Batam Centre (Cafe),0.0,0,0,,,"43H4+M7F, Teluk Tering, Batam Kota, Batam City, Riau Islands","[{""day"": ""Sunday"", ""hours"": ""10:00 - 21:30""}, {""day"": ""Monday"", ""hours"": ""10:00 - 21:30""}, {""day"": ""Tuesday"", ""hours"": ""10:00 - 21:30""}, {""day"": ""Wednesday"", ""hours"": ""10:00 - 21:30""}, {""day"": ""Thursday"", ""hours"": ""10:00 - 21:30""}, {""day"": ""Friday"", ""hours"": ""10:00 - 21:30""}, {""day"": ""Saturday"", ""hours"": ""10:00 - 21:30""}]",,1.1291952,104.0556852,"https://www.google.com/maps/place/Hanasuperfood+Mega+Mall+Batam+Centre/@1.1291952,104.0556852,17z/data=!3m1!4b1!4m6!3m5!1s0x31d988e2cd212465:0x895248e6f1702f9c!8m2!3d1.1291952!4d104.0556852!16s%2Fg%2F11c2p_skxc?authuser=0&hl=en&entry=ttu&g_ep=EgoyMDI0MDgyOC4wIKXMDSoASAFQAw%3D%3D",2.0,F&B,Indonesia.Batam.Kuliner.202406162232.db,places,null_required_column
10347,Tungku Emak Btm - Nagoya Hill (Morning Bakery) (Hawker stall),0.0,0,0,,,"Komplek Ruko Nagoya Hill, Blk. F No.1, Lubuk Baja Kota, Kec. Lubuk Baja, Kota Batam, Kepulauan Riau 29444","[{""day"": ""Sunday"", ""hours"": ""08:00 - 13:00""}, {""day"": ""Monday"", ""hours"": ""08:00 - 13:00""}, {""day"": ""Tuesday"", ""hours"": ""08:00 - 13:00""}, {""day"": ""Wednesday"", ""hours"": ""08:00 - 13:00""}, {""day"": ""Thursday"", ""hours"": ""08:00 - 13:00""}, {""day"": ""Friday"", ""hours"": ""08:00 - 13:00""}, {""day"": ""Saturday"", ""hours"": ""08:00 - 13:00""}]",0856-6232-728,1.1451079,104.0124836,"https://www.google.com/maps/place/Tungku+Emak+Btm+-+Nagoya+Hill+(Morning+Bakery)/@1.1451079,104.0124836,17z/data=!3m1!4b1!4m6!3m5!1s0x31d989ead3a5b03b:0xaa7c24b9d26d306b!8m2!3d1.1451079!4d104.0124836!16s%2Fg%2F11w28yd9ym?authuser=0&hl=en&entry=ttu&g_ep=EgoyMDI0MDgyOC4wIKXMDSoASAFQAw%3D%3D",2.0,F&B,Indonesia.Batam.Kuliner.202406162232.db,places,null_required_column
10404,Sup Ikan One Bowl Soup (Nagoya Foodcourt) (Soup restaurant),0.0,0,0,,,"Jl. Imam Bonjol-Komplek Nagoya Newtown, Lubuk Baja Kota, Kec. Lubuk Baja, Kota Batam, Kepulauan Riau 29444","[{""day"": ""Sunday"", ""hours"": ""07:30 - 20:00""}, {""day"": ""Monday"", ""hours"": ""07:30 - 20:00""}, {""day"": ""Tuesday"", ""hours"": ""07:30 - 20:00""}, {""day"": ""Wednesday"", ""hours"": ""07:30 - 20:00""}, {""day"": ""Thursday"", ""hours"": ""07:30 - 20:00""}, {""day"": ""Friday"", ""hours"": ""07:30 - 20:00""}, {""day"": ""Saturday"", ""hours"": ""07:30 - 20:00""}]",0852-6428-8195,1.1418959,104.0067413,"https://www.google.com/maps/place/Sup+Ikan+One+Bowl+Soup+(Nagoya+Foodcourt)/@1.1418959,104.0067413,17z/data=!3m1!4b1!4m6!3m5!1s0x31d98b2c96806bc3:0xa34f6ee0802d4722!8m2!3d1.1418959!4d104.0067413!16s%2Fg%2F11kb79yczv?authuser=0&hl=en&entry=ttu&g_ep=EgoyMDI0MDgyOC4wIKXMDSoASAFQAw%3D%3D",2.0,F&B,Indonesia.Batam.Kuliner.202406162232.db,places,null_required_column
10422,Aneka Rasa Kuliner (Murtabak restaurant),0.0,0,0,,,"4325+5F9, Jalan Mega Legenda, Baloi Permai, Kec. Batam Kota, Kota Batam, Kepulauan Riau 29432, Indonesia",[object Object],+62 778 7406932,1.1004049,104.058731,"https://www.google.com/maps/place/Aneka+Rasa+Kuliner/@1.1004049,104.058731,17z/data=!3m1!4b1!4m6!3m5!1s0x31d98f2b435182cb:0xcd04d3dff9e3c35f!8m2!3d1.1004049!4d104.058731!16s%2Fg%2F11byl50940?authuser=0&hl=en&entry=ttu&g_ep=EgoyMDI0MDgyOC4wIKXMDSoASAFQAw%3D%3D",0.0,F&B,Indonesia.Batam.Kuliner.202406162232.db,places,null_required_column
10436,Waroeng SM SidoMangan (Restaurant),0.0,0,0,,,"Ruko Mega Legenda Blok B2 No 12A Batam Centre, Baloi Permai, Batam Kota, Batam City, Riau Islands 29444, Indonesia",[object Object],+62 877-7022-1705,1.100852,104.0589866,"https://www.google.com/maps/place/Waroeng+SM+SidoMangan/@1.100852,104.0589866,17z/data=!3m1!4b1!4m6!3m5!1s0x31d98fb81495028b:0x19a2ac5dac90cab!8m2!3d1.100852!4d104.0589866!16s%2Fg%2F11lgjnt31t?authuser=0&hl=en&entry=ttu&g_ep=EgoyMDI0MDgyOC4wIKXMDSoASAFQAw%3D%3D",0.0,F&B,Indonesia.Batam.Kuliner.202406162232.db,places,null_required_column
10442,Rumah makan pancuran 7 (Coffee shop),0.0,0,0,,,"SEI, Blk. E No.15-16, Sungai Jodoh, Kec. Batu Ampar, Kota Batam, Kepulauan Riau 29444",[object Object],,1.1690177,104.0164156,https://www.google.com/maps/place/Rumah+makan+pancuran+7/data=!4m7!3m6!1s0x31d9890064fb9b55:0xfdf247aadde9f803!8m2!3d1.1690177!4d104.0164156!16s%2Fg%2F11vsplv036!19sChIJVZv7ZACJ2TERA_jp3apH8v0?authuser=0&hl=en&rclk=1,0.0,F&B,Indonesia.Batam.Kuliner.202406162232.db,places,null_required_column
10451,TOK RAJA BAKMIE PANGSIY  NAGOYA FOODCOURT LAPANGAN (Indonesian restaurant),0.0,0,0,,,"42R4+PW6, Batu Selicin, Lubuk Baja, Batam City, Riau Islands 29444",[object Object],,1.1417757,104.0072753,"https://www.google.com/maps/place/TOK+RAJA+BAKMIE+PANGSIY,+NAGOYA+FOODCOURT+LAPANGAN/@1.1417757,104.0072753,17z/data=!3m1!4b1!4m6!3m5!1s0x31d9896718a7f225:0xda21a9165e8c0c9f!8m2!3d1.1417757!4d104.0072753!16s%2Fg%2F11tp8sqs_b?authuser=0&hl=en&entry=ttu&g_ep=EgoyMDI0MDgyOC4wIKXMDSoASAFQAw%3D%3D",-1.0,F&B,Indonesia.Batam.Kuliner.202406162232.db,places,null_required_column
10476,Lapo Dewan - Masakan Khas Batak (Food court),0.0,0,0,,,"Komp. Bumi Ayu Lestari Blok C 24 Kec. Batu Ampar Kel. Sei Jodoh RT.03/RW.01 29241, Kota Batam, Kepulauan Riau 29421","[{""day"": ""Sunday"", ""hours"": ""10:00 - 18:00""}, {""day"": ""Monday"", ""hours"": ""10:00 - 18:00""}, {""day"": ""Tuesday"", ""hours"": ""10:00 - 18:00""}, {""day"": ""Wednesday"", ""hours"": ""10:00 - 18:00""}, {""day"": ""Thursday"", ""hours"": ""10:00 - 18:00""}, {""day"": ""Friday"", ""hours"": ""10:00 - 18:00""}, {""day"": ""Saturday"", ""hours"": ""10:00 - 18:00""}]",0877-0002-1566,1.1507594,104.0090503,"https://www.google.com/maps/place/Lapo+Dewan+-+Masakan+Khas+Batak/@1.1507594,104.0090503,17z/data=!3m1!4b1!4m6!3m5!1s0x31d989f0163d50a9:0x464939cc10897bb7!8m2!3d1.1507594!4d104.0090503!16s%2Fg%2F11lf50n2wy?authuser=0&hl=en&entry=ttu&g_ep=EgoyMDI0MDgyOC4wIKXMDSoASAFQAw%3D%3D",5.0,F&B,Indonesia.Batam.Kuliner.202406162232.db,places,null_required_column
10481,Nite & Day Hotel Batam - Jodoh Square,4.1,701,0,,,"Komp. Jodoh Square, Jl. Raja Ali H. No.56, Sungai Jodoh, Kec. Batu Ampar, Kota Batam, Kepulauan Riau 29444",[object Object],(0778) 426826,1.1528996,104.0052124,https://www.google.com/maps/place/Nite+%26+Day+Hotel+Batam+-+Jodoh+Square/data=!4m10!3m9!1s0x31d98a2733b736d1:0x8822c7ce7baee9bf!5m2!4m1!1i2!8m2!3d1.1528996!4d104.0052124!16s%2Fg%2F11bvtc9xfn!19sChIJ0Ta3MyeK2TERv-mue87HIog?authuser=0&hl=en&rclk=1,2.0,F&B,Indonesia.Batam.Kuliner.202406162232.db,places,null_required_column
10486,Chinesse Food Kopitiam (Seafood restaurant),0.0,0,0,,,"Nagoya Hill Superblock R3 - C7-9, JL. Teuku Umar, Nagoya, Batam, Kampung Pelita, Lubuk Baja, Batam City, Riau Islands 29444","[{""day"": ""Sunday"", ""hours"": ""10:00 - 21:30""}, {""day"": ""Monday"", ""hours"": ""10:00 - 21:30""}, {""day"": ""Tuesday"", ""hours"": ""10:00 - 21:30""}, {""day"": ""Wednesday"", ""hours"": ""10:00 - 21:30""}, {""day"": ""Thursday"", ""hours"": ""10:00 - 21:30""}, {""day"": ""Friday"", ""hours"": ""10:00 - 21:30""}, {""day"": ""Saturday"", ""hours"": ""10:00 - 21:30""}]",(0778) 7493666,1.1463613,104.0173482,"https://www.google.com/maps/place/Chinesse+Food+Kopitiam/@1.1463613,104.0173482,17z/data=!3m1!4b1!4m6!3m5!1s0x31d9898517fa8f57:0x5e01c2180d9591ff!8m2!3d1.1463613!4d104.0173482!16s%2Fg%2F1ptvzgqqx?authuser=0&hl=en&entry=ttu&g_ep=EgoyMDI0MDgyOC4wIKXMDSoASAFQAw%3D%3D",5.0,F&B,Indonesia.Batam.Kuliner.202406162232.db,places,null_required_column
10492,Dapoer Kampoeng (Sundanese restaurant),0.0,0,0,,,"Nagoya Hill Superblock Unit RM4 - X8, 9 (GR), JL. Teuku Umar, Nagoya, Batam, Kampung Pelita, Lubuk Baja, Batam City, Riau Islands 29444","[{""day"": ""Sunday"", ""hours"": ""09:00 - 21:00""}, {""day"": ""Monday"", ""hours"": ""09:00 - 21:00""}, {""day"": ""Tuesday"", ""hours"": ""09:00 - 21:00""}, {""day"": ""Wednesday"", ""hours"": ""09:00 - 21:00""}, {""day"": ""Thursday"", ""hours"": ""09:00 - 21:00""}, {""day"": ""Friday"", ""hours"": ""09:00 - 21:00""}, {""day"": ""Saturday"", ""hours"": ""09:00 - 21:00""}]",(0778) 7493712,1.146367,104.01735,https://www.google.com/maps/place/Dapoer+Kampoeng/data=!4m7!3m6!1s0x31d9898517e54d59:0x6029848f7232eb6c!8m2!3d1.146367!4d104.01735!16s%2Fg%2F1pt_m119z!19sChIJWU3lF4WJ2TERbOsyco-EKWA?authuser=0&hl=en&rclk=1,0.0,F&B,Indonesia.Batam.Kuliner.202406162232.db,places,null_required_column
10499,UMMU LALA (Deli),0.0,0,0,,,,"[{""day"": ""Sunday"", ""hours"": ""06:00 - 16:00""}, {""day"": ""Monday"", ""hours"": ""06:00 - 16:00""}, {""day"": ""Tuesday"", ""hours"": ""06:00 - 16:00""}, {""day"": ""Wednesday"", ""hours"": ""06:00 - 16:00""}, {""day"": ""Thursday"", ""hours"": ""06:00 - 16:00""}, {""day"": ""Friday"", ""hours"": ""06:00 - 16:00""}, {""day"": ""Saturday"", ""hours"": ""06:00 - 16:00""}]",0812-7534-9667,0.837166,104.053115,"https://www.google.com/maps/place/UMMU+LALA/@0.837166,104.053115,10z/data=!3m1!4b1!4m6!3m5!1s0x6a64889ff13e4a53:0xbc8c0efae34f168f!8m2!3d0.837166!4d104.053115!16s%2Fg%2F11y78r9h49?authuser=0&hl=en&entry=ttu&g_ep=EgoyMDI0MDgyOC4wIKXMDSoASAFQAw%3D%3D",2.0,F&B,Indonesia.Batam.Kuliner.202406162232.db,places,null_required_column
10503,New gembira (General store),0.0,0,0,,,"Komplek tanjung pantun block o no 6, sei jodoh, Kota Batam",[object Object],0811-696-073,1.1498763,104.0058165,"https://www.google.com/maps/place/New+gembira/@1.1498763,104.0058165,17z/data=!3m1!4b1!4m6!3m5!1s0x31d98b977d7dba8b:0x59a54ab9b8636f5f!8m2!3d1.1498763!4d104.0058165!16s%2Fg%2F11sj76w954?authuser=0&hl=en&entry=ttu&g_ep=EgoyMDI0MDgyOC4wIKXMDSoASAFQAw%3D%3D",0.0,F&B,Indonesia.Batam.Kuliner.202406162232.db,places,null_required_column
10513,kulineran kita (Food and beverage consultant),0.0,0,0,,,,[object Object],0852-4492-4940,0.5137912,101.441176,"https://www.google.com/maps/place/kulineran+kita/@0.5137912,101.441176,12z/data=!3m1!4b1!4m6!3m5!1s0x2028ec94ed5af639:0xa0ee931bf0069016!8m2!3d0.5137912!4d101.441176!16s%2Fg%2F11l72_3cdn?authuser=0&hl=en&entry=ttu&g_ep=EgoyMDI0MDgyOC4wIKXMDSoASAFQAw%3D%3D",0,F&B,Indonesia.Batam.Kuliner.202406162232.db,places,null_required_column
10514,Sate Madura cak adjun (Deli),0.0,0,0,,,,"[{""day"": ""Sunday"", ""hours"": ""17:00 - 00:00""}, {""day"": ""Monday"", ""hours"": ""17:00 - 00:00""}, {""day"": ""Tuesday"", ""hours"": ""17:00 - 00:00""}, {""day"": ""Wednesday"", ""hours"": ""17:00 - 00:00""}, {""day"": ""Thursday"", ""hours"": ""17:00 - 00:00""}, {""day"": ""Friday"", ""hours"": ""17:00 - 00:00""}, {""day"": ""Saturday"", ""hours"": ""17:00 - 00:00""}]",,1.1175794,104.0606994,"https://www.google.com/maps/place/Sate+Madura+cak+adjun/@1.1175794,104.0606994,13z/data=!3m1!4b1!4m6!3m5!1s0x2bff2d79e208ba19:0x223cc70d82f63e7!8m2!3d1.1175794!4d104.0606994!16s%2Fg%2F11v5045_tc?authuser=0&hl=en&entry=ttu&g_ep=EgoyMDI0MDgyOC4wIKXMDSoASAFQAw%3D%3D",2.0,F&B,Indonesia.Batam.Kuliner.202406162232.db,places,null_required_column
10557,NASI PEDAS DONSI NAGOYA HILL (Restaurant),0.0,0,0,,,"42W7+F29, Jl. Nagoya Hill, Lubuk Baja Kota, Kec. Lubuk Baja, Kota Batam, Kepulauan Riau 29444","[{""day"": ""Sunday"", ""hours"": ""10:00 - 21:00""}, {""day"": ""Monday"", ""hours"": ""10:00 - 21:00""}, {""day"": ""Tuesday"", ""hours"": ""10:00 - 21:00""}, {""day"": ""Wednesday"", ""hours"": ""10:00 - 21:00""}, {""day"": ""Thursday"", ""hours"": ""10:00 - 21:00""}, {""day"": ""Friday"", ""hours"": ""10:00 - 21:00""}, {""day"": ""Saturday"", ""hours"": ""10:00 - 21:00""}]",0895-3378-77233,1.1461592,104.0126012,"https://www.google.com/maps/place/NASI+PEDAS+DONSI+NAGOYA+HILL/@1.1461592,104.0126012,17z/data=!3m1!4b1!4m6!3m5!1s0x31d989a940c18869:0x1b579c66d826fea4!8m2!3d1.1461592!4d104.0126012!16s%2Fg%2F11g1nrml66?authuser=0&hl=en&entry=ttu&g_ep=EgoyMDI0MDgyOC4wIKXMDSoASAFQAw%3D%3D",0.0,F&B,Indonesia.Batam.Kuliner.202406162232.db,places,null_required_column
10559,Gorengan Mantul Nagoya (Indonesian restaurant),0.0,0,0,,,"Blk. B, Ruko Jl. Villa Marina No.02, Batu Selicin, Kec. Lubuk Baja, Kota Batam, Kepulauan Riau 29444",[object Object],,1.1396956,104.0036202,https://www.google.com/maps/place/Gorengan+Mantul+Nagoya/data=!4m7!3m6!1s0x31d98b003b1876cd:0x76f971a77d4b7983!8m2!3d1.1396956!4d104.0036202!16s%2Fg%2F11w1np1c95!19sChIJzXYYOwCL2TERg3lLfadx-XY?authuser=0&hl=en&rclk=1,2.0,F&B,Indonesia.Batam.Kuliner.202406162232.db,places,null_required_column
10617,Moon Vegetarian (Vegetarian restaurant),0.0,0,0,,,"42W5+GXF Komplek Ruko Nagoya Central, Jl. Imam Bonjol-Nagoya Jl. Komp. Bumi Indah No.3, Lubuk Baja Kota, Kec. Lubuk Baja, Kota Batam, Kepulauan Riau 29444","[{""day"": ""Sunday"", ""hours"": ""09:00 - 18:00""}, {""day"": ""Monday"", ""hours"": ""09:00 - 18:00""}, {""day"": ""Tuesday"", ""hours"": ""09:00 - 18:00""}, {""day"": ""Wednesday"", ""hours"": ""09:00 - 18:00""}, {""day"": ""Thursday"", ""hours"": ""09:00 - 18:00""}, {""day"": ""Friday"", ""hours"": ""09:00 - 18:00""}, {""day"": ""Saturday"", ""hours"": ""09:00 - 18:00""}]",,1.1462961,104.009976,"https://www.google.com/maps/place/Moon+Vegetarian/@1.1462961,104.009976,17z/data=!3m1!4b1!4m6!3m5!1s0x31d98987ad0c6f6f:0x3e7caa13ef0df84b!8m2!3d1.1462961!4d104.009976!16s%2Fg%2F11hzxjszpl?authuser=0&hl=en&entry=ttu&g_ep=EgoyMDI0MDgyOC4wIKXMDSoASAFQAw%3D%3D",0.0,F&B,Indonesia.Batam.Kuliner.202406162232.db,places,null_required_column
10626,Sentra Wisata Kuliner Babatan Indah (Food court),0.0,0,0,,,"Perumahan Babatan Indah, Babatan, Kec. Wiyung, Surabaya, Jawa Timur 60227",[object Object],,-7.3097625,112.674051,https://www.google.com/maps/place/Sentra+Wisata+Kuliner+Babatan+Indah/data=!4m7!3m6!1s0x2dd7fd245e02bf05:0x5390791dde5fb69!8m2!3d-7.3097625!4d112.674051!16s%2Fg%2F11t_zd5wcv!19sChIJBb8CXiT91y0Rafvl3ZEHOQU?authuser=0&hl=en&rclk=1,0,F&B,Indonesia.Batam.Kuliner.202406162232.db,places,null_required_column
10636,Sentra Kuliner Jl Raya Ponti (Restaurant),0.0,0,0,,,"HP44+J44, Perum Pondok Jati Jl. Raya Ponti, Wismasarinadi, Magersari, Kec. Sidoarjo, Kabupaten Sidoarjo, Jawa Timur 61252",[object Object],,-7.4434882,112.7053238,"https://www.google.com/maps/place/Sentra+Kuliner+Jl+Raya+Ponti/@-7.4434882,112.7053238,17z/data=!3m1!4b1!4m6!3m5!1s0x2dd7e14f11cc30a5:0xb8c232a3516eea83!8m2!3d-7.4434882!4d112.7053238!16s%2Fg%2F11w9nfhrth?authuser=0&hl=en&entry=ttu&g_ep=EgoyMDI0MDgyOC4wIKXMDSoASAFQAw%3D%3D",0,F&B,Indonesia.Batam.Kuliner.202406162232.db,places,null_required_column
10649,Depot Sobek Kwek (Sentra PKL Indrapura) (Brunch restaurant),0.0,0,0,,,"Sentra Kuliner Indrapura Raya No 1, Jl. Indrapura, Krembangan Sel., Kec. Krembangan, Surabaya, Jawa Timur 60175",[object Object],0878-5588-6965,-7.2439209,112.7367418,"https://www.google.com/maps/place/Depot+Sobek+Kwek+(Sentra+PKL+Indrapura)/@-7.2439209,112.7367418,17z/data=!3m1!4b1!4m6!3m5!1s0x2dd7f93e5b2485a5:0xd32082a3ecc440b4!8m2!3d-7.2439209!4d112.7367418!16s%2Fg%2F11b6s58z8s?authuser=0&hl=en&entry=ttu&g_ep=EgoyMDI0MDgyOC4wIKXMDSoASAFQAw%3D%3D",0,F&B,Indonesia.Batam.Kuliner.202406162232.db,places,null_required_column
10659,Seraya (Restaurant),0.0,0,0,,,"5228+6WJ, Jl. Yos Sudarso, Kp. Pelita, Kec. Lubuk Baja, Kota Batam, Kepulauan Riau 29444","[{""day"": ""Sunday"", ""hours"": ""10:00 - 21:00""}, {""day"": ""Monday"", ""hours"": ""10:00 - 21:00""}, {""day"": ""Tuesday"", ""hours"": ""10:00 - 21:00""}, {""day"": ""Wednesday"", ""hours"": ""10:00 - 21:00""}, {""day"": ""Thursday"", ""hours"": ""10:00 - 21:00""}, {""day"": ""Friday"", ""hours"": ""10:00 - 21:00""}, {""day"": ""Saturday"", ""hours"": ""10:00 - 21:00""}]",,1.1505766,104.0172746,"https://www.google.com/maps/place/Seraya/@1.1505766,104.0172746,17z/data=!3m1!4b1!4m6!3m5!1s0x31d989ca0d4df13b:0xe6736fa9ecfa8d3e!8m2!3d1.1505766!4d104.0172746!16s%2Fg%2F11h4wl29dq?authuser=0&hl=en&entry=ttu&g_ep=EgoyMDI0MDgyOC4wIKXMDSoASAFQAw%3D%3D",0.0,F&B,Indonesia.Batam.Kuliner.202406162232.db,places,null_required_column
10688,Sentra Kuliner Bongso Wetan (Restaurant),0.0,0,0,,,"Jl. Perum Griya Kencana No.1c 28, Perum Graha Kencana, Mojosarirejo, Kec. Driyorejo, Kabupaten Gresik, Jawa Timur 61177","[{""day"": ""Sunday"", ""hours"": ""08:00 - 17:00""}, {""day"": ""Monday"", ""hours"": ""08:00 - 20:00""}, {""day"": ""Tuesday"", ""hours"": ""08:00 - 20:00""}, {""day"": ""Wednesday"", ""hours"": ""08:00 - 20:00""}, {""day"": ""Thursday"", ""hours"": ""08:00 - 20:00""}, {""day"": ""Friday"", ""hours"": ""08:00 - 20:00""}, {""day"": ""Saturday"", ""hours"": ""08:00 - 20:00""}]",0813-3252-9125,-7.3438783,112.5880995,"https://www.google.com/maps/place/Sentra+Kuliner+Bongso+Wetan/@-7.3438783,112.5880995,17z/data=!3m1!4b1!4m6!3m5!1s0x2e7807b2aec48791:0x10bd29a337402cb!8m2!3d-7.3438783!4d112.5880995!16s%2Fg%2F11h_ft03fb?authuser=0&hl=en&entry=ttu&g_ep=EgoyMDI0MDgyOC4wIKXMDSoASAFQAw%3D%3D",0,F&B,Indonesia.Batam.Kuliner.202406162232.db,places,null_required_column
10716,Rm Anna (Restaurant),0.0,0,0,,,"Jl. Teuku Umar No.1, Kp. Seraya, Kec. Batu Ampar, Kota Batam, Kepulauan Riau 29444",[object Object],,1.1488362,104.0178617,"https://www.google.com/maps/place/Rm+Anna/@1.1488362,104.0178617,17z/data=!3m1!4b1!4m6!3m5!1s0x31d9895fa0e15017:0x538f109757d322bb!8m2!3d1.1488362!4d104.0178617!16s%2Fg%2F11hf2ct4rn?authuser=0&hl=en&entry=ttu&g_ep=EgoyMDI0MDgyOC4wIKXMDSoASAFQAw%3D%3D",2.0,F&B,Indonesia.Batam.Kuliner.202406162232.db,places,null_required_column
10730,Kuliner Nusantara (Nasi goreng restaurant),0.0,0,0,,,"Kepri Mall, Jl. Ahmad Yani, Sukajadi, Kec. Batam Kota, Kota Batam, Kepulauan Riau 29444","[{""day"": ""Sunday"", ""hours"": ""10:30 - 18:00""}, {""day"": ""Monday"", ""hours"": ""10:00 - 19:00""}, {""day"": ""Tuesday"", ""hours"": ""10:00 - 19:00""}, {""day"": ""Wednesday"", ""hours"": ""10:00 - 19:00""}, {""day"": ""Thursday"", ""hours"": ""10:00 - 19:00""}, {""day"": ""Friday"", ""hours"": ""10:00 - 19:00""}, {""day"": ""Saturday"", ""hours"": ""10:00 - 18:00""}]",0813-7248-1222,1.100331,104.036339,https://www.google.com/maps/place/Kuliner+Nusantara/data=!4m7!3m6!1s0x31d98ecca06aff63:0xe2114611953e3ab7!8m2!3d1.100331!4d104.036339!16s%2Fg%2F11b7ssj1py!19sChIJY_9qoMyO2TERtzo-lRFGEeI?authuser=0&hl=en&rclk=1,2.0,F&B,Indonesia.Batam.Kuliner.202406162232.db,places,null_required_column
10735,Warung Makan Siadari (Restaurant),0.0,0,0,,,"Jl. Muara Takus No.195, Kp. Seraya, Kec. Batu Ampar, Kota Batam, Kepulauan Riau 29453","[{""day"": ""Sunday"", ""hours"": ""06:00 - 00:00""}, {""day"": ""Monday"", ""hours"": ""06:00 - 00:00""}, {""day"": ""Tuesday"", ""hours"": ""06:00 - 00:00""}, {""day"": ""Wednesday"", ""hours"": ""06:00 - 00:00""}, {""day"": ""Thursday"", ""hours"": ""06:00 - 00:00""}, {""day"": ""Friday"", ""hours"": ""06:00 - 00:00""}, {""day"": ""Saturday"", ""hours"": ""06:00 - 00:00""}]",0821-9654-5763,1.151829,104.0140169,"https://www.google.com/maps/place/Warung+Makan+Siadari/@1.151829,104.0140169,17z/data=!3m1!4b1!4m6!3m5!1s0x31d989c767afab5d:0xc1e9a47bafc54c44!8m2!3d1.151829!4d104.0140169!16s%2Fg%2F11w9_ft2st?authuser=0&hl=en&entry=ttu&g_ep=EgoyMDI0MDgyOC4wIKXMDSoASAFQAw%3D%3D",0.0,F&B,Indonesia.Batam.Kuliner.202406162232.db,places,null_required_column
10740,Dapur Mak Nya (Indonesian restaurant),0.0,0,0,,,"42X7+95Q, Foodstreet Nagoya Hill Ground Floor, JL. Teuku Umar, Kp. Seraya, Batam, Kota Batam, Kepulauan Riau 29444",[object Object],(0778) 433988,1.1484656,104.0129993,"https://www.google.com/maps/place/Dapur+Mak+Nya/@1.1484656,104.0129993,17z/data=!3m1!4b1!4m6!3m5!1s0x31d98988acbaee35:0x20d48129eb625f8c!8m2!3d1.1484656!4d104.0129993!16s%2Fg%2F1pzrm3mjp?authuser=0&hl=en&entry=ttu&g_ep=EgoyMDI0MDgyOC4wIKXMDSoASAFQAw%3D%3D",2.0,F&B,Indonesia.Batam.Kuliner.202406162232.db,places,null_required_column
10757,WARUNG MISO MAMAK ROSE (Indonesian restaurant),0.0,0,0,,,"42X7+JF8, Kampung Seraya, Batu Ampar, Batam City, Riau Islands 29444",[object Object],,1.149028,104.0136928,"https://www.google.com/maps/place/WARUNG+MISO+MAMAK+ROSE/@1.149028,104.0136928,17z/data=!3m1!4b1!4m6!3m5!1s0x31d9890005447f5f:0x184581ae13e492b1!8m2!3d1.149028!4d104.0136928!16s%2Fg%2F11w24dqwpn?authuser=0&hl=en&entry=ttu&g_ep=EgoyMDI0MDgyOC4wIKXMDSoASAFQAw%3D%3D",5.0,F&B,Indonesia.Batam.Kuliner.202406162232.db,places,null_required_column
10761,Warjo (Warung Jowo) (Indonesian restaurant),0.0,0,0,,,"Komplek, JL Imam Bonjol-Nagoya, Jl. Nagoya Garden No.64 Bl F, Kampung Seraya, Batu Ampar, Batam City, Riau Islands 29454",[object Object],,1.1484306,104.0145512,https://www.google.com/maps/place/Warjo+%28Warung+Jowo%29/data=!4m7!3m6!1s0x31d98907e51f975f:0x9ff481c7e9f5854d!8m2!3d1.1484306!4d104.0145512!16s%2Fg%2F11vkhm7dzw!19sChIJX5cf5QeJ2TERTYX16ceB9J8?authuser=0&hl=en&rclk=1,2.0,F&B,Indonesia.Batam.Kuliner.202406162232.db,places,null_required_column
10765,Kiki Rumah Makan (Padang restaurant),0.0,0,0,,,"42X7+C76, Kampung Seraya, Batu Ampar, Batam City, Riau Islands 29444","[{""day"": ""Sunday"", ""hours"": ""08:00 - 21:00""}, {""day"": ""Monday"", ""hours"": ""08:00 - 21:00""}, {""day"": ""Tuesday"", ""hours"": ""08:00 - 21:00""}, {""day"": ""Wednesday"", ""hours"": ""08:00 - 21:00""}, {""day"": ""Thursday"", ""hours"": ""08:00 - 21:00""}, {""day"": ""Friday"", ""hours"": ""08:00 - 21:00""}, {""day"": ""Saturday"", ""hours"": ""08:00 - 21:00""}]",(0778) 455283,1.1485404,104.0131421,https://www.google.com/maps/place/Kiki+Rumah+Makan/data=!4m7!3m6!1s0x31d9898f53218d57:0xd7578ba63e37db04!8m2!3d1.1485404!4d104.0131421!16s%2Fg%2F1pzsj7xsr!19sChIJV40hU4-J2TERBNs3PqaLV9c?authuser=0&hl=en&rclk=1,0.0,F&B,Indonesia.Batam.Kuliner.202406162232.db,places,null_required_column
10771,Ok (Restaurant),0.0,0,0,,,"42X8+87Q, Kampung Seraya, Batu Ampar, Batam City, Riau Islands 29444","[{""day"": ""Sunday"", ""hours"": ""10:00 - 21:30""}, {""day"": ""Monday"", ""hours"": ""10:00 - 21:30""}, {""day"": ""Tuesday"", ""hours"": ""10:00 - 21:30""}, {""day"": ""Wednesday"", ""hours"": ""10:00 - 21:30""}, {""day"": ""Thursday"", ""hours"": ""10:00 - 21:30""}, {""day"": ""Friday"", ""hours"": ""10:00 - 21:30""}, {""day"": ""Saturday"", ""hours"": ""10:00 - 21:30""}]",,1.1483384,104.0157322,https://www.google.com/maps/place/Ok/data=!4m7!3m6!1s0x31d989dfe1d60529:0xcb3c9ff91027b990!8m2!3d1.1483384!4d104.0157322!16s%2Fg%2F11j6fv4ypj!19sChIJKQXW4d-J2TERkLknEPmfPMs?authuser=0&hl=en&rclk=1,0.0,F&B,Indonesia.Batam.Kuliner.202406162232.db,places,null_required_column
10772,Kuliner Jakarta Raya (Restaurant),0.0,0,0,,,"Kampung Pajak, Na IX-X, North Labuhan Batu Regency, North Sumatra",[object Object],,2.2637366,99.7682421,https://www.google.com/maps/place/Kuliner+Jakarta+Raya/data=!4m7!3m6!1s0x302d9b29fb646d33:0xc27265a01e2707bc!8m2!3d2.2637366!4d99.7682421!16s%2Fg%2F11qsh704n8!19sChIJM21k-ymbLTARvAcnHqBlcsI?authuser=0&hl=en&rclk=1,2.0,F&B,Indonesia.Batam.Kuliner.202406162232.db,places,null_required_column
10775,Empek-empek Palembang (Restaurant),0.0,0,0,,,"42X8+H4Q, Kampung Seraya, Batu Ampar, Batam City, Riau Islands 29444",[object Object],,1.1489722,104.0153691,"https://www.google.com/maps/place/Empek-empek+Palembang/@1.1489722,104.0153691,17z/data=!3m1!4b1!4m6!3m5!1s0x31d9896fe236ffd1:0x2387ac19fae6d1ae!8m2!3d1.1489722!4d104.0153691!16s%2Fg%2F11j0b4d9ky?authuser=0&hl=en&entry=ttu&g_ep=EgoyMDI0MDgyOC4wIKXMDSoASAFQAw%3D%3D",0.0,F&B,Indonesia.Batam.Kuliner.202406162232.db,places,null_required_column
10784,Dapur Sentra (Brunch restaurant),0.0,0,0,,,"GHGG+HGR, Koto Sentajo, Sentajo Raya, Kuantan Singingi Regency, Riau",[object Object],,-0.4735037,101.576281,https://www.google.com/maps/place/Dapur+Sentra/data=!4m7!3m6!1s0x2e2a4f003942c9a7:0xebb45e63f8d27fa8!8m2!3d-0.4735037!4d101.576281!16s%2Fg%2F11w3c4mjx7!19sChIJp8lCOQBPKi4RqH_S-GNetOs?authuser=0&hl=en&rclk=1,2.0,F&B,Indonesia.Batam.Kuliner.202406162232.db,places,null_required_column
10785,My Taste (Restaurant),0.0,0,0,,,"Jl. Teuku Umar No.1250, Kp. Seraya, Kec. Batu Ampar, Kota Batam, Kepulauan Riau 29444",[object Object],(0778) 433988,1.148209,104.012976,"https://www.google.com/maps/place/My+Taste/@1.148209,104.012976,17z/data=!3m1!4b1!4m6!3m5!1s0x31d98988aac4b4d5:0x75f89eab45443d56!8m2!3d1.148209!4d104.012976!16s%2Fg%2F1pztb6kp5?authuser=0&hl=en&entry=ttu&g_ep=EgoyMDI0MDgyOC4wIKXMDSoASAFQAw%3D%3D",2.0,F&B,Indonesia.Batam.Kuliner.202406162232.db,places,null_required_column
10787,Soto Ayam Suroboyo (Soto ayam restaurant),0.0,0,0,,,"Jl. Teuku Umar No.1250, Kp. Seraya, Kec. Batu Ampar, Kota Batam, Kepulauan Riau 29444","[{""day"": ""Sunday"", ""hours"": ""09:00 - 21:00""}, {""day"": ""Monday"", ""hours"": ""09:00 - 21:00""}, {""day"": ""Tuesday"", ""hours"": ""09:00 - 21:00""}, {""day"": ""Wednesday"", ""hours"": ""09:00 - 21:00""}, {""day"": ""Thursday"", ""hours"": ""09:00 - 21:00""}, {""day"": ""Friday"", ""hours"": ""09:00 - 21:00""}, {""day"": ""Saturday"", ""hours"": ""09:00 - 21:00""}]",(0778) 433988,1.148209,104.012976,"https://www.google.com/maps/place/Soto+Ayam+Suroboyo/@1.148209,104.012976,17z/data=!3m1!4b1!4m6!3m5!1s0x31d98988aac4b4d5:0x954c1b42e1f59cd7!8m2!3d1.148209!4d104.012976!16s%2Fg%2F11b6dqy3kh?authuser=0&hl=en&entry=ttu&g_ep=EgoyMDI0MDgyOC4wIKXMDSoASAFQAw%3D%3D",-1.0,F&B,Indonesia.Batam.Kuliner.202406162232.db,places,null_required_column
10791,Sentra Kuliner Sriwijaya (Restaurant),0.0,0,0,,,"Jl. Kahuripan No.14, Karangbesuki, Kec. Sukun, Kota Malang, Jawa Timur 65111",[object Object],,-7.9763861,112.6304912,"https://www.google.com/maps/place/Sentra+Kuliner+Sriwijaya/@-7.9763861,112.6304912,17z/data=!3m1!4b1!4m6!3m5!1s0x2dd62824a3b37099:0xb029f654e36ea1be!8m2!3d-7.9763861!4d112.6304912!16s%2Fg%2F11fkn0yl8q?authuser=0&hl=en&entry=ttu&g_ep=EgoyMDI0MDgyOC4wIKXMDSoASAFQAw%3D%3D",0,F&B,Indonesia.Batam.Kuliner.202406162232.db,places,null_required_column
10794,Sentra Kuliner Pondok Maritim (Brunch restaurant),0.0,0,0,,,"Sentra Kuliner, Pondok Maritim B Jl. Raya Karang Klumprik, Balas Klumprik, WiyungBalas KlumprikKec. Wiyung, Surabaya, Jawa Timur 60222","[{""day"": ""Sunday"", ""hours"": ""06:30 - 23:00""}, {""day"": ""Monday"", ""hours"": ""06:30 - 23:00""}, {""day"": ""Tuesday"", ""hours"": ""06:30 - 23:00""}, {""day"": ""Wednesday"", ""hours"": ""06:30 - 23:00""}, {""day"": ""Thursday"", ""hours"": ""06:30 - 23:00""}, {""day"": ""Friday"", ""hours"": ""06:30 - 23:00""}, {""day"": ""Saturday"", ""hours"": ""06:30 - 23:00""}]",,-7.3256923,112.687838,"https://www.google.com/maps/place/Sentra+Kuliner+Pondok+Maritim/@-7.3256923,112.687838,17z/data=!3m1!4b1!4m6!3m5!1s0x2dd7fd004b38f723:0x2e5b090fcb5ec868!8m2!3d-7.3256923!4d112.687838!16s%2Fg%2F11w1pzxp_r?authuser=0&hl=en&entry=ttu&g_ep=EgoyMDI0MDgyOC4wIKXMDSoASAFQAw%3D%3D",0,F&B,Indonesia.Batam.Kuliner.202406162232.db,places,null_required_column
10799,Sentra Wisata Kuliner Kandangan (Soup kitchen),0.0,0,0,,,"PMR4+XCM, Jl. Raya Tengger Kandangan, Kandangan, Kec. Benowo, Surabaya, Jawa Timur","[{""day"": ""Sunday"", ""hours"": ""06:00 - 23:00""}, {""day"": ""Monday"", ""hours"": ""06:00 - 23:00""}, {""day"": ""Tuesday"", ""hours"": ""06:00 - 23:00""}, {""day"": ""Wednesday"", ""hours"": ""06:00 - 23:00""}, {""day"": ""Thursday"", ""hours"": ""06:00 - 23:00""}, {""day"": ""Friday"", ""hours"": ""06:00 - 23:00""}, {""day"": ""Saturday"", ""hours"": ""06:00 - 23:00""}]",,-7.2575469,112.6560385,https://www.google.com/maps/place/Sentra+Wisata+Kuliner+Kandangan/data=!4m7!3m6!1s0x2dd7ff002e930f1f:0x203e9f7c8a27ca97!8m2!3d-7.2575469!4d112.6560385!16s%2Fg%2F11y79zxp26!19sChIJHw-TLgD_1y0Rl8oninyfPiA?authuser=0&hl=en&rclk=1,0,F&B,Indonesia.Batam.Kuliner.202406162232.db,places,null_required_column
10804,LALAPAN SAMBAL MENTAH (Traditional restaurant),0.0,0,0,,,"42X7+GR6, Kampung Seraya, Batu Ampar, Batam City, Riau Islands",[object Object],,1.148778,104.0145215,"https://www.google.com/maps/place/LALAPAN+SAMBAL+MENTAH/@1.148778,104.0145215,17z/data=!3m1!4b1!4m6!3m5!1s0x31d989006e15451b:0x9abf41e2182b9fd2!8m2!3d1.148778!4d104.0145215!16s%2Fg%2F11vy2kg6vk?authuser=0&hl=en&entry=ttu&g_ep=EgoyMDI0MDgyOC4wIKXMDSoASAFQAw%3D%3D",0.0,F&B,Indonesia.Batam.Kuliner.202406162232.db,places,null_required_column
10806,RM  Manado bapontar 168 foodcourt  Batam  (Diner),0.0,0,0,,,"Jl. Nagoya Hill jln seraya, Kp. Seraya, Kec. Batu Ampar, Kota Batam, Kepulauan Riau 29444","[{""day"": ""Sunday"", ""hours"": ""08:00 - 20:00""}, {""day"": ""Monday"", ""hours"": ""08:00 - 20:00""}, {""day"": ""Tuesday"", ""hours"": ""08:00 - 20:00""}, {""day"": ""Wednesday"", ""hours"": ""08:00 - 20:00""}, {""day"": ""Thursday"", ""hours"": ""08:00 - 20:00""}, {""day"": ""Friday"", ""hours"": ""08:00 - 20:00""}, {""day"": ""Saturday"", ""hours"": ""08:00 - 20:00""}]",0812-8348-3035,1.148922,104.0138474,"https://www.google.com/maps/place/RM.+Manado+bapontar+168+foodcourt,+Batam./@1.148922,104.0138474,17z/data=!3m1!4b1!4m6!3m5!1s0x31d989a5b5b1bb7d:0x151c31ef3336452f!8m2!3d1.148922!4d104.0138474!16s%2Fg%2F11vbs5mqgp?authuser=0&hl=en&entry=ttu&g_ep=EgoyMDI0MDgyOC4wIKXMDSoASAFQAw%3D%3D",2.0,F&B,Indonesia.Batam.Kuliner.202406162232.db,places,null_required_column
10809,Ayam Penyet Mak Nyoss (Ayam penyet restaurant),0.0,0,0,,,"42X8+862, Kampung Seraya, Batu Ampar, Batam City, Riau Islands 29444","[{""day"": ""Sunday"", ""hours"": ""11:00 - 02:00""}, {""day"": ""Monday"", ""hours"": ""11:00 - 02:00""}, {""day"": ""Tuesday"", ""hours"": ""11:00 - 02:00""}, {""day"": ""Wednesday"", ""hours"": ""11:00 - 02:00""}, {""day"": ""Thursday"", ""hours"": ""11:00 - 02:00""}, {""day"": ""Friday"", ""hours"": ""11:00 - 02:00""}, {""day"": ""Saturday"", ""hours"": ""11:00 - 02:00""}]",0813-7212-2125,1.148275,104.0155305,"https://www.google.com/maps/place/Ayam+Penyet+Mak+Nyoss/@1.148275,104.0155305,17z/data=!3m1!4b1!4m6!3m5!1s0x31d9898f7c3acf5d:0xdd64058798e2c80b!8m2!3d1.148275!4d104.0155305!16s%2Fg%2F11f5bxjz1w?authuser=0&hl=en&entry=ttu&g_ep=EgoyMDI0MDgyOC4wIKXMDSoASAFQAw%3D%3D",2.0,F&B,Indonesia.Batam.Kuliner.202406162232.db,places,null_required_column
10820,Sentra Pkl Raya Tenggilis (Restaurant),0.0,0,0,,,"Jl. Raya Tenggilis No.138, Tenggilis Mejoyo, Kec. Tenggilis Mejoyo, Surabaya, Jawa Timur 60299",[object Object],,-7.3204947,112.7593206,"https://www.google.com/maps/place/Sentra+Pkl+Raya+Tenggilis/@-7.3204947,112.7593206,17z/data=!3m1!4b1!4m6!3m5!1s0x2dd7fb1c31315275:0x50649a42625bc332!8m2!3d-7.3204947!4d112.7593206!16s%2Fg%2F11j4t6lkhr?authuser=0&hl=en&entry=ttu&g_ep=EgoyMDI0MDgyOC4wIKXMDSoASAFQAw%3D%3D",0,F&B,Indonesia.Batam.Kuliner.202406162232.db,places,null_required_column
10824,Teras chilli peri (Restaurant),0.0,0,0,,,"Seraya garden No.56, Kp. Seraya, Kec. Batu Ampar, Kota Batam, Kepulauan Riau","[{""day"": ""Sunday"", ""hours"": ""08:00 - 22:00""}, {""day"": ""Monday"", ""hours"": ""08:00 - 22:00""}, {""day"": ""Tuesday"", ""hours"": ""08:00 - 22:00""}, {""day"": ""Wednesday"", ""hours"": ""08:00 - 22:00""}, {""day"": ""Thursday"", ""hours"": ""08:00 - 22:00""}, {""day"": ""Friday"", ""hours"": ""08:00 - 22:00""}, {""day"": ""Saturday"", ""hours"": ""08:00 - 22:00""}]",0821-7242-6402,1.150305,104.0160449,https://www.google.com/maps/place/Teras+chilli+peri/data=!4m7!3m6!1s0x31d9899265b30bbd:0xd96cedbf71972cbf!8m2!3d1.150305!4d104.0160449!16s%2Fg%2F11st817stt!19sChIJvQuzZZKJ2TERvyyXcb_tbNk?authuser=0&hl=en&rclk=1,5.0,F&B,Indonesia.Batam.Kuliner.202406162232.db,places,null_required_column
10825,BAKSO 168 FOODCORT (Indonesian restaurant),0.0,0,0,,,"42X7+HX2, Kampung Seraya, Batu Ampar, Batam City, Riau Islands 29444",[object Object],0812-6906-4423,1.1488875,104.0148906,"https://www.google.com/maps/place/BAKSO+168+FOODCORT/@1.1488875,104.0148906,17z/data=!3m1!4b1!4m6!3m5!1s0x31d989c840d68df7:0xfbfc9cc6dba30001!8m2!3d1.1488875!4d104.0148906!16s%2Fg%2F11vcbhcdjd?authuser=0&hl=en&entry=ttu&g_ep=EgoyMDI0MDgyOC4wIKXMDSoASAFQAw%3D%3D",2.0,F&B,Indonesia.Batam.Kuliner.202406162232.db,places,null_required_column
10830,Warung Buncit (Indonesian restaurant),0.0,0,0,,,"Komplek Nagoya Garden, Blok G No. 8, Seraya, Lubuk Baja Kota, Kec. Lubuk Baja, Kota Batam, Kepulauan Riau 29444",[object Object],(0778) 7044644,1.143712,104.006216,https://www.google.com/maps/place/Warung+Buncit/data=!4m7!3m6!1s0x31d98a29f6b950d3:0xe001eb0c254e19f7!8m2!3d1.143712!4d104.006216!16s%2Fg%2F11bc7qmvrb!19sChIJ01C59imK2TER9xlOJQzrAeA?authuser=0&hl=en&rclk=1,0.0,F&B,Indonesia.Batam.Kuliner.202406162232.db,places,null_required_column
10840,RM Manado Bapontar (Brunch restaurant),0.0,0,0,,,"Jalan Seraya Gazebo No.54-55 FOODCOURT 168, Kampung Seraya, Batu Ampar, Batam City, Riau Islands 29444","[{""day"": ""Sunday"", ""hours"": ""08:00 - 20:00""}, {""day"": ""Monday"", ""hours"": ""08:00 - 20:00""}, {""day"": ""Tuesday"", ""hours"": ""08:00 - 20:00""}, {""day"": ""Wednesday"", ""hours"": ""08:00 - 20:00""}, {""day"": ""Thursday"", ""hours"": ""08:00 - 20:00""}, {""day"": ""Friday"", ""hours"": ""08:00 - 20:00""}, {""day"": ""Saturday"", ""hours"": ""08:00 - 20:00""}]",0812-8348-3035,1.1489113,104.0138675,https://www.google.com/maps/place/RM+Manado+Bapontar/data=!4m7!3m6!1s0x31d9893573ce6487:0x26a556caab33342b!8m2!3d1.1489113!4d104.0138675!16s%2Fg%2F11vf169673!19sChIJh2TOczWJ2TERKzQzq8pWpSY?authuser=0&hl=en&rclk=1,2.0,F&B,Indonesia.Batam.Kuliner.202406162232.db,places,null_required_column
10841,Warung pempek Nila (Pempek restaurant),0.0,0,0,,,"42X8+WQ3, Kampung Seraya, Batu Ampar, Batam City, Riau Islands 29444",[object Object],,1.1497625,104.0169219,"https://www.google.com/maps/place/Warung+pempek+Nila/@1.1497625,104.0169219,17z/data=!3m1!4b1!4m6!3m5!1s0x31d989001346c99b:0xcc5f651ad29661e5!8m2!3d1.1497625!4d104.0169219!16s%2Fg%2F11vqs5vdww?authuser=0&hl=en&entry=ttu&g_ep=EgoyMDI0MDgyOC4wIKXMDSoASAFQAw%3D%3D",0,F&B,Indonesia.Batam.Kuliner.202406162232.db,places,null_required_column
10855,Tempat Makan Rujak (Cafe),0.0,0,0,,,"42PG+99Q, Jl. Laksamana Bintan Komp. Pertokoan Seruni, Kp. Seraya, Kec. Batam Kota, Kota Batam, Kepulauan Riau 29444",[object Object],,1.1359559,104.025988,https://www.google.com/maps/place/Tempat+Makan+Rujak/data=!4m7!3m6!1s0x31d9897437b1b717:0x489cb8ba1a6e7072!8m2!3d1.1359559!4d104.025988!16s%2Fg%2F11gcxznkgg!19sChIJF7exN3SJ2TERcnBuGrq4nEg?authuser=0&hl=en&rclk=1,0.0,F&B,Indonesia.Batam.Kuliner.202406162232.db,places,null_required_column
10862,Warung bakso & mie ayam mas aris (Restaurant),0.0,0,0,,,"Kaving seraya, Kp. Seraya, Kec. Batu Ampar, Kota Batam, Kepulauan Riau 29444",[object Object],0857-1216-4163,1.1496233,104.017273,"https://www.google.com/maps/place/Warung+bakso+%26+mie+ayam+mas+aris/@1.1496233,104.017273,17z/data=!3m1!4b1!4m6!3m5!1s0x31d989f26b0244a5:0x24abb48e70c87a06!8m2!3d1.1496233!4d104.017273!16s%2Fg%2F11sr_y6kwg?authuser=0&hl=en&entry=ttu&g_ep=EgoyMDI0MDgyOC4wIKXMDSoASAFQAw%3D%3D",0,F&B,Indonesia.Batam.Kuliner.202406162232.db,places,null_required_column
10884,Warung mak gaul (Nasi restaurant),0.0,0,0,,,"Nagoya point, Blk. C No.02, Sungai Lekop, Kec. Sagulung, Kota Batam, Kepulauan Riau 29445",[object Object],0821-7374-9120,1.0330505,103.9454673,https://www.google.com/maps/place/Warung+mak+gaul/data=!4m7!3m6!1s0x31d98dad81cb1d05:0x9fee04738bc108c!8m2!3d1.0330505!4d103.9454673!16s%2Fg%2F11sd_pd56_!19sChIJBR3Lga2N2TERjBC8OEfg_gk?authuser=0&hl=en&rclk=1,0,F&B,Indonesia.Batam.Kuliner.202406162232.db,places,null_required_column
10885,Sttn Bubur Baraya (Porridge restaurant),0.0,0,0,,,"Jl. Teuku Umar No.1, Kp. Seraya, Kec. Batu Ampar, Kota Batam, Kepulauan Riau 29444",[object Object],,1.1477512,104.0161901,"https://www.google.com/maps/place/Sttn+Bubur+Baraya/@1.1477512,104.0161901,17z/data=!3m1!4b1!4m6!3m5!1s0x31d9898578d9c401:0xe6295f4d357c20db!8m2!3d1.1477512!4d104.0161901!16s%2Fg%2F11c6_wgkgz?authuser=0&hl=en&entry=ttu&g_ep=EgoyMDI0MDgyOC4wIKXMDSoASAFQAw%3D%3D",2.0,F&B,Indonesia.Batam.Kuliner.202406162232.db,places,null_required_column
10886,RM MASAKAN JAWA 21 (Brunch restaurant),0.0,0,0,,,"Jl. Raya Sei Lekop-Sagulung, Sungai Lekop, Kec. Sagulung, Kota Batam, Kepulauan Riau 29472",[object Object],0852-1406-3454,1.0251617,103.944912,"https://www.google.com/maps/place/RM+MASAKAN+JAWA+21/@1.0251617,103.944912,17z/data=!3m1!4b1!4m6!3m5!1s0x31d99399fd0b9923:0x7a9aac98dbeb6bfb!8m2!3d1.0251617!4d103.944912!16s%2Fg%2F11v3h7k2s4?authuser=0&hl=en&entry=ttu&g_ep=EgoyMDI0MDgyOC4wIKXMDSoASAFQAw%3D%3D",2.0,F&B,Indonesia.Batam.Kuliner.202406162232.db,places,null_required_column
10887,Coffe Luwak (Family restaurant),0.0,0,0,,,"Nagoya Hill Mall 2nd Floor, JL. Teuku Umar, Kp. Seraya, Kec. Batu Ampar, Kota Batam, Kepulauan Riau 29444","[{""day"": ""Sunday"", ""hours"": ""10:00 - 21:30""}, {""day"": ""Monday"", ""hours"": ""10:00 - 21:30""}, {""day"": ""Tuesday"", ""hours"": ""10:00 - 21:30""}, {""day"": ""Wednesday"", ""hours"": ""10:00 - 21:30""}, {""day"": ""Thursday"", ""hours"": ""10:00 - 21:30""}, {""day"": ""Friday"", ""hours"": ""10:00 - 21:30""}, {""day"": ""Saturday"", ""hours"": ""10:00 - 21:30""}]",(0778) 433988,1.148209,104.012976,"https://www.google.com/maps/place/Coffe+Luwak/@1.148209,104.012976,17z/data=!3m1!4b1!4m6!3m5!1s0x31d98988aac4b4d5:0xe59d2b8d55454587!8m2!3d1.148209!4d104.012976!16s%2Fg%2F1pzq4csj3?authuser=0&hl=en&entry=ttu&g_ep=EgoyMDI0MDgyOC4wIKXMDSoASAFQAw%3D%3D",5.0,F&B,Indonesia.Batam.Kuliner.202406162232.db,places,null_required_column
10891,Kawasan kuliner sungai jodoh (Coffee shop),0.0,0,0,,,"5224+J8X Komplek Jaya Putra Batam, Jl. Raja Ali H., Sungai Jodoh, Kec. Batu Ampar, Kota Batam, Kepulauan Riau 29432",[object Object],,1.1516073,104.0058466,"https://www.google.com/maps/place/Kawasan+kuliner+sungai+jodoh/@1.1516073,104.0058466,17z/data=!3m1!4b1!4m6!3m5!1s0x31d98b000a27c8a9:0x59a7fb27fb87d0f2!8m2!3d1.1516073!4d104.0058466!16s%2Fg%2F11vm1x56jv?authuser=0&hl=en&entry=ttu&g_ep=EgoyMDI0MDgyOC4wIKXMDSoASAFQAw%3D%3D",2.0,F&B,Indonesia.Batam.Kuliner.202406162232.db,places,null_required_column
10899,KING SOP Soto Medan dan Sop Tulang (Diner),0.0,0,0,,,"Komp Nagoya Garden II Blok C No 17, Kp. Seraya, Kec. Batu Ampar, Kota Batam, Kepulauan Riau 29444",[object Object],0812-8924-0880,1.1483697,104.0160984,https://www.google.com/maps/place/KING+SOP+Soto+Medan+dan+Sop+Tulang/data=!4m7!3m6!1s0x31d989cf5de11a91:0x6b8c160099ffa73c!8m2!3d1.1483697!4d104.0160984!16s%2Fg%2F11vzrzmc52!19sChIJkRrhXc-J2TERPKf_mQAWjGs?authuser=0&hl=en&rclk=1,5.0,F&B,Indonesia.Batam.Kuliner.202406162232.db,places,null_required_column
10905,RUMAH MAKAN IBU FANG (Restaurant),0.0,0,0,,,"Jl. Anggrek Permai Blk. I No.32, Sungai Lekop, Kec. Sagulung, Kota Batam, Kepulauan Riau 29444",[object Object],0812-6632-7358,1.0340057,103.9485997,https://www.google.com/maps/place/RUMAH+MAKAN+IBU+FANG/data=!4m7!3m6!1s0x31d98dd78e8e0723:0xc7f3da65c8998e2f!8m2!3d1.0340057!4d103.9485997!16s%2Fg%2F11h41mzdls!19sChIJIweOjteN2TERL46ZyGXa88c?authuser=0&hl=en&rclk=1,2.0,F&B,Indonesia.Batam.Kuliner.202406162232.db,places,null_required_column
10906,RM Banda dalam (Diner),0.0,0,0,,,"Komplek ruko centre park, Blk. B No.7, Sungai Lekop, Kec. Sagulung, Kota Batam, Kepulauan Riau 15341","[{""day"": ""Sunday"", ""hours"": ""09:00 - 21:00""}, {""day"": ""Monday"", ""hours"": ""09:00 - 21:00""}, {""day"": ""Tuesday"", ""hours"": ""09:00 - 21:00""}, {""day"": ""Wednesday"", ""hours"": ""09:00 - 21:00""}, {""day"": ""Thursday"", ""hours"": ""09:00 - 21:00""}, {""day"": ""Friday"", ""hours"": ""09:00 - 21:00""}, {""day"": ""Saturday"", ""hours"": ""09:00 - 21:00""}]",0812-7604-3044,1.0335317,103.9458509,"https://www.google.com/maps/place/RM+Banda+dalam/@1.0335317,103.9458509,17z/data=!3m1!4b1!4m6!3m5!1s0x31d98de2abbb9a95:0x3bbfab36136065fd!8m2!3d1.0335317!4d103.9458509!16s%2Fg%2F11sd_rlflp?authuser=0&hl=en&entry=ttu&g_ep=EgoyMDI0MDgyOC4wIKXMDSoASAFQAw%3D%3D",2.0,F&B,Indonesia.Batam.Kuliner.202406162232.db,places,null_required_column
10914,Bubur Anon THI (Chinese restaurant),0.0,0,0,,,"Jl. Taman Harapan Indah No.8, Sungai Harapan, Kec. Sekupang, Kota Batam, Kepulauan Riau 29425, Indonesia",[object Object],,1.1012516,103.9446568,https://www.google.com/maps/place/Bubur+Anon+THI/data=!4m7!3m6!1s0x31d98d002b7d1c19:0x7a5d418ae1e34177!8m2!3d1.1012516!4d103.9446568!16s%2Fg%2F11vwz8_7gm!19sChIJGRx9KwCN2TERd0Hj4YpBXXo?authuser=0&hl=en&rclk=1,-1.0,F&B,Indonesia.Batam.Kuliner.202406162232.db,places,null_required_column
10918,Gadeno (Bakso restaurant),0.0,0,0,,,"Nagoya Hill Mall 2nd Floor, JL. Teuku Umar, Kp. Seraya, Kec. Batu Ampar, Kota Batam, Kepulauan Riau 29444","[{""day"": ""Sunday"", ""hours"": ""10:30 - 22:00""}, {""day"": ""Monday"", ""hours"": ""10:30 - 22:00""}, {""day"": ""Tuesday"", ""hours"": ""10:30 - 22:00""}, {""day"": ""Wednesday"", ""hours"": ""10:30 - 22:00""}, {""day"": ""Thursday"", ""hours"": ""10:30 - 22:00""}, {""day"": ""Friday"", ""hours"": ""10:30 - 22:00""}, {""day"": ""Saturday"", ""hours"": ""10:30 - 22:00""}]",(0778) 433988,1.148209,104.012976,https://www.google.com/maps/place/Gadeno/data=!4m7!3m6!1s0x31d98988aac4b4d5:0xad6a4ff5fceabbfd!8m2!3d1.148209!4d104.012976!16s%2Fg%2F11bc7qbxzm!19sChIJ1bTEqoiJ2TER_bvq_PVPaq0?authuser=0&hl=en&rclk=1,2.0,F&B,Indonesia.Batam.Kuliner.202406162232.db,places,null_required_column
10919,Kawasan Kuliner jodoh murah meriah (Soup kitchen),0.0,0,0,,,"5243+CQR, Jodoh River, Batu Ampar, Batam City, Riau Islands",[object Object],,1.1561152,104.0044037,https://www.google.com/maps/place/Kawasan+Kuliner+jodoh+murah+meriah/data=!4m7!3m6!1s0x31d98bbf0557c3cf:0xd4083da467688b87!8m2!3d1.1561152!4d104.0044037!16s%2Fg%2F11t4dy2grv!19sChIJz8NXBb-L2TERh4toZ6Q9CNQ?authuser=0&hl=en&rclk=1,0.0,F&B,Indonesia.Batam.Kuliner.202406162232.db,places,null_required_column
10923,CV KYL DFS (Restaurant),0.0,0,0,,,"42X8+49M, Unnamed Road, Kampung Seraya, Batu Ampar, Batam City, Riau Islands 29444",[object Object],,1.1478366,104.0159315,https://www.google.com/maps/place/CV.KYL+DFS/data=!4m7!3m6!1s0x31d989b258b04991:0xaefcfe886be396ec!8m2!3d1.1478366!4d104.0159315!16s%2Fg%2F11h6crvw13!19sChIJkUmwWLKJ2TER7Jbja4j-_K4?authuser=0&hl=en&rclk=1,5.0,F&B,Indonesia.Batam.Kuliner.202406162232.db,places,null_required_column
10926,Salero Kampung (Restaurant),0.0,0,0,,,"Jl. Budi Kemuliaan No.11, Kp. Seraya, Kec. Batu Ampar, Kota Batam, Kepulauan Riau 29444",[object Object],,1.1488176,104.0150343,https://www.google.com/maps/place/Salero+Kampung/data=!4m7!3m6!1s0x31d98919a552d6ab:0x6b724e0dd5783425!8m2!3d1.1488176!4d104.0150343!16s%2Fg%2F11fph43slc!19sChIJq9ZSpRmJ2TERJTR41Q1Ocms?authuser=0&hl=en&rclk=1,2.0,F&B,Indonesia.Batam.Kuliner.202406162232.db,places,null_required_column
10930,Rm Pagi Malam Bu Ais (Restaurant),0.0,0,0,,,"Gg. Melati Blk. A No.12, Sungai Lekop, Kec. Sagulung, Kota Batam, Kepulauan Riau",[object Object],,1.0379259,103.9492864,"https://www.google.com/maps/place/Rm+Pagi+Malam+Bu+Ais/@1.0379259,103.9492864,17z/data=!3m1!4b1!4m6!3m5!1s0x31d98d7029c92043:0x5a0c1166b9540613!8m2!3d1.0379259!4d103.9492864!16s%2Fg%2F11j8ldp978?authuser=0&hl=en&entry=ttu&g_ep=EgoyMDI0MDgyOC4wIKXMDSoASAFQAw%3D%3D",0.0,F&B,Indonesia.Batam.Kuliner.202406162232.db,places,null_required_column
10932,peniun (Restaurant),0.0,0,0,,,"peniun permeai Blk. B No.3, Sungai Lekop, Kec. Sagulung, Kota Batam, Kepulauan Riau 29425",[object Object],,1.0336989,103.946065,https://www.google.com/maps/place/peniun/data=!4m7!3m6!1s0x31d98d0031dd0eb9:0x88668601132f038f!8m2!3d1.0336989!4d103.946065!16s%2Fg%2F11lmk8d2jf!19sChIJuQ7dMQCN2TERjwMvEwGGZog?authuser=0&hl=en&rclk=1,0,F&B,Indonesia.Batam.Kuliner.202406162232.db,places,null_required_column
10938,RUMAH MAKAN KUMPULAN (Restaurant),0.0,0,0,,,"2WQQ+R3J, Jl. Raya Sei Lekop-Sagulung, Sungai Binti, Kec. Sagulung, Kota Batam, Kepulauan Riau 29425",[object Object],,1.0395771,103.9376296,https://www.google.com/maps/place/RUMAH+MAKAN+KUMPULAN/data=!4m7!3m6!1s0x31d98d69d7de5a9b:0xf1c34aed16e6f7fa!8m2!3d1.0395771!4d103.9376296!16s%2Fg%2F11vrf9pzmy!19sChIJm1re12mN2TER-vfmFu1Kw_E?authuser=0&hl=en&rclk=1,2.0,F&B,Indonesia.Batam.Kuliner.202406162232.db,places,null_required_column
10943,Rumah mak iwan C 82 (Snack bar),0.0,0,0,,,"abadi, Kav. Sagulung Baru Blk. C No.82, Sungai Lekop, Kec. Sagulung, Kota Batam, Kepulauan Riau 29439",[object Object],0838-0915-9402,1.0322489,103.9506186,"https://www.google.com/maps/place/Rumah+mak+iwan+C.82/@1.0322489,103.9506186,17z/data=!3m1!4b1!4m6!3m5!1s0x31d98d549a817259:0xe4c6d20122049635!8m2!3d1.0322489!4d103.9506186!16s%2Fg%2F11vwwyzzqx?authuser=0&hl=en&entry=ttu&g_ep=EgoyMDI0MDgyOC4wIKXMDSoASAFQAw%3D%3D",0.0,F&B,Indonesia.Batam.Kuliner.202406162232.db,places,null_required_column
10946,RM MORA KHAS TAPANULI (Diner),0.0,0,0,,,"4X33+JH5, Harapan River, Sekupang, Batam City, Riau Islands 29425, Indonesia",[object Object],+62 821-7374-1094,1.1040023,103.9539961,https://www.google.com/maps/place/RM+MORA+KHAS+TAPANULI/data=!4m7!3m6!1s0x31d98bd030ac9579:0x760f3323e0972745!8m2!3d1.1040023!4d103.9539961!16s%2Fg%2F11fwdlhpl9!19sChIJeZWsMNCL2TERRSeX4CMzD3Y?authuser=0&hl=en&rclk=1,-1.0,F&B,Indonesia.Batam.Kuliner.202406162232.db,places,null_required_column
10954,Warung Tenda Biru (Snack bar),0.0,0,0,,,"Belakang rumah makan surya, Jl. KH Ahmad Dahlan, Sungai Harapan, Kec. Sekupang, Kota Batam, Kepulauan Riau 29425, Indonesia",[object Object],+62 895-6294-48055,1.1036791,103.9536021,https://www.google.com/maps/place/Warung+Tenda+Biru/data=!4m7!3m6!1s0x31d98bd7c0739a2d:0xa2ac7fc3fc35e7fb!8m2!3d1.1036791!4d103.9536021!16s%2Fg%2F11l5pzk_cv!19sChIJLZpzwNeL2TER--c1_MN_rKI?authuser=0&hl=en&rclk=1,0,F&B,Indonesia.Batam.Kuliner.202406162232.db,places,null_required_column
10963,Nyuk Nyang 82 (Bakso restaurant),0.0,0,0,,,"Perumahan Royal Grande II Blk. E No.16, Sungai Lekop, Kec. Sagulung, Kota Batam, Kepulauan Riau 29431",[object Object],0852-8748-4848,1.0327572,103.9459276,"https://www.google.com/maps/place/Nyuk+Nyang+82/@1.0327572,103.9459276,17z/data=!3m1!4b1!4m6!3m5!1s0x31d98d36a662b5f1:0x1e36dc66ee643d91!8m2!3d1.0327572!4d103.9459276!16s%2Fg%2F11y79zwk_5?authuser=0&hl=en&entry=ttu&g_ep=EgoyMDI0MDgyOC4wIKXMDSoASAFQAw%3D%3D",5.0,F&B,Indonesia.Batam.Kuliner.202406162232.db,places,null_required_column
10968,WARUNG SARAPAN BUDE TIN (WARUNG MAKAN IDOLA),0.0,0,0,,,"Jl. Kav. Pelopor Selatan, Sungai Lekop, Kec. Sagulung, Kota Batam, Kepulauan Riau 29439",[object Object],,1.0368018,103.9542971,"https://www.google.com/maps/place/WARUNG+SARAPAN+BUDE+TIN/@1.0368018,103.9542971,17z/data=!3m1!4b1!4m6!3m5!1s0x31d98d70a881143f:0xc30a4c315ba815fd!8m2!3d1.0368018!4d103.9542971!16s%2Fg%2F11schxvhjv?authuser=0&hl=en&entry=ttu&g_ep=EgoyMDI0MDgyOC4wIKXMDSoASAFQAw%3D%3D",5.0,F&B,Indonesia.Batam.Kuliner.202406162232.db,places,null_required_column
10969,Dapur chacha (Brunch restaurant),0.0,0,0,,,"Perumahan Anggara graha, Blk. E No.12, RT.01/RW.12, Sungai Lekop, Kec. Batu Aji, Kota Batam, Kepulauan Riau 29439",[object Object],,1.0327338,103.9459432,"https://www.google.com/maps/place/Dapur+chacha/@1.0327338,103.9459432,17z/data=!3m1!4b1!4m6!3m5!1s0x31d98d007ca96bf9:0x547bdf6099de696f!8m2!3d1.0327338!4d103.9459432!16s%2Fg%2F11vtbgt15v?authuser=0&hl=en&entry=ttu&g_ep=EgoyMDI0MDgyOC4wIKXMDSoASAFQAw%3D%3D",5.0,F&B,Indonesia.Batam.Kuliner.202406162232.db,places,null_required_column
10973,Rm khas Melayu Bismillah (Malaysian restaurant),0.0,0,0,,,"2XP3+6PP, Jl. Kav. Pelopor Selatan, Sungai Lekop, Kec. Sagulung, Kota Batam, Kepulauan Riau 29425","[{""day"": ""Sunday"", ""hours"": ""06:30 - 23:30""}, {""day"": ""Monday"", ""hours"": ""06:30 - 23:30""}, {""day"": ""Tuesday"", ""hours"": ""06:30 - 23:30""}, {""day"": ""Wednesday"", ""hours"": ""06:30 - 23:30""}, {""day"": ""Thursday"", ""hours"": ""06:30 - 23:30""}, {""day"": ""Friday"", ""hours"": ""06:30 - 23:30""}, {""day"": ""Saturday"", ""hours"": ""06:30 - 23:30""}]",0852-7151-9913,1.0355884,103.9543141,"https://www.google.com/maps/place/Rm.khas+Melayu+Bismillah/@1.0355884,103.9543141,17z/data=!3m1!4b1!4m6!3m5!1s0x31d98de73e603471:0xe7e07106c762972a!8m2!3d1.0355884!4d103.9543141!16s%2Fg%2F11glw474qp?authuser=0&hl=en&entry=ttu&g_ep=EgoyMDI0MDgyOC4wIKXMDSoASAFQAw%3D%3D",2.0,F&B,Indonesia.Batam.Kuliner.202406162232.db,places,null_required_column
10982,Pempek Selamat Tiban (Restaurant),0.0,0,0,,,"Jl. Gajah Mada, Sungai Harapan, Kec. Sekupang, Kota Batam, Kepulauan Riau, Indonesia",[object Object],+62 823-8639-1661,1.1092705,103.9576984,https://www.google.com/maps/place/Pempek+Selamat+Tiban/data=!4m7!3m6!1s0x31d98b685624f751:0x6661be651c7f75a!8m2!3d1.1092705!4d103.9576984!16s%2Fg%2F11y2hqtbvv!19sChIJUfckVmiL2TERWvfHUeYbZgY?authuser=0&hl=en&rclk=1,2.0,F&B,Indonesia.Batam.Kuliner.202406162232.db,places,null_required_column
10989,Warung makan kediri mbk ifah (Diner),0.0,0,0,,,"Tiban ksb mentarau, Blk. I No.19, Sungai Lekop, Kec. Sagulung, Kota Batam, Kepulauan Riau 29424",[object Object],0813-7103-6944,1.0340034,103.9486023,https://www.google.com/maps/place/Warung+makan+kediri+mbk+ifah/data=!4m7!3m6!1s0x31d98d5f317790eb:0x552d0e7ae2a74a62!8m2!3d1.0340034!4d103.9486023!16s%2Fg%2F11q4gqfzgh!19sChIJ65B3MV-N2TERYkqn4noOLVU?authuser=0&hl=en&rclk=1,0,F&B,Indonesia.Batam.Kuliner.202406162232.db,places,null_required_column
10991,Dama Gadang Masakan Padanc (Restaurant),0.0,0,0,,,"2WQX+4MX, Gg. Melati Jl. Raya Kav. Lama, Sungai Lekop, Kec. Sagulung, Kota Batam, Kepulauan Riau 29444",[object Object],,1.0378605,103.9492469,https://www.google.com/maps/place/Dama+Gadang+Masakan+Padanc/data=!4m7!3m6!1s0x31d98d701ffb8a07:0xfe4c414d10f3ce98!8m2!3d1.0378605!4d103.9492469!16s%2Fg%2F11vz81ccpf!19sChIJB4r7H3CN2TERmM7zEE1BTP4?authuser=0&hl=en&rclk=1,-1.0,F&B,Indonesia.Batam.Kuliner.202406162232.db,places,null_required_column
10999,WARUNG SARAPAN PAGI BUNDA (Brunch restaurant),0.0,0,0,,,"4X33+P7C, Jl. Komp. Ps. Sei Harapan, Sungai Harapan, Kec. Sekupang, Kota Batam, Kepulauan Riau 29425, Indonesia",[object Object],+62 856-6318-216,1.1043181,103.9531313,https://www.google.com/maps/place/WARUNG+SARAPAN+PAGI+BUNDA/data=!4m7!3m6!1s0x31d98b003032229b:0x69251439d571231a!8m2!3d1.1043181!4d103.9531313!16s%2Fg%2F11vr43xkmx!19sChIJmyIyMACL2TERGiNx1TkUJWk?authuser=0&hl=en&rclk=1,-1.0,F&B,Indonesia.Batam.Kuliner.202406162232.db,places,null_required_column
11003,Bakmi Tesalonika (Noodle shop),0.0,0,0,,,"2XP7+P47, Jl. Batu Aji Baru, Sungai Langkai, Kec. Sagulung, Kota Batam, Kepulauan Riau 29425",[object Object],,1.0367766,103.9628053,"https://www.google.com/maps/place/Bakmi+Tesalonika/@1.0367766,103.9628053,17z/data=!3m1!4b1!4m6!3m5!1s0x31d98d8acfe8d73f:0x76c0b57484687690!8m2!3d1.0367766!4d103.9628053!16s%2Fg%2F11j4s9s_bz?authuser=0&hl=en&entry=ttu&g_ep=EgoyMDI0MDgyOC4wIKXMDSoASAFQAw%3D%3D",2.0,F&B,Indonesia.Batam.Kuliner.202406162232.db,places,null_required_column
11006,Ruko Lotus garden Batam canter (Indonesian restaurant),0.0,0,0,,,"Blk. AA No.05, Sungai Lekop, Kec. Sagulung, Kota Batam, Kepulauan Riau 29425",[object Object],,1.0334985,103.9448401,https://www.google.com/maps/place/Ruko+Lotus+garden+Batam+canter/data=!4m7!3m6!1s0x31d98d0050ea2a27:0x51421bd6c5f31cc3!8m2!3d1.0334985!4d103.9448401!16s%2Fg%2F11v_8f42cz!19sChIJJyrqUACN2TERwxzzxdYbQlE?authuser=0&hl=en&rclk=1,2.0,F&B,Indonesia.Batam.Kuliner.202406162232.db,places,null_required_column
11008,Sekawan steak (Restaurant),0.0,0,0,,,"Jl. Ruko Greenland Blk. C No.1, Sungai Lekop, Kec. Sagulung, Kota Batam, Kepulauan Riau 45561",[object Object],0857-6189-0971,1.0328202,103.9454278,https://www.google.com/maps/place/Sekawan+steak/data=!4m7!3m6!1s0x31d98d2bcd52d729:0xa70fe91174125b4!8m2!3d1.0328202!4d103.9454278!16s%2Fg%2F11vzprgzzz!19sChIJKddSzSuN2TERtCVBF5H-cAo?authuser=0&hl=en&rclk=1,2.0,F&B,Indonesia.Batam.Kuliner.202406162232.db,places,null_required_column
11012,MASAKAN KHAS MEDAN (Restaurant),0.0,0,0,,,"2XM5+X3V, Jl. Dapur 12, Sungai Pelunggut, Kec. Sagulung, Kota Batam, Kepulauan Riau 29425",[object Object],,1.034982,103.9576681,https://www.google.com/maps/place/MASAKAN+KHAS+MEDAN/data=!4m7!3m6!1s0x31d98d79b25ce133:0xfa80924427c114ac!8m2!3d1.034982!4d103.9576681!16s%2Fg%2F11vwvlzjdj!19sChIJM-FcsnmN2TERrBTBJ0SSgPo?authuser=0&hl=en&rclk=1,2.0,F&B,Indonesia.Batam.Kuliner.202406162232.db,places,null_required_column
11016,Soto ayam Lamongan LA (Diner),0.0,0,0,,,"Ruko Puri selebriti, Blk. B No.76, Sungai Lekop, Kec. Sagulung, Kota Batam, Kepulauan Riau 29464",[object Object],0857-6327-4095,1.0325758,103.9447357,https://www.google.com/maps/place/Soto+ayam+Lamongan+LA/data=!4m7!3m6!1s0x31d98d9e479a2c71:0x4d8384b1d294298f!8m2!3d1.0325758!4d103.9447357!16s%2Fg%2F11kc2n60fc!19sChIJcSyaR56N2TERjymU0rGEg00?authuser=0&hl=en&rclk=1,-1.0,F&B,Indonesia.Batam.Kuliner.202406162232.db,places,null_required_column
11024,Melayu Dishes (RM Masakan Melayu),0.0,0,0,,,"4X32+CW4, Jl. KH Ahmad Dahlan, Sungai Harapan, Kec. Sekupang, Kota Batam, Kepulauan Riau 29444, Indonesia",[object Object],+62 813-7410-7786,1.1035215,103.9523234,https://www.google.com/maps/place/Melayu+Dishes/data=!4m7!3m6!1s0x31d98b7dab9c6897:0xb4469271136942aa!8m2!3d1.1035215!4d103.9523234!16s%2Fg%2F11bcdbjgtx!19sChIJl2icq32L2TERqkJpE3GSRrQ?authuser=0&hl=en&rclk=1,2.0,F&B,Indonesia.Batam.Kuliner.202406162232.db,places,null_required_column
11027,Warung  (Permanently closed),0.0,0,0,,,"2WFW+C5H, Lekop River, Sagulung, Batam City, Riau Islands 29472",[object Object],,1.0235576,103.9454804,"https://www.google.com/maps/place/Warung./@1.0235576,103.9454804,17z/data=!3m1!4b1!4m6!3m5!1s0x31d993dc87c039c5:0x39e83c38cc5565ec!8m2!3d1.0235576!4d103.9454804!16s%2Fg%2F11fp3kvhkf?authuser=0&hl=en&entry=ttu&g_ep=EgoyMDI0MDgyOC4wIKXMDSoASAFQAw%3D%3D",0.0,F&B,Indonesia.Batam.Kuliner.202406162232.db,places,null_required_column
11028,Mamak Nisa (Restaurant),0.0,0,0,,,"2WHW+VGM, Lekop River, Sagulung, Batam City, Riau Islands 29425",[object Object],0812-7006-9997,1.029714,103.9463051,https://www.google.com/maps/place/Mamak+Nisa/data=!4m7!3m6!1s0x31d98d11ee72a505:0xadb62a2c192779b8!8m2!3d1.029714!4d103.9463051!16s%2Fg%2F11h0mdllyw!19sChIJBaVy7hGN2TERuHknGSwqtq0?authuser=0&hl=en&rclk=1,2.0,F&B,Indonesia.Batam.Kuliner.202406162232.db,places,null_required_column
11030,BPK Mitra Raya (Restaurant),0.0,0,0,,,"Komplek Ruko Mitra Raya, Blk. B No.01, Sungai Lekop, Kec. Sagulung, Kota Batam, Kepulauan Riau 29464",[object Object],0811-6686-887,1.0299581,103.9484313,"https://www.google.com/maps/place/BPK+Mitra+Raya/@1.0299581,103.9484313,17z/data=!3m1!4b1!4m6!3m5!1s0x31d98d6685f136af:0xfc9e9881ee34f585!8m2!3d1.0299581!4d103.9484313!16s%2Fg%2F11w48dzq1w?authuser=0&hl=en&entry=ttu&g_ep=EgoyMDI0MDgyOC4wIKXMDSoASAFQAw%3D%3D",0.0,F&B,Indonesia.Batam.Kuliner.202406162232.db,places,null_required_column
11038,Mutiara Lesehan (Bakso restaurant),0.0,0,0,,,"4X52+4CG, Jalan Sei Harapan, Sungai Harapan, Kec. Sekupang, Kota Batam, Kepulauan Riau 29444, Indonesia",[object Object],+62 812-7758-8034,1.1078218,103.9510905,https://www.google.com/maps/place/Mutiara+Lesehan/data=!4m7!3m6!1s0x31d98b7b13a119bb:0xaf480d9f56b6b4a!8m2!3d1.1078218!4d103.9510905!16s%2Fg%2F11bcdlptys!19sChIJuxmhE3uL2TERSmtr9dmA9Ao?authuser=0&hl=en&rclk=1,2.0,F&B,Indonesia.Batam.Kuliner.202406162232.db,places,null_required_column
11049,Martabak dan Roti Bakar MISHARY (Murtabak restaurant),0.0,0,0,,,"Blok F11 no 3, Sungai Lekop, Kec. Sagulung, Kota Batam, Kepulauan Riau 29425",[object Object],0895-6005-39616,1.0272609,103.9477622,https://www.google.com/maps/place/Martabak+dan+Roti+Bakar+MISHARY/data=!4m7!3m6!1s0x31d9938cfd29515b:0xa7023095df72dd39!8m2!3d1.0272609!4d103.9477622!16s%2Fg%2F11s5c6p56p!19sChIJW1Ep_YyT2TEROd1y35UwAqc?authuser=0&hl=en&rclk=1,0.0,F&B,Indonesia.Batam.Kuliner.202406162232.db,places,null_required_column
11050,Rumah Makan Maetek (Padang restaurant),0.0,0,0,,,"4X33+938, Harapan River, Sekupang, Batam City, Riau Islands 29425, Indonesia",[object Object],+62 778 322010,1.1034222,103.9526947,https://www.google.com/maps/place/Rumah+Makan+Maetek/data=!4m7!3m6!1s0x31d98b7dba68c6bb:0x9cfadba24606e69d!8m2!3d1.1034222!4d103.9526947!16s%2Fg%2F11bc7szxvt!19sChIJu8Zoun2L2TERneYGRqLb-pw?authuser=0&hl=en&rclk=1,-1.0,F&B,Indonesia.Batam.Kuliner.202406162232.db,places,null_required_column
11053,Waroeng rezeki nci (Restaurant),0.0,0,0,,,"2XP4+8VR, Jl. Dapur 12, Sungai Pelunggut, Kec. Sagulung, Kota Batam, Kepulauan Riau 29425",[object Object],0813-7250-7564,1.0358627,103.9571484,"https://www.google.com/maps/place/Waroeng+rezeki+nci/@1.0358627,103.9571484,17z/data=!3m1!4b1!4m6!3m5!1s0x31d98dd594019f3f:0xe5dd3a64cac58dd7!8m2!3d1.0358627!4d103.9571484!16s%2Fg%2F11k0l2bpxs?authuser=0&hl=en&entry=ttu&g_ep=EgoyMDI0MDgyOC4wIKXMDSoASAFQAw%3D%3D",-1.0,F&B,Indonesia.Batam.Kuliner.202406162232.db,places,null_required_column
11055,Tempat makan baloi (Restaurant),0.0,0,0,,,"42H7+77G, Baloi Indah, Lubuk Baja, Batam City, Riau Islands 29444","[{""day"": ""Sunday"", ""hours"": ""10:00 - 21:30""}, {""day"": ""Monday"", ""hours"": ""10:00 - 21:30""}, {""day"": ""Tuesday"", ""hours"": ""10:00 - 21:30""}, {""day"": ""Wednesday"", ""hours"": ""10:00 - 21:30""}, {""day"": ""Thursday"", ""hours"": ""10:00 - 21:30""}, {""day"": ""Friday"", ""hours"": ""10:00 - 21:30""}, {""day"": ""Saturday"", ""hours"": ""10:00 - 21:30""}]",,1.1281886,104.013204,https://www.google.com/maps/place/Tempat+makan+baloi/data=!4m7!3m6!1s0x31d9897cda0b0a6b:0xe6ff1329ace24b31!8m2!3d1.1281886!4d104.013204!16s%2Fg%2F11lbgdvss9!19sChIJawoL2nyJ2TERMUvirCkT_-Y?authuser=0&hl=en&rclk=1,0.0,F&B,Indonesia.Batam.Kuliner.202406162232.db,places,null_required_column
11063,BAKSO 88 putra Ngawi (Family restaurant),0.0,0,0,,,"2XP4+CHX, Simpang nato Sagulung, Kompleks Ruko Sagulung Junction Kelurahan, sei lekop, Kec. Batu Aji, Kota Batam, Kepulauan Riau 29425",[object Object],,1.036105,103.9564827,"https://www.google.com/maps/place/BAKSO+88+putra+Ngawi/@1.036105,103.9564827,17z/data=!3m1!4b1!4m6!3m5!1s0x31d98dc004a609df:0xd12e27f2f503fef6!8m2!3d1.036105!4d103.9564827!16s%2Fg%2F11l5cj26dv?authuser=0&hl=en&entry=ttu&g_ep=EgoyMDI0MDgyOC4wIKXMDSoASAFQAw%3D%3D",2.0,F&B,Indonesia.Batam.Kuliner.202406162232.db,places,null_required_column
11064,Z chiken shelter (Snack bar),0.0,0,0,,,"Jl. Raja H., Sungai Harapan, Kec. Sekupang, Kota Batam, Kepulauan Riau 29425, Indonesia",[object Object],+62 812-6747-3684,1.1107814,103.9524245,https://www.google.com/maps/place/Z+chiken+shelter/data=!4m7!3m6!1s0x31d98b6a72721e7d:0x7cc3b6e28daabe5d!8m2!3d1.1107814!4d103.9524245!16s%2Fg%2F11wbfw84fx!19sChIJfR5ycmqL2TERXb6qjeK2w3w?authuser=0&hl=en&rclk=1,0,F&B,Indonesia.Batam.Kuliner.202406162232.db,places,null_required_column
11066,Raja Pisang Pelangi (Food court),0.0,0,0,,,"Taman Internet, Depan Bakso Braling, Kota Batam, Kepulauan Riau 29425, Indonesia",[object Object],+62 859-4775-8736,1.1089325,103.9512244,https://www.google.com/maps/place/Raja+Pisang+Pelangi/data=!4m7!3m6!1s0x31d98b8054204891:0x5e16e2f291148346!8m2!3d1.1089325!4d103.9512244!16s%2Fg%2F11sjjvf6qr!19sChIJkUggVICL2TERRoMUkfLiFl4?authuser=0&hl=en&rclk=1,0.0,F&B,Indonesia.Batam.Kuliner.202406162232.db,places,null_required_column
11069,Kedai uni wit masakan malam&sarapan pagi (Ayam penyet restaurant),0.0,0,0,,,"Batam, batu aji, Perumahan batu aji, permai Blk. B No.11, Kota Batam, Kepulauan Riau 29422","[{""day"": ""Sunday"", ""hours"": ""15:00 - 04:00""}, {""day"": ""Monday"", ""hours"": ""15:00 - 04:00""}, {""day"": ""Tuesday"", ""hours"": ""15:00 - 04:00""}, {""day"": ""Wednesday"", ""hours"": ""15:00 - 04:00""}, {""day"": ""Thursday"", ""hours"": ""15:00 - 04:00""}, {""day"": ""Friday"", ""hours"": ""15:00 - 04:00""}, {""day"": ""Saturday"", ""hours"": ""15:00 - 04:00""}]",0822-8830-4018,1.0333646,103.9457256,"https://www.google.com/maps/place/Kedai+uni+wit+masakan+malam%26sarapan+pagi/@1.0333646,103.9457256,17z/data=!3m1!4b1!4m6!3m5!1s0x31d98d8f7d12c4f1:0xbc83d1b6d4e15cb4!8m2!3d1.0333646!4d103.9457256!16s%2Fg%2F11y4n9p2bm?authuser=0&hl=en&entry=ttu&g_ep=EgoyMDI0MDgyOC4wIKXMDSoASAFQAw%3D%3D",2.0,F&B,Indonesia.Batam.Kuliner.202406162232.db,places,null_required_column
11072,RUMAH MAKAN YOLANDA (Nasi restaurant),0.0,0,0,,,"4X53+72C, Harapan River, Sekupang, Batam City, Riau Islands 29425, Indonesia",[object Object],,1.1081637,103.9525432,https://www.google.com/maps/place/RUMAH+MAKAN+YOLANDA/data=!4m7!3m6!1s0x31d98b0042a3d571:0xab5e03d0055a8e78!8m2!3d1.1081637!4d103.9525432!16s%2Fg%2F11v_7bzmbd!19sChIJcdWjQgCL2TEReI5aBdADXqs?authuser=0&hl=en&rclk=1,5.0,F&B,Indonesia.Batam.Kuliner.202406162232.db,places,null_required_column
11078,Nasi Goreng Uni Er dan Sarapan Pagi (Brunch restaurant),0.0,0,0,,,"Blok A, Permai Jl. Raya Kav. Lama No.1, Kec. Sagulung, Kota Batam, Kepulauan Riau 29439",[object Object],,1.0363136,103.9505098,"https://www.google.com/maps/place/Nasi+Goreng+Uni+Er+dan+Sarapan+Pagi/@1.0363136,103.9505098,17z/data=!3m1!4b1!4m6!3m5!1s0x31d98d001c4972a7:0xe8c161e00e9423e0!8m2!3d1.0363136!4d103.9505098!16s%2Fg%2F11y29mvn00?authuser=0&hl=en&entry=ttu&g_ep=EgoyMDI0MDgyOC4wIKXMDSoASAFQAw%3D%3D",2.0,F&B,Indonesia.Batam.Kuliner.202406162232.db,places,null_required_column
11088,DAPOE__FITRI (Lunch restaurant),0.0,0,0,,,"4W6X+7H8, Jl. RE Martadinata, Sungai Harapan, Kec. Sekupang, Kota Batam, Kepulauan Riau, Indonesia",[object Object],,1.1106647,103.9489544,https://www.google.com/maps/place/DAPOE__FITRI/data=!4m7!3m6!1s0x31d98b000a954d7d:0xe028575aefe714ab!8m2!3d1.1106647!4d103.9489544!16s%2Fg%2F11vx3zhwkp!19sChIJfU2VCgCL2TERqxTn71pXKOA?authuser=0&hl=en&rclk=1,0.0,F&B,Indonesia.Batam.Kuliner.202406162232.db,places,null_required_column
11106,Nurul Bandeng & ayam presto (Brunch restaurant),0.0,0,0,,,"Kvl Kamboja blok Z.33, Jl. Dapur 12, Sungai Pelunggut, Kec. Sagulung, Kota Batam, Kepulauan Riau 29472",[object Object],0813-7204-6567,1.0243273,103.9604674,"https://www.google.com/maps/place/Nurul+Bandeng+%26+ayam+presto/@1.0243273,103.9604674,17z/data=!3m1!4b1!4m6!3m5!1s0x31d993434b99979d:0xd5d315627e518129!8m2!3d1.0243273!4d103.9604674!16s%2Fg%2F11nh416bvp?authuser=0&hl=en&entry=ttu&g_ep=EgoyMDI0MDgyOC4wIKXMDSoASAFQAw%3D%3D",0.0,F&B,Indonesia.Batam.Kuliner.202406162232.db,places,null_required_column
11115,WG  LONTONG PECEL MALAM (Health food restaurant),0.0,0,0,,,"Ruko bida asri infah, Blk. B No.12, Kepulauan Riau","[{""day"": ""Sunday"", ""hours"": ""17:00 - 00:00""}, {""day"": ""Monday"", ""hours"": ""17:00 - 00:00""}, {""day"": ""Tuesday"", ""hours"": ""17:00 - 00:00""}, {""day"": ""Wednesday"", ""hours"": ""17:00 - 00:00""}, {""day"": ""Thursday"", ""hours"": ""17:00 - 00:00""}, {""day"": ""Friday"", ""hours"": ""17:00 - 00:00""}, {""day"": ""Saturday"", ""hours"": ""17:00 - 00:00""}]",0857-6540-1370,1.0335834,103.9458143,https://www.google.com/maps/place/WG.+LONTONG+PECEL+MALAM/data=!4m7!3m6!1s0x31d98db28c675aeb:0xcd5039b4cdcf599!8m2!3d1.0335834!4d103.9458143!16s%2Fg%2F11t55k_7p2!19sChIJ61pnjLKN2TERmfXcTJsD1Qw?authuser=0&hl=en&rclk=1,2.0,F&B,Indonesia.Batam.Kuliner.202406162232.db,places,null_required_column
11117,Hidangan Kita (Breakfast restaurant),0.0,0,0,,,"Kav. Bukit Kamboja II Blok AA no 35, Sungai Pelunggut, Kec. Sagulung, Kota Batam, Kepulauan Riau 29439","[{""day"": ""Sunday"", ""hours"": ""06:00 - 12:00""}, {""day"": ""Monday"", ""hours"": ""06:00 - 12:00""}, {""day"": ""Tuesday"", ""hours"": ""06:00 - 12:00""}, {""day"": ""Wednesday"", ""hours"": ""06:00 - 12:00""}, {""day"": ""Thursday"", ""hours"": ""06:00 - 12:00""}, {""day"": ""Friday"", ""hours"": ""06:00 - 12:30""}, {""day"": ""Saturday"", ""hours"": ""06:00 - 12:00""}]",,1.0285867,103.9637953,"https://www.google.com/maps/place/Hidangan+Kita/@1.0285867,103.9637953,17z/data=!3m1!4b1!4m6!3m5!1s0x31d98dcc3a37118d:0x3df4f349a678aee2!8m2!3d1.0285867!4d103.9637953!16s%2Fg%2F11j0y5nx2p?authuser=0&hl=en&entry=ttu&g_ep=EgoyMDI0MDgyOC4wIKXMDSoASAFQAw%3D%3D",0.0,F&B,Indonesia.Batam.Kuliner.202406162232.db,places,null_required_column
11122,Spice valley india grosir shop & india restaurant (Indian restaurant),0.0,0,0,,,"Batam center kara junction, Blk. B No.7, Sungai Lekop, Kec. Sagulung, Kota Batam, Kepulauan Riau 29431",[object Object],0895-4105-88223,1.0335317,103.9458509,https://www.google.com/maps/place/Spice+valley+india+grosir+shop+%26+india+restaurant/data=!4m7!3m6!1s0x31d98da2eef4991f:0xf929738196d17dda!8m2!3d1.0335317!4d103.9458509!16s%2Fg%2F11w9w84bbb!19sChIJH5n07qKN2TER2n3RloFzKfk?authuser=0&hl=en&rclk=1,5.0,F&B,Indonesia.Batam.Kuliner.202406162232.db,places,null_required_column
11191,Bakso Waroeng Pojok (Indonesian restaurant),0.0,0,0,,,"426J+6Q7, Perumahan Anggrek Mas II, Taman Baloi, Kec. Batam Kota, Kota Batam, Kepulauan Riau 29444","[{""day"": ""Sunday"", ""hours"": ""10:00 - 21:00""}, {""day"": ""Monday"", ""hours"": ""10:00 - 21:00""}, {""day"": ""Tuesday"", ""hours"": ""10:00 - 21:00""}, {""day"": ""Wednesday"", ""hours"": ""10:00 - 21:00""}, {""day"": ""Thursday"", ""hours"": ""10:00 - 21:00""}, {""day"": ""Friday"", ""hours"": ""10:00 - 21:00""}, {""day"": ""Saturday"", ""hours"": ""10:00 - 21:00""}]",,1.1105419,104.0319315,"https://www.google.com/maps/place/Bakso+Waroeng+Pojok/@1.1105419,104.0319315,17z/data=!3m1!4b1!4m6!3m5!1s0x31d989002c32ed23:0x3b0a2a4f83b9ccb0!8m2!3d1.1105419!4d104.0319315!16s%2Fg%2F11w4mstb9m?authuser=0&hl=en&entry=ttu&g_ep=EgoyMDI0MDgyOC4wIKXMDSoASAFQAw%3D%3D",2.0,F&B,Indonesia.Batam.Kuliner.202406162232.db,places,null_required_column
11200,Warung Nabila Miso (Indonesian restaurant),0.0,0,0,,,"4W6V+2CF, Jl. Kw. Industri Sekupang, Tj. Pinggir, Kec. Sekupang, Kota Batam, Kepulauan Riau 29444",[object Object],0822-8500-2435,1.1100592,103.9435564,"https://www.google.com/maps/place/Warung+Nabila+Miso/@1.1100592,103.9435564,17z/data=!3m1!4b1!4m6!3m5!1s0x31d98b65e0edf3a3:0x9fbe442b7c892e17!8m2!3d1.1100592!4d103.9435564!16s%2Fg%2F11btt4v07d?authuser=0&hl=en&entry=ttu&g_ep=EgoyMDI0MDgyOC4wIKXMDSoASAFQAw%3D%3D",5.0,F&B,Indonesia.Batam.Kuliner.202406162232.db,places,null_required_column
11202,Warung Pakde Bakso Bocem (Bakso restaurant),0.0,0,0,,,"4WGG+GHV, Jl. RE Martadinata, Tj. Pinggir, Kec. Sekupang, Kota Batam, Kepulauan Riau 29425",[object Object],,1.1263549,103.9264295,"https://www.google.com/maps/place/Warung+Pakde+Bakso+Bocem/@1.1263549,103.9264295,17z/data=!3m1!4b1!4m6!3m5!1s0x31d98b3a0c931507:0x73aa3b00493be2e5!8m2!3d1.1263549!4d103.9264295!16s%2Fg%2F11fmsc4ddh?authuser=0&hl=en&entry=ttu&g_ep=EgoyMDI0MDgyOC4wIKXMDSoASAFQAw%3D%3D",0,F&B,Indonesia.Batam.Kuliner.202406162232.db,places,null_required_column
11220,RM 828 (Diner),0.0,0,0,,,"Blk. A, Perumahan Jl. Taman Marchelia No.28, Taman Baloi, Batam Centre, Kota Batam, Kepulauan Riau 29444","[{""day"": ""Sunday"", ""hours"": ""08:00 - 00:00""}, {""day"": ""Monday"", ""hours"": ""08:00 - 00:00""}, {""day"": ""Tuesday"", ""hours"": ""08:00 - 00:00""}, {""day"": ""Wednesday"", ""hours"": ""08:00 - 00:00""}, {""day"": ""Thursday"", ""hours"": ""08:00 - 00:00""}, {""day"": ""Friday"", ""hours"": ""08:00 - 00:00""}, {""day"": ""Saturday"", ""hours"": ""08:00 - 00:00""}]",0813-7253-4800,1.1181238,104.0369862,https://www.google.com/maps/place/RM+828/data=!4m7!3m6!1s0x31d98d9be68b31b7:0xedab21d2f023f07e!8m2!3d1.1181238!4d104.0369862!16s%2Fg%2F11t7r5gcs5!19sChIJtzGL5puN2TERfvAj8NIhq-0?authuser=0&hl=en&rclk=1,2.0,F&B,Indonesia.Batam.Kuliner.202406162232.db,places,null_required_column
11250,MENEPI ANGKRINGAN (Coffee shop),0.0,0,0,,,"4XF5+Q26, Jl. Ir. Sutami, Tj. Pinggir, Kec. Sekupang, Kota Batam, Kepulauan Riau",[object Object],,1.1244101,103.9575002,https://www.google.com/maps/place/MENEPI+ANGKRINGAN/data=!4m7!3m6!1s0x31d98b0067670c87:0x13fe830985e670c1!8m2!3d1.1244101!4d103.9575002!16s%2Fg%2F11vk6pg66n!19sChIJhwxnZwCL2TERwXDmhQmD_hM?authuser=0&hl=en&rclk=1,2.0,F&B,Indonesia.Batam.Kuliner.202406162232.db,places,null_required_column
11255,Bu Eka Yogyakarta (Restaurant),0.0,0,0,,,"4W6V+2CF, Jl. Kw. Industri Sekupang, Tj. Pinggir, Kec. Sekupang, Kota Batam, Kepulauan Riau 29444",[object Object],0813-6445-4182,1.1100628,103.9435546,"https://www.google.com/maps/place/Bu+Eka+Yogyakarta/@1.1100628,103.9435546,17z/data=!3m1!4b1!4m6!3m5!1s0x31d98b65e061310f:0xea5dc5eefa5807e5!8m2!3d1.1100628!4d103.9435546!16s%2Fg%2F11b7tqkcgb?authuser=0&hl=en&entry=ttu&g_ep=EgoyMDI0MDgyOC4wIKXMDSoASAFQAw%3D%3D",2.0,F&B,Indonesia.Batam.Kuliner.202406162232.db,places,null_required_column
11256,Rumah Makan Sabana Salero (Padang restaurant),0.0,0,0,,,"426Q+MQM, Jl. Bakal, Taman Baloi, Kec. Batam Kota, Kota Batam, Kepulauan Riau 29444","[{""day"": ""Sunday"", ""hours"": ""09:00 - 21:00""}, {""day"": ""Monday"", ""hours"": ""09:00 - 21:00""}, {""day"": ""Tuesday"", ""hours"": ""09:00 - 21:00""}, {""day"": ""Wednesday"", ""hours"": ""09:00 - 21:00""}, {""day"": ""Thursday"", ""hours"": ""09:00 - 21:00""}, {""day"": ""Friday"", ""hours"": ""09:00 - 21:00""}, {""day"": ""Saturday"", ""hours"": ""09:00 - 21:00""}]",,1.111712,104.0394176,https://www.google.com/maps/place/Rumah+Makan+Sabana+Salero/data=!4m7!3m6!1s0x31d9893a8ba16b15:0x92b3cde3d838fc02!8m2!3d1.111712!4d104.0394176!16s%2Fg%2F11ddwxp7jt!19sChIJFWuhizqJ2TERAvw42OPNs5I?authuser=0&hl=en&rclk=1,5.0,F&B,Indonesia.Batam.Kuliner.202406162232.db,places,null_required_column
11258,Piten Food (Restaurant),0.0,0,0,,,"Perumahan Anggrek Mas 1 Blok H 29, Taman Baloi, Batam Kota, Batam City, Riau Islands 29444","[{""day"": ""Sunday"", ""hours"": ""11:00 - 21:00""}, {""day"": ""Monday"", ""hours"": ""11:00 - 21:00""}, {""day"": ""Tuesday"", ""hours"": ""11:00 - 21:00""}, {""day"": ""Wednesday"", ""hours"": ""11:00 - 21:00""}, {""day"": ""Thursday"", ""hours"": ""11:00 - 21:00""}, {""day"": ""Friday"", ""hours"": ""11:00 - 21:00""}, {""day"": ""Saturday"", ""hours"": ""11:00 - 21:00""}]",,1.1125409,104.0297749,"https://www.google.com/maps/place/Piten+Food/@1.1125409,104.0297749,17z/data=!3m1!4b1!4m6!3m5!1s0x31d989fd4023cfe3:0x68f34237feda134b!8m2!3d1.1125409!4d104.0297749!16s%2Fg%2F11k0mlqj24?authuser=0&hl=en&entry=ttu&g_ep=EgoyMDI0MDgyOC4wIKXMDSoASAFQAw%3D%3D",2.0,F&B,Indonesia.Batam.Kuliner.202406162232.db,places,null_required_column
11269,KEDAI KOPI DHAVA CGM (Coffee shop),0.0,0,0,,,"4XH4+HXC, Jalan Patam Lestari, Tj. Pinggir, Kec. Sekupang, Kota Batam, Kepulauan Riau",[object Object],,1.1289487,103.9573863,https://www.google.com/maps/place/KEDAI+KOPI+DHAVA+CGM/data=!4m7!3m6!1s0x31d98b50911ded4f:0xe90a0079a1089a58!8m2!3d1.1289487!4d103.9573863!16s%2Fg%2F11mhpjltwc!19sChIJT-0dkVCL2TERWJoIoXkACuk?authuser=0&hl=en&rclk=1,2.0,F&B,Indonesia.Batam.Kuliner.202406162232.db,places,null_required_column
11279,Batam Ogura Sekupang (Cake shop),0.0,0,0,,,"4WGF+WMG, Tanjung Pinggir, Sekupang, Batam City, Riau Islands","[{""day"": ""Sunday"", ""hours"": ""06:00 - 17:00""}, {""day"": ""Monday"", ""hours"": ""06:00 - 17:00""}, {""day"": ""Tuesday"", ""hours"": ""06:00 - 17:00""}, {""day"": ""Wednesday"", ""hours"": ""06:00 - 17:00""}, {""day"": ""Thursday"", ""hours"": ""06:00 - 17:00""}, {""day"": ""Friday"", ""hours"": ""06:00 - 17:00""}, {""day"": ""Saturday"", ""hours"": ""06:00 - 17:00""}]",0822-8331-0665,1.1273178,103.924217,https://www.google.com/maps/place/Batam+Ogura+Sekupang/data=!4m7!3m6!1s0x31d98b38b2d88675:0x5bb7c3d84559087e!8m2!3d1.1273178!4d103.924217!16s%2Fg%2F11j36fb825!19sChIJdYbYsjiL2TERfghZRdjDt1s?authuser=0&hl=en&rclk=1,-1.0,F&B,Indonesia.Batam.Kuliner.202406162232.db,places,null_required_column
11307,Surabi Bandung Tiban Centre (Family restaurant),0.0,0,0,,,"Wisata Kuliner Tiban centre 15, Tiban Indah, Kec. Sekupang, Kota Batam, Kepulauan Riau","[{""day"": ""Sunday"", ""hours"": ""11:30 - 21:00""}, {""day"": ""Monday"", ""hours"": ""11:30 - 21:00""}, {""day"": ""Tuesday"", ""hours"": ""11:30 - 21:00""}, {""day"": ""Wednesday"", ""hours"": ""11:30 - 21:00""}, {""day"": ""Thursday"", ""hours"": ""11:30 - 21:00""}, {""day"": ""Friday"", ""hours"": ""11:30 - 21:00""}, {""day"": ""Saturday"", ""hours"": ""11:30 - 21:00""}]",0821-7053-6877,1.1103201,103.9799245,"https://www.google.com/maps/place/Surabi+Bandung+Tiban+Centre/@1.1103201,103.9799245,17z/data=!3m1!4b1!4m6!3m5!1s0x31d98b49d66ea31b:0x25993e7c0c532025!8m2!3d1.1103201!4d103.9799245!16s%2Fg%2F11vdx9gr_j?authuser=0&hl=en&entry=ttu&g_ep=EgoyMDI0MDgyOC4wIKXMDSoASAFQAw%3D%3D",5.0,F&B,Indonesia.Batam.Kuliner.202406162232.db,places,null_required_column
11329,Cak Idris (Brunch restaurant),0.0,0,0,,,"Tiban Lama, Sekupang, Batam City, Riau Islands, Indonesia",[object Object],,1.1053494,103.9861623,https://www.google.com/maps/place/Cak+Idris/data=!4m7!3m6!1s0x31d98b0032637b1b:0x499e27404eeed552!8m2!3d1.1053494!4d103.9861623!16s%2Fg%2F11vqk4hvhj!19sChIJG3tjMgCL2TERUtXuTkAnnkk?authuser=0&hl=en&rclk=1,2.0,F&B,Indonesia.Batam.Kuliner.202406162232.db,places,null_required_column
11336,Sambal Tumbuk Mentah Tiban Centre (Restaurant),0.0,0,0,,,"Pujasera tiban center, Tiban Indah, Kota Batam, Kepulauan Riau 29424",[object Object],0853-6510-3010,1.1131281,103.9798441,https://www.google.com/maps/place/Sambal+Tumbuk+Mentah+Tiban+Centre/data=!4m7!3m6!1s0x31d98bd29e7a8a3f:0x9756a16d4cddfe3c!8m2!3d1.1131281!4d103.9798441!16s%2Fg%2F11qlfjmy5x!19sChIJP4p6ntKL2TERPP7dTG2hVpc?authuser=0&hl=en&rclk=1,-1.0,F&B,Indonesia.Batam.Kuliner.202406162232.db,places,null_required_column
11346,Mari Rasa (Indonesian restaurant),0.0,0,0,,,"4X6M+VJ2, Jalan Tiban Kampung, Tiban Lama, Kec. Sekupang, Kota Batam, Kepulauan Riau 29425, Indonesia",[object Object],+62 852-6366-7994,1.1121293,103.9840307,https://www.google.com/maps/place/Mari+Rasa/data=!4m7!3m6!1s0x31d98bed4aa9fb1d:0xd20f1b0c9eb10be9!8m2!3d1.1121293!4d103.9840307!16s%2Fg%2F11c3j8_ct9!19sChIJHfupSu2L2TER6QuxngwbD9I?authuser=0&hl=en&rclk=1,-1.0,F&B,Indonesia.Batam.Kuliner.202406162232.db,places,null_required_column
11350,Tiban Corner (Cafe),0.0,0,0,,,"cafe tiban ayu, Jl. Gajah Mada No.7, Tiban Lama, Sekupang, Batam City, Riau Islands 29424, Indonesia",[object Object],,1.1107963,103.9870383,https://www.google.com/maps/place/Tiban+Corner/data=!4m7!3m6!1s0x31d98bb4a74efa6b:0x5b9a46418e2a9741!8m2!3d1.1107963!4d103.9870383!16s%2Fg%2F11j3qtx54c!19sChIJa_pOp7SL2TERQZcqjkFGmls?authuser=0&hl=en&rclk=1,-1.0,F&B,Indonesia.Batam.Kuliner.202406162232.db,places,null_required_column
11364,Soto Lamongan H  Ghofar (Health food restaurant),0.0,0,0,,,"Perumahan Tiban Riau Bertuah 3, Sungai Harapan, Kec. Sekupang, Kota Batam, Kepulauan Riau 29424",[object Object],0899-4626-284,1.1163677,103.9557996,"https://www.google.com/maps/place/Soto+Lamongan+H.+Ghofar/@1.1163677,103.9557996,17z/data=!3m1!4b1!4m6!3m5!1s0x31d98b724b733e3b:0x62492f5b08985337!8m2!3d1.1163677!4d103.9557996!16s%2Fg%2F11m41qndl0?authuser=0&hl=en&entry=ttu&g_ep=EgoyMDI0MDgyOC4wIKXMDSoASAFQAw%3D%3D",-1.0,F&B,Indonesia.Batam.Kuliner.202406162232.db,places,null_required_column
11393,Nasi Mangkok TAaaa (Asian restaurant),0.0,0,0,,,"Ayu M1, Jl. Gajah Mada No.45, Tiban Lama, Sekupang, Batam City, Riau Islands 29425, Indonesia",[object Object],+62 811-6955-557,1.1073555,103.9789354,https://www.google.com/maps/place/Nasi+Mangkok+TAaaa/data=!4m7!3m6!1s0x31d98b51b8dfde25:0xc6706eb3efdd6052!8m2!3d1.1073555!4d103.9789354!16s%2Fg%2F11s0y7dsfc!19sChIJJd7fuFGL2TERUmDd77NucMY?authuser=0&hl=en&rclk=1,2.0,F&B,Indonesia.Batam.Kuliner.202406162232.db,places,null_required_column
11402,Tiban 3 Premium Food (Restaurant),0.0,0,0,,,"4X79+W3W, Jl. Merdeka, Patam Lestari, Kec. Sekupang, Kota Batam, Kepulauan Riau 29424",[object Object],,1.1148719,103.9677088,https://www.google.com/maps/place/Tiban+3+Premium+Food/data=!4m7!3m6!1s0x31d98b9be9528f73:0x4bf2d0036fa0aabf!8m2!3d1.1148719!4d103.9677088!16s%2Fg%2F11y46_ymnx!19sChIJc49S6ZuL2TERv6qgbwPQ8ks?authuser=0&hl=en&rclk=1,0.0,F&B,Indonesia.Batam.Kuliner.202406162232.db,places,null_required_column
11403,RM GANDEM MARAEM (Diner),0.0,0,0,,,"Tiban Btn Regency, blok G4, Tiban Lama, Kec. Sekupang, Kota Batam, Kepulauan Riau 29426",[object Object],,1.1107249,103.9762746,"https://www.google.com/maps/place/RM.GANDEM+MARAEM/@1.1107249,103.9762746,17z/data=!3m1!4b1!4m6!3m5!1s0x31d98bf2c76923e3:0x6ef5d45b7d7d898b!8m2!3d1.1107249!4d103.9762746!16s%2Fg%2F11vc080d9c?authuser=0&hl=en&entry=ttu&g_ep=EgoyMDI0MDgyOC4wIKXMDSoASAFQAw%3D%3D",2.0,F&B,Indonesia.Batam.Kuliner.202406162232.db,places,null_required_column
11404,Takoyaki Factory Tiban Center (Takoyaki restaurant),0.0,0,0,,,"4X7H+3RJ Wisata Kuliner Tiban, Tiban Indah, Kec. Sekupang, Kota Batam, Kepulauan Riau 29422",[object Object],,1.1127089,103.9795161,"https://www.google.com/maps/place/Takoyaki+Factory+Tiban+Center/@1.1127089,103.9795161,17z/data=!3m1!4b1!4m6!3m5!1s0x31d98b5560d43e49:0x7bea5e10dbdcc96!8m2!3d1.1127089!4d103.9795161!16s%2Fg%2F11j34_sn2y?authuser=0&hl=en&entry=ttu&g_ep=EgoyMDI0MDgyOC4wIKXMDSoASAFQAw%3D%3D",2.0,F&B,Indonesia.Batam.Kuliner.202406162232.db,places,null_required_column
11407,Warung buk fajar (Restaurant),0.0,0,0,,,"Prum Mekarsari Blok C No.52, Tiban Lama, Kec. Sekupang, Kota Batam, Kepulauan Riau 29424, Indonesia",[object Object],+62 812-6098-9698,1.1102771,103.976699,https://www.google.com/maps/place/Warung+buk+fajar/data=!4m7!3m6!1s0x31d98bf671de9c4b:0x4aa1e23ddb699df0!8m2!3d1.1102771!4d103.976699!16s%2Fg%2F11jj376jnb!19sChIJS5zecfaL2TER8J1p2z3ioUo?authuser=0&hl=en&rclk=1,0,F&B,Indonesia.Batam.Kuliner.202406162232.db,places,null_required_column
11413,Kuliner Mama Putri (Restaurant),0.0,0,0,,,"Pondok pelangi tahap 2 blok D7 No 9, Tiban Indah, Kec. Sekupang, Kota Batam, Kepulauan Riau",[object Object],0822-8406-7582,1.119004,103.9884852,https://www.google.com/maps/place/Kuliner+Mama+Putri/data=!4m7!3m6!1s0x31d98b0cc7eeea01:0xaa293591bc5af56d!8m2!3d1.119004!4d103.9884852!16s%2Fg%2F11kgvx948j!19sChIJAeruxwyL2TERbfVavJE1Kao?authuser=0&hl=en&rclk=1,2.0,F&B,Indonesia.Batam.Kuliner.202406162232.db,places,null_required_column
11422,Warung Prasmanan Asli Ndeso (Indonesian restaurant),0.0,0,0,,,"Central Kuliner Tiban Centre, Jl. Gajah Mada No. 41, Tiban Indah, Kec. Sekupang, Kota Batam, Kepulauan Riau 29424","[{""day"": ""Sunday"", ""hours"": ""09:00 - 21:00""}, {""day"": ""Monday"", ""hours"": ""09:00 - 21:00""}, {""day"": ""Tuesday"", ""hours"": ""09:00 - 21:00""}, {""day"": ""Wednesday"", ""hours"": ""09:00 - 21:00""}, {""day"": ""Thursday"", ""hours"": ""09:00 - 21:00""}, {""day"": ""Friday"", ""hours"": ""09:00 - 21:00""}, {""day"": ""Saturday"", ""hours"": ""09:00 - 21:00""}]",0877-9101-6660,1.112441,103.978668,"https://www.google.com/maps/place/Warung+Prasmanan+Asli+Ndeso/@1.112441,103.978668,17z/data=!3m1!4b1!4m6!3m5!1s0x31d98b9223f4b049:0x4da0e247e0417a34!8m2!3d1.112441!4d103.978668!16s%2Fg%2F11bttdvf2v?authuser=0&hl=en&entry=ttu&g_ep=EgoyMDI0MDgyOC4wIKXMDSoASAFQAw%3D%3D",0,F&B,Indonesia.Batam.Kuliner.202406162232.db,places,null_required_column
11430,Rumah (Fast food restaurant),0.0,0,0,,,"4X6M+HJV, Tiban Lama, Sekupang, Batam City, Riau Islands, Indonesia",[object Object],,1.1114422,103.9841144,https://www.google.com/maps/place/Rumah/data=!4m7!3m6!1s0x31d98b003d929cc1:0xa79fb456801c0f85!8m2!3d1.1114422!4d103.9841144!16s%2Fg%2F11w1w0nr3v!19sChIJwZySPQCL2TERhQ8cgFa0n6c?authuser=0&hl=en&rclk=1,2.0,F&B,Indonesia.Batam.Kuliner.202406162232.db,places,null_required_column
11432,Hokky food tiban (Restaurant),0.0,0,0,,,"4X7H+55P, Jl. Tiban I, Patam Lestari, Kec. Sekupang, Kota Batam, Kepulauan Riau 29424","[{""day"": ""Sunday"", ""hours"": ""10:00 - 21:00""}, {""day"": ""Monday"", ""hours"": ""10:00 - 21:00""}, {""day"": ""Tuesday"", ""hours"": ""10:00 - 21:00""}, {""day"": ""Wednesday"", ""hours"": ""10:00 - 21:00""}, {""day"": ""Thursday"", ""hours"": ""10:00 - 21:00""}, {""day"": ""Friday"", ""hours"": ""10:00 - 21:00""}, {""day"": ""Saturday"", ""hours"": ""10:00 - 21:00""}]",0822-8798-2572,1.1129728,103.9779687,"https://www.google.com/maps/place/Hokky+food+tiban/@1.1129728,103.9779687,17z/data=!3m1!4b1!4m6!3m5!1s0x31d98b19b349b28b:0xaaed41670e3cf6e6!8m2!3d1.1129728!4d103.9779687!16s%2Fg%2F11fk0lt30p?authuser=0&hl=en&entry=ttu&g_ep=EgoyMDI0MDgyOC4wIKXMDSoASAFQAw%3D%3D",2.0,F&B,Indonesia.Batam.Kuliner.202406162232.db,places,null_required_column
11440,Sabana Fried Chicken Tiban Lama (Fast food restaurant),0.0,0,0,,,"Disamping Masjid Al Kautsar, Ruko Sriwijaya No.1, Tiban Lama, Kec. Sekupang, Kota Batam, Kepulauan Riau 29432, Indonesia",[object Object],+62 858-3100-2798,1.1116996,103.9857996,https://www.google.com/maps/place/Sabana+Fried+Chicken+Tiban+Lama/data=!4m7!3m6!1s0x31d98b904669720f:0xf84879b62e6eb887!8m2!3d1.1116996!4d103.9857996!16s%2Fg%2F11smmgjcww!19sChIJD3JpRpCL2TERh7huLrZ5SPg?authuser=0&hl=en&rclk=1,2.0,F&B,Indonesia.Batam.Kuliner.202406162232.db,places,null_required_column
11449,Yaman Club Sandwich (Restaurant),0.0,0,0,,,"4X7H+99Q, Tiban Indah, Sekupang, Batam City, Riau Islands 29424, Indonesia",[object Object],+62 852-6415-5252,1.1078901,103.984203,https://www.google.com/maps/place/Yaman+Club+Sandwich/data=!4m7!3m6!1s0x31d98bf33322a8bd:0x1162b39a3d3ce19b!8m2!3d1.1078901!4d103.984203!16s%2Fg%2F11w2m57xln!19sChIJvagiM_OL2TERm-E8PZqzYhE?authuser=0&hl=en&rclk=1,0,F&B,Indonesia.Batam.Kuliner.202406162232.db,places,null_required_column
11461,Rina toko tiban kampung (Grocery store),0.0,0,0,,,"4X6M+GMH, Tiban Lama, Sekupang, Batam City, Riau Islands, Indonesia",[object Object],,1.1112404,103.984124,https://www.google.com/maps/place/Rina+toko+tiban+kampung/data=!4m7!3m6!1s0x31d98b66921d4141:0xff8f6090b33acc13!8m2!3d1.1112404!4d103.984124!16s%2Fg%2F11vkd8mfd5!19sChIJQUEdkmaL2TERE8w6s5Bgj_8?authuser=0&hl=en&rclk=1,2.0,F&B,Indonesia.Batam.Kuliner.202406162232.db,places,null_required_column
11466,Kuliner khas anambas (Nasi goreng restaurant),0.0,0,0,,,"4X7M+JM9, Jl. Tiban McDermott, Tiban Indah, Kec. Sekupang, Kota Batam, Kepulauan Riau",[object Object],0815-3434-1825,1.1140333,103.9842261,https://www.google.com/maps/place/Kuliner+khas+anambas/data=!4m7!3m6!1s0x31d98bfe62f5674b:0x2d18b6909864ec33!8m2!3d1.1140333!4d103.9842261!16s%2Fg%2F11h39rn9rq!19sChIJS2f1Yv6L2TERM-xkmJC2GC0?authuser=0&hl=en&rclk=1,2.0,F&B,Indonesia.Batam.Kuliner.202406162232.db,places,null_required_column
11473,Warung Nasi Bu Titin (Javanese restaurant),0.0,0,0,,,"Pasar Tiban Centre, Blok C No. 26, JL Gajah Mada Tiban, Tiban Indah, Sekupang, Tiban Indah, Batam, Kota Batam, Kepulauan Riau 29424","[{""day"": ""Sunday"", ""hours"": ""07:00 - 20:00""}, {""day"": ""Monday"", ""hours"": ""07:00 - 20:00""}, {""day"": ""Tuesday"", ""hours"": ""07:00 - 20:00""}, {""day"": ""Wednesday"", ""hours"": ""07:00 - 20:00""}, {""day"": ""Thursday"", ""hours"": ""07:00 - 20:00""}, {""day"": ""Friday"", ""hours"": ""07:00 - 20:00""}, {""day"": ""Saturday"", ""hours"": ""07:00 - 20:00""}]",(0778) 351117,1.1132778,103.9808889,https://www.google.com/maps/place/Warung+Nasi+Bu+Titin/data=!4m7!3m6!1s0x31d98b9254c5381f:0x4b8e92fa9125103b!8m2!3d1.1132778!4d103.9808889!16s%2Fg%2F11bc7prk99!19sChIJHzjFVJKL2TEROxAlkfqSjks?authuser=0&hl=en&rclk=1,0.0,F&B,Indonesia.Batam.Kuliner.202406162232.db,places,null_required_column
11480,Mie Aceh Pijay Tiban (Restaurant),0.0,0,0,,,"4X8G+5W5, Patam Lestari, Sekupang, Batam City, Riau Islands 29424",[object Object],,1.1154274,103.9773576,https://www.google.com/maps/place/Mie+Aceh+Pijay+Tiban/data=!4m7!3m6!1s0x31d98b11a3089d25:0xb630d5f11c116b4e!8m2!3d1.1154274!4d103.9773576!16s%2Fg%2F11trfd54zx!19sChIJJZ0IoxGL2TERTmsRHPHVMLY?authuser=0&hl=en&rclk=1,5.0,F&B,Indonesia.Batam.Kuliner.202406162232.db,places,null_required_column
11491,Prasmanan Istimewa (Buffet restaurant),0.0,0,0,,,"Ruko Tiban Raya Blok A2 No 10, Tiban Baru, Sekupang, Batam City, Riau Islands 29424","[{""day"": ""Sunday"", ""hours"": ""09:00 - 21:00""}, {""day"": ""Monday"", ""hours"": ""09:00 - 21:00""}, {""day"": ""Tuesday"", ""hours"": ""09:00 - 21:00""}, {""day"": ""Wednesday"", ""hours"": ""09:00 - 21:00""}, {""day"": ""Thursday"", ""hours"": ""09:00 - 21:00""}, {""day"": ""Friday"", ""hours"": ""09:00 - 21:00""}, {""day"": ""Saturday"", ""hours"": ""09:00 - 21:00""}]",0819-9103-0322,1.1079118,103.9669954,https://www.google.com/maps/place/Prasmanan+Istimewa/data=!4m7!3m6!1s0x31d98bcb61d2d83b:0xed239f14ca2160e5!8m2!3d1.1079118!4d103.9669954!16s%2Fg%2F11h4ln8hsh!19sChIJO9jSYcuL2TER5WAhyhSfI-0?authuser=0&hl=en&rclk=1,2.0,F&B,Indonesia.Batam.Kuliner.202406162232.db,places,null_required_column
11502,Mentarau Nelayan2 tiban (Restaurant),0.0,0,0,,,"4X5Q+Q68, Jl. Tiban Lestari, Tiban Lama, Kec. Sekupang, Kota Batam, Kepulauan Riau",[object Object],,1.1094099,103.9880778,"https://www.google.com/maps/place/Mentarau+Nelayan2+tiban/@1.1094099,103.9880778,17z/data=!3m1!4b1!4m6!3m5!1s0x31d98b63ee43fa3b:0x6844c5ea5f996bfe!8m2!3d1.1094099!4d103.9880778!16s%2Fg%2F11vl22zmhl?authuser=0&hl=en&entry=ttu&g_ep=EgoyMDI0MDgyOC4wIKXMDSoASAFQAw%3D%3D",2.0,F&B,Indonesia.Batam.Kuliner.202406162232.db,places,null_required_column
11518,Pondok Bakso Dan Mie Ayam Mba' Darsi (Bakso restaurant),0.0,0,0,,,"4X5P+8J6, Jalan Tiban Kampung, Tiban Lama, Kec. Sekupang, Kota Batam, Kepulauan Riau 29445, Indonesia",[object Object],+62 812-7768-6337,1.1082918,103.9865312,"https://www.google.com/maps/place/Pondok+Bakso+Dan+Mie+Ayam+Mba'+Darsi/@1.1082918,103.9865312,17z/data=!3m1!4b1!4m6!3m5!1s0x31d98bf3041e9881:0xc8657a0a643bd7db!8m2!3d1.1082918!4d103.9865312!16s%2Fg%2F11btv64qry?authuser=0&hl=en&entry=ttu&g_ep=EgoyMDI0MDgyOC4wIKXMDSoASAFQAw%3D%3D",2.0,F&B,Indonesia.Batam.Kuliner.202406162232.db,places,null_required_column
11535,Omoshiroi tiban (Breakfast restaurant),0.0,0,0,,,"Jl. Tiban Bukit Asri blok i No.1, Tiban Baru, Kec. Sekupang, Kota Batam, Kepulauan Riau 29424",[object Object],,1.1070722,103.9615909,"https://www.google.com/maps/place/Omoshiroi+tiban/@1.1070722,103.9615909,17z/data=!3m1!4b1!4m6!3m5!1s0x31d98b0051a42e93:0xf8699ca481c3afe4!8m2!3d1.1070722!4d103.9615909!16s%2Fg%2F11vt594cyg?authuser=0&hl=en&entry=ttu&g_ep=EgoyMDI0MDgyOC4wIKXMDSoASAFQAw%3D%3D",0.0,F&B,Indonesia.Batam.Kuliner.202406162232.db,places,null_required_column
11541,Batagor Simpang Tiban (Indonesian restaurant),0.0,0,0,,,"Jl. Tiban Lestari, Tiban Indah, Kec. Sekupang, Kota Batam, Kepulauan Riau",[object Object],0821-7783-2026,1.1145572,103.9840793,https://www.google.com/maps/place/Batagor+Simpang+Tiban/data=!4m7!3m6!1s0x31d98b410f145d87:0x5b270ea07467004!8m2!3d1.1145572!4d103.9840793!16s%2Fg%2F11sv0w5fdq!19sChIJh10UD0GL2TERBHBGB-pwsgU?authuser=0&hl=en&rclk=1,0.0,F&B,Indonesia.Batam.Kuliner.202406162232.db,places,null_required_column
11554,Warung Driver Tiban Family (Restaurant),0.0,0,0,,,"4X58+JP5, Patam Lestari, Sekupang, Batam City, Riau Islands",[object Object],,1.1090191,103.9668528,"https://www.google.com/maps/place/Warung+Driver+Tiban+Family/@1.1090191,103.9668528,17z/data=!3m1!4b1!4m6!3m5!1s0x31d98bb568ac4c5d:0x33ffa7e3fa5ecd50!8m2!3d1.1090191!4d103.9668528!16s%2Fg%2F11mvjv9p5l?authuser=0&hl=en&entry=ttu&g_ep=EgoyMDI0MDgyOC4wIKXMDSoASAFQAw%3D%3D",-1.0,F&B,Indonesia.Batam.Kuliner.202406162232.db,places,null_required_column
11555,HOYYA - TIBAN CENTER (Doner kebab restaurant),0.0,0,0,,,"Ruko Tiban Center, Blk. D No.03, Tiban Indah, Kec. Sekupang, Kota Batam, Kepulauan Riau 29424","[{""day"": ""Sunday"", ""hours"": ""00:00 - 22:00""}, {""day"": ""Monday"", ""hours"": ""00:00 - 22:00""}, {""day"": ""Tuesday"", ""hours"": ""00:00 - 22:00""}, {""day"": ""Wednesday"", ""hours"": ""00:00 - 22:00""}, {""day"": ""Thursday"", ""hours"": ""00:00 - 22:00""}, {""day"": ""Friday"", ""hours"": ""00:00 - 22:00""}, {""day"": ""Saturday"", ""hours"": ""00:00 - 22:00""}]",0812-6103-5707,1.113168,103.9801307,https://www.google.com/maps/place/HOYYA+-+TIBAN+CENTER/data=!4m7!3m6!1s0x31d98be0059383f9:0xd156dab86288f8b7!8m2!3d1.113168!4d103.9801307!16s%2Fg%2F11k3c_5gtp!19sChIJ-YOTBeCL2TERt_iIYrjaVtE?authuser=0&hl=en&rclk=1,2.0,F&B,Indonesia.Batam.Kuliner.202406162232.db,places,null_required_column
11561,Batagor 02 Tiban (Brunch restaurant),0.0,0,0,,,"4X9H+F7V, Jl. Pulau Tujuh, Tiban Indah, Kec. Sekupang, Kota Batam, Kepulauan Riau",[object Object],,1.1187446,103.9781696,https://www.google.com/maps/place/Batagor+02+Tiban/data=!4m7!3m6!1s0x31d98b03ed85ec67:0xa3cbaf07db815533!8m2!3d1.1187446!4d103.9781696!16s%2Fg%2F11tdzwksbg!19sChIJZ-yF7QOL2TERM1WB2wevy6M?authuser=0&hl=en&rclk=1,-1.0,F&B,Indonesia.Batam.Kuliner.202406162232.db,places,null_required_column
11574,Sate Madura Tiban Koperasi (Fast food restaurant),0.0,0,0,,,"4X38+C56, Jl. Tiban Koperasi, Tiban Baru, Kec. Sekupang, Kota Batam, Kepulauan Riau",[object Object],,1.1035475,103.9653979,"https://www.google.com/maps/place/Sate+Madura+Tiban+Koperasi/@1.1035475,103.9653979,17z/data=!3m1!4b1!4m6!3m5!1s0x31d98b002277d3f7:0x93025b88c686ad54!8m2!3d1.1035475!4d103.9653979!16s%2Fg%2F11w3bnhh0c?authuser=0&hl=en&entry=ttu&g_ep=EgoyMDI0MDgyOC4wIKXMDSoASAFQAw%3D%3D",2.0,F&B,Indonesia.Batam.Kuliner.202406162232.db,places,null_required_column
11584,Lapangan parkir kuliner Tiban ayu (Soup kitchen),0.0,0,0,,,"4X6J+J9J, Tiban Indah, Sekupang, Batam City, Riau Islands 29424, Indonesia",[object Object],,1.1112885,103.9809454,https://www.google.com/maps/place/Lapangan+parkir+kuliner+Tiban+ayu/data=!4m7!3m6!1s0x31d98b007d2969a1:0xd49c16f1b06a3770!8m2!3d1.1112885!4d103.9809454!16s%2Fg%2F11vx21_gfj!19sChIJoWkpfQCL2TERcDdqsPEWnNQ?authuser=0&hl=en&rclk=1,2.0,F&B,Indonesia.Batam.Kuliner.202406162232.db,places,null_required_column
11626,CV  Golden Utama (Food products supplier),0.0,0,0,,,"Perum Tiban Ayu, Jl. Gajah Mada No.37 Blok. M1, Tiban Lama, Kec. Sekupang, Kota Batam, Kepulauan Riau 29424, Indonesia",[object Object],+62 853-7430-8654,1.1072919,103.980111,https://www.google.com/maps/place/CV.+Golden+Utama/data=!4m7!3m6!1s0x31d98b8c696afead:0x4b4ed597c339b806!8m2!3d1.1072919!4d103.980111!16s%2Fg%2F11bc7l8xg8!19sChIJrf5qaYyL2TERBrg5w5fVTks?authuser=0&hl=en&rclk=1,2.0,F&B,Indonesia.Batam.Kuliner.202406162232.db,places,null_required_column
7713,kulineran kita,0.0,0,0,Food and beverage consultant,[],+62 852-4492-4940,[],+62 852-4492-4940,0.5137912,101.441176,https://www.google.com/maps/place/kulineran+kita/data=!4m7!3m6!1s0x2028ec94ed5af639:0xa0ee931bf0069016!8m2!3d0.5137912!4d101.441176!16s%2Fg%2F11l72_3cdn!19sChIJOfZa7ZTsKCARFpAG8BuT7qA?authuser=0&hl=en&rclk=1,4.0,F&B,Indonesia.Batam.Kuliner.202406162232.db,places,out_of_batam_bounds
8186,bakso ikan Annisa,5.0,1,0,Frozen food manufacturer,,,[object Object],+62 878-9116-4005,1.7012151,106.2211275,https://www.google.com/maps/place/bakso+ikan+Annisa/data=!4m7!3m6!1s0x7e3e68fe23e40f1:0x6fa3ea3aeade857a!8m2!3d1.7012151!4d106.2211275!16s%2Fg%2F11vdw67lwg!19sChIJ8UA-4o_m4wcReoXe6jrqo28?authuser=0&hl=en&rclk=1,-1.0,F&B,Indonesia.Batam.Kuliner.202406162232.db,places,out_of_batam_bounds
8778,Login cafe,4.8,9,0,Meal delivery,,,"[{""day"": ""Wednesday"", ""hours"": ""09:00 - 23:00""}, {""day"": ""Thursday"", ""hours"": ""09:00 - 23:00""}, {""day"": ""Friday"", ""hours"": ""09:00 - 23:00""}, {""day"": ""Saturday"", ""hours"": ""11:00 - 23:00""}, {""day"": ""Sunday"", ""hours"": ""09:00 - 23:30""}, {""day"": ""Monday"", ""hours"": ""09:00 - 23:00""}, {""day"": ""Tuesday"", ""hours"": ""09:00 - 23:00""}]",0812-8818-0000,-2.44565,117.8888,"https://www.google.com/maps/place/Login+cafe/@-2.44565,117.8888,4z/data=!3m1!4b1!4m6!3m5!1s0x31d973826106d5a7:0xda59b425ce4700a5!8m2!3d-2.44565!4d117.8888!16s%2Fg%2F11hdy_tfg7?authuser=0&hl=en&entry=ttu",1.0,F&B,Indonesia.Batam.Kuliner.202406162232.db,places,out_of_batam_bounds
8957,Warteg Citramas,4.3,51,0,Tegal restaurant,,"Jl. Boulervard Citra Raya, Ruko Garden Boulevard S01/110, Ciakar, Kec. Panongan, Kabupaten Tangerang, Banten 15710, Indonesia",[object Object],,-6.2721185,106.5279609,https://www.google.com/maps/place/Warteg+Citramas/data=!4m7!3m6!1s0x2e4207ef1f98ad85:0xe785d470899a2108!8m2!3d-6.2721185!4d106.5279609!16s%2Fg%2F11jdpnbysb!19sChIJha2YH-8HQi4RCCGaiXDUhec?authuser=0&hl=en&rclk=1,0,F&B,Indonesia.Batam.Kuliner.202406162232.db,places,out_of_batam_bounds
9124,Beef Boss Puri Indah Mall,4.8,379,0,Restaurant,,"Puri Indah Mall, Kembangan Sel., Kec. Kembangan, Kota Jakarta Barat, Daerah Khusus Ibukota Jakarta 11610, Indonesia",[object Object],+62 821-2378-8055,-6.1887957,106.7342025,https://www.google.com/maps/place/Beef+Boss+Puri+Indah+Mall/data=!4m7!3m6!1s0x2e69f73ad2a7c5e1:0x229ca464dd9ceb3a!8m2!3d-6.1887957!4d106.7342025!16s%2Fg%2F11v5bkg8_m!19sChIJ4cWn0jr3aS4ROuuc3WSknCI?authuser=0&hl=en&rclk=1,0,F&B,Indonesia.Batam.Kuliner.202406162232.db,places,out_of_batam_bounds
9125,Hay Thien,4.5,1393,0,Hot pot restaurant,,"Jl. Puri Indah Raya A No.1, RT.1/RW.8, Kembangan Sel., Kec. Kembangan, Kota Jakarta Barat, Daerah Khusus Ibukota Jakarta 11610, Indonesia",[object Object],+62 21 58353347,-6.1850229,106.7523862,https://www.google.com/maps/place/Hay+Thien/data=!4m7!3m6!1s0x2e69f773b48bf3b1:0xd2739614f3cfffd3!8m2!3d-6.1850229!4d106.7523862!16s%2Fg%2F1tmmb8p0!19sChIJsfOLtHP3aS4R0__P8xSWc9I?authuser=0&hl=en&rclk=1,0,F&B,Indonesia.Batam.Kuliner.202406162232.db,places,out_of_batam_bounds
9126,Food Court Puri Indah Mall,4.8,1419,0,Food court,,"Blok, Jl. Puri Lkr. Luar Blok T4 No.1, RT.1/RW.2, South Kembangan, Kembangan, West Jakarta City, Jakarta 11610, Indonesia",[object Object],,-6.188876,106.7337073,https://www.google.com/maps/place/Food+Court+Puri+Indah+Mall/data=!4m7!3m6!1s0x2e69f77ac871aa45:0x8528e93aee99e14f!8m2!3d-6.188876!4d106.7337073!16s%2Fg%2F11g7y5lwph!19sChIJRapxyHr3aS4RT-GZ7jrpKIU?authuser=0&hl=en&rclk=1,0,F&B,Indonesia.Batam.Kuliner.202406162232.db,places,out_of_batam_bounds
9128,Soto Mie Puri H  Darjo (Soto Mie Puri Pak H  Darjo),4.4,1187,0,Soto restaurant,,"4X57+774, Jl. Tiban Koperasi, Tiban Baru, Kec. Sekupang, Kota Batam, Kepulauan Riau 29425, Indonesia",[object Object],+62 856-6207-584,-6.179502,106.7490019,https://www.google.com/maps/place/Soto+Mie+Puri+H.+Darjo/data=!4m7!3m6!1s0x2e69f70b9921c1ad:0xa231c217762a2970!8m2!3d-6.179502!4d106.7490019!16s%2Fg%2F1pzshfyft!19sChIJrcEhmQv3aS4RcCkqdhfCMaI?authuser=0&hl=en&rclk=1,0,F&B,Indonesia.Batam.Kuliner.202406162232.db,places,out_of_batam_bounds
9132,Sate Khas Senayan Puri Indah Mall,4.5,113,0,Indonesian restaurant,,"Puri Indah Mall Lt. 1 Unit E-101, Jl. Puri Agung No.75, RT.1/RW.2, Kembangan Sel., Kec. Kembangan, Kota Jakarta Barat, Daerah Khusus Ibukota Jakarta 11610, Indonesia",[object Object],+62 21 58352238,-6.1870694,106.7342803,https://www.google.com/maps/place/Sate+Khas+Senayan+Puri+Indah+Mall/data=!4m7!3m6!1s0x2e69f77aecb3191b:0x68549095d9f15c4a!8m2!3d-6.1870694!4d106.7342803!16s%2Fg%2F11g4hc3_z8!19sChIJGxmz7Hr3aS4RSlzx2ZWQVGg?authuser=0&hl=en&rclk=1,0,F&B,Indonesia.Batam.Kuliner.202406162232.db,places,out_of_batam_bounds
9134,Din Tai Fung - Puri Indah Mall,4.3,306,0,Chinese restaurant,,"Jl. Puri Agung No.1, RT.1/RW.2, Kembangan Sel., Kec. Kembangan, Kota Jakarta Barat, Daerah Khusus Ibukota Jakarta 11610, Indonesia",[object Object],+62 21 5823460,-6.188489,106.73436,https://www.google.com/maps/place/Din+Tai+Fung+-+Puri+Indah+Mall/data=!4m7!3m6!1s0x2e69f77ab940bf47:0x17202f3ea2eb012a!8m2!3d-6.188489!4d106.73436!16s%2Fg%2F1tkn534t!19sChIJR79AuXr3aS4RKgHroj4vIBc?authuser=0&hl=en&rclk=1,0,F&B,Indonesia.Batam.Kuliner.202406162232.db,places,out_of_batam_bounds
9140,Bakmi Agoan Puri Indah,4.2,1023,0,Noodle shop,,"Jl. Puri Indah Raya Blok A No.8 1, RT.1/RW.8, Kembangan Sel., Kec. Kembangan, Kota Jakarta Barat, Daerah Khusus Ibukota Jakarta 11610, Indonesia",[object Object],+62 21 5813377,-6.1848566,106.7529811,https://www.google.com/maps/place/Bakmi+Agoan+Puri+Indah/data=!4m7!3m6!1s0x2e69f70c1e597ed5:0xd55dde4c1c2d4275!8m2!3d-6.1848566!4d106.7529811!16s%2Fg%2F1td6jsff!19sChIJ1X5ZHgz3aS4RdUItHEzeXdU?authuser=0&hl=en&rclk=1,0,F&B,Indonesia.Batam.Kuliner.202406162232.db,places,out_of_batam_bounds
9144,Bakmi Asoi,4.3,190,0,Noodle shop,,"Ruko Pasar Puri Indah Blok I No. 40, RT.1/RW.6, Kembangan Sel., Kec. Kembangan, Kota Jakarta Barat, Daerah Khusus Ibukota Jakarta 11610, Indonesia",[object Object],+62 856-8664-910,-6.1852365,106.7538594,https://www.google.com/maps/place/Bakmi+Asoi/data=!4m7!3m6!1s0x2e69f70e96556f95:0x5fdb53d73ed20846!8m2!3d-6.1852365!4d106.7538594!16s%2Fg%2F11c0rpknrl!19sChIJlW9Vlg73aS4RRgjSPtdT218?authuser=0&hl=en&rclk=1,0,F&B,Indonesia.Batam.Kuliner.202406162232.db,places,out_of_batam_bounds
9145,Solaria PIM (Solaria - Puri Indah Mall),3.5,142,0,Restaurant,,"Puri Indah Mall, Jl. Puri Agung No.1 2, Kembangan Sel., Kec. Kembangan, Kota Jakarta Barat, Daerah Khusus Ibukota Jakarta 11610, Indonesia",[object Object],,-6.1880909,106.7345448,https://www.google.com/maps/place/Solaria+PIM/data=!4m7!3m6!1s0x2e69f70ea6def8e1:0x8372371c1888c153!8m2!3d-6.1880909!4d106.7345448!16s%2Fg%2F11cmtyx13j!19sChIJ4fjepg73aS4RU8GIGBw3coM?authuser=0&hl=en&rclk=1,0,F&B,Indonesia.Batam.Kuliner.202406162232.db,places,out_of_batam_bounds
9146,Food Avenue,4.4,1432,0,Food court,,"Jl. Puri Indah Raya Blok 02 No.3, RT.3/RW.2, Kembangan Sel., Kec. Kembangan, Kota Jakarta Barat, Daerah Khusus Ibukota Jakarta 11610, Indonesia",[object Object],+62 21 29111070,-6.1901553,106.7386809,"https://www.google.com/maps/place/Food+Avenue/@-6.1901553,106.7386809,17z/data=!3m1!4b1!4m6!3m5!1s0x2e69f76e31c93bfb:0xfbfbae8e99286615!8m2!3d-6.1901553!4d106.7386809!16s%2Fg%2F11bwn97v3z?authuser=0&hl=en&entry=ttu&g_ep=EgoyMDI0MDgyOC4wIKXMDSoASAFQAw%3D%3D",0,F&B,Indonesia.Batam.Kuliner.202406162232.db,places,out_of_batam_bounds
9148,Marugame Udon Puri Indah Mall,4.5,366,0,Japanese restaurant,,"Jl. Puri Agung F2237B, RT.1/RW.2, South Kembangan, Kembangan, West Jakarta City, Jakarta 11610, Indonesia",[object Object],+62 811-3483-532,-6.1879234,106.7341716,https://www.google.com/maps/place/Marugame+Udon+Puri+Indah+Mall/data=!4m7!3m6!1s0x2e69f771ba8d621f:0xb97d2fbdf77dc1fa!8m2!3d-6.1879234!4d106.7341716!16s%2Fg%2F11c3tv7t31!19sChIJH2KNunH3aS4R-sF9970vfbk?authuser=0&hl=en&rclk=1,0,F&B,Indonesia.Batam.Kuliner.202406162232.db,places,out_of_batam_bounds
9150,Chung Gi Wa - Puri Indah Mall,4.4,631,0,Korean restaurant,,"Jl. Puri Agung F2E202B, RT.1/RW.2, South Kembangan, Kembangan, West Jakarta City, Jakarta 11610, Indonesia",[object Object],+62 21 58354428,-6.1876844,106.7338142,https://www.google.com/maps/place/Chung+Gi+Wa+-+Puri+Indah+Mall/data=!4m7!3m6!1s0x2e69f77a8d727a2d:0x104806a909c5f56f!8m2!3d-6.1876844!4d106.7338142!16s%2Fg%2F11bx62b2mj!19sChIJLXpyjXr3aS4Rb_XFCakGSBA?authuser=0&hl=en&rclk=1,0,F&B,Indonesia.Batam.Kuliner.202406162232.db,places,out_of_batam_bounds
9152,Seroeni - Lippo Mall Puri,4.4,1098,0,Asian restaurant,,"Lippo Mall Puri Level 1 Unit 97 Jalan Puri Indah Raya Blok U1 Puri Indah CBD Kembangan, RT.3/RW.2, Kembangan Sel., Kota Jakarta Barat, Daerah Khusus Ibukota Jakarta 11610, Indonesia",[object Object],+62 856-9337-4484,-6.1881244,106.7386502,https://www.google.com/maps/place/Seroeni+-+Lippo+Mall+Puri/data=!4m7!3m6!1s0x2e69f771c987befd:0x7e86092e99b8dbe7!8m2!3d-6.1881244!4d106.7386502!16s%2Fg%2F11bwn83nlv!19sChIJ_b6HyXH3aS4R59u4mS4Jhn4?authuser=0&hl=en&rclk=1,0,F&B,Indonesia.Batam.Kuliner.202406162232.db,places,out_of_batam_bounds
9154,Ninety Nine Pesanggrahan,4.5,1329,0,European restaurant,,"Jl. Pesanggrahan No.2, RT.1/RW.7, Kembangan Sel., Kec. Kembangan, Kota Jakarta Barat, Daerah Khusus Ibukota Jakarta 11610, Indonesia",[object Object],+62 21 58304797,-6.1883671,106.7560847,https://www.google.com/maps/place/Ninety+Nine+Pesanggrahan/data=!4m7!3m6!1s0x2e69f70e34da6a43:0x7d3eb6df968049ac!8m2!3d-6.1883671!4d106.7560847!16s%2Fg%2F1yhbl8bv_!19sChIJQ2raNA73aS4RrEmAlt-2Pn0?authuser=0&hl=en&rclk=1,0,F&B,Indonesia.Batam.Kuliner.202406162232.db,places,out_of_batam_bounds
9156,Steak 21 Puri Indah Mall,4.7,117,0,Western restaurant,,"F1IU12, Jl. Puri Agung No.1, RT.1/RW.2, South Kembangan, Kembangan, West Jakarta City, Jakarta 11610, Indonesia",[object Object],+62 21 5822435,-6.188756,106.7341502,https://www.google.com/maps/place/Steak+21+Puri+Indah+Mall/data=!4m7!3m6!1s0x2e69f7ffc66b19c1:0x8eb27fced54ad682!8m2!3d-6.188756!4d106.7341502!16s%2Fg%2F11k9z6_wrt!19sChIJwRlrxv_3aS4RgtZK1c5_so4?authuser=0&hl=en&rclk=1,0,F&B,Indonesia.Batam.Kuliner.202406162232.db,places,out_of_batam_bounds
9158,Joe & Dough Puri Indah Mall,4.4,195,0,Restaurant,,"Jl. Puri Agung No.1 2, RT.1/RW.2, Kembangan Sel., Kec. Kembangan, Kota Jakarta Barat, Daerah Khusus Ibukota Jakarta 11610, Indonesia",[object Object],+62 21 5828297,-6.1886363,106.7331787,https://www.google.com/maps/place/Joe+%26+Dough+Puri+Indah+Mall/data=!4m7!3m6!1s0x2e69f7a959fb1665:0x371c68757bdac758!8m2!3d-6.1886363!4d106.7331787!16s%2Fg%2F11fj5gnht0!19sChIJZRb7Wan3aS4RWMfae3VoHDc?authuser=0&hl=en&rclk=1,0,F&B,Indonesia.Batam.Kuliner.202406162232.db,places,out_of_batam_bounds
9160,Hachi Grill Puri Indah,4.8,2813,0,Yakiniku restaurant,,"Puri Indah Blok P1 Persil No, RW.1, Kembangan Sel., Kec. Kembangan, Daerah Khusus Ibukota Jakarta 11610, Indonesia",[object Object],+62 811-9711-6747,-6.1897129,106.7346104,https://www.google.com/maps/place/Hachi+Grill+Puri+Indah/data=!4m7!3m6!1s0x2e69f78c2c52ec11:0xaa8e8466d35614aa!8m2!3d-6.1897129!4d106.7346104!16s%2Fg%2F11tcj7jv8n!19sChIJEexSLIz3aS4RqhRW02aEjqo?authuser=0&hl=en&rclk=1,0,F&B,Indonesia.Batam.Kuliner.202406162232.db,places,out_of_batam_bounds
9161,Lapo Ni Tondong Ta,4.3,520,0,Batak restaurant,,"2, Jl. Pesanggrahan No.9 2, RT.2/RW.6, Kembangan Sel., Kec. Kembangan, Kota Jakarta Barat, Daerah Khusus Ibukota Jakarta 11610, Indonesia",[object Object],+62 21 5802928,-6.1861814,106.7552239,https://www.google.com/maps/place/Lapo+Ni+Tondong+Ta/data=!4m7!3m6!1s0x2e69f70e4e6f5e81:0xc45c40b9c51ce719!8m2!3d-6.1861814!4d106.7552239!16s%2Fg%2F1q5bkth8j!19sChIJgV5vTg73aS4RGeccxblAXMQ?authuser=0&hl=en&rclk=1,0,F&B,Indonesia.Batam.Kuliner.202406162232.db,places,out_of_batam_bounds
9162,Puri Indah Market (Pasar Puri Indah),4.5,2347,0,Traditional market,,"Mall Puri Indah, 1, Jl. Puri Indah Raya No.1, RT.1/RW.8, Kembangan Sel., Kota Jakarta Barat, Daerah Khusus Ibukota Jakarta 11610, Indonesia",[object Object],,-6.1855531,106.7534285,https://www.google.com/maps/place/Puri+Indah+Market/data=!4m7!3m6!1s0x2e69f74da511cecf:0xeaf37545f15452b4!8m2!3d-6.1855531!4d106.7534285!16s%2Fg%2F11j8fj5tq6!19sChIJz84RpU33aS4RtFJU8UV18-o?authuser=0&hl=en&rclk=1,0,F&B,Indonesia.Batam.Kuliner.202406162232.db,places,out_of_batam_bounds
9163,Bari-Uma Ramen - Lippo Mall Puri,4.4,615,0,Ramen restaurant,,"Lippo Mall Puri Level 1 Unit 98 CBD, Jl. Puri Indah Raya L1-98, RT.3/RW.2, Kembangan Sel., Kec. Kembangan, Kota Jakarta Barat, Daerah Khusus Ibukota Jakarta 11610, Indonesia",[object Object],+62 21 22582752,-6.1881636,106.7386154,https://www.google.com/maps/place/Bari-Uma+Ramen+-+Lippo+Mall+Puri/data=!4m7!3m6!1s0x2e69f771c9f98b2f:0xc56be7318c985b8f!8m2!3d-6.1881636!4d106.7386154!16s%2Fg%2F11bwn8lyf9!19sChIJL4v5yXH3aS4Rj1uYjDHna8U?authuser=0&hl=en&rclk=1,0,F&B,Indonesia.Batam.Kuliner.202406162232.db,places,out_of_batam_bounds
9164,Platinum - Puri Indah Mall,3.9,148,0,Nasi goreng restaurant,,"Jl. Puri Agung F2205A, RT.1/RW.2, South Kembangan, Kembangan, West Jakarta City, Jakarta 11610, Indonesia",[object Object],+62 21 5822455,-6.188868,106.7338454,"https://www.google.com/maps/place/Platinum+-+Puri+Indah+Mall/@-6.188868,106.7338454,17z/data=!3m1!4b1!4m6!3m5!1s0x2e69f77a9512969f:0xabaefb497066a698!8m2!3d-6.188868!4d106.7338454!16s%2Fg%2F1td1m946?authuser=0&hl=en&entry=ttu&g_ep=EgoyMDI0MDgyOC4wIKXMDSoASAFQAw%3D%3D",0,F&B,Indonesia.Batam.Kuliner.202406162232.db,places,out_of_batam_bounds
9166,Jin Mu Restaurant - Lippo Mall Puri,4.1,140,0,Chinese restaurant,,"Lippo Mall Puri, Jl. Puri Indah Raya, South Kembangan, Kembangan, West Jakarta City, Jakarta 11610, Indonesia",[object Object],+62 813-1476-5202,-6.1877486,106.7388037,https://www.google.com/maps/place/Jin+Mu+Restaurant+-+Lippo+Mall+Puri/data=!4m7!3m6!1s0x2e69f7ad5d8d9821:0x6ff1cba2cdcc8ca8!8m2!3d-6.1877486!4d106.7388037!16s%2Fg%2F11h2kgm8wk!19sChIJIZiNXa33aS4RqIzMzaLL8W8?authuser=0&hl=en&rclk=1,0,F&B,Indonesia.Batam.Kuliner.202406162232.db,places,out_of_batam_bounds
9168,Rumah Makan Puri Minang,4.4,428,0,Padang restaurant,,"Jl. Puri Kembangan No.67F 11, RT.11/RW.5, Kembangan Sel., Kec. Kembangan, Kota Jakarta Barat, Daerah Khusus Ibukota Jakarta 11610, Indonesia",[object Object],+62 21 58303839,-6.183588,106.752789,https://www.google.com/maps/place/Rumah+Makan+Puri+Minang/data=!4m7!3m6!1s0x2e69f70bfe1b40c7:0x8e025f1fc2b455c0!8m2!3d-6.183588!4d106.752789!16s%2Fg%2F1hm1zkz4n!19sChIJx0Ab_gv3aS4RwFW0wh9fAo4?authuser=0&hl=en&rclk=1,0,F&B,Indonesia.Batam.Kuliner.202406162232.db,places,out_of_batam_bounds
9170,Pantai Sentosa Seafood Market,4.5,3155,0,Seafood restaurant,,"Jl. Lkr. Luar Barat No.23, RT.2/RW.1, Kembangan Sel., Kec. Kembangan, Kota Jakarta Barat, Daerah Khusus Ibukota Jakarta 11610, Indonesia",[object Object],+62 21 54336901,-6.1825571,106.7287368,https://www.google.com/maps/place/Pantai+Sentosa+Seafood+Market/data=!4m7!3m6!1s0x2e69f73f891e981d:0xacc7a43e281e245e!8m2!3d-6.1825571!4d106.7287368!16s%2Fg%2F11h7fv8gg3!19sChIJHZgeiT_3aS4RXiQeKD6kx6w?authuser=0&hl=en&rclk=1,0,F&B,Indonesia.Batam.Kuliner.202406162232.db,places,out_of_batam_bounds
9172,Talaga Sampireun Puri,4.4,8973,0,Indonesian restaurant,,"Puri Indah Mall, Jl. Puri Agung No.1 2nd Floor, Kembangan Sel., Kec. Kembangan, Kota Jakarta Barat, Daerah Khusus Ibukota Jakarta 11610, Indonesia",[object Object],,-6.168859,106.7282614,https://www.google.com/maps/place/Talaga+Sampireun+Puri/data=!4m7!3m6!1s0x2e69f788b0215e77:0x5f6feda18f8603b3!8m2!3d-6.168859!4d106.7282614!16s%2Fg%2F11b6nkllpp!19sChIJd14hsIj3aS4RswOGj6Htb18?authuser=0&hl=en&rclk=1,0,F&B,Indonesia.Batam.Kuliner.202406162232.db,places,out_of_batam_bounds
9173,Bakmi GM Puri Indah Mall,4.4,1046,0,Noodle shop,,"Jl. Puri Agung F1103, RT.3/RW.2, South Kembangan, Kembangan, West Jakarta City, Jakarta 11610, Indonesia",[object Object],+62 21 5822406,-6.1887773,106.7343508,https://www.google.com/maps/place/Bakmi+GM+Puri+Indah+Mall/data=!4m7!3m6!1s0x2e69f77acee7de79:0x69ea325621811610!8m2!3d-6.1887773!4d106.7343508!16s%2Fg%2F1v3y55_y!19sChIJed7nznr3aS4REBaBIVYy6mk?authuser=0&hl=en&rclk=1,0,F&B,Indonesia.Batam.Kuliner.202406162232.db,places,out_of_batam_bounds
9174,McDonald's Puri Kembangan,4.6,8978,0,Fast food restaurant,,"Jl. Puri Indah Raya Blok U1 No.1, RT.3/RW.2, Kembangan Sel., Kec. Kembangan, Kota Jakarta Barat, Daerah Khusus Ibukota Jakarta 11610, Indonesia",[object Object],+62 21 58358555,-6.1876046,106.7379474,"https://www.google.com/maps/place/McDonald's+Puri+Kembangan/@-6.1876046,106.7379474,17z/data=!3m1!4b1!4m6!3m5!1s0x2e69f771ad2b0c13:0x773a5f345c341a70!8m2!3d-6.1876046!4d106.7379474!16s%2Fg%2F11cjj0tvrs?authuser=0&hl=en&entry=ttu&g_ep=EgoyMDI0MDgyOC4wIKXMDSoASAFQAw%3D%3D",0,F&B,Indonesia.Batam.Kuliner.202406162232.db,places,out_of_batam_bounds
9175,Delima Authentic Indonesian Food,4.4,328,0,Indonesian restaurant,,"Jl. Pesanggrahan No.125a, RT.10/RW.5, Meruya Utara, Kec. Kembangan, Kota Jakarta Barat, Daerah Khusus Ibukota Jakarta 11610, Indonesia",[object Object],,-6.1875944,106.7552477,https://www.google.com/maps/place/Delima+Authentic+Indonesian+Food/data=!4m7!3m6!1s0x2e69f70e483661c3:0xc2cb7a7a16833b70!8m2!3d-6.1875944!4d106.7552477!16s%2Fg%2F11sm8mblkg!19sChIJw2E2SA73aS4RcDuDFnp6y8I?authuser=0&hl=en&rclk=1,0,F&B,Indonesia.Batam.Kuliner.202406162232.db,places,out_of_batam_bounds
9176,Baku Sayang Restaurant,4.5,1242,0,Manado restaurant,,"Jl. Pesanggrahan No.27, RT.1/RW.6, Kembangan Sel., Kec. Kembangan, Kota Jakarta Barat, Daerah Khusus Ibukota Jakarta 11610, Indonesia",[object Object],+62 21 5841408,-6.1948085,106.7555623,https://www.google.com/maps/place/Baku+Sayang+Restaurant/data=!4m7!3m6!1s0x2e69f716dc6c3af3:0x9d104b5eea4dea2b!8m2!3d-6.1948085!4d106.7555623!16s%2Fg%2F11gcybmt7l!19sChIJ8zps3Bb3aS4RK-pN6l5LEJ0?authuser=0&hl=en&rclk=1,0,F&B,Indonesia.Batam.Kuliner.202406162232.db,places,out_of_batam_bounds
9177,Kimukatsu Lippo Mall Puri,4.9,7227,0,Japanese restaurant,,"Lippo Mall Puri LG-156 Jl. Puri Indah Raya Blok U1, Jl. Puri Indah Raya Blok U1 156, RT.3/RW.2, Kembangan Sel., Kec. Kembangan, Kota Jakarta Barat, Daerah Khusus Ibukota Jakarta 11610, Indonesia",[object Object],+62 21 80679316,-6.189988,106.7386814,https://www.google.com/maps/place/Kimukatsu+Lippo+Mall+Puri/data=!4m7!3m6!1s0x2e69f7eb38aaa7ef:0xb7c2f07f94daee28!8m2!3d-6.189988!4d106.7386814!16s%2Fg%2F11gmbpxnsy!19sChIJ76eqOOv3aS4RKO7alH_wwrc?authuser=0&hl=en&rclk=1,0,F&B,Indonesia.Batam.Kuliner.202406162232.db,places,out_of_batam_bounds
9180,Ocean 8 Seafood & Dimsum Bar - Lippo Mall Puri,4.7,904,0,Chinese restaurant,,"Lippo Mall Puri, Jl. Puri Indah Raya, RT.3/RW.2, Kembangan Sel., Kec. Kembangan, Kota Jakarta Barat, Daerah Khusus Ibukota Jakarta 11610, Indonesia",[object Object],+62 813-8787-7368,-6.1898693,106.7395491,https://www.google.com/maps/place/Ocean+8+Seafood+%26+Dimsum+Bar+-+Lippo+Mall+Puri/data=!4m7!3m6!1s0x2e69f798e629ef3b:0x6fbdbf57f7745497!8m2!3d-6.1898693!4d106.7395491!16s%2Fg%2F11tdw55l2g!19sChIJO-8p5pj3aS4Rl1R091e_vW8?authuser=0&hl=en&rclk=1,0,F&B,Indonesia.Batam.Kuliner.202406162232.db,places,out_of_batam_bounds
9216,Wisata Kuliner Kampoeng,4.5,2,0,Cafe,,"G7XQ+M65, Gampong Blang, Meuraxa, Banda Aceh City, Aceh 23232, Indonesia",[object Object],,5.5491405,95.2881215,"https://www.google.com/maps/place/Wisata+Kuliner+Kampoeng/@5.5491405,95.2881215,17z/data=!3m1!4b1!4m6!3m5!1s0x30403106961b6c05:0x6ebeb0d5d5f6fc9f!8m2!3d5.5491405!4d95.2881215!16s%2Fg%2F11p0091tqw?authuser=0&hl=en&entry=ttu&g_ep=EgoyMDI0MDgyOC4wIKXMDSoASAFQAw%3D%3D",0,F&B,Indonesia.Batam.Kuliner.202406162232.db,places,out_of_batam_bounds
9217,Wisata Kuliner (Foodcourt) Blangpadang - Banda Aceh,4.1,204,0,Food court,,"H828+83R, Jl. Taman Blang Padang, Kp. Baru, Kec. Baiturrahman, Kota Banda Aceh, Aceh 23116, Indonesia",[object Object],,5.5508664,95.3151405,https://www.google.com/maps/place/Wisata+Kuliner+%28Foodcourt%29+Blangpadang+-+Banda+Aceh/data=!4m7!3m6!1s0x3040374c2d1bb611:0xf1155015b9c8e72e!8m2!3d5.5508664!4d95.3151405!16s%2Fg%2F11c32ccqqy!19sChIJEbYbLUw3QDARLufIuRVQFfE?authuser=0&hl=en&rclk=1,0,F&B,Indonesia.Batam.Kuliner.202406162232.db,places,out_of_batam_bounds
9222,Situs Kuliner Aceh,3.0,1,0,Natural goods store,,,[object Object],+62 852-7729-7171,-0.1469465,100.991266,https://www.google.com/maps/place/Situs+Kuliner+Aceh/data=!4m7!3m6!1s0x304094a2b91ee3d5:0x78242a3abc38f34e!8m2!3d-0.1469465!4d100.991266!16s%2Fg%2F11bt_l7k4p!19sChIJ1eMeuaKUQDARTvM4vDoqJHg?authuser=0&hl=en&rclk=1,-1.0,F&B,Indonesia.Batam.Kuliner.202406162232.db,places,out_of_batam_bounds
9223,RM Sahabat Baru,4.4,465,0,Indonesian restaurant,,"Bale Atu, Lut Tawar, Central Aceh Regency, Aceh 24519, Indonesia",[object Object],+62 812-6548-6113,4.6226723,96.8499685,https://www.google.com/maps/place/RM+Sahabat+Baru/data=!4m7!3m6!1s0x3038ec10a1eb5203:0xb18e4b84293eb4ee!8m2!3d4.6226723!4d96.8499685!16s%2Fg%2F11cn3lxhs5!19sChIJA1LroRDsODAR7rQ-KYRLjrE?authuser=0&hl=en&rclk=1,0,F&B,Indonesia.Batam.Kuliner.202406162232.db,places,out_of_batam_bounds
9224,Bang Jali (Rumah Makan Ciri Khas Kampung Bang Jali),4.3,38,0,Lunch restaurant,,"F8V9+PXQ, Deunong, Darul Imarah, Aceh Besar Regency, Aceh 23116, Indonesia",[object Object],+62 822-9491-9955,5.494338,95.3199808,"https://www.google.com/maps/place/Bang+Jali/@5.494338,95.3199808,17z/data=!3m1!4b1!4m6!3m5!1s0x304039783b0ebc55:0x55099c215dc25fe4!8m2!3d5.494338!4d95.3199808!16s%2Fg%2F11h9yq_ttk?authuser=0&hl=en&entry=ttu&g_ep=EgoyMDI0MDgyOC4wIKXMDSoASAFQAw%3D%3D",0,F&B,Indonesia.Batam.Kuliner.202406162232.db,places,out_of_batam_bounds
9226,Dapu Mie Aceh Kampung Utan,4.5,581,0,Noodle shop,,"Jl. W R Supratman No.62, Cemp. Putih, Kec. Ciputat Tim., Kota Tangerang Selatan, Banten 15412, Indonesia",[object Object],+62 852-1887-7994,-6.3042045,106.7558573,"https://www.google.com/maps/place/Dapu+Mie+Aceh+Kampung+Utan/@-6.3042045,106.7558573,17z/data=!3m1!4b1!4m6!3m5!1s0x2e69efd9a946b947:0x56f17344d3d2eb03!8m2!3d-6.3042045!4d106.7558573!16s%2Fg%2F11c3tg8hc1?authuser=0&hl=en&entry=ttu&g_ep=EgoyMDI0MDgyOC4wIKXMDSoASAFQAw%3D%3D",0,F&B,Indonesia.Batam.Kuliner.202406162232.db,places,out_of_batam_bounds
9231,Lambung Kuliner,4.4,180,0,Cafe,,"H75Q+69C, Baro, Deah Glumpang, Kec. Meuraxa, Kota Banda Aceh, Aceh 23232, Indonesia",[object Object],,5.5580524,95.2883948,https://www.google.com/maps/place/Lambung+Kuliner/data=!4m7!3m6!1s0x304030954385eb21:0xdd1465d3f79ab1de!8m2!3d5.5580524!4d95.2883948!16s%2Fg%2F11g9vnl4h3!19sChIJIeuFQ5UwQDAR3rGa99NlFN0?authuser=0&hl=en&rclk=1,0,F&B,Indonesia.Batam.Kuliner.202406162232.db,places,out_of_batam_bounds
9232,Warung Mie Barcelona,4.3,140,0,Cafe,,"XQ2C+GJ2, Kampung Jawa, Idi Rayeuk, East Aceh Regency, Aceh, Indonesia",[object Object],,4.9512564,97.7715243,"https://www.google.com/maps/place/Warung+Mie+Barcelona/@4.9512564,97.7715243,17z/data=!3m1!4b1!4m6!3m5!1s0x303801e9d2b24bcb:0x9faf210a4445a8a3!8m2!3d4.9512564!4d97.7715243!16s%2Fg%2F11fx8c1d3q?authuser=0&hl=en&entry=ttu&g_ep=EgoyMDI0MDgyOC4wIKXMDSoASAFQAw%3D%3D",0,F&B,Indonesia.Batam.Kuliner.202406162232.db,places,out_of_batam_bounds
9233,Warung Tepi Sungai Kg Aceh,4.4,16,0,Restaurant,,"Jln Kampung Perigi Aceh, 81700, Johor, Malaysia",[object Object],,1.4387653,103.9887824,https://www.google.com/maps/place/Warung+Tepi+Sungai+Kg+Aceh/data=!4m7!3m6!1s0x31da3f7c3858c38f:0x86da29b26d3189e7!8m2!3d1.4387653!4d103.9887824!16s%2Fg%2F11f8_xdhp7!19sChIJj8NYOHw_2jER54kxbbIp2oY?authuser=0&hl=en&rclk=1,0,F&B,Indonesia.Batam.Kuliner.202406162232.db,places,out_of_batam_bounds
9234,Warung Makan Khas Aceh  Trienggadeng,4.6,8,0,Restaurant,,"H89H+GPR, Lamdingin, Kuta Alam, Banda Aceh City, Aceh, Indonesia",[object Object],,5.5688582,95.3292513,"https://www.google.com/maps/place/Warung+Makan+Khas+Aceh+%22Trienggadeng%22/@5.5688582,95.3292513,17z/data=!3m1!4b1!4m6!3m5!1s0x304037acf6cb6e7d:0xb32346c7bfe28d26!8m2!3d5.5688582!4d95.3292513!16s%2Fg%2F11lryp40_g?authuser=0&hl=en&entry=ttu&g_ep=EgoyMDI0MDgyOC4wIKXMDSoASAFQAw%3D%3D",0,F&B,Indonesia.Batam.Kuliner.202406162232.db,places,out_of_batam_bounds
9236,Warung Kuliner Kuala Ulee Lheue,3.9,45,0,Restaurant,,"Jl. Sultan Iskandar Muda, Ulee Lheue, Kec. Meuraxa, Kota Banda Aceh, Aceh 23233, Indonesia",[object Object],+62 852-6010-1614,5.5564478,95.283657,https://www.google.com/maps/place/Warung+Kuliner+Kuala+Ulee+Lheue/data=!4m7!3m6!1s0x304031e67cf1998d:0xc533c5ffa476ea18!8m2!3d5.5564478!4d95.283657!16s%2Fg%2F11p56g1f56!19sChIJjZnxfOYxQDARGOp2pP_FM8U?authuser=0&hl=en&rclk=1,0,F&B,Indonesia.Batam.Kuliner.202406162232.db,places,out_of_batam_bounds
9237,Sr Kuliner,5.0,2,0,Restaurant,,"Jl. Laksamana Malahayati Simpang Mesra No.25, Jeulingke, Kec. Syiah Kuala, Kota Banda Aceh, Aceh, Indonesia",[object Object],+62 822-5378-6954,5.5823739,95.3525888,https://www.google.com/maps/place/Sr+Kuliner/data=!4m7!3m6!1s0x3040378f5eb60d4f:0x8cf28e30e9020513!8m2!3d5.5823739!4d95.3525888!16s%2Fg%2F11ft75hqlz!19sChIJTw22Xo83QDAREwUC6TCO8ow?authuser=0&hl=en&rclk=1,0,F&B,Indonesia.Batam.Kuliner.202406162232.db,places,out_of_batam_bounds
9238,Grand Aceh Kuliner,4.3,743,0,Restaurant,,"Jl. Sultan Iskandar Muda Jl. Utama Gampong Lambung, Deah Baro, Kec. Meuraxa, Kota Banda Aceh, Aceh 23233, Indonesia",[object Object],+62 811-6818-142,5.5535199,95.2923994,https://www.google.com/maps/place/Grand+Aceh+Kuliner/data=!4m7!3m6!1s0x30403164c0fb4d99:0xfcc082777b122ae0!8m2!3d5.5535199!4d95.2923994!16s%2Fg%2F11h4w7h3xx!19sChIJmU37wGQxQDAR4CoSe3eCwPw?authuser=0&hl=en&rclk=1,0,F&B,Indonesia.Batam.Kuliner.202406162232.db,places,out_of_batam_bounds
9239,Kuliner Aceh,5.0,4,0,Indonesian restaurant,,"PV2W+49P, Jl. Taman Mini Indonesia Indah, Lubang Buaya, Kec. Cipayung, Kota Jakarta Timur, Daerah Khusus Ibukota Jakarta 13810, Indonesia",[object Object],,-6.2999036,106.8960238,https://www.google.com/maps/place/Kuliner+Aceh/data=!4m7!3m6!1s0x2e69ed637079e779:0x90f7ee25b6700e18!8m2!3d-6.2999036!4d106.8960238!16s%2Fg%2F11vbn_vvxk!19sChIJeed5cGPtaS4RGA5wtiXu95A?authuser=0&hl=en&rclk=1,0,F&B,Indonesia.Batam.Kuliner.202406162232.db,places,out_of_batam_bounds
9240,Mie Aceh Bik Ani,4.8,4,0,Noodle shop,,"Jl. Kp. Besar, Gampong Besar, Kec. Banda Mulia, Kabupaten Aceh Tamiang, Aceh 24471, Indonesia",[object Object],,4.421793,98.1254393,https://www.google.com/maps/place/Mie+Aceh+Bik+Ani/data=!4m7!3m6!1s0x30379fc10de73785:0x6f647c6cf20399fd!8m2!3d4.421793!4d98.1254393!16s%2Fg%2F11h4qly7fq!19sChIJhTfnDcGfNzAR_ZkD8mx8ZG8?authuser=0&hl=en&rclk=1,0,F&B,Indonesia.Batam.Kuliner.202406162232.db,places,out_of_batam_bounds
9241,Lem Bakrie,4.5,1769,0,Soup shop,,"H82W+94W, Jl. Prof. Ali Hasyimi, Lamteh, Kec. Ulee Kareng, Kota Banda Aceh, Aceh 23127, Indonesia",[object Object],+62 852-7732-0036,5.55098,95.3453146,https://www.google.com/maps/place/Lem+Bakrie/data=!4m7!3m6!1s0x3040377118d90c1f:0x2e2b3aaba3aebba6!8m2!3d5.55098!4d95.3453146!16s%2Fg%2F11cjnns6ms!19sChIJHwzZGHE3QDARpruuo6s6Ky4?authuser=0&hl=en&rclk=1,0,F&B,Indonesia.Batam.Kuliner.202406162232.db,places,out_of_batam_bounds
9242,ANESKA Coffe & Resto,4.2,119,0,Restaurant,,"Jl. Rantau, Kp. Durian, Kec. Rantau, Kabupaten Aceh Tamiang, Aceh, Indonesia",[object Object],+62 813-7357-0372,4.2893001,98.0797682,"https://www.google.com/maps/place/ANESKA+Coffe+%26+Resto/@4.2893001,98.0797682,17z/data=!3m1!4b1!4m6!3m5!1s0x3037753db4add9c3:0x561af9b8493f2393!8m2!3d4.2893001!4d98.0797682!16s%2Fg%2F11p5lx8qh7?authuser=0&hl=en&entry=ttu&g_ep=EgoyMDI0MDgyOC4wIKXMDSoASAFQAw%3D%3D",0,F&B,Indonesia.Batam.Kuliner.202406162232.db,places,out_of_batam_bounds
9244,Sara Cafe,4.1,188,0,Seafood restaurant,,"WFCV+8VM, Kampung Baru, Bakongan, South Aceh Regency, Aceh 23773, Indonesia",[object Object],+62 852-6151-3340,2.9208292,97.4946765,https://www.google.com/maps/place/Sara+Cafe/data=!4m7!3m6!1s0x303a8d8fb3efaacb:0x5a2a89bfb79435f4!8m2!3d2.9208292!4d97.4946765!16s%2Fg%2F11c0pzmrkn!19sChIJy6rvs4-NOjAR9DWUt7-JKlo?authuser=0&hl=en&rclk=1,0,F&B,Indonesia.Batam.Kuliner.202406162232.db,places,out_of_batam_bounds
9245,Warung Pecal Kampung Jawa Belakang Kompi,5.0,4,0,Restaurant,,"72WW+63X, Gampong Bundar, Karang Baru, Aceh Tamiang Regency, Aceh 24456, Indonesia",[object Object],+62 822-2195-6381,4.295614,98.0452211,https://www.google.com/maps/place/Warung+Pecal+Kampung+Jawa+Belakang+Kompi/data=!4m7!3m6!1s0x3037779f96148cc1:0xc0de7f0608c53fa!8m2!3d4.295614!4d98.0452211!16s%2Fg%2F11h7dcfdl2!19sChIJwYwUlp93NzAR-lOMYPDnDQw?authuser=0&hl=en&rclk=1,0,F&B,Indonesia.Batam.Kuliner.202406162232.db,places,out_of_batam_bounds
9246,Ramah Kuliner,4.4,9,0,Chicken restaurant,,"Jl. Soekarno - Hatta No.12, Lamreung, Kec. Darul Imarah, Kabupaten Aceh Besar, Aceh 23352, Indonesia",[object Object],+62 877-5642-3289,5.5127735,95.337569,https://www.google.com/maps/place/Ramah+Kuliner/data=!4m7!3m6!1s0x3040399719672a3f:0x86f08ff53fed0ecb!8m2!3d5.5127735!4d95.337569!16s%2Fg%2F11ppj8gdlh!19sChIJPypnGZc5QDARyw7tP_WP8IY?authuser=0&hl=en&rclk=1,0,F&B,Indonesia.Batam.Kuliner.202406162232.db,places,out_of_batam_bounds
9247,Rumah Makan Aceh,4.1,38,0,Diner,,"44XF+M86, Jl. Manek Roo, Kuta Padang, Kec. Johan Pahlawan, Kabupaten Aceh Barat, Aceh 23612, Indonesia",[object Object],,4.1491746,96.1232552,https://www.google.com/maps/place/Rumah+Makan+Aceh/data=!4m7!3m6!1s0x303ec3ea04370ba3:0xf9fd50417586110e!8m2!3d4.1491746!4d96.1232552!16s%2Fg%2F11q8j9vjnh!19sChIJows3BOrDPjARDhGGdUFQ_fk?authuser=0&hl=en&rclk=1,0,F&B,Indonesia.Batam.Kuliner.202406162232.db,places,out_of_batam_bounds
9248,Sate Matang D'Wan,4.5,1329,0,Satay restaurant,,"Blang Cut, Lueng Bata, Banda Aceh City, Aceh 23127, Indonesia",[object Object],+62 813-6045-0466,5.5450224,95.3350015,"https://www.google.com/maps/place/Sate+Matang+D'Wan/@5.5450224,95.3350015,17z/data=!3m1!4b1!4m6!3m5!1s0x30403766f3715a27:0x64aca37c6e22a38c!8m2!3d5.5450224!4d95.3350015!16s%2Fg%2F11d_d0zr9f?authuser=0&hl=en&entry=ttu&g_ep=EgoyMDI0MDgyOC4wIKXMDSoASAFQAw%3D%3D",0,F&B,Indonesia.Batam.Kuliner.202406162232.db,places,out_of_batam_bounds
9251,Daus Nasi Goreng Khas Aceh Peunayong,4.3,842,0,Nasi goreng restaurant,,"Jl. T. Panglima Polem No.87-89, Peunayong, Kec. Kuta Alam, Kota Banda Aceh, Aceh 24415, Indonesia",[object Object],+62 811-681-970,5.5585272,95.3212522,https://www.google.com/maps/place/Daus+Nasi+Goreng+Khas+Aceh+Peunayong/data=!4m7!3m6!1s0x304037380e658d3f:0xf318863430bb8ee2!8m2!3d5.5585272!4d95.3212522!16s%2Fg%2F1pzrrbtd8!19sChIJP41lDjg3QDAR4o67MDSGGPM?authuser=0&hl=en&rclk=1,0,F&B,Indonesia.Batam.Kuliner.202406162232.db,places,out_of_batam_bounds
9252,Mie Ayah Lhong Raya (Mie Ayah Simpang Lhong Raya),4.4,1553,0,Noodle shop,,"G8G9+6RX, Jl. Wedana, Lhong Raya, Kec. Banda Raya, Kota Banda Aceh, Aceh 23231, Indonesia",[object Object],+62 852-6086-8371,5.5256072,95.3196895,https://www.google.com/maps/place/Mie+Ayah+Lhong+Raya/data=!4m7!3m6!1s0x304039f039834a0d:0xd3d381d8e7b517ef!8m2!3d5.5256072!4d95.3196895!16s%2Fg%2F11bztfxd25!19sChIJDUqDOfA5QDAR7xe159iB09M?authuser=0&hl=en&rclk=1,0,F&B,Indonesia.Batam.Kuliner.202406162232.db,places,out_of_batam_bounds
9254,Rumah Makan Dekgam 2 (Kari Kambing dan Ayam Tangkap Khas Aceh),4.4,193,0,Restaurant,,"H84V+QRM, Jl. T. Panglima Nyak Makam, Doy, Kec. Syiah Kuala, Kota Banda Aceh, Aceh 24415, Indonesia",[object Object],+62 852-7701-0887,5.5569705,95.344551,https://www.google.com/maps/place/Rumah+Makan+Dekgam+2+%28Kari+Kambing+dan+Ayam+Tangkap+Khas+Aceh%29/data=!4m7!3m6!1s0x304037731ef74a5b:0x6775599eac8b733c!8m2!3d5.5569705!4d95.344551!16s%2Fg%2F11f3x9nk9t!19sChIJW0r3HnM3QDARPHOLrJ5ZdWc?authuser=0&hl=en&rclk=1,0,F&B,Indonesia.Batam.Kuliner.202406162232.db,places,out_of_batam_bounds
9256,Mie Aceh Seulawah (Rumah Makan Aceh Seulawah),4.2,1972,0,Noodle shop,,"Jl. Bendungan Hilir No.8 Blok G2, RT.5/RW.3, Bend. Hilir, Kecamatan Tanah Abang, Kota Jakarta Pusat, Daerah Khusus Ibukota Jakarta 10210, Indonesia",[object Object],+62 21 5708660,-6.2108361,106.8124404,https://www.google.com/maps/place/Mie+Aceh+Seulawah/data=!4m7!3m6!1s0x2e69f6a950141fa1:0xefbd6e96dfbb258b!8m2!3d-6.2108361!4d106.8124404!16s%2Fg%2F1td1xs1v!19sChIJoR8UUKn2aS4RiyW735Zuve8?authuser=0&hl=en&rclk=1,0,F&B,Indonesia.Batam.Kuliner.202406162232.db,places,out_of_batam_bounds
9258,Rumah Makan Samalanga  Aceh Tamiang,4.0,1624,0,Restaurant,,"83PC+C95, Medang Ara, Karang Baru, Aceh Tamiang Regency, Aceh 24476, Indonesia",[object Object],,4.336017,98.0709796,"https://www.google.com/maps/place/Rumah+Makan+Samalanga,+Aceh+Tamiang/data=!4m7!3m6!1s0x3037759508b7d8ed:0xafbcd17f162a694c!8m2!3d4.336017!4d98.0709796!16s%2Fg%2F11c5rpmb38!19sChIJ7di3CJV1NzARTGkqFn_RvK8?authuser=0&hl=en&rclk=1",0,F&B,Indonesia.Batam.Kuliner.202406162232.db,places,out_of_batam_bounds
9260,Kedai vera kuliner anak desa,5.0,1,0,Coffee shop,,"757R+CMF, jorong, Hulu, Tapak Tuan, South Aceh Regency, Aceh 23711, Indonesia",[object Object],+62 822-4634-9057,3.263557,97.1916765,https://www.google.com/maps/place/Kedai+vera+kuliner+anak+desa/data=!4m7!3m6!1s0x303a4f8a283635db:0x349f08fcfefefb25!8m2!3d3.263557!4d97.1916765!16s%2Fg%2F11rggfm_h_!19sChIJ2zU2KIpPOjARJfv-_vwInzQ?authuser=0&hl=en&rclk=1,0,F&B,Indonesia.Batam.Kuliner.202406162232.db,places,out_of_batam_bounds
9262,Pantai Jagu (Hafash the Snack),4.1,203,0,Bakso restaurant,,"Pantai jagu kp3, Kp. Jawa Lama, Kec. Banda Sakti, Kota Lhokseumawe, Aceh 24351, Indonesia",[object Object],+62 853-7631-8435,5.1774564,97.1537174,https://www.google.com/maps/place/Pantai+Jagu/data=!4m7!3m6!1s0x30478342cdff2f9f:0xd743732445d33a7f!8m2!3d5.1774564!4d97.1537174!16s%2Fg%2F11rstrhdtp!19sChIJny__zUKDRzARfzrTRSRzQ9c?authuser=0&hl=en&rclk=1,0,F&B,Indonesia.Batam.Kuliner.202406162232.db,places,out_of_batam_bounds
9263,Rumah Makan Wahyu,3.9,23,0,Padang restaurant,,"VRWG+F4Q, Kampung Keude, Peudawa, East Aceh Regency, Aceh, Indonesia",[object Object],,4.8962075,97.8253682,https://www.google.com/maps/place/Rumah+Makan+Wahyu/data=!4m7!3m6!1s0x3037f8fc4f1aaedb:0x4b257ce9b71e29b0!8m2!3d4.8962075!4d97.8253682!16s%2Fg%2F11gbk42mcf!19sChIJ264aT_z4NzARsCket-l8JUs?authuser=0&hl=en&rclk=1,0,F&B,Indonesia.Batam.Kuliner.202406162232.db,places,out_of_batam_bounds
9264,Kuliner kampong langsa,4.5,4,0,Soup kitchen,,"FXHH+WJ3, Pauh River, Langsa Barat, Langsa City, Aceh 24355, Indonesia",[object Object],+62 822-7907-1741,4.4797681,97.9790538,"https://www.google.com/maps/place/Kuliner+kampong+langsa/@4.4797681,97.9790538,17z/data=!3m1!4b1!4m6!3m5!1s0x30379b32ab05ae41:0xc55dd2215c35ae86!8m2!3d4.4797681!4d97.9790538!16s%2Fg%2F11p5_699fx?authuser=0&hl=en&entry=ttu&g_ep=EgoyMDI0MDgyOC4wIKXMDSoASAFQAw%3D%3D",0,F&B,Indonesia.Batam.Kuliner.202406162232.db,places,out_of_batam_bounds
9268,nyonya kuliner banda aceh,4.8,5,0,Restaurant,,"Jl. Rama Setia, Lampaseh Aceh, Kec. Meuraxa, Kota Banda Aceh, Aceh 23116, Indonesia",[object Object],+62 853-7283-5027,5.5617091,95.3044333,https://www.google.com/maps/place/nyonya+kuliner+banda+aceh/data=!4m7!3m6!1s0x30403174f43c5beb:0x68707a26182b67e1!8m2!3d5.5617091!4d95.3044333!16s%2Fg%2F11h4nc5g37!19sChIJ61s89HQxQDAR4WcrGCZ6cGg?authuser=0&hl=en&rclk=1,0,F&B,Indonesia.Batam.Kuliner.202406162232.db,places,out_of_batam_bounds
9269,Super Bakso,5.0,5,0,Bakso restaurant,,"XPGF+MRV, Kampung Baro, Darul Aman, East Aceh Regency, Aceh 24455, Indonesia",[object Object],,4.9767481,97.7245333,https://www.google.com/maps/place/Super+Bakso/data=!4m7!3m6!1s0x303801dcfa955fd5:0xc358888303f23262!8m2!3d4.9767481!4d97.7245333!16s%2Fg%2F11rt609snt!19sChIJ1V-V-twBODARYjLyA4OIWMM?authuser=0&hl=en&rclk=1,0,F&B,Indonesia.Batam.Kuliner.202406162232.db,places,out_of_batam_bounds
9270,Soto Dapur Ma'nyah,4.5,159,0,Soto restaurant,,"73P5+4W7, Kuala Simpang City, Aceh Tamiang Regency, Aceh 24456, Indonesia",[object Object],,4.2852938,98.0597856,https://www.google.com/maps/place/Soto+Dapur+Ma%27nyah/data=!4m7!3m6!1s0x30377410516130d9:0xca0c7aa7be1dfe55!8m2!3d4.2852938!4d98.0597856!16s%2Fg%2F11c1s1z9lv!19sChIJ2TBhURB0NzARVf4dvqd6DMo?authuser=0&hl=en&rclk=1,0,F&B,Indonesia.Batam.Kuliner.202406162232.db,places,out_of_batam_bounds
9271,Nasi Campur Khas Padang,5.0,1,0,Indonesian restaurant,,"54MX+7WP, Kampung Jawa Lama, Banda Sakti, Lhokseumawe City, Aceh, Indonesia",[object Object],,5.1832908,97.1495909,"https://www.google.com/maps/place/Nasi+Campur+Khas+Padang/@5.1832908,97.1495909,17z/data=!3m1!4b1!4m6!3m5!1s0x3047830069679827:0x8854e029fdb28b1b!8m2!3d5.1832908!4d97.1495909!16s%2Fg%2F11vwwv192b?authuser=0&hl=en&entry=ttu&g_ep=EgoyMDI0MDgyOC4wIKXMDSoASAFQAw%3D%3D",0,F&B,Indonesia.Batam.Kuliner.202406162232.db,places,out_of_batam_bounds
9274,GERAI FN DIMSUM,5.0,2,0,Dumpling restaurant,,"VRWG+7G2, Jl. Medan B. Aceh, Kp. Keude, Kec. Peudawa, Kabupaten Aceh Timur, Aceh, Indonesia",[object Object],+62 831-8891-0890,4.8956399,97.8262541,https://www.google.com/maps/place/GERAI+FN.DIMSUM/data=!4m7!3m6!1s0x3037f9007ae38a51:0xc4921e86aacc924c!8m2!3d4.8956399!4d97.8262541!16s%2Fg%2F11lf7n8gnb!19sChIJUYrjegD5NzARTJLMqoYeksQ?authuser=0&hl=en&rclk=1,0,F&B,Indonesia.Batam.Kuliner.202406162232.db,places,out_of_batam_bounds
9275,Rumah Aspirasi Bang Muslim,3.7,27,0,Indonesian restaurant,,"Jl. Darussalam Jl. Antara No.12, Kp. Jawa Baru, Kec. Banda Sakti, Kota Lhokseumawe, Aceh 23122, Indonesia",[object Object],+62 852-6035-6471,5.1879372,97.1457751,https://www.google.com/maps/place/Rumah+Aspirasi+Bang+Muslim/data=!4m7!3m6!1s0x30479d416bf734db:0x57d0f63bcc188b33!8m2!3d5.1879372!4d97.1457751!16s%2Fg%2F11nmr4dff1!19sChIJ2zT3a0GdRzARM4sYzDv20Fc?authuser=0&hl=en&rclk=1,0,F&B,Indonesia.Batam.Kuliner.202406162232.db,places,out_of_batam_bounds
9276,Rumah Makan Wisata,3.8,47,0,Padang restaurant,,"753F+FWM, Hilir, Tapak Tuan, South Aceh Regency, Aceh 23715, Indonesia",[object Object],+62 656 21402,3.2537106,97.1747908,https://www.google.com/maps/place/Rumah+Makan+Wisata/data=!4m7!3m6!1s0x303a4dde23411d01:0x597845b1509690cf!8m2!3d3.2537106!4d97.1747908!16s%2Fg%2F1ptxxw4z5!19sChIJAR1BI95NOjARz5CWULFFeFk?authuser=0&hl=en&rclk=1,0,F&B,Indonesia.Batam.Kuliner.202406162232.db,places,out_of_batam_bounds
9396,ADS Corner,3.7,333,0,Restaurant,,"44, Jalan Kebun Teh 1, Larkin, 80350 Johor Bahru, Johor, Malaysia",[object Object],+60 14-244 9717,1.4875869,103.7548828,https://www.google.com/maps/place/ADS+Corner/data=!4m7!3m6!1s0x31da6d37967ac691:0x10e4939d1f85a4aa!8m2!3d1.4875869!4d103.7548828!16s%2Fg%2F11gf96r_k_!19sChIJkcZ6ljdt2jERqqSFH52T5BA?authuser=0&hl=en&rclk=1,5.0,F&B,Indonesia.Batam.Kuliner.202406162232.db,places,out_of_batam_bounds
9397,Kebun Baru Food Centre,4.0,1371,0,Hawker center,,"226H Ang Mo Kio Street 22, Singapore 568226",[object Object],1800 225 5632,1.367223,103.8400279,"https://www.google.com/maps/place/Kebun+Baru+Food+Centre/@1.367223,103.8400279,17z/data=!3m1!4b1!4m6!3m5!1s0x31da16dec4a24ccb:0x583c4f74f9c4efd!8m2!3d1.367223!4d103.8400279!16s%2Fg%2F1tf3wwyk?authuser=0&hl=en&entry=ttu&g_ep=EgoyMDI0MDgyOC4wIKXMDSoASAFQAw%3D%3D",0.0,F&B,Indonesia.Batam.Kuliner.202406162232.db,places,out_of_batam_bounds
9398,Nasi Padang Bawah Pokok,4.0,166,0,Restaurant,,"No, Jalan Kebun Teh, 8, Jalan Rebana, Taman Perbadanan Islam, 80250 Johor Bahru, Johor, Malaysia",[object Object],+60 19-292 6651,1.4957585,103.7604107,https://www.google.com/maps/place/Nasi+Padang+Bawah+Pokok/data=!4m7!3m6!1s0x31da6d3d822ea68b:0x8d64907d32b72f92!8m2!3d1.4957585!4d103.7604107!16s%2Fg%2F11f_j2prn7!19sChIJi6Yugj1t2jERki-3Mn2QZI0?authuser=0&hl=en&rclk=1,2.0,F&B,Indonesia.Batam.Kuliner.202406162232.db,places,out_of_batam_bounds
9399,Kebun Baru Mall,4.1,323,0,Shopping mall,,"226C Ang Mo Kio Ave 1, Singapore 563226",[object Object],,1.3668917,103.8390709,"https://www.google.com/maps/place/Kebun+Baru+Mall/@1.3668917,103.8390709,17z/data=!3m1!4b1!4m6!3m5!1s0x31da16ded309322d:0xc0facd794196ef4a!8m2!3d1.3668917!4d103.8390709!16s%2Fg%2F11fnwhfs9w?authuser=0&hl=en&entry=ttu&g_ep=EgoyMDI0MDgyOC4wIKXMDSoASAFQAw%3D%3D",2.0,F&B,Indonesia.Batam.Kuliner.202406162232.db,places,out_of_batam_bounds
9400,Shu Heng Bi Tai Mak 數興老鼠粉,4.3,80,0,Hawker Stall,,"226H Ang Mo Kio Street 22, Kebun Bahru Market and Hawker Centre, Singapore 568226",[object Object],,1.3672414,103.8400579,https://www.google.com/maps/place/Shu+Heng+Bi+Tai+Mak+%E6%95%B8%E8%88%88%E8%80%81%E9%BC%A0%E7%B2%89/data=!4m7!3m6!1s0x31da174321c67ac9:0x5cf09f763eab7350!8m2!3d1.3672414!4d103.8400579!16s%2Fg%2F11llcc9mz6!19sChIJyXrGIUMX2jERUHOrPnaf8Fw?authuser=0&hl=en&rclk=1,0.0,F&B,Indonesia.Batam.Kuliner.202406162232.db,places,out_of_batam_bounds
9403,Restoran Bawean Island,5.0,7,0,Restaurant,,"7, Jalan Kebun Teh Lama, Taman Abad, 80250 Johor Bahru, Johor, Malaysia",[object Object],,1.4790094,103.7540943,https://www.google.com/maps/place/Restoran+Bawean+Island/data=!4m7!3m6!1s0x31da6d815c3b3007:0x9986e5e75dcfa4c4!8m2!3d1.4790094!4d103.7540943!16s%2Fg%2F11h9bhk3pp!19sChIJBzA7XIFt2jERxKTPXeflhpk?authuser=0&hl=en&rclk=1,-1.0,F&B,Indonesia.Batam.Kuliner.202406162232.db,places,out_of_batam_bounds
9404,Al-Falah Restoran,3.6,710,0,Restaurant,,"7179, Jalan Kebun Teh 1, Larkin, 80350 Johor Bahru, Johor, Malaysia",[object Object],+60 7-224 1333,1.4864284,103.7543754,https://www.google.com/maps/place/Al-Falah+Restoran/data=!4m7!3m6!1s0x31da6d3784249139:0x67ba14d4c5b392af!8m2!3d1.4864284!4d103.7543754!16s%2Fg%2F11cnn7y59t!19sChIJOZEkhDdt2jERr5KzxdQUumc?authuser=0&hl=en&rclk=1,-1.0,F&B,Indonesia.Batam.Kuliner.202406162232.db,places,out_of_batam_bounds
9405,A1 House Of Claypot,4.7,33,0,Hawker Stall,,"226H Ang Mo Kio Street 22, #01-02 Kebun Baru Food Centre, Singapore 568226",[object Object],9750 4281,1.3672121,103.8401003,"https://www.google.com/maps/place/A1+House+Of+Claypot/@1.3672121,103.8401003,17z/data=!3m1!4b1!4m6!3m5!1s0x31da16dec40a8f63:0xb7280871cd5b7bca!8m2!3d1.3672121!4d103.8401003!16s%2Fg%2F11c6v63j5g?authuser=0&hl=en&entry=ttu&g_ep=EgoyMDI0MDgyOC4wIKXMDSoASAFQAw%3D%3D",-1.0,F&B,Indonesia.Batam.Kuliner.202406162232.db,places,out_of_batam_bounds
9406,01-12 Mix Vegetable Rice Teochew Porridge,5.0,1,0,Hawker Stall,,"226H Ang Mo Kio Street 22, #01-12 Kebun Baru Food Centre, Singapore 568226",[object Object],,1.3672971,103.8401138,https://www.google.com/maps/place/%2301-12+Mix+Vegetable+Rice+Teochew+Porridge/data=!4m7!3m6!1s0x31da16dec15378d5:0x5143c80cb160a907!8m2!3d1.3672971!4d103.8401138!16s%2Fg%2F11hg57zslj!19sChIJ1XhTwd4W2jERB6lgsQzIQ1E?authuser=0&hl=en&rclk=1,4.0,F&B,Indonesia.Batam.Kuliner.202406162232.db,places,out_of_batam_bounds
9409,Fa Fu,4.0,3,0,Hawker Stall,,"Holiday Plaza, Jalan Dato Sulaiman, 80250 Johor Bahru, Johor, Malaysia",[object Object],+60 16-700 9992,1.3672153,103.8399935,https://www.google.com/maps/place/Fa+Fu/data=!4m7!3m6!1s0x31da16dec43ed983:0xf67f308221f06dd3!8m2!3d1.3672153!4d103.8399935!16s%2Fg%2F11hg57_21q!19sChIJg9k-xN4W2jER023wIYIwf_Y?authuser=0&hl=en&rclk=1,2.0,F&B,Indonesia.Batam.Kuliner.202406162232.db,places,out_of_batam_bounds
9411,Eleven Kitchen,4.4,354,0,Restaurant,,"Jalan Kebun Teh, Larkin, 80350 Johor Bahru, Johor, Malaysia",[object Object],+60 13-888 2008,1.4878117,103.7549627,https://www.google.com/maps/place/Eleven+Kitchen/data=!4m7!3m6!1s0x31da6d39b5002c8d:0xbb25fc95c82deab!8m2!3d1.4878117!4d103.7549627!16s%2Fg%2F11bwywj530!19sChIJjSwAtTlt2jERq96CXMlfsgs?authuser=0&hl=en&rclk=1,2.0,F&B,Indonesia.Batam.Kuliner.202406162232.db,places,out_of_batam_bounds
9412,Linda Nasi Padang,5.0,2,0,Hawker Stall,,"226D Ang Mo Kio Ave 1, #01-110 Kebun Baru Market & Food Centre, Singapore 564226",[object Object],,1.366795,103.839176,https://www.google.com/maps/place/Linda+Nasi+Padang/data=!4m7!3m6!1s0x31da1700357635f3:0x6274928f0269edd5!8m2!3d1.366795!4d103.839176!16s%2Fg%2F11vspty87n!19sChIJ8zV2NQAX2jER1e1pAo-SdGI?authuser=0&hl=en&rclk=1,0.0,F&B,Indonesia.Batam.Kuliner.202406162232.db,places,out_of_batam_bounds
9417,Burger King,3.9,383,0,Fast food restaurant,,"216 Ang Mo Kio Ave 4, #01-01 Kebun Baru Community Club, Singapore 569897",[object Object],6016 0775,1.3732762,103.8373707,https://www.google.com/maps/place/Burger+King/data=!4m7!3m6!1s0x31da16db49c71e5d:0x78578ac6885fdf0!8m2!3d1.3732762!4d103.8373707!16s%2Fg%2F11f1366thw!19sChIJXR7HSdsW2jER8P2FaKx4hQc?authuser=0&hl=en&rclk=1,0.0,F&B,Indonesia.Batam.Kuliner.202406162232.db,places,out_of_batam_bounds
9419,Nenek,4.7,316,0,Restaurant,,"82, Jalan Kemunting, Taman Kebun Teh, 80250 Johor Bahru, Johor, Malaysia",[object Object],+60 13-720 4075,1.4975213,103.7644724,https://www.google.com/maps/place/Nenek./data=!4m7!3m6!1s0x31da6d8027ac15db:0xa4791fdb38598f98!8m2!3d1.4975213!4d103.7644724!16s%2Fg%2F11tf_4wjdf!19sChIJ2xWsJ4Bt2jERmI9ZONsfeaQ?authuser=0&hl=en&rclk=1,2.0,F&B,Indonesia.Batam.Kuliner.202406162232.db,places,out_of_batam_bounds
9421,Seletar Sheng Mian and Mian Fen Guo 實里達生面•麵粉粿,4.3,141,0,Hawker Stall,,"226H Ang Mo Kio Street 22, #01-07, Singapore 568226",[object Object],,1.3671927,103.8402317,https://www.google.com/maps/place/Seletar+Sheng+Mian+and+Mian+Fen+Guo+%E5%AF%A6%E9%87%8C%E9%81%94%E7%94%9F%E9%9D%A2%E2%80%A2%E9%BA%B5%E7%B2%89%E7%B2%BF/data=!4m7!3m6!1s0x31da16dec4230fff:0xfcf0863005f33cfb!8m2!3d1.3671927!4d103.8402317!16s%2Fg%2F11cn5r5w0h!19sChIJ_w8jxN4W2jER-zzzBTCG8Pw?authuser=0&hl=en&rclk=1,2.0,F&B,Indonesia.Batam.Kuliner.202406162232.db,places,out_of_batam_bounds
9422,Foo Hing Handmade Fishball & Meatball Noodle,4.2,21,0,Hawker Stall,,"226H Ang Mo Kio Street 22, #01-01, Singapore 568226",[object Object],,1.3671447,103.8401053,https://www.google.com/maps/place/Foo+Hing+Handmade+Fishball+%26+Meatball+Noodle/data=!4m7!3m6!1s0x31da1752063a9e97:0xa3ba42914795ef4a!8m2!3d1.3671447!4d103.8401053!16s%2Fg%2F11srz48qq7!19sChIJl546BlIX2jERSu-VR5FCuqM?authuser=0&hl=en&rclk=1,2.0,F&B,Indonesia.Batam.Kuliner.202406162232.db,places,out_of_batam_bounds
9423,Teck Ghee Court Market & Food Centre,4.0,1259,0,Hawker center,,"341 Ang Mo Kio Ave 1, Singapore 560341",[object Object],6225 5632,1.3640365,103.8480712,https://www.google.com/maps/place/Teck+Ghee+Court+Market+%26+Food+Centre/data=!4m7!3m6!1s0x31da16e1dfaae599:0x2a3b58b39b1d844d!8m2!3d1.3640365!4d103.8480712!16s%2Fg%2F1tyytmvp!19sChIJmeWq3-EW2jERTYQdm7NYOyo?authuser=0&hl=en&rclk=1,-1.0,F&B,Indonesia.Batam.Kuliner.202406162232.db,places,out_of_batam_bounds
9424,Ang Mo Kio 453 Wanton Noodle 宏茂桥453雲吞麵,3.9,173,0,Hawker Stall,,"Blk 162 Ang Mo Kio Ave 4, #01-28, Singapore 560162",[object Object],9758 7562,1.3740903,103.838921,https://www.google.com/maps/place/Ang+Mo+Kio+453+Wanton+Noodle+%E5%AE%8F%E8%8C%82%E6%A1%A5453%E9%9B%B2%E5%90%9E%E9%BA%B5/data=!4m7!3m6!1s0x31da16c4a7bd4897:0xfd678b00ad1dd178!8m2!3d1.3740903!4d103.838921!16s%2Fg%2F11c5xr_5k2!19sChIJl0i9p8QW2jEReNEdrQCLZ_0?authuser=0&hl=en&rclk=1,0.0,F&B,Indonesia.Batam.Kuliner.202406162232.db,places,out_of_batam_bounds
9425,ANB CAFE,4.3,13,0,Restaurant,,"127, Jalan Kebun Teh, Taman Majidee, 127, Jalan Kebun Teh, Taman Kebun Teh, 80250 Johor Bahru, Johor, Malaysia",[object Object],,1.4974407,103.7630654,https://www.google.com/maps/place/ANB+CAFE/data=!4m7!3m6!1s0x31da6d6256719877:0x26de3fcc68906013!8m2!3d1.4974407!4d103.7630654!16s%2Fg%2F11mr14mjwy!19sChIJd5hxVmJt2jERE2CQaMw_3iY?authuser=0&hl=en&rclk=1,5.0,F&B,Indonesia.Batam.Kuliner.202406162232.db,places,out_of_batam_bounds
9426,Murtabak Kg Melayu Azo 96,4.1,1216,0,Restaurant,,"19, Jln Masjid, Kampung Melayu Majidee, 81100 Johor Bahru, Johor, Malaysia",[object Object],+60 12-727 5085,1.512381,103.7544939,https://www.google.com/maps/place/Murtabak+Kg+Melayu+Azo+96/data=!4m7!3m6!1s0x31da6d0939e747fd:0x467b6a4bcf3d1e3a!8m2!3d1.512381!4d103.7544939!16s%2Fg%2F11mpspfclj!19sChIJ_UfnOQlt2jEROh49z0tqe0Y?authuser=0&hl=en&rclk=1,-1.0,F&B,Indonesia.Batam.Kuliner.202406162232.db,places,out_of_batam_bounds
9428,159通兴粥 Thong Heng Porridge,4.4,13,0,Hawker Stall,,"159 Ang Mo Kio Ave 4, Singapore 560159",[object Object],9687 7029,1.3744403,103.8396151,https://www.google.com/maps/place/159%E9%80%9A%E5%85%B4%E7%B2%A5+Thong+Heng+Porridge/data=!4m7!3m6!1s0x31da16c35d53310b:0x93490c32264e90fb!8m2!3d1.3744403!4d103.8396151!16s%2Fg%2F11dxl_p551!19sChIJCzFTXcMW2jER-5BOJjIMSZM?authuser=0&hl=en&rclk=1,2.0,F&B,Indonesia.Batam.Kuliner.202406162232.db,places,out_of_batam_bounds
9429,West Grill Station • Kebun Baru •,1.6,42,0,Hawker Stall,,"232 Ang Mo Kio Ave 3, #01-1196, Singapore 560232",[object Object],9022 0844,1.3682103,103.8372499,"https://www.google.com/maps/place/West+Grill+Station+%E2%80%A2+Kebun+Baru+%E2%80%A2/@1.3682103,103.8372499,17z/data=!3m1!4b1!4m6!3m5!1s0x31da173832c805dd:0x623dea972a8f3a40!8m2!3d1.3682103!4d103.8372499!16s%2Fg%2F11h32f_5fc?authuser=0&hl=en&entry=ttu&g_ep=EgoyMDI0MDgyOC4wIKXMDSoASAFQAw%3D%3D",0,F&B,Indonesia.Batam.Kuliner.202406162232.db,places,out_of_batam_bounds
9431,Bao Bei Japanese Ramen(HQ),4.2,449,0,Restaurant,,"19, Jalan Kebun Teh Lama, Taman Abad, 80250 Johor Bahru, Johor, Malaysia",[object Object],,1.4804575,103.7542503,https://www.google.com/maps/place/Bao+Bei+Japanese+Ramen%28HQ%29/data=!4m7!3m6!1s0x31da6d35b72d4a61:0x1c0d76c5d74dcb82!8m2!3d1.4804575!4d103.7542503!16s%2Fg%2F11f5d30h6z!19sChIJYUottzVt2jERgstN18V2DRw?authuser=0&hl=en&rclk=1,-1.0,F&B,Indonesia.Batam.Kuliner.202406162232.db,places,out_of_batam_bounds
9433,3 Sisters Prawn Noodle,4.3,69,0,Hawker Stall,,"226C Ang Mo Kio Ave 1, #01-665, Singapore 563226",[object Object],8875 2298,1.3741844,103.8388296,https://www.google.com/maps/place/3+Sisters+Prawn+Noodle/data=!4m7!3m6!1s0x31da17ecfa35705f:0xeb4f34254e3b8528!8m2!3d1.3741844!4d103.8388296!16s%2Fg%2F11ftf9494k!19sChIJX3A1-uwX2jERKIU7TiU0T-s?authuser=0&hl=en&rclk=1,-1.0,F&B,Indonesia.Batam.Kuliner.202406162232.db,places,out_of_batam_bounds
9435,Sinar malay seafood,3.9,48,0,Seafood restaurant,,"108 Ang Mo Kio Ave 4, Singapore 560108",[object Object],8545 7318,1.3709852,103.8381647,https://www.google.com/maps/place/Sinar+malay+seafood/data=!4m7!3m6!1s0x31da16c69b35911d:0xdedd1141e0746a5a!8m2!3d1.3709852!4d103.8381647!16s%2Fg%2F11ggt54ln7!19sChIJHZE1m8YW2jERWmp04EER3d4?authuser=0&hl=en&rclk=1,2.0,F&B,Indonesia.Batam.Kuliner.202406162232.db,places,out_of_batam_bounds
9437,Rahim Muslim Food,4.2,410,0,Hawker Stall,,"453A Ang Mo Kio Ave 10, #01-01, Singapore 561453",[object Object],9786 7362,1.3682812,103.856318,https://www.google.com/maps/place/Rahim+Muslim+Food/data=!4m7!3m6!1s0x31da16e63396cfcb:0x9ab1a7e9f6fff48d!8m2!3d1.3682812!4d103.856318!16s%2Fg%2F1ptx10_4c!19sChIJy8-WM-YW2jERjfT_9umnsZo?authuser=0&hl=en&rclk=1,0.0,F&B,Indonesia.Batam.Kuliner.202406162232.db,places,out_of_batam_bounds
9441,Hong Heng Beef Noodle Soup & Laksa,3.9,287,0,Hawker Stall,,"226H Ang Mo Kio Street 22, #01-16, Singapore 568226",[object Object],6452 4017,1.3671953,103.8399202,https://www.google.com/maps/place/Hong+Heng+Beef+Noodle+Soup+%26+Laksa/data=!4m7!3m6!1s0x31da16d973242945:0x8e09b8bab354106e!8m2!3d1.3671953!4d103.8399202!16s%2Fg%2F1pt_zjh3y!19sChIJRSkkc9kW2jERbhBUs7q4CY4?authuser=0&hl=en&rclk=1,-1.0,F&B,Indonesia.Batam.Kuliner.202406162232.db,places,out_of_batam_bounds
9442,Huang Jin You Tiao,4.2,13,0,Hawker Stall,,"226H Ang Mo Kio Street 22, Singapore 568226",[object Object],,1.3674149,103.8398693,https://www.google.com/maps/place/Huang+Jin+You+Tiao/data=!4m7!3m6!1s0x31da16dec6be3db9:0x45b589f265d98bc4!8m2!3d1.3674149!4d103.8398693!16s%2Fg%2F11cs3dz5bb!19sChIJuT2-xt4W2jERxIvZZfKJtUU?authuser=0&hl=en&rclk=1,-1.0,F&B,Indonesia.Batam.Kuliner.202406162232.db,places,out_of_batam_bounds
9443,Restaurant Tim Sum Peng Siang,3.8,174,0,Restaurant,,"No.118, Jln Chengai, Taman Kebun Teh, 80250 Johor Bahru, Johor, Malaysia",[object Object],+60 7-334 3345,1.4951259,103.7649039,https://www.google.com/maps/place/Restaurant+Tim+Sum+Peng+Siang/data=!4m7!3m6!1s0x31da6d3bc0000001:0x6a772d33bed28577!8m2!3d1.4951259!4d103.7649039!16s%2Fg%2F1pzw46c17!19sChIJAQAAwDtt2jERd4XSvjMtd2o?authuser=0&hl=en&rclk=1,0.0,F&B,Indonesia.Batam.Kuliner.202406162232.db,places,out_of_batam_bounds
9444,Chye Kee Hainanese Chicken Rice,3.9,15,0,Hawker Stall,,"226H Ang Mo Kio Street 22, Singapore 568226",[object Object],9337 7733,1.3672198,103.840169,https://www.google.com/maps/place/Chye+Kee+Hainanese+Chicken+Rice/data=!4m7!3m6!1s0x31da16dec3ec0f0b:0x4eefe5b7934508ca!8m2!3d1.3672198!4d103.840169!16s%2Fg%2F11cs3ghz8_!19sChIJCw_sw94W2jERyghFk7fl704?authuser=0&hl=en&rclk=1,0.0,F&B,Indonesia.Batam.Kuliner.202406162232.db,places,out_of_batam_bounds
9530,Ruko Imperium Park,4.5,42,0,Office,,"Jl. Raya Mayor Oking Jaya Atmaja No.63, Ciriung, Kec. Cibinong, Kabupaten Bogor, Jawa Barat 16918, Indonesia",[object Object],+62 21 87906969,-6.4744127,106.8635723,https://www.google.com/maps/place/Ruko+Imperium+Park/data=!4m7!3m6!1s0x2e69c1cd1f80e843:0xa92110613ea064b4!8m2!3d-6.4744127!4d106.8635723!16s%2Fg%2F1q5br7b4x!19sChIJQ-iAH83BaS4RtGSgPmEQIak?authuser=0&hl=en&rclk=1,0,F&B,Indonesia.Batam.Kuliner.202406162232.db,places,out_of_batam_bounds
9532,Wisata Kuliner Setu Cikaret,4.3,86,0,Food court,,"Jl. Raya Mayor Oking Jaya Atmaja No.43, Ciriung, Kec. Cibinong, Kabupaten Bogor, Jawa Barat 16918, Indonesia",[object Object],+62 21 83716210,-6.467275,106.8353988,https://www.google.com/maps/place/Wisata+Kuliner+Setu+Cikaret/data=!4m7!3m6!1s0x2e69c1e1523c825f:0xaed4b39ed226f240!8m2!3d-6.467275!4d106.8353988!16s%2Fg%2F11c37nhblp!19sChIJX4I8UuHBaS4RQPIm0p6z1K4?authuser=0&hl=en&rclk=1,0,F&B,Indonesia.Batam.Kuliner.202406162232.db,places,out_of_batam_bounds
9533,Kuliner pawon Ibund,4.8,4,0,Diner,,"Jl roda pembangunan rt 04/06 No 48, Nanggewer, Kec. Cibinong, Kabupaten Bogor, Jawa Barat 16912, Indonesia",[object Object],+62 858-8291-2948,-6.5064222,106.8315552,https://www.google.com/maps/place/Kuliner+pawon+Ibund/data=!4m7!3m6!1s0x2e69c1026fd38073:0xcd4849195be25f30!8m2!3d-6.5064222!4d106.8315552!16s%2Fg%2F11s2ymjqz5!19sChIJc4DTbwLBaS4RMF_iWxlJSM0?authuser=0&hl=en&rclk=1,0,F&B,Indonesia.Batam.Kuliner.202406162232.db,places,out_of_batam_bounds
9534,Rumah Makan REJEKI Cibinong,4.7,3,0,Diner,,"Taman Rejeki, Jl. Bungur No.2, Cirimekar, Cibinong, Bogor Regency, West Java 16911, Indonesia",[object Object],+62 821-1121-8218,-6.4680556,106.8594641,"https://www.google.com/maps/place/Rumah+Makan+REJEKI+Cibinong/@-6.4680556,106.8594641,17z/data=!3m1!4b1!4m6!3m5!1s0x2e69c19c8ddab7ab:0x5a8234b51683ae33!8m2!3d-6.4680556!4d106.8594641!16s%2Fg%2F11r8h0ccf4?authuser=0&hl=en&entry=ttu&g_ep=EgoyMDI0MDgyOC4wIKXMDSoASAFQAw%3D%3D",0,F&B,Indonesia.Batam.Kuliner.202406162232.db,places,out_of_batam_bounds
9536,Rumah Makan Mersi,4.6,392,0,Padang restaurant,,"GRGH+7XV, Ruko Citra Nusa Jl. KSR Dadi Kusmayadi, Tengah, Kec. Cibinong, Kabupaten Bogor, Jawa Barat 16914, Indonesia",[object Object],+62 813-8608-6529,-6.474268,106.829914,https://www.google.com/maps/place/Rumah+Makan+Mersi/data=!4m7!3m6!1s0x2e69c1f60f649f57:0xc3dee1590a952bdb!8m2!3d-6.474268!4d106.829914!16s%2Fg%2F1pzts4_kq!19sChIJV59kD_bBaS4R2yuVClnh3sM?authuser=0&hl=en&rclk=1,0,F&B,Indonesia.Batam.Kuliner.202406162232.db,places,out_of_batam_bounds
9537,Warung Kuliner P'Bagoes,4.0,1,0,Cafeteria,,"GR8C+8F8, Jl. Perum Cipta Graha Permai, Tengah, Kec. Cibinong, Kabupaten Bogor, Jawa Barat 16914, Indonesia",[object Object],+62 815-7360-6051,-6.484212,106.8212176,https://www.google.com/maps/place/Warung+Kuliner+P%27Bagoes/data=!4m7!3m6!1s0x2e69c12ca372bc1d:0xf0b3c88202fa19fe!8m2!3d-6.484212!4d106.8212176!16s%2Fg%2F11f6478l7t!19sChIJHbxyoyzBaS4R_hn6AoLIs_A?authuser=0&hl=en&rclk=1,0,F&B,Indonesia.Batam.Kuliner.202406162232.db,places,out_of_batam_bounds
9540,Kuliner Om Don LUMPIA BASAH TRADISIONAL,5.0,2,0,Indonesian restaurant,,"Jl. Golf / Kp. Citatah Dalam RT.02/06 No.32A, Ciriung, Kec. Cibinong, Kabupaten Bogor, Jawa Barat 16918, Indonesia",[object Object],,-6.4602475,106.8731275,"https://www.google.com/maps/place/Kuliner+Om+Don+LUMPIA+BASAH+TRADISIONAL/@-6.4602475,106.8731275,17z/data=!3m1!4b1!4m6!3m5!1s0x2e69ebc0f1d91c77:0x24416f86f8e59322!8m2!3d-6.4602475!4d106.8731275!16s%2Fg%2F11rs2yqyt3?authuser=0&hl=en&entry=ttu&g_ep=EgoyMDI0MDgyOC4wIKXMDSoASAFQAw%3D%3D",0,F&B,Indonesia.Batam.Kuliner.202406162232.db,places,out_of_batam_bounds
9542,Kuliner Dapoer Raysha,5.0,2,0,Restaurant,,"Unnamed Road, Karadenan, Kec. Cibinong, Kabupaten Bogor, Jawa Barat 16913, Indonesia",[object Object],+62 838-9584-2777,-6.5255261,106.8138839,https://www.google.com/maps/place/Kuliner+Dapoer+Raysha/data=!4m7!3m6!1s0x2e69c3881d0e2cd7:0x417b1d546be28719!8m2!3d-6.5255261!4d106.8138839!16s%2Fg%2F11jf9sl_wp!19sChIJ1ywOHYjDaS4RGYfia1Qde0E?authuser=0&hl=en&rclk=1,0,F&B,Indonesia.Batam.Kuliner.202406162232.db,places,out_of_batam_bounds
9544,Warung Kuliner Sukahati P'bagoes,4.0,3,0,Diner,,"Jl. Kp. Pajeleran Gn. No.5, RT.5/RW.7, Sukahati, Kec. Cibinong, Kabupaten Bogor, Jawa Barat 16913, Indonesia",[object Object],+62 895-6060-08677,-6.4865531,106.8191854,https://www.google.com/maps/place/Warung+Kuliner+Sukahati+P%27bagoes/data=!4m7!3m6!1s0x2e69c37e21252e0f:0xa147429bee4222e!8m2!3d-6.4865531!4d106.8191854!16s%2Fg%2F11hdl4tn0v!19sChIJDy4lIX7DaS4RLiLkvil0FAo?authuser=0&hl=en&rclk=1,0,F&B,Indonesia.Batam.Kuliner.202406162232.db,places,out_of_batam_bounds
9546,Debora Kuliner,4.6,12,0,Restaurant,,"Jl. Griya Bukit Jaya No.1 Blok M16, RT.03/RW.30, Tlajung Udik, Kec. Gn. Putri, Kabupaten Bogor, Jawa Barat 16961, Indonesia",[object Object],+62 812-8203-5255,-6.4427592,106.9037245,https://www.google.com/maps/place/Debora+Kuliner/data=!4m7!3m6!1s0x2e69ebddaf5810f7:0x8caa45773f9c9f8a!8m2!3d-6.4427592!4d106.9037245!16s%2Fg%2F11j0nfnb5y!19sChIJ9xBYr93raS4Rip-cP3dFqow?authuser=0&hl=en&rclk=1,0,F&B,Indonesia.Batam.Kuliner.202406162232.db,places,out_of_batam_bounds
9547,Rumah Kuliner Rey Utami (Rumah Kuliner Sentul Rey Utami),3.8,81,0,Indonesian restaurant,,"JL. Ruko Jl. Raya Jungle Land Avenue No.31 Blok C3B, Central Karang, Babakan Madang, Bogor Regency, West Java 16810, Indonesia",[object Object],+62 821-1009-0294,-6.579927,106.8917783,https://www.google.com/maps/place/Rumah+Kuliner+Rey+Utami/data=!4m7!3m6!1s0x2e69c7edc263e2c7:0xa62b4b0950392476!8m2!3d-6.579927!4d106.8917783!16s%2Fg%2F11sdnw7f8t!19sChIJx-Jjwu3HaS4RdiQ5UAlLK6Y?authuser=0&hl=en&rclk=1,0,F&B,Indonesia.Batam.Kuliner.202406162232.db,places,out_of_batam_bounds
9548,KAMPUNG KULINER,4.3,12,0,Murtabak restaurant,,"JM4R+Q4M, Cibinong, Gunung Sindur, Bogor Regency, West Java 16340, Indonesia",[object Object],+62 895-2452-4360,-6.3930486,106.6903111,"https://www.google.com/maps/place/KAMPUNG+KULINER/@-6.3930486,106.6903111,17z/data=!3m1!4b1!4m6!3m5!1s0x2e69e670f827c783:0xd982ddda8d2d10e1!8m2!3d-6.3930486!4d106.6903111!16s%2Fg%2F11hbphc79l?authuser=0&hl=en&entry=ttu&g_ep=EgoyMDI0MDgyOC4wIKXMDSoASAFQAw%3D%3D",0,F&B,Indonesia.Batam.Kuliner.202406162232.db,places,out_of_batam_bounds
9550,Bakso Prasmanan Pakansari  Griya Bukit Jaya,4.4,249,0,Bakso restaurant,,"Bojong Nangka, Gunung Putri, Bogor Regency, West Java 16963, Indonesia",[object Object],,-6.4389483,106.9035673,"https://www.google.com/maps/place/Bakso+Prasmanan+Pakansari,+Griya+Bukit+Jaya/data=!4m7!3m6!1s0x2e69eb1e4c51d737:0x7cb544f38ebe4c37!8m2!3d-6.4389483!4d106.9035673!16s%2Fg%2F11tclyfkln!19sChIJN9dRTB7raS4RN0y-jvNEtXw?authuser=0&hl=en&rclk=1",0,F&B,Indonesia.Batam.Kuliner.202406162232.db,places,out_of_batam_bounds
9552,P'MAX KULINER,5.0,5,0,Fast food restaurant,,"Perumahan Bogor Asri blok G2 no 11. RT 02 RW 11. Kandang Roda. Kel, Nanggewer, Kec. Cibinong, Kabupaten Bogor, Jawa Barat 16912, Indonesia",[object Object],,-6.5086461,106.8210182,https://www.google.com/maps/place/P%27MAX+KULINER/data=!4m7!3m6!1s0x2e69c13a4770590f:0x9ac9380ab603fd30!8m2!3d-6.5086461!4d106.8210182!16s%2Fg%2F11s0br91_s!19sChIJD1lwRzrBaS4RMP0Dtgo4yZo?authuser=0&hl=en&rclk=1,0,F&B,Indonesia.Batam.Kuliner.202406162232.db,places,out_of_batam_bounds
9553,Mie Ayam Coet Pakansari,4.6,623,0,Noodle shop,,"Jl. Setapak No.50, Pakansari, Kec. Cibinong, Kabupaten Bogor, Jawa Barat 16915, Indonesia",[object Object],+62 878-5030-6407,-6.4816255,106.8362424,https://www.google.com/maps/place/Mie+Ayam+Coet+Pakansari/data=!4m7!3m6!1s0x2e69c1a6d1b45a41:0xb06dfdca405876fb!8m2!3d-6.4816255!4d106.8362424!16s%2Fg%2F11rgdbh9f6!19sChIJQVq00abBaS4R-3ZYQMr9bbA?authuser=0&hl=en&rclk=1,0,F&B,Indonesia.Batam.Kuliner.202406162232.db,places,out_of_batam_bounds
9554,Waroeng Bakso Iga (Spesial Bakso Iga  Ayam Geprek & bebek Kampung),4.3,78,0,Bakso restaurant,,"Komp. Ruko Mayor Oking, Jl. Raya Mayor Oking Jaya Atmaja No.12 Blok A2, Cirimekar, Kec. Cibinong, Kabupaten Bogor, Jawa Barat 16917, Indonesia",[object Object],+62 819-1183-3993,-6.4741482,106.8630109,"https://www.google.com/maps/place/Waroeng+Bakso+Iga/@-6.4741482,106.8630109,17z/data=!3m1!4b1!4m6!3m5!1s0x2e69c1cd1b77dffd:0xc37c574592cc970a!8m2!3d-6.4741482!4d106.8630109!16s%2Fg%2F11hcds5_tn?authuser=0&hl=en&entry=ttu&g_ep=EgoyMDI0MDgyOC4wIKXMDSoASAFQAw%3D%3D",0,F&B,Indonesia.Batam.Kuliner.202406162232.db,places,out_of_batam_bounds
9555,Sarapanku,2.8,5,0,Restaurant,,"Jl. Mengkudu III, Pabuaran, Kec. Cibinong, Kabupaten Bogor, Jawa Barat 16916, Indonesia",[object Object],+62 895-6131-56732,-6.456474,106.8437341,https://www.google.com/maps/place/Sarapanku/data=!4m7!3m6!1s0x2e69ebeb36499b5f:0x1b097471491fcc6c!8m2!3d-6.456474!4d106.8437341!16s%2Fg%2F11h4ck8tq2!19sChIJX5tJNuvraS4RbMwfSXF0CRs?authuser=0&hl=en&rclk=1,0,F&B,Indonesia.Batam.Kuliner.202406162232.db,places,out_of_batam_bounds
9557,Kantin Bu Aldi Jrt,4.4,32,0,Restaurant,,"Jalan Raya Bogor Km 44 Komplek Ditbekang TNI AD Kecamatan Cibinong, Cibinong, Kec. Cibinong, Kabupaten Bogor, Jawa Barat 16911, Indonesia",[object Object],+62 853-1026-9697,-6.4787662,106.8455863,https://www.google.com/maps/place/Kantin+Bu+Aldi+Jrt/data=!4m7!3m6!1s0x2e69c1c16ba4044d:0x504766d3153a54a6!8m2!3d-6.4787662!4d106.8455863!16s%2Fg%2F11bxd71_wn!19sChIJTQSka8HBaS4RplQ6FdNmR1A?authuser=0&hl=en&rclk=1,0,F&B,Indonesia.Batam.Kuliner.202406162232.db,places,out_of_batam_bounds
9764,Masakan Pantai Timur Cek Yah,3.9,443,0,Restaurant,,"36c, Jalan Sekolah, Kampung Melayu Majidee, 81100 Johor Bahru, Johor, Malaysia",[object Object],+60 19-747 5121,1.5139036,103.7542455,https://www.google.com/maps/place/Masakan+Pantai+Timur+Cek+Yah/data=!4m7!3m6!1s0x31da6d0a8d85c41d:0x25ae7f074c9fef9b!8m2!3d1.5139036!4d103.7542455!16s%2Fg%2F11f_kmwnwf!19sChIJHcSFjQpt2jERm--fTAd_riU?authuser=0&hl=en&rclk=1,0.0,F&B,Indonesia.Batam.Kuliner.202406162232.db,places,out_of_batam_bounds
9768,UMAQITA PIK,4.7,1734,0,Indonesian restaurant,,"Ruko Golf Island Theme Park, Jl. Pantai Indah Kapuk No.57/59 Blok D, Kapuk Muara, Kec. Penjaringan, Daerah Khusus Ibukota Jakarta 14460, Indonesia",[object Object],+62 823-1094-3839,-6.0897708,106.7440133,"https://www.google.com/maps/place/UMAQITA+PIK/@-6.0897708,106.7440133,17z/data=!3m1!4b1!4m6!3m5!1s0x2e6a1d06223b9865:0xc86f626b502009c9!8m2!3d-6.0897708!4d106.7440133!16s%2Fg%2F11llwrrgk8?authuser=0&hl=en&entry=ttu&g_ep=EgoyMDI0MDgyOC4wIKXMDSoASAFQAw%3D%3D",0,F&B,Indonesia.Batam.Kuliner.202406162232.db,places,out_of_batam_bounds
9769,Bakso Solo Samrat - PIK,4.4,1160,0,Bakso restaurant,,"Jl. Pantai Indah Utara 2 Blok 8ED, Kapuk Muara, Kec. Penjaringan, Jkt Utara, Daerah Khusus Ibukota Jakarta 14460, Indonesia",[object Object],+62 21 30010471,-6.116135,106.7572103,https://www.google.com/maps/place/Bakso+Solo+Samrat+-+PIK/data=!4m7!3m6!1s0x2e6a1d12c1a8cd27:0x3f0b53cf3981cd9e!8m2!3d-6.116135!4d106.7572103!16s%2Fg%2F11bxf46tkx!19sChIJJ82owRIdai4Rns2BOc9TCz8?authuser=0&hl=en&rclk=1,0,F&B,Indonesia.Batam.Kuliner.202406162232.db,places,out_of_batam_bounds
9772,Pantjoran Pantai Indah Kapuk,4.7,12136,0,Food court,,"Pantjoran PIK, Daerah Khusus Ibukota Jakarta 14460, Indonesia",[object Object],,-6.0905524,106.7444756,https://www.google.com/maps/place/Pantjoran+Pantai+Indah+Kapuk/data=!4m7!3m6!1s0x2e6a1da636ce622f:0xdf72a3831e0b1ff1!8m2!3d-6.0905524!4d106.7444756!16s%2Fg%2F11j6rjn393!19sChIJL2LONqYdai4R8R8LHoOjct8?authuser=0&hl=en&rclk=1,0,F&B,Indonesia.Batam.Kuliner.202406162232.db,places,out_of_batam_bounds
9774,Pantai Pandan Carita Cafe and Resto,4.4,1795,0,Indonesian restaurant,,"Jl. Raya Carita No.29, Sukajadi, Kec. Carita, Kabupaten Pandeglang, Banten 42264, Indonesia",[object Object],+62 817-7991-4885,-6.3031266,105.841612,https://www.google.com/maps/place/Pantai+Pandan+Carita+Cafe+and+Resto/data=!4m7!3m6!1s0x2e422d5a036aa4b1:0x60daca8cbaed52a9!8m2!3d-6.3031266!4d105.841612!16s%2Fg%2F11lgc_7lhn!19sChIJsaRqA1otQi4RqVLtuozK2mA?authuser=0&hl=en&rclk=1,0,F&B,Indonesia.Batam.Kuliner.202406162232.db,places,out_of_batam_bounds
9780,McDonald's - Pasirkoja,4.5,994,0,Fast food restaurant,,"6, Fresh market PIK, RT.6/RW.2, Kamal Muara, Kec. Penjaringan, Jkt Utara, Daerah Khusus Ibukota Jakarta 14470, Indonesia",[object Object],,-6.9298193,107.5757624,https://www.google.com/maps/place/McDonald%27s+-+Pasirkoja/data=!4m7!3m6!1s0x2e68e9a3f9961339:0xab918ae2b51882b8!8m2!3d-6.9298193!4d107.5757624!16s%2Fg%2F11sjfdnh18!19sChIJOROW-aPpaC4RuIIYteKKkas?authuser=0&hl=en&rclk=1,0,F&B,Indonesia.Batam.Kuliner.202406162232.db,places,out_of_batam_bounds
9782,Rahmat Siakap Goreng,4.3,2810,0,Seafood restaurant,,"Jalan Pantai, Kampung Pasir Putih, 81700 Pasir Gudang, Johor, Malaysia",[object Object],+60 19-740 8847,1.4343463,103.9307782,https://www.google.com/maps/place/Rahmat+Siakap+Goreng/data=!4m7!3m6!1s0x31da3e33e948e7cb:0x760fbca7b9a8eb8f!8m2!3d1.4343463!4d103.9307782!16s%2Fg%2F11b77mtxpp!19sChIJy-dI6TM-2jERj-uouae8D3Y?authuser=0&hl=en&rclk=1,-1.0,F&B,Indonesia.Batam.Kuliner.202406162232.db,places,out_of_batam_bounds
9788,Pasir Putih Seafood Restaurant,3.9,393,0,Seafood restaurant,,"202, Jalan Pantai, Kampung Pasir Putih, 81700 Pasir Gudang, Johor, Malaysia",[object Object],+60 19-714 5020,1.4342577,103.9311115,https://www.google.com/maps/place/Pasir+Putih+Seafood+Restaurant/data=!4m7!3m6!1s0x31da3e33e4a9f2fb:0x338e0fb401a9a091!8m2!3d1.4342577!4d103.9311115!16s%2Fg%2F11bwn3_wcl!19sChIJ-_Kp5DM-2jERkaCpAbQPjjM?authuser=0&hl=en&rclk=1,2.0,F&B,Indonesia.Batam.Kuliner.202406162232.db,places,out_of_batam_bounds
9796,Bakso 77,4.3,94,0,Bakso restaurant,,"Jl. Pasir Putih No.Desa, Tanah Merah, Kec. Siak Hulu, Kabupaten Kampar, Riau 28284, Indonesia",[object Object],+62 812-6612-2269,0.4386401,101.4532674,https://www.google.com/maps/place/Bakso+77/data=!4m7!3m6!1s0x31d5a5f451826ee7:0x798effa1d22d5898!8m2!3d0.4386401!4d101.4532674!16s%2Fg%2F11dxk_mby6!19sChIJ526CUfSl1TERmFgt0qH_jnk?authuser=0&hl=en&rclk=1,2.0,F&B,Indonesia.Batam.Kuliner.202406162232.db,places,out_of_batam_bounds
9860,Warung makan Maulana,3.7,3,0,Restaurant,,"Jalan Cendana Perumahan Testa Permai No.Km 00, Rotan Semelur, Kec. Pelangiran, Kabupaten Indragiri Hilir, Riau 29255, Indonesia",[object Object],+62 852-1263-2708,0.2547989,103.587815,https://www.google.com/maps/place/Warung+makan+Maulana/data=!4m7!3m6!1s0x31d81f1dc2f63477:0xceccf36bb1fc5e71!8m2!3d0.2547989!4d103.587815!16s%2Fg%2F11hf2dwsks!19sChIJdzT2wh0f2DERcV78sWvzzM4?authuser=0&hl=en&rclk=1,0,F&B,Indonesia.Batam.Kuliner.202406162232.db,places,out_of_batam_bounds
9864,Rumah Makan Sea Food 99 Puri Cendana,4.5,115,0,Seafood restaurant,,"Perumahan Puri Cendana 1 Blok RPC 50, Sumberjaya, Kec. Tambun Sel., Kabupaten Bekasi, Jawa Barat 17510, Indonesia",[object Object],+62 812-1200-5922,-6.2356737,107.0677217,"https://www.google.com/maps/place/Rumah+Makan+Sea+Food+99+Puri+Cendana/@-6.2356737,107.0677217,17z/data=!3m1!4b1!4m6!3m5!1s0x2e698fa9bfbaf5e5:0xdb72e9991449df78!8m2!3d-6.2356737!4d107.0677217!16s%2Fg%2F11gv12q7bk?authuser=0&hl=en&entry=ttu&g_ep=EgoyMDI0MDgyOC4wIKXMDSoASAFQAw%3D%3D",0,F&B,Indonesia.Batam.Kuliner.202406162232.db,places,out_of_batam_bounds
9866,CENDANA RESTO,4.2,971,0,Restaurant,,"Jl. Cut Nyak Dhien Gg. Jambu Air, Tanah Datar, Kec. Pekanbaru Kota, Kota Pekanbaru, Riau 28156, Indonesia",[object Object],+62 821-7046-3434,0.5191177,101.4448109,https://www.google.com/maps/place/CENDANA+RESTO/data=!4m7!3m6!1s0x31d5adb9f27548df:0x36a002f0c10bfe18!8m2!3d0.5191177!4d101.4448109!16s%2Fg%2F11f6y2dcgl!19sChIJ30h18rmt1TERGP4LwfACoDY?authuser=0&hl=en&rclk=1,2.0,F&B,Indonesia.Batam.Kuliner.202406162232.db,places,out_of_batam_bounds
9868,Plaza Galaxy,4.4,1488,0,Food court,,"Blok G No., Jl. Taman Akasia Blok G No.43, RT.002/RW.014, Jaka Setia, Kec. Bekasi Sel., Kota Bks, Jawa Barat 17147, Indonesia",[object Object],,-6.25989,106.9684724,https://www.google.com/maps/place/Plaza+Galaxy/data=!4m7!3m6!1s0x2e698dae61a8d63b:0x13b12034603b839e!8m2!3d-6.25989!4d106.9684724!16s%2Fg%2F11cjpx35f_!19sChIJO9aoYa6NaS4RnoM7YDQgsRM?authuser=0&hl=en&rclk=1,0,F&B,Indonesia.Batam.Kuliner.202406162232.db,places,out_of_batam_bounds
9869,Nasibakul Galaxy,4.7,29,0,Restaurant,,"Jl. Boulevard Grand Galaxy City blok RGB no. 11A, Kota Bks, Jawa Barat 17147, Indonesia",[object Object],+62 878-7625-2729,-6.2781258,106.9743421,https://www.google.com/maps/place/Nasibakul+Galaxy/data=!4m7!3m6!1s0x2e698d6de68d61f9:0xe62dba5bfe9cd98b!8m2!3d-6.2781258!4d106.9743421!16s%2Fg%2F11p5s2y83p!19sChIJ-WGN5m2NaS4Ri9mc_lu6LeY?authuser=0&hl=en&rclk=1,0,F&B,Indonesia.Batam.Kuliner.202406162232.db,places,out_of_batam_bounds
9870,Galaxy Foodcourt,4.5,1203,0,Food court,,"Jl. Boulevard Raya, RT.009/RW.014, Jaka Setia, Kec. Bekasi Sel., Kota Bks, Jawa Barat, Indonesia",[object Object],+62 812-2240-7474,-6.2586789,106.972549,https://www.google.com/maps/place/Galaxy+Foodcourt/data=!4m7!3m6!1s0x2e698db21fa1e8d7:0x50093e9e57475dca!8m2!3d-6.2586789!4d106.972549!16s%2Fg%2F11c5rmj3cw!19sChIJ1-ihH7KNaS4Ryl1HV54-CVA?authuser=0&hl=en&rclk=1,0,F&B,Indonesia.Batam.Kuliner.202406162232.db,places,out_of_batam_bounds
9871,Warung Tenda Galaxy,4.5,268,0,Food court,,"Jl. Matahari Raya Blok H No.23, RT.007/RW.018, Jaka Setia, Kec. Bekasi Sel., Kota Bks, Jawa Barat 17147, Indonesia",[object Object],,-6.2596885,106.9685129,https://www.google.com/maps/place/Warung+Tenda+Galaxy/data=!4m7!3m6!1s0x2e698dae613dbb4f:0x48e1895a7543963e!8m2!3d-6.2596885!4d106.9685129!16s%2Fg%2F11c4c2rbdd!19sChIJT7s9Ya6NaS4RPpZDdVqJ4Ug?authuser=0&hl=en&rclk=1,0,F&B,Indonesia.Batam.Kuliner.202406162232.db,places,out_of_batam_bounds
9873,NoMiNoMi Delight - Galaxy Bekasi,4.5,2381,0,Restaurant,,"Kopi Kenangan x Chigo x Flip Burger - Ruko Grand Galaxy City Bekasi, Jl. Boulevard Raya Blok RSOA No.008, RT.004/RW.019, Jaka Setia, Bekasi Selatan, Bekasi, West Java 17147, Indonesia",[object Object],+62 21 82737077,-6.2714651,106.9713396,"https://www.google.com/maps/place/NoMiNoMi+Delight+-+Galaxy+Bekasi/@-6.2714651,106.9713396,17z/data=!3m1!4b1!4m6!3m5!1s0x2e698dbd2c6e2091:0x342e8e83bdbe6d6f!8m2!3d-6.2714651!4d106.9713396!16s%2Fg%2F11g7z7v0qk?authuser=0&hl=en&entry=ttu&g_ep=EgoyMDI0MDgyOC4wIKXMDSoASAFQAw%3D%3D",0,F&B,Indonesia.Batam.Kuliner.202406162232.db,places,out_of_batam_bounds
9874,Kita Steamboat & Yakiniku,4.8,6124,0,Yakiniku restaurant,,"Jalan Boulevard Raya Barat Blok RGA No. 58-59 Grand Galaxy City, RT.001/RW.018, Jaka Setia, Kec. Bekasi Sel., Kota Bks, Jawa Barat 17147, Indonesia",[object Object],+62 818-0694-9494,-6.2762464,106.9744025,"https://www.google.com/maps/place/Kita+Steamboat+%26+Yakiniku/@-6.2762464,106.9744025,17z/data=!3m1!4b1!4m6!3m5!1s0x2e698d9655874867:0x18cb551efd98e237!8m2!3d-6.2762464!4d106.9744025!16s%2Fg%2F11gf60989k?authuser=0&hl=en&entry=ttu&g_ep=EgoyMDI0MDgyOC4wIKXMDSoASAFQAw%3D%3D",0,F&B,Indonesia.Batam.Kuliner.202406162232.db,places,out_of_batam_bounds
9876,Torang Bar (Kedai Torang),4.4,825,0,Restaurant,,"Ruko Grand Galaxy City blok RGG, Jl. Boulevard Raya No.15, RT.007/RW.018, Jaka Setia, Kec. Bekasi Sel., Kota Bks, Jawa Barat 17147, Indonesia",[object Object],+62 838-1987-6754,-6.2730248,106.9731233,https://www.google.com/maps/place/Torang+Bar/data=!4m7!3m6!1s0x2e698dbd66774dc7:0x14db3ad27cdba0c1!8m2!3d-6.2730248!4d106.9731233!16s%2Fg%2F11ckqstgk6!19sChIJx013Zr2NaS4RwaDbfNI62xQ?authuser=0&hl=en&rclk=1,0,F&B,Indonesia.Batam.Kuliner.202406162232.db,places,out_of_batam_bounds
9877,Solaria - Grand Galaxy Park,4.1,572,0,Restaurant,,"Grand Galaxy Park, Solaria, Jl. Grand Galaxy City Central Park 3 Jl. Boulevard Raya No.1 Lantai 1, RT.003/RW.017, Jaka Setia, Kec. Bekasi Sel., Kota Bks, Jawa Barat 17147, Indonesia",[object Object],+62 21 14099,-6.2712658,106.9719726,https://www.google.com/maps/place/Solaria+-+Grand+Galaxy+Park/data=!4m7!3m6!1s0x2e698dbcba352b43:0xc116d77d832852a1!8m2!3d-6.2712658!4d106.9719726!16s%2Fg%2F1q5grbr6r!19sChIJQys1uryNaS4RoVIog33XFsE?authuser=0&hl=en&rclk=1,0,F&B,Indonesia.Batam.Kuliner.202406162232.db,places,out_of_batam_bounds
9878,Papparich,4.6,453,0,Malaysian restaurant,,"Galaxy city, Jl. Boulevar Raya Tim. Selatan No.92-93 Blk. RGB, RT.001/RW.002, Jaka Setia, Kec. Bekasi Sel., Kota Bks, Jawa Barat 17414, Indonesia",[object Object],+62 817-7096-4669,-6.2741739,106.9742937,"https://www.google.com/maps/place/Papparich/@-6.2741739,106.9742937,17z/data=!3m1!4b1!4m6!3m5!1s0x2e698d3a68a2bb39:0xb5e7813eebab1213!8m2!3d-6.2741739!4d106.9742937!16s%2Fg%2F11fn98s320?authuser=0&hl=en&entry=ttu&g_ep=EgoyMDI0MDgyOC4wIKXMDSoASAFQAw%3D%3D",0,F&B,Indonesia.Batam.Kuliner.202406162232.db,places,out_of_batam_bounds
9880,Situs Food Court,4.8,5,0,Food court,,"BLK. a, No. 51, Ruko Taman Galaxy, JL. Taman Galaxi Raya, Jaka Setia, 17147 Bekasi, Indonesia, RT.003/RW.014, Jaka Setia, Bekasi Selatan, Bekasi, West Java 17147, Indonesia",[object Object],,-6.25757,106.96878,https://www.google.com/maps/place/Situs+Food+Court/data=!4m7!3m6!1s0x2e698dadceb5175d:0x579e0d432d826ddb!8m2!3d-6.25757!4d106.96878!16s%2Fg%2F1pztr7w8r!19sChIJXRe1zq2NaS4R222CLUMNnlc?authuser=0&hl=en&rclk=1,0,F&B,Indonesia.Batam.Kuliner.202406162232.db,places,out_of_batam_bounds
9882,Eats & Co (Cakwe Galaxy),4.3,395,0,Restaurant,,"Eat n Co Grand Metropolitan Mall, Jl. KH. Noer Ali lt 3, RT.007/RW.003, Pekayon Jaya, Kec. Bekasi Sel., Kota Bks, Jawa Barat 17148, Indonesia",[object Object],+62 878-8505-4508,-6.2491198,106.983395,"https://www.google.com/maps/place/Eats+%26+Co/@-6.2491198,106.983395,17z/data=!3m1!4b1!4m6!3m5!1s0x2e698c33c0280079:0x717a2fe55ec126c9!8m2!3d-6.2491198!4d106.983395!16s%2Fg%2F1ptyl7c80?authuser=0&hl=en&entry=ttu&g_ep=EgoyMDI0MDgyOC4wIKXMDSoASAFQAw%3D%3D",0,F&B,Indonesia.Batam.Kuliner.202406162232.db,places,out_of_batam_bounds
9884,Shigeru Grand Galaxy Park,4.5,522,0,Sushi restaurant,,"Perumahan, Jl. Taman Galaxy Raya Jl. Taman Aster No.14, RT.004/RW.014, Pekayon Jaya, Kec. Bekasi Sel., Kota Bks, Jawa Barat 17147, Indonesia",[object Object],+62 21 8203548,-6.2712521,106.9722505,https://www.google.com/maps/place/Shigeru+Grand+Galaxy+Park/data=!4m7!3m6!1s0x2e698dbcdbaaaaab:0xef6f6469ca6e75c1!8m2!3d-6.2712521!4d106.9722505!16s%2Fg%2F11gffhd5cr!19sChIJq6qq27yNaS4RwXVuymlkb-8?authuser=0&hl=en&rclk=1,0,F&B,Indonesia.Batam.Kuliner.202406162232.db,places,out_of_batam_bounds
9886,Sukibray & Grill,4.4,818,0,Asian restaurant,,"Jl. Pulo Ribung No.21, RT.001/RW.019, Jaka Setia, Kec. Bekasi Sel., Kota Bks, Jawa Barat 17147, Indonesia",[object Object],+62 813-8139-9776,-6.2698407,106.9741904,https://www.google.com/maps/place/Sukibray+%26+Grill/data=!4m7!3m6!1s0x2e698d97d6a60851:0xc3f2ddbf22ec142f!8m2!3d-6.2698407!4d106.9741904!16s%2Fg%2F11d_bdp30t!19sChIJUQim1peNaS4RLxTsIr_d8sM?authuser=0&hl=en&rclk=1,0,F&B,Indonesia.Batam.Kuliner.202406162232.db,places,out_of_batam_bounds
9887,Food Court Taman Galaxy,4.0,1,0,Restaurant,,"PXR9+4CR, RT.002/RW.014, Jaka Setia, Bekasi Selatan, Bekasi, West Java, Indonesia",[object Object],,-6.2596465,106.9685013,https://www.google.com/maps/place/Food+Court+Taman+Galaxy/data=!4m7!3m6!1s0x2e698d0947c6183b:0xd298f0a8e732f8ba!8m2!3d-6.2596465!4d106.9685013!16s%2Fg%2F11pyp1pvhq!19sChIJOxjGRwmNaS4Ruvgy56jwmNI?authuser=0&hl=en&rclk=1,0,F&B,Indonesia.Batam.Kuliner.202406162232.db,places,out_of_batam_bounds
9888,Shihlin,2.7,27,0,Restaurant,,"Jl. Grand Galaxy boulevard no.1 bekasi unit 2F-FP 04 Lantai 2-Foodcourt, Kota Bks, Jawa Barat 17147, Indonesia",[object Object],+62 21 82749949,-6.2710182,106.9721364,https://www.google.com/maps/place/Shihlin/data=!4m7!3m6!1s0x2e698d41098c90cb:0xe5295b07e97110a8!8m2!3d-6.2710182!4d106.9721364!16s%2Fg%2F11hyj6pt_r!19sChIJy5CMCUGNaS4RqBBx6QdbKeU?authuser=0&hl=en&rclk=1,0,F&B,Indonesia.Batam.Kuliner.202406162232.db,places,out_of_batam_bounds
9889,JajanKuy galaxy,5.0,1,0,Restaurant,,"Jl. Pulo Sirih Tengah 11 Blok Bd No.5-Nk, RT.004/RW.014, Pekayon Jaya, Kec. Bekasi Sel., Kota Bks, Jawa Barat 17148, Indonesia",[object Object],,-6.2613567,106.9733736,https://www.google.com/maps/place/JajanKuy+galaxy/data=!4m7!3m6!1s0x2e698d5f6f8599bf:0xaf6bea1ebc4917b9!8m2!3d-6.2613567!4d106.9733736!16s%2Fg%2F11nm_3xqb_!19sChIJv5mFb1-NaS4RuRdJvB7qa68?authuser=0&hl=en&rclk=1,0,F&B,Indonesia.Batam.Kuliner.202406162232.db,places,out_of_batam_bounds
9890,Sambak Grill & Fry Galaxy,4.3,4,0,Indonesian restaurant,,"Jl. Gardenia 1 No.3A, Jaka Setia, Pagar Biru, Kota Bks, Jawa Barat 17147, Indonesia",[object Object],+62 852-8142-5437,-6.2675033,106.9732187,https://www.google.com/maps/place/Sambak+Grill+%26+Fry+Galaxy/data=!4m7!3m6!1s0x2e698f4ea90a11a5:0x75da78c7a3434720!8m2!3d-6.2675033!4d106.9732187!16s%2Fg%2F11txy3lzd1!19sChIJpREKqU6PaS4RIEdDo8d42nU?authuser=0&hl=en&rclk=1,0,F&B,Indonesia.Batam.Kuliner.202406162232.db,places,out_of_batam_bounds
9892,Fogo Brazilian BBQ - Grand Galaxy Park,4.4,783,0,Buffet restaurant,,"Grand Galaxy Park, Lt. Dasar. Unit GF-B4, Kota Bks, Jawa Barat 17147, Indonesia",[object Object],+62 811-1019-003,-6.2709708,106.9719551,https://www.google.com/maps/place/Fogo+Brazilian+BBQ+-+Grand+Galaxy+Park/data=!4m7!3m6!1s0x2e698d807e4676eb:0x16938aad2ee65d00!8m2!3d-6.2709708!4d106.9719551!16s%2Fg%2F11q58443nn!19sChIJ63ZGfoCNaS4RAF3mLq2KkxY?authuser=0&hl=en&rclk=1,0,F&B,Indonesia.Batam.Kuliner.202406162232.db,places,out_of_batam_bounds
9893,VJS Kuliner,4.5,379,0,Restaurant,,"Jl. Sedap Malam No.1 Blok A, RT.003/RW.012, Jaka Setia, Kec. Bekasi Sel., Kota Bks, Jawa Barat 17147, Indonesia",[object Object],+62 898-2900-260,-6.2557632,106.9706962,https://www.google.com/maps/place/VJS+Kuliner/data=!4m7!3m6!1s0x2e698dad799a19ef:0x35dc79fdefb4c2!8m2!3d-6.2557632!4d106.9706962!16s%2Fg%2F11bwptrg4k!19sChIJ7xmaea2NaS4RwrTv_XncNQA?authuser=0&hl=en&rclk=1,0,F&B,Indonesia.Batam.Kuliner.202406162232.db,places,out_of_batam_bounds
9894,Ngetansusu_galaxy,5.0,2,0,Food court,,"Galaxy VJS Kuliner, Jl. Sedap Malam No.1g Blk. A, RT.003/RW.012, Jaka Setia, Kec. Bekasi Sel., Kota Bks, Jawa Barat 17147, Indonesia",[object Object],+62 817-0127-495,-6.2557856,106.9706037,"https://www.google.com/maps/place/Ngetansusu_galaxy/@-6.2557856,106.9706037,17z/data=!3m1!4b1!4m6!3m5!1s0x2e698dde84757003:0x330b7261111840cf!8m2!3d-6.2557856!4d106.9706037!16s%2Fg%2F11m41_tnx2?authuser=0&hl=en&entry=ttu&g_ep=EgoyMDI0MDgyOC4wIKXMDSoASAFQAw%3D%3D",0,F&B,Indonesia.Batam.Kuliner.202406162232.db,places,out_of_batam_bounds
9896,Chiclin Tempat Jajan Galaxy,5.0,4,0,Snack bar,,"Ruko grand galaxy blok RSN 07 No.1, RT.001/RW.002, Jaka Setia, Bekasi Selatan, Bekasi, West Java 17147, Indonesia",[object Object],+62 815-9490-313,-6.2774206,106.9742442,"https://www.google.com/maps/place/Chiclin+Tempat+Jajan+Galaxy/@-6.2774206,106.9742442,17z/data=!3m1!4b1!4m6!3m5!1s0x2e698d1c7e76a89d:0xe6a31b35a873ef4d!8m2!3d-6.2774206!4d106.9742442!16s%2Fg%2F11j5d492gt?authuser=0&hl=en&entry=ttu&g_ep=EgoyMDI0MDgyOC4wIKXMDSoASAFQAw%3D%3D",0,F&B,Indonesia.Batam.Kuliner.202406162232.db,places,out_of_batam_bounds
9897,Double U Steak by Chef Widhi Bekasi,4.7,5562,0,Steak house,,"Galaxy, Jl. Wijaya Kusuma No.193, Jaka Setia, Kec. Bekasi Sel., Kota Bks, Jawa Barat 17147, Indonesia",[object Object],+62 822-1188-1880,-6.2560563,106.9698373,https://www.google.com/maps/place/Double+U+Steak+by+Chef+Widhi+Bekasi/data=!4m7!3m6!1s0x2e698dad7304005f:0xfd2806bee8906d0c!8m2!3d-6.2560563!4d106.9698373!16s%2Fg%2F1q5bl8dnj!19sChIJXwAEc62NaS4RDG2Q6L4GKP0?authuser=0&hl=en&rclk=1,0,F&B,Indonesia.Batam.Kuliner.202406162232.db,places,out_of_batam_bounds
9898,Cakwe Galaxy Perum Galaxy,3.5,14,0,Fast food restaurant,,"City, Jl. Boulevar Raya Bar. RGA No.98, RT.001/RW.002, Jaka Setia, Kec. Bekasi Sel., Kota Bks, Jawa Barat 17147, Indonesia",[object Object],+62 896-3714-6450,-6.2737297,106.9738405,"https://www.google.com/maps/place/Cakwe+Galaxy+Perum+Galaxy/@-6.2737297,106.9738405,17z/data=!3m1!4b1!4m6!3m5!1s0x2e698dc329910043:0x3221166332e6af29!8m2!3d-6.2737297!4d106.9738405!16s%2Fg%2F11rf_7w6nt?authuser=0&hl=en&entry=ttu&g_ep=EgoyMDI0MDgyOC4wIKXMDSoASAFQAw%3D%3D",0,F&B,Indonesia.Batam.Kuliner.202406162232.db,places,out_of_batam_bounds
9900,Ayam Keprabon Express,4.6,27,0,Chicken shop,,"Food Park, Grand Galaxy Park, Jl. Boulevar Raya Tim. Sel No.05 Lantai 2, RT.003/RW.017, Jaka Setia, Kec. Bekasi Sel., Kota Bks, Jawa Barat 17147, Indonesia",[object Object],+62 812-1297-0009,-6.2707028,106.9722015,https://www.google.com/maps/place/Ayam+Keprabon+Express/data=!4m7!3m6!1s0x2e698d377ff270e9:0xf4de4b35dbcab0a6!8m2!3d-6.2707028!4d106.9722015!16s%2Fg%2F11k9rv1qdw!19sChIJ6XDyfzeNaS4RprDK2zVL3vQ?authuser=0&hl=en&rclk=1,0,F&B,Indonesia.Batam.Kuliner.202406162232.db,places,out_of_batam_bounds
9902,SUSHIGAN  Grand Galaxy Park Bekasi,4.8,977,0,Japanese restaurant,,"Grand Galaxy Park, Jl. Boulevar Raya Tim., RT.003/RW.017, Jaka Setia, Kec. Bekasi Sel., Kota Bks, Jawa Barat 17147, Indonesia",[object Object],+62 21 29613145,-6.2740799,106.9740255,https://www.google.com/maps/place/SUSHIGAN!+Grand+Galaxy+Park+Bekasi/data=!4m7!3m6!1s0x2e698d0929220c71:0x8369c0377c673932!8m2!3d-6.2740799!4d106.9740255!16s%2Fg%2F11pv76zsm1!19sChIJcQwiKQmNaS4RMjlnfDfAaYM?authuser=0&hl=en&rclk=1,0,F&B,Indonesia.Batam.Kuliner.202406162232.db,places,out_of_batam_bounds
9903,Lampoh Coffee Galaxy,4.5,244,0,Restaurant,,"PXH9+2XC, Jalan Lotus Tengah 2, RT.004/RW.019, Jaka Setia, Bekasi Selatan, Bekasi, West Java 17147, Indonesia",[object Object],+62 812-1940-9461,-6.272449,106.9698885,https://www.google.com/maps/place/Lampoh+Coffee+Galaxy/data=!4m7!3m6!1s0x2e698db5573366c7:0x49aaa81a7d0be85a!8m2!3d-6.272449!4d106.9698885!16s%2Fg%2F11trnsd13c!19sChIJx2YzV7WNaS4RWugLfRqoqkk?authuser=0&hl=en&rclk=1,0,F&B,Indonesia.Batam.Kuliner.202406162232.db,places,out_of_batam_bounds
9904,BAKMI SIANTAR,4.6,646,0,Noodle shop,,"Ruko RRG.8 No.27 Grand Galaxy City, RT.003/RW.017, Jaka Setia, Kec. Bekasi Sel., Kota Bks, Jawa Barat 17148, Indonesia",[object Object],+62 813-1082-5887,-6.2701014,106.9731306,"https://www.google.com/maps/place/BAKMI+SIANTAR/@-6.2701014,106.9731306,17z/data=!3m1!4b1!4m6!3m5!1s0x2e698dbcecbd596d:0x529570e6c6760f92!8m2!3d-6.2701014!4d106.9731306!16s%2Fg%2F11c5g90pfy?authuser=0&hl=en&entry=ttu&g_ep=EgoyMDI0MDgyOC4wIKXMDSoASAFQAw%3D%3D",0,F&B,Indonesia.Batam.Kuliner.202406162232.db,places,out_of_batam_bounds
9905,Teh Tarik Aceh Galaxy,5.0,4,0,Restaurant,,"Ruko Grand Galaxy, Ruko Rose Garden B No.002 RRGB 002, (Sebelah Perumahan Lotus Garden, Kec. Bekasi Bar., Jawa Barat 17147, Indonesia",[object Object],+62 21 82770100,-6.2689946,106.9744992,https://www.google.com/maps/place/Teh+Tarik+Aceh+Galaxy/data=!4m7!3m6!1s0x2e698dca6e130f9f:0xbdcbb299ff8d8171!8m2!3d-6.2689946!4d106.9744992!16s%2Fg%2F11s178lnwp!19sChIJnw8TbsqNaS4RcYGN_5myy70?authuser=0&hl=en&rclk=1,0,F&B,Indonesia.Batam.Kuliner.202406162232.db,places,out_of_batam_bounds
9906,Sate Taichan Panahan Senayan Galaxy,4.5,227,0,Satay restaurant,,"Jl. Boulevar Raya Tim. Blok RGB No.81, RT.001/RW.002, Jaka Setia, Kec. Bekasi Sel., Kota Bks, Jawa Barat 17147, Indonesia",[object Object],,-6.2748818,106.9744846,https://www.google.com/maps/place/Sate+Taichan+Panahan+Senayan+Galaxy/data=!4m7!3m6!1s0x2e698db39993582f:0xbe4c705948a59e77!8m2!3d-6.2748818!4d106.9744846!16s%2Fg%2F11rqy_6ymc!19sChIJL1iTmbONaS4Rd56lSFlwTL4?authuser=0&hl=en&rclk=1,0,F&B,Indonesia.Batam.Kuliner.202406162232.db,places,out_of_batam_bounds
9907,HokBen Ruko Galaxy,4.4,2786,0,Japanese restaurant,,"Ruko Galaxy, Jl. Taman Galaxy Raya No.9 Blok B, Jaka Setia, Kec. Bekasi Sel., Kota Bks, Jawa Barat 17147, Indonesia",[object Object],+62 812-9000-3271,-6.2541498,106.9687875,https://www.google.com/maps/place/HokBen+Ruko+Galaxy/data=!4m7!3m6!1s0x2e698db0370b244f:0x617d72a2c6f1e77e!8m2!3d-6.2541498!4d106.9687875!16s%2Fg%2F1ptxg2rjk!19sChIJTyQLN7CNaS4RfufxxqJyfWE?authuser=0&hl=en&rclk=1,0,F&B,Indonesia.Batam.Kuliner.202406162232.db,places,out_of_batam_bounds
9908,Lapangan Gereja Methodis Indonesia,4.5,281,0,Cafe,,"Jl. Grand Galaxy City Central Park 3 No.15, RT.003/RW.017, Jaka Setia, Kec. Bekasi Sel., Kota Bks, Jawa Barat 17148, Indonesia",[object Object],,-6.2690479,106.9740081,https://www.google.com/maps/place/Lapangan+Gereja+Methodis+Indonesia/data=!4m7!3m6!1s0x2e698db807bd28f3:0xecea29852fdc8958!8m2!3d-6.2690479!4d106.9740081!16s%2Fg%2F11jj5hl9jb!19sChIJ8yi9B7iNaS4RWIncL4Up6uw?authuser=0&hl=en&rclk=1,0,F&B,Indonesia.Batam.Kuliner.202406162232.db,places,out_of_batam_bounds
9910,Dawend Coffee & Steak Galaxy,4.7,259,0,Cafe,,"Jalan Edelweis Utara AA1 no 32-33, Jl. Edelweis Utara No.3, RT.003/RW.017, Jaka Setia, Kec. Bekasi Sel., Kota Bks, Jawa Barat 17148, Indonesia",[object Object],+62 811-8179-024,-6.2682592,106.972834,https://www.google.com/maps/place/Dawend+Coffee+%26+Steak+Galaxy/data=!4m7!3m6!1s0x2e698da10a74b76f:0x2152494fc3a57ab9!8m2!3d-6.2682592!4d106.972834!16s%2Fg%2F11mxg91kyv!19sChIJb7d0CqGNaS4RuXqlw09JUiE?authuser=0&hl=en&rclk=1,0,F&B,Indonesia.Batam.Kuliner.202406162232.db,places,out_of_batam_bounds
9912,San9a,4.5,903,0,Cafe,,"Grand Galaxy City, Jl. Pulo Ribung blok AR 1 No.30, RT.001/RW.019, Jaka Setia, Kec. Bekasi Sel., Kota Bks, Jawa Barat 17147, Indonesia",[object Object],+62 813-1556-7830,-6.2667264,106.9704284,https://www.google.com/maps/place/San9a/data=!4m7!3m6!1s0x2e698da4c536cdf1:0x989b5f039bf1615b!8m2!3d-6.2667264!4d106.9704284!16s%2Fg%2F12vslv4pj!19sChIJ8c02xaSNaS4RW2HxmwNfm5g?authuser=0&hl=en&rclk=1,0,F&B,Indonesia.Batam.Kuliner.202406162232.db,places,out_of_batam_bounds
9914,Rose Bakery & Catering,4.3,215,0,Bakery,,"Taman Galaxy G.4 Jl. Taman Galaxy Raya No.5, Jaka Setia, Kec. Bekasi Sel., Kota Bks, Jawa Barat 17147, Indonesia",[object Object],+62 21 8207658,-6.2582855,106.9683742,https://www.google.com/maps/place/Rose+Bakery+%26+Catering/data=!4m7!3m6!1s0x2e698dadd4b6c52f:0x917c409d109c32c5!8m2!3d-6.2582855!4d106.9683742!16s%2Fg%2F1tgv93j4!19sChIJL8W21K2NaS4RxTKcEJ1AfJE?authuser=0&hl=en&rclk=1,0,F&B,Indonesia.Batam.Kuliner.202406162232.db,places,out_of_batam_bounds
9916,Sop Kambing Tiga Saudara Galaxy,4.7,261,0,Soup shop,,"Jl. Pulo Ribung No.3 blok AR1, Jaka Setia, Kec. Bekasi Sel., Kota Bks, Jawa Barat, Indonesia",[object Object],+62 823-1066-5718,-6.2676135,106.9753173,https://www.google.com/maps/place/Sop+Kambing+Tiga+Saudara+Galaxy/data=!4m7!3m6!1s0x2e698dbb2356f2e3:0x83580cac4d281e5d!8m2!3d-6.2676135!4d106.9753173!16s%2Fg%2F11ggz4_bn8!19sChIJ4_JWI7uNaS4RXR4oTawMWIM?authuser=0&hl=en&rclk=1,0,F&B,Indonesia.Batam.Kuliner.202406162232.db,places,out_of_batam_bounds
9917,Cafe Special Curry,4.3,10,0,Cafe,,"JL. Galaxi Raya, No. 299 A, Perumahan Taman Galaxi Indah, RT.002/RW.010, Jaka Setia, Kec. Bekasi Sel., Kota Bks, Jawa Barat 17113, Indonesia",[object Object],,-6.2561757,106.9682517,https://www.google.com/maps/place/Cafe+Special+Curry/data=!4m7!3m6!1s0x2e698dac54dcf489:0x665f678077b125d4!8m2!3d-6.2561757!4d106.9682517!16s%2Fg%2F1pzsmt229!19sChIJifTcVKyNaS4R1CWxd4BnX2Y?authuser=0&hl=en&rclk=1,0,F&B,Indonesia.Batam.Kuliner.202406162232.db,places,out_of_batam_bounds
9918,Starbucks Grand Galaxy Park,4.6,1118,0,Coffee shop,,"Jl. Boulevard Raya No.1, RT.003/RW.017, Jaka Setia, Kec. Bekasi Sel., Kota Bks, Jawa Barat 17147, Indonesia",[object Object],,-6.271035,106.9719917,"https://www.google.com/maps/place/Starbucks+Grand+Galaxy+Park/@-6.271035,106.9719917,17z/data=!3m1!4b1!4m6!3m5!1s0x2e698dbcb752585f:0x9c9385cc71314fe3!8m2!3d-6.271035!4d106.9719917!16s%2Fg%2F1s04g3z6m?authuser=0&hl=en&entry=ttu&g_ep=EgoyMDI0MDgyOC4wIKXMDSoASAFQAw%3D%3D",0,F&B,Indonesia.Batam.Kuliner.202406162232.db,places,out_of_batam_bounds
9919,Woodfire Bekasi,4.5,343,0,Western restaurant,,"FE 333, Jl. Pulo Sirih Utama, Jaka Setia, Kec. Bekasi Sel., Kota Bks, Jawa Barat 17147, Indonesia",[object Object],+62 857-7304-7769,-6.2654991,106.9720271,https://www.google.com/maps/place/Woodfire+Bekasi/data=!4m7!3m6!1s0x2e698d0e06173377:0x580b2834d1131655!8m2!3d-6.2654991!4d106.9720271!16s%2Fg%2F11jtympn43!19sChIJdzMXBg6NaS4RVRYT0TQoC1g?authuser=0&hl=en&rclk=1,0,F&B,Indonesia.Batam.Kuliner.202406162232.db,places,out_of_batam_bounds
9920,𝗥𝘂𝗺𝗮𝗵 𝗦𝗲𝗱𝘂𝗵 𝗔𝗻𝗱𝗮𝗿𝘂,4.6,22,0,Restaurant,,"Grand Galaxy City, Jl. Boulevard Raya No.135 C Blok EB, RT.07/RW.014, Pekayon Jaya, Kec. Bekasi Sel., Kota Bks, Jawa Barat 17148, Indonesia",[object Object],+62 812-1995-9990,-6.2609628,106.9726494,https://www.google.com/maps/place/%22%F0%9D%97%A5%F0%9D%98%82%F0%9D%97%BA%F0%9D%97%AE%F0%9D%97%B5+%F0%9D%97%A6%F0%9D%97%B2%F0%9D%97%B1%F0%9D%98%82%F0%9D%97%B5+%F0%9D%97%94%F0%9D%97%BB%F0%9D%97%B1%F0%9D%97%AE%F0%9D%97%BF%F0%9D%98%82%22/data=!4m7!3m6!1s0x2e698dcf8d7922c9:0xf2965076a51e316c!8m2!3d-6.2609628!4d106.9726494!16s%2Fg%2F11s4tnzrtz!19sChIJySJ5jc-NaS4RbDEepXZQlvI?authuser=0&hl=en&rclk=1,0,F&B,Indonesia.Batam.Kuliner.202406162232.db,places,out_of_batam_bounds
9921,Antar Ruang Coffee & Eatery,4.7,41,0,Coffee shop,,"Grand Galaxy City Jl. Lotus Timur Blok RSO D-12, RT.004/RW.019, Jaka Setia, Bekasi Selatan, Bekasi, West Java 17147, Indonesia",[object Object],,-6.2717926,106.9707056,https://www.google.com/maps/place/Antar+Ruang+Coffee+%26+Eatery/data=!4m7!3m6!1s0x2e698d5b9bc7e9c7:0x616ea388a7702117!8m2!3d-6.2717926!4d106.9707056!16s%2Fg%2F11sb0fp8bd!19sChIJx-nHm1uNaS4RFyFwp4ijbmE?authuser=0&hl=en&rclk=1,0,F&B,Indonesia.Batam.Kuliner.202406162232.db,places,out_of_batam_bounds
9922,Frozenics Gelato Galaxy,4.5,535,0,Ice cream shop,,"Ruko Grand Galaxy City, Jl. Grand Galaxy City Central Park 3 RRGB No. 9, Jaka Setia, Kec. Bekasi Sel., Kota Bks, Jawa Barat 17148, Indonesia",[object Object],+62 821-1455-6700,-6.2701768,106.9741989,https://www.google.com/maps/place/Frozenics+Gelato+Galaxy/data=!4m7!3m6!1s0x2e698da06ab7b16f:0x89f36f5404aab597!8m2!3d-6.2701768!4d106.9741989!16s%2Fg%2F11g4jh0_51!19sChIJb7G3aqCNaS4Rl7WqBFRv84k?authuser=0&hl=en&rclk=1,0,F&B,Indonesia.Batam.Kuliner.202406162232.db,places,out_of_batam_bounds
9923,Pasar Fresh Market Galaxy (Fresh Market Grand Galaxy City),4.4,707,0,Convenience store,,"Fresh Market Grand Galaxy City, Jl. Boulevard Raya, RT.001/RW.018, Jaka Setia, Kec. Bekasi Sel., Kota Bks, Jawa Barat 17147, Indonesia",[object Object],+62 21 8652320,-6.275522,106.9731555,"https://www.google.com/maps/place/Pasar+Fresh+Market+Galaxy/@-6.275522,106.9731555,17z/data=!3m1!4b1!4m6!3m5!1s0x2e698d97b9750d4b:0xb57504332315f3af!8m2!3d-6.275522!4d106.9731555!16s%2Fg%2F11c328zqdp?authuser=0&hl=en&entry=ttu&g_ep=EgoyMDI0MDgyOC4wIKXMDSoASAFQAw%3D%3D",0,F&B,Indonesia.Batam.Kuliner.202406162232.db,places,out_of_batam_bounds
9924,Pinus Coffee & Eatery,4.5,166,0,Cafe,,"Grand Galaxy Rukan Cordova RGC 3 No.002, RT.001/RW.002, Jaka Setia, Kec. Bekasi Sel., Kota Bks, Jawa Barat 17147, Indonesia",[object Object],+62 813-9997-7052,-6.2780515,106.9745562,"https://www.google.com/maps/place/Pinus+Coffee+%26+Eatery/@-6.2780515,106.9745562,17z/data=!3m1!4b1!4m6!3m5!1s0x2e698d15a68ec4cf:0x570a6fcd7d33b38d!8m2!3d-6.2780515!4d106.9745562!16s%2Fg%2F11j3_lf2tq?authuser=0&hl=en&entry=ttu&g_ep=EgoyMDI0MDgyOC4wIKXMDSoASAFQAw%3D%3D",0,F&B,Indonesia.Batam.Kuliner.202406162232.db,places,out_of_batam_bounds
9926,SINI TERAS,4.6,50,0,Cafe,,"Ruko Grand Galaxy City Jl. Boulevard Timur Raya Blok RSK 3 No.2, RT.001/RW.002, Jaka Setia, Kec. Bekasi Sel., Kota Bks, Jawa Barat 17147, Indonesia",[object Object],+62 812-9647-2414,-6.275102,106.9738616,https://www.google.com/maps/place/SINI+TERAS/data=!4m7!3m6!1s0x2e698d97b5cccddb:0x6a3353d5ebb5c69f!8m2!3d-6.275102!4d106.9738616!16s%2Fg%2F11gbz9yy3h!19sChIJ283MtZeNaS4Rn8a169VTM2o?authuser=0&hl=en&rclk=1,0,F&B,Indonesia.Batam.Kuliner.202406162232.db,places,out_of_batam_bounds
9927,Ezra Food and Coffee,4.7,145,0,Restaurant,,"Jln. Pulo ribung raya blok. RGL no 1B, Kota Bks, Jawa Barat 17141, Indonesia",[object Object],+62 859-6252-7797,-6.266637,106.9707405,https://www.google.com/maps/place/Ezra+Food+and+Coffee/data=!4m7!3m6!1s0x2e698d4f0e5e4979:0x50cd6a33661bf63!8m2!3d-6.266637!4d106.9707405!16s%2Fg%2F11trqd9gf7!19sChIJeUleDk-NaS4RY79hNqPWDAU?authuser=0&hl=en&rclk=1,0,F&B,Indonesia.Batam.Kuliner.202406162232.db,places,out_of_batam_bounds
9928,Kue Lumpur Bakar Ummi Khas Sidoarjo  Galaxy,5.0,12,0,Food products supplier,,"Perumahan Pondok timur mas Blok A no.11, Jaka Setia, Kec. Bekasi Sel., Kota Bks, Jawa Barat 17147, Indonesia",[object Object],+62 821-1151-4983,-6.2557727,106.971851,"https://www.google.com/maps/place/Kue+Lumpur+Bakar+Ummi+Khas+Sidoarjo,+Galaxy/data=!4m7!3m6!1s0x2e698ddc8122fe63:0x1fd7689e241c5dea!8m2!3d-6.2557727!4d106.971851!16s%2Fg%2F11k57z1b87!19sChIJY_4igdyNaS4R6l0cJJ5o1x8?authuser=0&hl=en&rclk=1",0,F&B,Indonesia.Batam.Kuliner.202406162232.db,places,out_of_batam_bounds
9929,KOMARA SEAFOOD,4.5,87,0,Seafood restaurant,,"Jl. Taman Galaxy Raya No.2 Blok G No, Jaka Setia, Kec. Bekasi Sel., Kota Bks, Jawa Barat 17147, Indonesia",[object Object],+62 818-0887-9236,-6.2587269,106.9683256,https://www.google.com/maps/place/KOMARA+SEAFOOD/data=!4m7!3m6!1s0x2e698d92639b7aa1:0x5286441864c94b6f!8m2!3d-6.2587269!4d106.9683256!16s%2Fg%2F11s57gpmhj!19sChIJoXqbY5KNaS4Rb0vJZBhEhlI?authuser=0&hl=en&rclk=1,0,F&B,Indonesia.Batam.Kuliner.202406162232.db,places,out_of_batam_bounds
9930,Master Penyet Galaxy,4.2,473,0,Chicken restaurant,,"Jl. Taman Galaxy Raya No.18 Blok H, RT.004/RW.014, Jaka Setia, Kec. Bekasi Sel., Kota Bks, Jawa Barat 17148, Indonesia",[object Object],+62 812-1481-9000,-6.2589398,106.9688344,https://www.google.com/maps/place/Master+Penyet+Galaxy/data=!4m7!3m6!1s0x2e698dae64c169b3:0x5ee6c1d7f111d379!8m2!3d-6.2589398!4d106.9688344!16s%2Fg%2F1q5blnfb9!19sChIJs2nBZK6NaS4RedMR8dfB5l4?authuser=0&hl=en&rclk=1,0,F&B,Indonesia.Batam.Kuliner.202406162232.db,places,out_of_batam_bounds
9932,327 Fried Bee Hoon Nasi Lemak,4.3,162,0,Hawker Stall,,"327 Hougang Ave 5, #01-156 Block 327, Singapore 530327",[object Object],9758 2693,1.3684365,103.8958215,"https://www.google.com/maps/place/327+Fried+Bee+Hoon+Nasi+Lemak/@1.3684365,103.8958215,17z/data=!3m1!4b1!4m6!3m5!1s0x31da1711e3c00f57:0x147f76b4409713ee!8m2!3d1.3684365!4d103.8958215!16s%2Fg%2F11hyly80pf?authuser=0&hl=en&entry=ttu&g_ep=EgoyMDI0MDgyOC4wIKXMDSoASAFQAw%3D%3D",2.0,F&B,Indonesia.Batam.Kuliner.202406162232.db,places,out_of_batam_bounds
9936,Kuliner rumah jogja,4.5,70,0,Javanese restaurant,,"Jl. Iskandar Muda No.79B, Petisah Hulu, Kec. Medan Baru, Kota Medan, Sumatera Utara 20153, Indonesia",[object Object],+62 821-6614-8344,3.5799396,98.6611473,"https://www.google.com/maps/place/Kuliner+rumah+jogja/@3.5799396,98.6611473,17z/data=!3m1!4b1!4m6!3m5!1s0x30313167cd85d22b:0xbb91264c2ae5e79c!8m2!3d3.5799396!4d98.6611473!16s%2Fg%2F11bz_ygsd4?authuser=0&hl=en&entry=ttu&g_ep=EgoyMDI0MDgyOC4wIKXMDSoASAFQAw%3D%3D",0,F&B,Indonesia.Batam.Kuliner.202406162232.db,places,out_of_batam_bounds
9938,Rumah Rini By Melaty Parahyangan,4.8,136,0,Country food restaurant,,"HMPJ+XQ2, Jl. Irian Barat, Gg. Buntu, Kec. Medan Tim., Kota Medan, Sumatera Utara 20212, Indonesia",[object Object],,3.5873936,98.6818814,"https://www.google.com/maps/place/Rumah+Rini+By+Melaty+Parahyangan/@3.5873936,98.6818814,17z/data=!3m1!4b1!4m6!3m5!1s0x303131c9db79ea65:0x617564cd4f5a0efa!8m2!3d3.5873936!4d98.6818814!16s%2Fg%2F11tm_pqq_3?authuser=0&hl=en&entry=ttu&g_ep=EgoyMDI0MDgyOC4wIKXMDSoASAFQAw%3D%3D",0,F&B,Indonesia.Batam.Kuliner.202406162232.db,places,out_of_batam_bounds
9991,Zona Merah (Zomer) Sukajadi,4.3,2997,0,Sundanese restaurant,,"Jl. Sukajadi No.57, Sukabungah, Kec. Sukajadi, Kota Bandung, Jawa Barat 40162, Indonesia",[object Object],,-6.893525,107.5969941,https://www.google.com/maps/place/Zona+Merah+%28Zomer%29+Sukajadi/data=!4m7!3m6!1s0x2e68e68b3ccdb0cf:0xefdda62ebb1746af!8m2!3d-6.893525!4d107.5969941!16s%2Fg%2F11cn78n6zy!19sChIJz7DNPIvmaC4Rr0YXuy6m3e8?authuser=0&hl=en&rclk=1,0,F&B,Indonesia.Batam.Kuliner.202406162232.db,places,out_of_batam_bounds
9993,Bakmi Apin Sukajadi (Bakmi Apin Bandung Sukajadi),4.3,2498,0,Noodle shop,,"Jl. Sukajadi No.170, Pasteur, Kec. Sukajadi, Kota Bandung, Jawa Barat 40162, Indonesia",[object Object],+62 22 2039365,-6.8860599,107.5970134,https://www.google.com/maps/place/Bakmi+Apin+Sukajadi/data=!4m7!3m6!1s0x2e68e6f56fb42749:0x58484d1c6f3bf89f!8m2!3d-6.8860599!4d107.5970134!16s%2Fg%2F1pv2q6kc6!19sChIJSSe0b_XmaC4Rn_g7bxxNSFg?authuser=0&hl=en&rclk=1,0,F&B,Indonesia.Batam.Kuliner.202406162232.db,places,out_of_batam_bounds
9995,Tjendana Bistro,4.6,2984,0,Restaurant,,"Jl. Sukajadi No.181, Cipedes, Kec. Sukajadi, Kota Bandung, Jawa Barat 40162, Indonesia",[object Object],+62 853-3988-7000,-6.882563,107.596396,https://www.google.com/maps/place/Tjendana+Bistro/data=!4m7!3m6!1s0x2e68e68b6ab7e843:0x91a5a127cc820590!8m2!3d-6.882563!4d107.596396!16s%2Fg%2F11dfqy4xfv!19sChIJQ-i3aovmaC4RkAWCzCehpZE?authuser=0&hl=en&rclk=1,0,F&B,Indonesia.Batam.Kuliner.202406162232.db,places,out_of_batam_bounds
9997,Shaburi & Kintan Buffet,4.8,2732,0,Buffet restaurant,,"Mall PVJ RL, Jl. Sukajadi No.136, Pasteur, Sukajadi, Bandung City, West Java 40162, Indonesia",[object Object],+62 22 82063458,-6.8902453,107.5963513,"https://www.google.com/maps/place/Shaburi+%26+Kintan+Buffet/@-6.8902453,107.5963513,17z/data=!3m1!4b1!4m6!3m5!1s0x2e68e660f52e6253:0x3e977d2d869c3475!8m2!3d-6.8902453!4d107.5963513!16s%2Fg%2F11g02pt4w3?authuser=0&hl=en&entry=ttu&g_ep=EgoyMDI0MDgyOC4wIKXMDSoASAFQAw%3D%3D",0,F&B,Indonesia.Batam.Kuliner.202406162232.db,places,out_of_batam_bounds
10001,Korean House Bandung,4.7,855,0,Korean restaurant,,"Jl. Sukajadi No.175, Sukabungah, Kec. Sukajadi, Kota Bandung, Jawa Barat 40162, Indonesia",[object Object],+62 22 2031626,-6.8831238,107.5962544,https://www.google.com/maps/place/Korean+House+Bandung/data=!4m7!3m6!1s0x2e68e7cbd35656c1:0xf680d76f5b9a2793!8m2!3d-6.8831238!4d107.5962544!16s%2Fg%2F11r3rzf3sm!19sChIJwVZW08vnaC4RkyeaW2_XgPY?authuser=0&hl=en&rclk=1,0,F&B,Indonesia.Batam.Kuliner.202406162232.db,places,out_of_batam_bounds
10005,Tiga Wonton PVJ Bandung,4.6,737,0,Chinese restaurant,,"Paris Van Java, Cipedes, Kec. Sukajadi, Kota Bandung, Jawa Barat 40162, Indonesia",[object Object],+62 22 82063442,-6.8903684,107.5964341,https://www.google.com/maps/place/Tiga+Wonton+PVJ+Bandung/data=!4m7!3m6!1s0x2e68e6608b465d8b:0x38863907f2dc863e!8m2!3d-6.8903684!4d107.5964341!16s%2Fg%2F11hbbs666m!19sChIJi11Gi2DmaC4RPobc8gc5hjg?authuser=0&hl=en&rclk=1,0,F&B,Indonesia.Batam.Kuliner.202406162232.db,places,out_of_batam_bounds
10006,Mona Kuliner,5.0,1,0,Catering food and drink supplier,,"Jl. Cemara Selatan No.300/181, RT.2/RW.2, Pasteur, Kec. Sukajadi, Kota Bandung, Jawa Barat 40161, Indonesia",[object Object],+62 811-1663-771,-6.8859487,107.5993752,https://www.google.com/maps/place/Mona+Kuliner/data=!4m7!3m6!1s0x2e68e7c227c38e5b:0x48dc0fe9a81b90fe!8m2!3d-6.8859487!4d107.5993752!16s%2Fg%2F11jlpp9__9!19sChIJW47DJ8LnaC4R_pAbqOkP3Eg?authuser=0&hl=en&rclk=1,0,F&B,Indonesia.Batam.Kuliner.202406162232.db,places,out_of_batam_bounds
10007,Special Ayam Goreng Kalasan Yogya,4.5,662,0,Fried chicken takeaway,,"Jl. Boscha No.8, Pasteur, Kec. Sukajadi, Kota Bandung, Jawa Barat 40161, Indonesia",[object Object],+62 813-2130-6686,-6.8893236,107.6013269,https://www.google.com/maps/place/Special+Ayam+Goreng+Kalasan+Yogya/data=!4m7!3m6!1s0x2e68e65f01706743:0x31e385391ae29253!8m2!3d-6.8893236!4d107.6013269!16s%2Fg%2F11g_rs0js!19sChIJQ2dwAV_maC4RU5LiGjmF4zE?authuser=0&hl=en&rclk=1,0,F&B,Indonesia.Batam.Kuliner.202406162232.db,places,out_of_batam_bounds
10008,Sederhana Restaurant Setiabudi Bandung (Restoran Sederhana Setiabudi Bandung),4.5,1308,0,Padang restaurant,,"Jl. Dr. Setiabudi No.55, Pasteur, Kec. Sukajadi, Kota Bandung, Jawa Barat 40152, Indonesia",[object Object],+62 813-1257-7115,-6.8797083,107.5982134,https://www.google.com/maps/place/Sederhana+Restaurant+Setiabudi+Bandung/data=!4m7!3m6!1s0x2e68e6f4627751d5:0x254f481e3b3bee1f!8m2!3d-6.8797083!4d107.5982134!16s%2Fg%2F11ddx50sxs!19sChIJ1VF3YvTmaC4RH-47Ox5ITyU?authuser=0&hl=en&rclk=1,0,F&B,Indonesia.Batam.Kuliner.202406162232.db,places,out_of_batam_bounds
10009,RM Pusako Minang,4.6,27,0,Padang restaurant,,"Jl. Cilandak No.33, Sarijadi, Kec. Sukajadi, Kota Bandung, Jawa Barat 40151, Indonesia",[object Object],+62 852-2270-1620,-6.8770386,107.5806479,"https://www.google.com/maps/place/RM+Pusako+Minang/@-6.8770386,107.5806479,17z/data=!3m1!4b1!4m6!3m5!1s0x2e68e7a2b671e47d:0xc51243ec01412ecf!8m2!3d-6.8770386!4d107.5806479!16s%2Fg%2F11fj0tr1h4?authuser=0&hl=en&entry=ttu&g_ep=EgoyMDI0MDgyOC4wIKXMDSoASAFQAw%3D%3D",0,F&B,Indonesia.Batam.Kuliner.202406162232.db,places,out_of_batam_bounds
10010,Warung TamKiyy,5.0,1,0,Breakfast restaurant,,"Perumahan mekar sari blok c9 banyuasin sukajadi, Sukamoro, Kec. Talang Klp., Kab. Banyuasin, Sumatera Selatan rt95, Indonesia",[object Object],,-2.8954352,104.6577948,https://www.google.com/maps/place/Warung+TamKiyy/data=!4m7!3m6!1s0x2e3b0d20464185d3:0xdd2d92568d4da6fb!8m2!3d-2.8954352!4d104.6577948!16s%2Fg%2F11mp2qyw4g!19sChIJ04VBRiANOy4R-6ZNjVaSLd0?authuser=0&hl=en&rclk=1,0,F&B,Indonesia.Batam.Kuliner.202406162232.db,places,out_of_batam_bounds
10011,Pempek FaSya,5.0,17,0,Deli,,"Perumahan Sukajadi Indah Blok N1 No.2 RT.14, Sukamoro, Kec. Talang Klp., Kab. Banyuasin, Sumatera Selatan 30761, Indonesia",[object Object],+62 821-8281-2219,-2.9012031,104.6704248,"https://www.google.com/maps/place/Pempek+FaSya/@-2.9012031,104.6704248,17z/data=!3m1!4b1!4m6!3m5!1s0x2e3b73b8c1620531:0x82aeec3020f662d9!8m2!3d-2.9012031!4d104.6704248!16s%2Fg%2F11qg0ddq8z?authuser=0&hl=en&entry=ttu&g_ep=EgoyMDI0MDgyOC4wIKXMDSoASAFQAw%3D%3D",0,F&B,Indonesia.Batam.Kuliner.202406162232.db,places,out_of_batam_bounds
10013,Sha-Waregna,4.2,5044,0,Indonesian restaurant,,"Jl. Sindang Sirna No.21, Pamoyanan, Kec. Cicendo, Kota Bandung, Jawa Barat 40443, Indonesia",[object Object],,-6.9006465,107.5968824,https://www.google.com/maps/place/Sha-Waregna/data=!4m7!3m6!1s0x2e68e68de3a6d799:0x4b658920edd5e8f!8m2!3d-6.9006465!4d107.5968824!16s%2Fg%2F11f01vc0jk!19sChIJmdem443maC4Rj17dDpJYtgQ?authuser=0&hl=en&rclk=1,0,F&B,Indonesia.Batam.Kuliner.202406162232.db,places,out_of_batam_bounds
10015,Justus Steak House,4.3,410,0,Steak house,,"131-139, PVJ Sky Level SL-C 21 Jl.Sukajadi no, Cipedes, Kec. Sukajadi, Kota Bandung, Jawa Barat 40162, Indonesia",[object Object],+62 22 82063470,-6.8883403,107.5963759,https://www.google.com/maps/place/Justus+Steak+House/data=!4m7!3m6!1s0x2e68e749b3533931:0x1bd18dfd66da7be6!8m2!3d-6.8883403!4d107.5963759!16s%2Fg%2F11g0w0xrcj!19sChIJMTlTs0nnaC4R5nvaZv2N0Rs?authuser=0&hl=en&rclk=1,0,F&B,Indonesia.Batam.Kuliner.202406162232.db,places,out_of_batam_bounds
10017,Pasadena Steak Bandung (Warung Steak Pasadena),4.6,2262,0,Steak house,,"Jl. Sukamaju No.33, Pasteur, Kec. Sukajadi, Kota Bandung, Jawa Barat 40161, Indonesia",[object Object],+62 22 2035116,-6.8896253,107.599272,https://www.google.com/maps/place/Pasadena+Steak+Bandung/data=!4m7!3m6!1s0x2e68e65fc92dcb4d:0x74f5f65514b14a49!8m2!3d-6.8896253!4d107.599272!16s%2Fg%2F1w02h0_3!19sChIJTcstyV_maC4RSUqxFFX29XQ?authuser=0&hl=en&rclk=1,0,F&B,Indonesia.Batam.Kuliner.202406162232.db,places,out_of_batam_bounds
10021,Gyu-Kaku Japanese BBQ,4.6,637,0,Yakiniku restaurant,,"PVJ. Resort Level, Paris Van Java, Jl. Sukajadi No.131-139 Unit. # B60, Cipedes, Kec. Sukajadi, Kota Bandung, Jawa Barat 40162, Indonesia",[object Object],+62 22 82063512,-6.8892187,107.5959945,"https://www.google.com/maps/place/Gyu-Kaku+Japanese+BBQ/@-6.8892187,107.5959945,17z/data=!3m1!4b1!4m6!3m5!1s0x2e68e6604157bcab:0x187b368a1d42953c!8m2!3d-6.8892187!4d107.5959945!16s%2Fg%2F11f2w6mycw?authuser=0&hl=en&entry=ttu&g_ep=EgoyMDI0MDgyOC4wIKXMDSoASAFQAw%3D%3D",0,F&B,Indonesia.Batam.Kuliner.202406162232.db,places,out_of_batam_bounds
10027,Hakata Ikkousha,4.4,298,0,Ramen restaurant,,"Jl. Karangsari No.1, Pasteur, Kec. Sukajadi, Kota Bandung, Jawa Barat 40162, Indonesia",[object Object],+62 812-2150-2328,-6.8813472,107.5991447,"https://www.google.com/maps/place/Hakata+Ikkousha/@-6.8813472,107.5991447,17z/data=!3m1!4b1!4m6!3m5!1s0x2e68e7befc0fb499:0xb6205fcb8ea7e47d!8m2!3d-6.8813472!4d107.5991447!16s%2Fg%2F11h2cp6hn7?authuser=0&hl=en&entry=ttu&g_ep=EgoyMDI0MDgyOC4wIKXMDSoASAFQAw%3D%3D",0,F&B,Indonesia.Batam.Kuliner.202406162232.db,places,out_of_batam_bounds
10029,Sushi Tei Paris van Java,4.4,890,0,Japanese restaurant,,"Paris Van Java Mall SL-25, Cipedes, Kec. Sukajadi, Kota Bandung, Jawa Barat 40162, Indonesia",[object Object],+62 22 64405939,-6.8899753,107.5965099,https://www.google.com/maps/place/Sushi+Tei+Paris+van+Java/data=!4m7!3m6!1s0x2e68e79b5c79c687:0xcf6659638be6c3bb!8m2!3d-6.8899753!4d107.5965099!16s%2Fg%2F11cfc_3x4!19sChIJh8Z5XJvnaC4Ru8Pmi2NZZs8?authuser=0&hl=en&rclk=1,0,F&B,Indonesia.Batam.Kuliner.202406162232.db,places,out_of_batam_bounds
10031,Store Rama,4.5,37,0,Grocery store,,"Komplek Griya Sejahtera Blok G No.1, Jalan Perumahan Griya Sejahtera, Sukajadi, Talang Kelapa, Sukamoro, Kec. Talang Klp., Kab. Banyuasin, Sumatera Selatan 30961, Indonesia",[object Object],+62 897-3954-259,-2.8981055,104.6594086,https://www.google.com/maps/place/Store+Rama/data=!4m7!3m6!1s0x2e3b73357bf8967b:0xfaffb1f945868387!8m2!3d-2.8981055!4d104.6594086!16s%2Fg%2F11c1wx461v!19sChIJe5b4ezVzOy4Rh4OGRfmx__o?authuser=0&hl=en&rclk=1,0,F&B,Indonesia.Batam.Kuliner.202406162232.db,places,out_of_batam_bounds
10032,Rumah Buah,4.6,1490,0,Fruit and vegetable store,,"Jl. Sukajadi No.228, Pasteur, Kec. Sukajadi, Kota Bandung, Jawa Barat 40153, Indonesia",[object Object],+62 22 2041266,-6.8794676,107.5966299,https://www.google.com/maps/place/Rumah+Buah/data=!4m7!3m6!1s0x2e68e68d21d3bccb:0xdc72ef2effa9b976!8m2!3d-6.8794676!4d107.5966299!16s%2Fg%2F11b6j0mw14!19sChIJy7zTIY3maC4Rdrmp_y7vctw?authuser=0&hl=en&rclk=1,0,F&B,Indonesia.Batam.Kuliner.202406162232.db,places,out_of_batam_bounds
10033,Warung Tekwan 2 Putri Minang,4.0,1,0,Restaurant,,"H6XX+X5R, Jl. Melati II, Sukajadi, Kec. Prabumulih Tim., Kota Prabumulih, Sumatera Selatan 31146, Indonesia",[object Object],,-3.4000081,104.2478758,"https://www.google.com/maps/place/Warung+Tekwan+2+Putri+Minang/@-3.4000081,104.2478758,17z/data=!3m1!4b1!4m6!3m5!1s0x2e3a330cdf7deab1:0x7a6eab2190a38f0f!8m2!3d-3.4000081!4d104.2478758!16s%2Fg%2F11sgw0pq24?authuser=0&hl=en&entry=ttu&g_ep=EgoyMDI0MDgyOC4wIKXMDSoASAFQAw%3D%3D",0,F&B,Indonesia.Batam.Kuliner.202406162232.db,places,out_of_batam_bounds
10034,Dapoer Raos,4.0,1,0,Restaurant,,"Perumahan Villa Kencana Cikarang Blok Cc3/22, RT.002/RW.007, Desa SUKAJADI, kecamatan sukakarya, 17630, Indonesia",[object Object],,-6.2705964,107.0087588,https://www.google.com/maps/place/Dapoer+Raos/data=!4m7!3m6!1s0x2e698fab9af51111:0xc26d4f73583484c7!8m2!3d-6.2705964!4d107.0087588!16s%2Fg%2F11h80c6_7z!19sChIJERH1mquPaS4Rx4Q0WHNPbcI?authuser=0&hl=en&rclk=1,0,F&B,Indonesia.Batam.Kuliner.202406162232.db,places,out_of_batam_bounds
10036,Calma Kitchen & Pool (Calma Pool and Kitchen),4.5,145,0,Restaurant,,"Jl. Cipedes Tengah No.138, Cipedes, Kec. Sukajadi, Kota Bandung, Jawa Barat 40163, Indonesia",[object Object],+62 811-2289-229,-6.8829708,107.5908126,https://www.google.com/maps/place/Calma+Kitchen+%26+Pool/data=!4m7!3m6!1s0x2e68e7b70aab6dcf:0x6160c9f49a042154!8m2!3d-6.8829708!4d107.5908126!16s%2Fg%2F11rjjv9xfz!19sChIJz22rCrfnaC4RVCEEmvTJYGE?authuser=0&hl=en&rclk=1,0,F&B,Indonesia.Batam.Kuliner.202406162232.db,places,out_of_batam_bounds
10037,CIPADAS COFFEE & CHILL,4.7,64,0,Coffee shop,,"Jl. Kakaktua, Kp. Melayu, Kec. Sukajadi, Kota Pekanbaru, Riau 28122, Indonesia",[object Object],+62 812-9038-6309,0.5112724,101.4346446,"https://www.google.com/maps/place/CIPADAS+COFFEE+%26+CHILL/@0.5112724,101.4346446,17z/data=!3m1!4b1!4m6!3m5!1s0x31d5afcac4b90f59:0x87a73794c367b3a!8m2!3d0.5112724!4d101.4346446!16s%2Fg%2F11mn12_mxf?authuser=0&hl=en&entry=ttu&g_ep=EgoyMDI0MDgyOC4wIKXMDSoASAFQAw%3D%3D",5.0,F&B,Indonesia.Batam.Kuliner.202406162232.db,places,out_of_batam_bounds
10040,MAS House Restaurant (Restoran RUMAH MAS),4.4,580,0,Restaurant,,"96, Jln Beringin, Taman Melodies, 80250 Johor Bahru, Johor, Malaysia",[object Object],+60 7-336 4806,1.4900957,103.7662902,https://www.google.com/maps/place/MAS+House+Restaurant/data=!4m7!3m6!1s0x31da6de0293fee51:0x13f188951bb24fb3!8m2!3d1.4900957!4d103.7662902!16s%2Fg%2F11qpcx4bfl!19sChIJUe4_KeBt2jERs0-yG5WI8RM?authuser=0&hl=en&rclk=1,-1.0,F&B,Indonesia.Batam.Kuliner.202406162232.db,places,out_of_batam_bounds
10042,Taman Duta Mas,4.5,72,0,Housing society,,"VQ2H+FVR, Jl. Kusuma Raya, RT.5/RW.12, Wijaya Kusuma, Kec. Grogol petamburan, Kota Jakarta Barat, Daerah Khusus Ibukota Jakarta 11460, Indonesia",[object Object],,-6.1487639,106.7796455,https://www.google.com/maps/place/Taman+Duta+Mas/data=!4m7!3m6!1s0x2e69f630417667b3:0x40ac814ecc38a22c!8m2!3d-6.1487639!4d106.7796455!16s%2Fg%2F11gcgsnp0j!19sChIJs2d2QTD2aS4RLKI4zE6BrEA?authuser=0&hl=en&rclk=1,0,F&B,Indonesia.Batam.Kuliner.202406162232.db,places,out_of_batam_bounds
10043,Nasi Campur Atek,4.4,2035,0,Chinese restaurant,,"Blok C1B No.6, Kompleks Taman Duta Mas, Jl. Kusuma Raya No.10, RT.9/RW.9, Wijaya Kusuma, Kec. Grogol petamburan, Daerah Khusus Ibukota Jakarta 11460, Indonesia",[object Object],+62 21 5649115,-6.1481397,106.7805972,https://www.google.com/maps/place/Nasi+Campur+Atek/data=!4m7!3m6!1s0x2e69f6303ebcdf83:0x1e037ebae7bbb387!8m2!3d-6.1481397!4d106.7805972!16s%2Fg%2F1v9d4wh5!19sChIJg9-8PjD2aS4Rh7O757p-Ax4?authuser=0&hl=en&rclk=1,0,F&B,Indonesia.Batam.Kuliner.202406162232.db,places,out_of_batam_bounds
10102,LKKR (Lekker Urban Food House Putri Hijau),4.5,2047,0,Restaurant,,"Putri Hijau Driving Range, West Medan City, Jl. Putri Hijau No.1, Silalas, Medan Barat, Medan City, North Sumatra 20111, Indonesia",[object Object],+62 811-6597-799,3.6017619,98.6748806,https://www.google.com/maps/place/LKKR+%28Lekker+Urban+Food+House+Putri+Hijau%29/data=!4m7!3m6!1s0x303131e9c1f70f1f:0xd15576de8b8a1245!8m2!3d3.6017619!4d98.6748806!16s%2Fg%2F11bxb036hb!19sChIJHw_3wekxMTARRRKKi952VdE?authuser=0&hl=en&rclk=1,0,F&B,Indonesia.Batam.Kuliner.202406162232.db,places,out_of_batam_bounds
10104,De Kapal Cafe And Resto,4.3,385,0,Restaurant,,"Jl. Putri Hijau Dalam No.15, Kesawan, Kec. Medan Bar., Kota Medan, Sumatera Utara 20111, Indonesia",[object Object],+62 811-6350-812,3.5974492,98.6743512,https://www.google.com/maps/place/De+Kapal+Cafe+And+Resto/data=!4m7!3m6!1s0x303131001ea0ed83:0xc50f135648153a34!8m2!3d3.5974492!4d98.6743512!16s%2Fg%2F11y4d222c_!19sChIJg-2gHgAxMTARNDoVSFYTD8U?authuser=0&hl=en&rclk=1,0,F&B,Indonesia.Batam.Kuliner.202406162232.db,places,out_of_batam_bounds
10110,Restoran Sederhana,4.5,677,0,Padang restaurant,,"Jl. Putri Hijau No.8m, Kesawan, Kec. Medan Bar., Kota Medan, Sumatera Utara 20236, Indonesia",[object Object],+62 61 4551175,3.5956135,98.675999,https://www.google.com/maps/place/Restoran+Sederhana/data=!4m7!3m6!1s0x303131d808f1db0d:0xc5093af45083ca4b!8m2!3d3.5956135!4d98.675999!16s%2Fg%2F11gvzkjbtv!19sChIJDdvxCNgxMTARS8qDUPQ6CcU?authuser=0&hl=en&rclk=1,0,F&B,Indonesia.Batam.Kuliner.202406162232.db,places,out_of_batam_bounds
10114,Nusa Dua Coffee & Resto,3.3,67,0,Restaurant,,"Perum. Blok F no 4, Jl. Putri Hijau, Sungai Langkai, Kec. Sagulung, Kota Batam, Kepulauan Riau 29472, Indonesia",[object Object],+62 812-6108-546,3.5976611,98.6745626,https://www.google.com/maps/place/Nusa+Dua+Coffee+%26+Resto/data=!4m7!3m6!1s0x303131422828aca7:0xde4105e9c04b645a!8m2!3d3.5976611!4d98.6745626!16s%2Fg%2F11l75csnnd!19sChIJp6woKEIxMTARWmRLwOkFQd4?authuser=0&hl=en&rclk=1,0,F&B,Indonesia.Batam.Kuliner.202406162232.db,places,out_of_batam_bounds
10120,La Tansa Putri Hijau,4.8,6,0,Restaurant,,"Karang pulau, Putri Hijau, North Bengkulu Regency, Bengkulu 38326, Indonesia",[object Object],+62 857-5857-7003,-3.2946989,101.7508461,https://www.google.com/maps/place/La+Tansa+Putri+Hijau/data=!4m7!3m6!1s0x2e33c1357f949a35:0x84dfc3368bf5f554!8m2!3d-3.2946989!4d101.7508461!16s%2Fg%2F11sr9f5fmx!19sChIJNZqUfzXBMy4RVPX1izbD34Q?authuser=0&hl=en&rclk=1,0,F&B,Indonesia.Batam.Kuliner.202406162232.db,places,out_of_batam_bounds
10122,Jual_putri,5.0,3,0,Restaurant,,"JPCQ+CGX, Tembung, Percut Sei Tuan, Deli Serdang Regency, North Sumatra 20371, Indonesia",[object Object],+62 857-6087-5878,3.6211038,98.7388475,https://www.google.com/maps/place/Jual_putri/data=!4m7!3m6!1s0x3031332f1f8254a3:0x50375b93b859d3dc!8m2!3d3.6211038!4d98.7388475!16s%2Fg%2F11h8gpp2ld!19sChIJo1SCHy8zMTAR3NNZuJNbN1A?authuser=0&hl=en&rclk=1,0,F&B,Indonesia.Batam.Kuliner.202406162232.db,places,out_of_batam_bounds
10123,Bakso dan Mie Ayam ANFA,4.0,1,0,Restaurant,,"RMHX+WQ8, Suka Merindu, Putri Hijau, North Bengkulu Regency, Bengkulu 38326, Indonesia",[object Object],,-3.1702141,101.6994528,https://www.google.com/maps/place/Bakso+dan+Mie+Ayam+ANFA/data=!4m7!3m6!1s0x2e33b708b5f7754f:0xe66ffb28781e9873!8m2!3d-3.1702141!4d101.6994528!16s%2Fg%2F11j6p_l9br!19sChIJT3X3tQi3My4Rc5geeCj7b-Y?authuser=0&hl=en&rclk=1,0,F&B,Indonesia.Batam.Kuliner.202406162232.db,places,out_of_batam_bounds
10124,TEPOK PELANGI,4.0,24,0,Restaurant,,"QJ5C+F45, Pasar Sebelat, Putri Hijau, North Bengkulu Regency, Bengkulu 38326, Indonesia",[object Object],,-3.2413705,101.6203449,"https://www.google.com/maps/place/TEPOK+PELANGI/@-3.2413705,101.6203449,17z/data=!3m1!4b1!4m6!3m5!1s0x2e33b9f7bc848107:0x845591930f5f628c!8m2!3d-3.2413705!4d101.6203449!16s%2Fg%2F11h899dg3k?authuser=0&hl=en&entry=ttu&g_ep=EgoyMDI0MDgyOC4wIKXMDSoASAFQAw%3D%3D",0,F&B,Indonesia.Batam.Kuliner.202406162232.db,places,out_of_batam_bounds
10125,RM Cahaya Putri (Rumah Makan Cahaya Putri),4.2,668,0,Seafood restaurant,,"Saentis, Jalan Percut, Pematang Lalang, Kec. Percut Sei Tuan, Kabupaten Deli Serdang, Sumatera Utara 20371, Indonesia",[object Object],+62 813-9724-1255,3.715471,98.7832823,https://www.google.com/maps/place/RM+Cahaya+Putri/data=!4m7!3m6!1s0x3036cb2377aa22c7:0xe6ca0c249d4bb9f7!8m2!3d3.715471!4d98.7832823!16s%2Fg%2F11bxd_mmvl!19sChIJxyKqdyPLNjAR97lLnSQMyuY?authuser=0&hl=en&rclk=1,0,F&B,Indonesia.Batam.Kuliner.202406162232.db,places,out_of_batam_bounds
10126,Lesehan Teteh (bakso tumpeng ),5.0,1,0,Restaurant,,"RPJR+P4V, Unnamed Road, Karya Pelita, Kec. Putri Hijau, Kabupaten Bengkulu Utara, Bengkulu 38326, Indonesia",[object Object],+62 822-7791-7604,-3.1681251,101.7402892,"https://www.google.com/maps/place/Lesehan+Teteh+(bakso+tumpeng+)/@-3.1681251,101.7402892,17z/data=!3m1!4b1!4m6!3m5!1s0x2e33c9569889055f:0xf9e9e2128cda594a!8m2!3d-3.1681251!4d101.7402892!16s%2Fg%2F11fskc77s5?authuser=0&hl=en&entry=ttu&g_ep=EgoyMDI0MDgyOC4wIKXMDSoASAFQAw%3D%3D",0,F&B,Indonesia.Batam.Kuliner.202406162232.db,places,out_of_batam_bounds
10128,CAFE HALAMAN & ROTIRIA,4.9,15,0,Indonesian restaurant,,"QJ4P+GJ7, Pasar Sebelat, Putri Hijau, North Bengkulu Regency, Bengkulu 38326, Indonesia",[object Object],+62 831-2352-5999,-3.2444109,101.6360815,https://www.google.com/maps/place/CAFE+HALAMAN+%26+ROTIRIA/data=!4m7!3m6!1s0x2e33b9e33c3e690d:0xf7d5a59ea17413ae!8m2!3d-3.2444109!4d101.6360815!16s%2Fg%2F11rpg07m2m!19sChIJDWk-POO5My4RrhN0oZ6l1fc?authuser=0&hl=en&rclk=1,0,F&B,Indonesia.Batam.Kuliner.202406162232.db,places,out_of_batam_bounds
10129,MI AYAM BUDE JAMU,5.0,3,0,Indonesian restaurant,,"PMW9+2JM, Air Petai, Putri Hijau, North Bengkulu Regency, Bengkulu, Indonesia",[object Object],,-3.2549196,101.6690459,https://www.google.com/maps/place/MI+AYAM+BUDE+JAMU/data=!4m7!3m6!1s0x2e33b9b0ada34793:0x6b18113ce6b54b9d!8m2!3d-3.2549196!4d101.6690459!16s%2Fg%2F11tdp9tzcq!19sChIJk0ejrbC5My4RnUu15jwRGGs?authuser=0&hl=en&rclk=1,0,F&B,Indonesia.Batam.Kuliner.202406162232.db,places,out_of_batam_bounds
10130,Jade Restaurant (Jade Chinese Restaurant),4.5,153,0,Chinese restaurant,,"JW Marriott Medan, Jl. Putri Hijau No.10, Kota Medan, Sumatera Utara 20111, Indonesia",[object Object],+62 61 4553333,3.5965812,98.6757211,"https://www.google.com/maps/place/Jade+Restaurant/@3.5965812,98.6757211,17z/data=!3m1!4b1!4m6!3m5!1s0x303131c60d470801:0xa049a4de2192bee!8m2!3d3.5965812!4d98.6757211!16s%2Fg%2F1jky2k358?authuser=0&hl=en&entry=ttu&g_ep=EgoyMDI0MDgyOC4wIKXMDSoASAFQAw%3D%3D",0,F&B,Indonesia.Batam.Kuliner.202406162232.db,places,out_of_batam_bounds
10132,Warung Makan SUGIH ASIH  (mas alex),4.3,27,0,Restaurant,,"Jl. Setia Budi No.463, Tj. Rejo, Kec. Medan Sunggal, Kota Medan, Sumatera Utara 20154, Indonesia",[object Object],+62 61 8210852,-3.1669862,101.7423379,https://www.google.com/maps/place/Warung+Makan+SUGIH+ASIH.+%28mas+alex%29/data=!4m7!3m6!1s0x2e33c90819ff17f1:0xcba77b19c4ff4282!8m2!3d-3.1669862!4d101.7423379!16s%2Fg%2F11gmw9501f!19sChIJ8Rf_GQjJMy4RgkL_xBl7p8s?authuser=0&hl=en&rclk=1,0,F&B,Indonesia.Batam.Kuliner.202406162232.db,places,out_of_batam_bounds
10134,Warung mie ayam dapa,5.0,3,0,Noodle shop,,"PMXC+V5C, Unnamed Road, Air Petai, Kec. Putri Hijau, Kabupaten Bengkulu Utara, Bengkulu 38326, Indonesia",[object Object],,-3.2503101,101.6704001,https://www.google.com/maps/place/Warung+mie+ayam+dapa/data=!4m7!3m6!1s0x2e33b97c2522e777:0xcc9f7c745ed85f52!8m2!3d-3.2503101!4d101.6704001!16s%2Fg%2F11nn44v8p3!19sChIJd-ciJXy5My4RUl_YXnR8n8w?authuser=0&hl=en&rclk=1,0,F&B,Indonesia.Batam.Kuliner.202406162232.db,places,out_of_batam_bounds
10135,Karomah Chicken,4.0,1,0,Chicken restaurant,,"QJ2X+X2V, Pasar Baru Kota Bani, Putri Hijau, North Bengkulu Regency, Bengkulu 38326, Indonesia",[object Object],,-3.2475162,101.6475559,https://www.google.com/maps/place/Karomah+Chicken/data=!4m7!3m6!1s0x2e33b9001101f79d:0x68eebbbc15dbfb1a!8m2!3d-3.2475162!4d101.6475559!16s%2Fg%2F11w4lq5xbr!19sChIJnfcBEQC5My4RGvvbFby77mg?authuser=0&hl=en&rclk=1,0,F&B,Indonesia.Batam.Kuliner.202406162232.db,places,out_of_batam_bounds
10136,Warung Sate PODO MORO,4.0,60,0,Satay restaurant,,"QJ2W+XWF, Pasar Baru Kota Bani, Putri Hijau, North Bengkulu Regency, Bengkulu 38326, Indonesia",[object Object],,-3.2475537,101.6472893,https://www.google.com/maps/place/Warung+Sate+PODO+MORO/data=!4m7!3m6!1s0x2e33b91703a9746d:0x37629b79153ff84e!8m2!3d-3.2475537!4d101.6472893!16s%2Fg%2F11f5dhqzqx!19sChIJbXSpAxe5My4RTvg_FXmbYjc?authuser=0&hl=en&rclk=1,0,F&B,Indonesia.Batam.Kuliner.202406162232.db,places,out_of_batam_bounds
10138,Angsa Neduh Angkringan Nusa Dua Heritage,4.5,15,0,Fast food restaurant,,"HMXF+F94, Jl. Putri Hijau, Kesawan, Kec. Medan Bar., Kota Medan, Sumatera Utara, Indonesia",[object Object],+62 823-3909-0592,3.5986309,98.6734592,https://www.google.com/maps/place/Angsa+Neduh+Angkringan+Nusa+Dua+Heritage/data=!4m7!3m6!1s0x303131004d4506bf:0x79ab49ba2f5d3565!8m2!3d3.5986309!4d98.6734592!16s%2Fg%2F11y3ng5w62!19sChIJvwZFTQAxMTARZTVdL7pJq3k?authuser=0&hl=en&rclk=1,0,F&B,Indonesia.Batam.Kuliner.202406162232.db,places,out_of_batam_bounds
10139,RM SALERO DENAI,5.0,1,0,Restaurant,,"QJ2W+VCP, Jl. Padang - Bengkulu, Ps. Baru Kota Bani, Kec. Putri Hijau, Kabupaten Bengkulu Utara, Bengkulu 38326, Indonesia",[object Object],,-3.2477779,101.6460504,https://www.google.com/maps/place/RM.SALERO+DENAI/data=!4m7!3m6!1s0x2e33b90062367ad1:0x3608fb1b321d9fb6!8m2!3d-3.2477779!4d101.6460504!16s%2Fg%2F11y3_6350t!19sChIJ0Xo2YgC5My4Rtp8dMhv7CDY?authuser=0&hl=en&rclk=1,0,F&B,Indonesia.Batam.Kuliner.202406162232.db,places,out_of_batam_bounds
10142,Kuliner medan dan aceh  Primrose kitchen,4.9,10,0,Diner,,"Jl. Krisan No.c53, Helvetia Tim., Kec. Medan Helvetia, Kota Medan, Sumatera Utara 20117, Indonesia",[object Object],+62 811-6561-086,3.6073511,98.6500111,https://www.google.com/maps/place/Kuliner+medan+dan+aceh+@Primrose+kitchen/data=!4m7!3m6!1s0x30312f7655b92e41:0xfaacd8cd3e06c8f0!8m2!3d3.6073511!4d98.6500111!16s%2Fg%2F11h27n31z3!19sChIJQS65VXYvMTAR8MgGPs3YrPo?authuser=0&hl=en&rclk=1,0,F&B,Indonesia.Batam.Kuliner.202406162232.db,places,out_of_batam_bounds
10144,WARUNG BAKSO PU_SHAKA,5.0,2,0,Brunch restaurant,,"QJ87+XF9, Pasar Sebelat, Putri Hijau, North Bengkulu Regency, Bengkulu, Indonesia",[object Object],,-3.2325929,101.6137234,https://www.google.com/maps/place/WARUNG+BAKSO+PU_SHAKA/data=!4m7!3m6!1s0x2e33bb0078e43a27:0xdf4f77eba7b538c1!8m2!3d-3.2325929!4d101.6137234!16s%2Fg%2F11vyj7rdhm!19sChIJJzrkeAC7My4RwTi1p-t3T98?authuser=0&hl=en&rclk=1,0,F&B,Indonesia.Batam.Kuliner.202406162232.db,places,out_of_batam_bounds
10146,Bakso KLENGER,4.2,5,0,Bakso restaurant,,"RPJR+XHG, Unnamed Road, Karya Pelita, Kec. Putri Hijau, Kabupaten Bengkulu Utara, Bengkulu 38326, Indonesia",[object Object],,-3.1675711,101.741458,https://www.google.com/maps/place/Bakso+KLENGER/data=!4m7!3m6!1s0x2e33c9623ff483ef:0x42b3e55cb050965b!8m2!3d-3.1675711!4d101.741458!16s%2Fg%2F11rc29lrwf!19sChIJ74P0P2LJMy4RW5ZQsFzls0I?authuser=0&hl=en&rclk=1,0,F&B,Indonesia.Batam.Kuliner.202406162232.db,places,out_of_batam_bounds
10147,Lesehan & BRILink Kanjeng Mami,5.0,1,0,Restaurant,,"PMW5+4M8, Pasar Baru Kota Bani, Putri Hijau, North Bengkulu Regency, Bengkulu 38326, Indonesia",[object Object],+62 823-7397-9985,-3.2546338,101.6590741,https://www.google.com/maps/place/Lesehan+%26+BRILink+Kanjeng+Mami/data=!4m7!3m6!1s0x2e33b94beb87b8c5:0x8c50c59b156c4452!8m2!3d-3.2546338!4d101.6590741!16s%2Fg%2F11pzbr83mm!19sChIJxbiH60u5My4RUkRsFZvFUIw?authuser=0&hl=en&rclk=1,0,F&B,Indonesia.Batam.Kuliner.202406162232.db,places,out_of_batam_bounds
10148,RM Siang Malam,3.0,2,0,Padang restaurant,,"QPV7+R2C, Air Muring, Putri Hijau, North Bengkulu Regency, Bengkulu 38326, Indonesia",[object Object],+62 852-6666-2753,-3.205437,101.7125228,"https://www.google.com/maps/place/RM+Siang+Malam/@-3.205437,101.7125228,17z/data=!3m1!4b1!4m6!3m5!1s0x2e33c7f6aaaaaaad:0x1b9772f59942a093!8m2!3d-3.205437!4d101.7125228!16s%2Fg%2F11hbbrhqnz?authuser=0&hl=en&entry=ttu&g_ep=EgoyMDI0MDgyOC4wIKXMDSoASAFQAw%3D%3D",0,F&B,Indonesia.Batam.Kuliner.202406162232.db,places,out_of_batam_bounds
10150,Sari Laut Nelayan,4.6,3419,0,Seafood restaurant,,"Jl. Putri Merak Jingga C-D No.8, Kesawan, Kec. Medan Bar., Kota Medan, Sumatera Utara 20111, Indonesia",[object Object],+62 61 4525537,3.5979166,98.6766565,https://www.google.com/maps/place/Sari+Laut+Nelayan/data=!4m7!3m6!1s0x303131c180488f01:0x2edf9c47de75ef5e!8m2!3d3.5979166!4d98.6766565!16s%2Fg%2F1hm6fq180!19sChIJAY9IgMExMTARXu913kec3y4?authuser=0&hl=en&rclk=1,0,F&B,Indonesia.Batam.Kuliner.202406162232.db,places,out_of_batam_bounds
10151,RAKIT FERRY,5.0,2,0,Restaurant,,"VPJR+XVM, Air Putih, Putri Hijau, North Bengkulu Regency, Bengkulu 38326, Indonesia",[object Object],,-3.1175416,101.7421741,https://www.google.com/maps/place/RAKIT+FERRY/data=!4m7!3m6!1s0x2e33c970f2133fed:0xbe58ced0d1df7f7b!8m2!3d-3.1175416!4d101.7421741!16s%2Fg%2F11mtjwl5k1!19sChIJ7T8T8nDJMy4Re3_f0dDOWL4?authuser=0&hl=en&rclk=1,0,F&B,Indonesia.Batam.Kuliner.202406162232.db,places,out_of_batam_bounds
10152,Warung 3 Dara,4.5,17,0,Bakso restaurant,,"Jl. Rawe, Tangkahan, Kec. Medan Labuhan, Kota Medan, Sumatera Utara, Indonesia",[object Object],+62 821-6268-0112,3.6789884,98.6867534,https://www.google.com/maps/place/Warung+3+Dara/data=!4m7!3m6!1s0x3036cde49b0423d3:0x4f94569184989a69!8m2!3d3.6789884!4d98.6867534!16s%2Fg%2F11h4nhlttm!19sChIJ0yMEm-TNNjARaZqYhJFWlE8?authuser=0&hl=en&rclk=1,0,F&B,Indonesia.Batam.Kuliner.202406162232.db,places,out_of_batam_bounds
10158,Ayam Geprek,3.3,4,0,Restaurant,,"Pasar Baru Kota Bani, Putri Hijau, North Bengkulu Regency, Bengkulu 38326, Indonesia",[object Object],,-3.2479205,101.6470934,"https://www.google.com/maps/place/Ayam+Geprek/@-3.2479205,101.6470934,17z/data=!3m1!4b1!4m6!3m5!1s0x2e33b91701db0a8f:0xd6446fd975c79860!8m2!3d-3.2479205!4d101.6470934!16s%2Fg%2F11fx7md2_6?authuser=0&hl=en&entry=ttu&g_ep=EgoyMDI0MDgyOC4wIKXMDSoASAFQAw%3D%3D",0,F&B,Indonesia.Batam.Kuliner.202406162232.db,places,out_of_batam_bounds
10160,AMMAR PENTHOL,5.0,2,0,Restaurant,,"PMV8+4G5, Air Petai, Putri Hijau, North Bengkulu Regency, Bengkulu, Indonesia",[object Object],+62 812-7168-5153,-3.2572434,101.6663506,https://www.google.com/maps/place/AMMAR+PENTHOL/data=!4m7!3m6!1s0x2e33b9bde888ee6d:0x9863f8d768a511de!8m2!3d-3.2572434!4d101.6663506!16s%2Fg%2F11s_vb71bk!19sChIJbe6I6L25My4R3hGlaNf4Y5g?authuser=0&hl=en&rclk=1,0,F&B,Indonesia.Batam.Kuliner.202406162232.db,places,out_of_batam_bounds
10164,Lesehan Berkah merah putih,4.7,6,0,Restaurant,,"Jl. Poros A. Yani No.17, Ps. Baru Kota Bani, Kec. Putri Hijau, Kabupaten Bengkulu Utara, Bengkulu 38326, Indonesia",[object Object],+62 822-8081-5306,-3.2303528,101.6707497,https://www.google.com/maps/place/Lesehan+Berkah+merah+putih/data=!4m7!3m6!1s0x2e33b9f04399498d:0x4337a19c7283f7be!8m2!3d-3.2303528!4d101.6707497!16s%2Fg%2F11j1136098!19sChIJjUmZQ_C5My4RvveDcpyhN0M?authuser=0&hl=en&rclk=1,0,F&B,Indonesia.Batam.Kuliner.202406162232.db,places,out_of_batam_bounds
10169,Gorengan Jombang,5.0,2,0,Cafe,,"QJ3J+QP5, Pasar Sebelat, Putri Hijau, North Bengkulu Regency, Bengkulu 38326, Indonesia",[object Object],,-3.2456099,101.6318687,https://www.google.com/maps/place/Gorengan+Jombang/data=!4m7!3m6!1s0x2e33b977a5303069:0x9885f8ac5d21c9a8!8m2!3d-3.2456099!4d101.6318687!16s%2Fg%2F11gjqdlf8f!19sChIJaTAwpXe5My4RqMkhXaz4hZg?authuser=0&hl=en&rclk=1,0,F&B,Indonesia.Batam.Kuliner.202406162232.db,places,out_of_batam_bounds
10170,Prime Steakhouse,4.6,198,0,Steak house,,"JW Marriott Hotel, Jl. Putri Hijau No.10 Lantai LG, Kesawan, Kec. Medan Bar., Kota Medan, Sumatera Utara 20111, Indonesia",[object Object],+62 61 41006600,3.596424,98.675623,"https://www.google.com/maps/place/Prime+Steakhouse/@3.596424,98.675623,17z/data=!3m1!4b1!4m6!3m5!1s0x303131c3e9350ea3:0x41fbba53c016efb0!8m2!3d3.596424!4d98.675623!16s%2Fg%2F1pzxpng57?authuser=0&hl=en&entry=ttu&g_ep=EgoyMDI0MDgyOC4wIKXMDSoASAFQAw%3D%3D",0,F&B,Indonesia.Batam.Kuliner.202406162232.db,places,out_of_batam_bounds
10171,Kantin Baabul Jannah,4.5,2,0,Coffee shop,,"QJ4Q+Q24, Pasar Sebelat, Putri Hijau, North Bengkulu Regency, Bengkulu 38326, Indonesia",[object Object],,-3.2428145,101.6378746,https://www.google.com/maps/place/Kantin+Baabul+Jannah/data=!4m7!3m6!1s0x2e33b9c7076087cd:0x2b4f0e07956c7c41!8m2!3d-3.2428145!4d101.6378746!16s%2Fg%2F11vbf09m0s!19sChIJzYdgB8e5My4RQXxslQcOTys?authuser=0&hl=en&rclk=1,0,F&B,Indonesia.Batam.Kuliner.202406162232.db,places,out_of_batam_bounds
10172,AMPERA DUO TALAGO,5.0,1,0,Brunch restaurant,,"QJ4Q+G8G, Pasar Baru Kota Bani, Putri Hijau, North Bengkulu Regency, Bengkulu, Indonesia",[object Object],+62 821-7165-6472,-3.2436798,101.6383239,https://www.google.com/maps/place/AMPERA+DUO+TALAGO/data=!4m7!3m6!1s0x2e33b90066310ba9:0x92e703a01899aef7!8m2!3d-3.2436798!4d101.6383239!16s%2Fg%2F11y5dzxgny!19sChIJqQsxZgC5My4R966ZGKAD55I?authuser=0&hl=en&rclk=1,0,F&B,Indonesia.Batam.Kuliner.202406162232.db,places,out_of_batam_bounds
10173,Batagor Siomay Hokkie Bandung,5.0,1,0,Indonesian restaurant,,"Jln. Kota Bani 06/02, Desa, Air Muring, Kec. Putri Hijau, Kabupaten Bengkulu Utara, Bengkulu 38326, Indonesia",[object Object],+62 877-2929-0992,-3.2464156,101.6437623,https://www.google.com/maps/place/Batagor+Siomay+Hokkie+Bandung/data=!4m7!3m6!1s0x2e33b9f547dd245f:0xd5ec6cedd6d6eeff!8m2!3d-3.2464156!4d101.6437623!16s%2Fg%2F11n5mq5kg_!19sChIJXyTdR_W5My4R_-7W1u1s7NU?authuser=0&hl=en&rclk=1,0,F&B,Indonesia.Batam.Kuliner.202406162232.db,places,out_of_batam_bounds
10174,Warung Makan Adem Ayem,5.0,2,0,Restaurant,,"QJ3W+365, Pasar Baru Kota Bani, Putri Hijau, North Bengkulu Regency, Bengkulu, Indonesia",[object Object],,-3.2473506,101.6456184,https://www.google.com/maps/place/Warung+Makan+Adem+Ayem/data=!4m7!3m6!1s0x2e33b9006be478b1:0x7142b4a2fcc463da!8m2!3d-3.2473506!4d101.6456184!16s%2Fg%2F11y5832cw9!19sChIJsXjkawC5My4R2mPE_KK0QnE?authuser=0&hl=en&rclk=1,0,F&B,Indonesia.Batam.Kuliner.202406162232.db,places,out_of_batam_bounds
10175,Sate Padang Bujang Saiyo,5.0,1,0,Restaurant,,"PMV6+MW2, Jl. Padang - Bengkulu, Air Petai, Kec. Putri Hijau, Kabupaten Bengkulu Utara, Bengkulu 38326, Indonesia",[object Object],,-3.2559416,101.6624949,https://www.google.com/maps/place/Sate+Padang+Bujang+Saiyo/data=!4m7!3m6!1s0x2e33b90022f49d6b:0xca91ba6ed8a327bd!8m2!3d-3.2559416!4d101.6624949!16s%2Fg%2F11y5dy8p6m!19sChIJa530IgC5My4RvSej2G66kco?authuser=0&hl=en&rclk=1,0,F&B,Indonesia.Batam.Kuliner.202406162232.db,places,out_of_batam_bounds
10176,Pondok Bakso SM,4.2,6,0,Bakso restaurant,,"Jalan Raya Jl. Lintas Sumatera, Ps. Baru Kota Bani, Kec. Putri Hijau, Kabupaten Bengkulu Utara, Bengkulu 38326, Indonesia",[object Object],+62 878-9423-3584,-3.2459705,101.6390013,https://www.google.com/maps/place/Pondok+Bakso+SM/data=!4m7!3m6!1s0x2e33b9bd3883a195:0xa62856c809ec126!8m2!3d-3.2459705!4d101.6390013!16s%2Fg%2F11lh5llq13!19sChIJlaGDOL25My4RJsGegGyFYgo?authuser=0&hl=en&rclk=1,0,F&B,Indonesia.Batam.Kuliner.202406162232.db,places,out_of_batam_bounds
10285,Ayani Megamal Food Court,4.2,887,0,Restaurant,,"W8XW+G7C, Jl. Jenderal Ahmad Yani, Bansir Laut, Kec. Pontianak Tenggara, Kota Pontianak, Kalimantan Barat 78113","[{""day"": ""Sunday"", ""hours"": ""10:00 - 22:00""}, {""day"": ""Monday"", ""hours"": ""10:00 - 22:00""}, {""day"": ""Tuesday"", ""hours"": ""10:00 - 22:00""}, {""day"": ""Wednesday"", ""hours"": ""10:00 - 22:00""}, {""day"": ""Thursday"", ""hours"": ""10:00 - 22:00""}, {""day"": ""Friday"", ""hours"": ""10:00 - 22:00""}, {""day"": ""Saturday"", ""hours"": ""10:00 - 22:00""}]",,-0.0511872,109.345656,"https://www.google.com/maps/place/Ayani+Megamal+Food+Court/@-0.0511872,109.345656,17z/data=!3m1!4b1!4m6!3m5!1s0x2e1d59bd089e596f:0xb0c652be03c81c4!8m2!3d-0.0511872!4d109.345656!16s%2Fg%2F11g69_jp5_?authuser=0&hl=en&entry=ttu&g_ep=EgoyMDI0MDgyOC4wIKXMDSoASAFQAw%3D%3D",0,F&B,Indonesia.Batam.Kuliner.202406162232.db,places,out_of_batam_bounds
10287,Restoran K-BAB,4.4,609,0,Korean restaurant,,"Ruko Mega Mall Ayani, Jl. Jenderal Ahmad Yani No.33, Parit Tokaya, South Pontianak, Pontianak, West Kalimantan 78115","[{""day"": ""Sunday"", ""hours"": ""10:00 - 22:00""}, {""day"": ""Monday"", ""hours"": ""10:00 - 22:00""}, {""day"": ""Tuesday"", ""hours"": ""10:00 - 22:00""}, {""day"": ""Wednesday"", ""hours"": ""10:00 - 22:00""}, {""day"": ""Thursday"", ""hours"": ""10:00 - 22:00""}, {""day"": ""Friday"", ""hours"": ""10:00 - 22:00""}, {""day"": ""Saturday"", ""hours"": ""10:00 - 22:00""}]",(0561) 6655251,-0.0506046,109.3447174,"https://www.google.com/maps/place/Restoran+K-BAB/@-0.0506046,109.3447174,17z/data=!3m1!4b1!4m6!3m5!1s0x2e1d59b358df60fd:0x25d04a930f0eea35!8m2!3d-0.0506046!4d109.3447174!16s%2Fg%2F11fb11xkb5?authuser=0&hl=en&entry=ttu&g_ep=EgoyMDI0MDgyOC4wIKXMDSoASAFQAw%3D%3D",0,F&B,Indonesia.Batam.Kuliner.202406162232.db,places,out_of_batam_bounds
10295,Food Fiesta Ayani | Mega Mall Lt 2,4.4,42,0,Food court,,"Mega Mall Lantai 2, JL Jend. A. Yani, Parit Tokaya, Kec. Pontianak Sel., Kota Pontianak, Kalimantan Barat 78113","[{""day"": ""Sunday"", ""hours"": ""10:00 - 22:00""}, {""day"": ""Monday"", ""hours"": ""10:00 - 22:00""}, {""day"": ""Tuesday"", ""hours"": ""10:00 - 22:00""}, {""day"": ""Wednesday"", ""hours"": ""10:00 - 22:00""}, {""day"": ""Thursday"", ""hours"": ""10:00 - 22:00""}, {""day"": ""Friday"", ""hours"": ""10:00 - 22:00""}, {""day"": ""Saturday"", ""hours"": ""10:00 - 22:00""}]",(0561) 763888,-0.0518173,109.3453353,"https://www.google.com/maps/place/Food+Fiesta+Ayani+%7C+Mega+Mall+Lt+2/@-0.0518173,109.3453353,17z/data=!3m1!4b1!4m6!3m5!1s0x2e1d59bdb00f7eb1:0xe0feb86b2bf857b6!8m2!3d-0.0518173!4d109.3453353!16s%2Fg%2F1pzq5b4v8?authuser=0&hl=en&entry=ttu&g_ep=EgoyMDI0MDgyOC4wIKXMDSoASAFQAw%3D%3D",0,F&B,Indonesia.Batam.Kuliner.202406162232.db,places,out_of_batam_bounds
10299,Clubshouse,4.5,253,0,Bar,,"Mega Mall, Komplek Ruko Ahmad Yani, Jl. Jenderal Ahmad Yani No.17 - 20, Parit Tokaya, Kec. Pontianak Sel., Kota Pontianak, Kalimantan Barat 78112","[{""day"": ""Sunday"", ""hours"": ""11:00 - 23:00""}, {""day"": ""Monday"", ""hours"": ""11:00 - 23:00""}, {""day"": ""Tuesday"", ""hours"": ""11:00 - 23:00""}, {""day"": ""Wednesday"", ""hours"": ""11:00 - 23:00""}, {""day"": ""Thursday"", ""hours"": ""11:00 - 23:00""}, {""day"": ""Friday"", ""hours"": ""11:00 - 23:00""}, {""day"": ""Saturday"", ""hours"": ""11:00 - 23:30""}]",(0561) 768991,-0.0515286,109.344051,https://www.google.com/maps/place/Clubshouse/data=!4m7!3m6!1s0x2e1d59bd3e3a78b5:0x2b692a12d2a416b7!8m2!3d-0.0515286!4d109.344051!16s%2Fg%2F11b6zynfgs!19sChIJtXg6Pr1ZHS4Rtxak0hIqaSs?authuser=0&hl=en&rclk=1,0,F&B,Indonesia.Batam.Kuliner.202406162232.db,places,out_of_batam_bounds
10300,Sushi Phe,4.6,1294,0,Sushi restaurant,,"A Yani Mega Mall, Jl. Jenderal Ahmad Yani Blok F 11-12, Parit Tokaya, Kec. Pontianak Sel., Kota Pontianak, Kalimantan Barat 78113","[{""day"": ""Sunday"", ""hours"": ""10:00 - 22:00""}, {""day"": ""Monday"", ""hours"": ""10:00 - 21:00""}, {""day"": ""Tuesday"", ""hours"": ""10:00 - 21:00""}, {""day"": ""Wednesday"", ""hours"": ""10:00 - 21:00""}, {""day"": ""Thursday"", ""hours"": ""10:00 - 21:00""}, {""day"": ""Friday"", ""hours"": ""10:00 - 21:00""}, {""day"": ""Saturday"", ""hours"": ""10:00 - 22:00""}]",,-0.0506954,109.3426893,"https://www.google.com/maps/place/Sushi+Phe/@-0.0506954,109.3426893,17z/data=!3m1!4b1!4m6!3m5!1s0x2e1d59bd2b2a9c19:0xa62208f0502c1b3c!8m2!3d-0.0506954!4d109.3426893!16s%2Fg%2F11b6_gdwv2?authuser=0&hl=en&entry=ttu&g_ep=EgoyMDI0MDgyOC4wIKXMDSoASAFQAw%3D%3D",0,F&B,Indonesia.Batam.Kuliner.202406162232.db,places,out_of_batam_bounds
10302,Terrazza Steak House Pontianak,4.4,819,0,Steak house,,"Mega Mall, Blok. G No. 19-20 Komplek Ruko A. Yani, Jl. Jenderal Ahmad Yani, Parit Tokaya, Kec. Pontianak Sel., Kota Pontianak, Kalimantan Barat 78115","[{""day"": ""Sunday"", ""hours"": ""10:00 - 22:00""}, {""day"": ""Monday"", ""hours"": ""10:00 - 22:00""}, {""day"": ""Tuesday"", ""hours"": ""10:00 - 22:00""}, {""day"": ""Wednesday"", ""hours"": ""10:00 - 22:00""}, {""day"": ""Thursday"", ""hours"": ""10:00 - 22:00""}, {""day"": ""Friday"", ""hours"": ""10:00 - 22:00""}, {""day"": ""Saturday"", ""hours"": ""10:00 - 23:00""}]",0822-5018-0185,-0.050402,109.344206,https://www.google.com/maps/place/Terrazza+Steak+House+Pontianak/data=!4m7!3m6!1s0x2e1d59bce0b8be11:0xecd9b311fae9240f!8m2!3d-0.050402!4d109.344206!16s%2Fg%2F11crzkwmgj!19sChIJEb644LxZHS4RDyTp-hGz2ew?authuser=0&hl=en&rclk=1,0,F&B,Indonesia.Batam.Kuliner.202406162232.db,places,out_of_batam_bounds
10304,Local Kitchen Pontianak,4.4,109,0,Restaurant,,"Komplek Ruko Ayani Megamal, Jl. Jenderal Ahmad Yani No.1 Blok B24-B25, Akcaya, Kec. Pontianak Sel., Kota Pontianak, Kalimantan Barat 78121","[{""day"": ""Sunday"", ""hours"": ""11:00 - 21:00""}, {""day"": ""Monday"", ""hours"": ""11:00 - 21:00""}, {""day"": ""Tuesday"", ""hours"": ""11:00 - 21:00""}, {""day"": ""Wednesday"", ""hours"": ""11:00 - 21:00""}, {""day"": ""Thursday"", ""hours"": ""11:00 - 21:00""}, {""day"": ""Friday"", ""hours"": ""11:00 - 21:00""}, {""day"": ""Saturday"", ""hours"": ""11:00 - 21:00""}]",0857-2222-7819,-0.0503597,109.3444532,https://www.google.com/maps/place/Local+Kitchen+Pontianak/data=!4m7!3m6!1s0x2e1d59f11e2216d7:0x619d3bc11c427c8b!8m2!3d-0.0503597!4d109.3444532!16s%2Fg%2F11pwbk5yfm!19sChIJ1xYiHvFZHS4Ri3xCHME7nWE?authuser=0&hl=en&rclk=1,0,F&B,Indonesia.Batam.Kuliner.202406162232.db,places,out_of_batam_bounds
10305,Reunion,4.5,21,0,Italian restaurant,,"ayani megamall no.15, Parit Tokaya, Kec. Pontianak Sel., Kota Pontianak, Kalimantan Barat 78113","[{""day"": ""Sunday"", ""hours"": ""10:00 - 21:30""}, {""day"": ""Monday"", ""hours"": ""10:00 - 21:30""}, {""day"": ""Tuesday"", ""hours"": ""10:00 - 21:30""}, {""day"": ""Wednesday"", ""hours"": ""10:00 - 21:30""}, {""day"": ""Thursday"", ""hours"": ""10:00 - 21:30""}, {""day"": ""Friday"", ""hours"": ""10:00 - 21:30""}, {""day"": ""Saturday"", ""hours"": ""10:00 - 21:30""}]",0896-8888-8995,-0.0519711,109.3457054,"https://www.google.com/maps/place/Reunion/@-0.0519711,109.3457054,17z/data=!3m1!4b1!4m6!3m5!1s0x2e1d59bd9e6d63af:0xf8c1f7cb7f67b541!8m2!3d-0.0519711!4d109.3457054!16s%2Fg%2F11bzxxgstg?authuser=0&hl=en&entry=ttu&g_ep=EgoyMDI0MDgyOC4wIKXMDSoASAFQAw%3D%3D",0,F&B,Indonesia.Batam.Kuliner.202406162232.db,places,out_of_batam_bounds
10320,Pizza Hut Restoran - Ayani Megamall Pontianak,4.5,1584,0,Pizza restaurant,,"Mega Mall, Ahmad Yani, Jl. Jenderal Ahmad Yani, Parit Tokaya, Kec. Pontianak Sel., Kabupaten Kubu Raya, Kalimantan Barat 78122","[{""day"": ""Sunday"", ""hours"": ""10:00 - 22:00""}, {""day"": ""Monday"", ""hours"": ""10:00 - 22:00""}, {""day"": ""Tuesday"", ""hours"": ""10:00 - 22:00""}, {""day"": ""Wednesday"", ""hours"": ""10:00 - 22:00""}, {""day"": ""Thursday"", ""hours"": ""10:00 - 22:00""}, {""day"": ""Friday"", ""hours"": ""10:00 - 22:00""}, {""day"": ""Saturday"", ""hours"": ""10:00 - 22:00""}]",1 500 600,-0.050895,109.345244,"https://www.google.com/maps/place/Pizza+Hut+Restoran+-+Ayani+Megamall+Pontianak/@-0.050895,109.345244,17z/data=!3m1!4b1!4m6!3m5!1s0x2e1d59bdba783c17:0xd7f0629d064f0a16!8m2!3d-0.050895!4d109.345244!16s%2Fg%2F11b6z__0t1?authuser=0&hl=en&entry=ttu&g_ep=EgoyMDI0MDgyOC4wIKXMDSoASAFQAw%3D%3D",0,F&B,Indonesia.Batam.Kuliner.202406162232.db,places,out_of_batam_bounds
10331,A&M's Kuliner India (Biryani India di Pontianak),4.2,10,0,Food producer,,"Ayani Mega Mall, Lantai 2, Food court 02, Kota Pontianak, Kalimantan Barat 78124",[object Object],0895-3899-44244,-0.0508604,109.3452679,"https://www.google.com/maps/place/A%26M's+Kuliner+India+(Biryani+India+di+Pontianak)/@-0.0508604,109.3452679,17z/data=!3m1!4b1!4m6!3m5!1s0x2e1d598d592ccc4d:0x92d2c093ece255f9!8m2!3d-0.0508604!4d109.3452679!16s%2Fg%2F11t15h97bc?authuser=0&hl=en&entry=ttu&g_ep=EgoyMDI0MDgyOC4wIKXMDSoASAFQAw%3D%3D",0,F&B,Indonesia.Batam.Kuliner.202406162232.db,places,out_of_batam_bounds
10337,KFC,4.4,848,0,Fast food restaurant,,"KOMPLEK MEGA MALL, Jl. Jenderal Ahmad Yani, Parit Tokaya, Kec. Pontianak Sel., Kota Pontianak, Kalimantan Barat 78113","[{""day"": ""Sunday"", ""hours"": ""10:00 - 22:00""}, {""day"": ""Monday"", ""hours"": ""10:00 - 22:00""}, {""day"": ""Tuesday"", ""hours"": ""10:00 - 22:00""}, {""day"": ""Wednesday"", ""hours"": ""10:00 - 22:00""}, {""day"": ""Thursday"", ""hours"": ""10:00 - 22:00""}, {""day"": ""Friday"", ""hours"": ""10:00 - 22:00""}, {""day"": ""Saturday"", ""hours"": ""10:00 - 22:00""}]",(021) 14022,-0.051407,109.345823,"https://www.google.com/maps/place/KFC/@-0.051407,109.345823,17z/data=!3m1!4b1!4m6!3m5!1s0x2e1d59bd091bafeb:0x7f83f00c8cc1bf6c!8m2!3d-0.051407!4d109.345823!16s%2Fg%2F11cly9sywh?authuser=0&hl=en&entry=ttu&g_ep=EgoyMDI0MDgyOC4wIKXMDSoASAFQAw%3D%3D",0,F&B,Indonesia.Batam.Kuliner.202406162232.db,places,out_of_batam_bounds
10342,Ayani Megamal,4.5,18311,0,Shopping mall,,"Jl. Jenderal Ahmad Yani No.4, Parit Tokaya, Kec. Pontianak Sel., Kota Pontianak, Kalimantan Barat 78113","[{""day"": ""Sunday"", ""hours"": ""10:00 - 22:00""}, {""day"": ""Monday"", ""hours"": ""10:00 - 22:00""}, {""day"": ""Tuesday"", ""hours"": ""10:00 - 22:00""}, {""day"": ""Wednesday"", ""hours"": ""10:00 - 22:00""}, {""day"": ""Thursday"", ""hours"": ""10:00 - 22:00""}, {""day"": ""Friday"", ""hours"": ""10:00 - 22:00""}, {""day"": ""Saturday"", ""hours"": ""10:00 - 22:00""}]",(0561) 763888,-0.051244,109.345662,"https://www.google.com/maps/place/Ayani+Megamal/@-0.051244,109.345662,17z/data=!3m1!4b1!4m6!3m5!1s0x2e1d59bda5d0cadd:0x5217d4caea80b3d0!8m2!3d-0.051244!4d109.345662!16s%2Fg%2F121d1gtn?authuser=0&hl=en&entry=ttu&g_ep=EgoyMDI0MDgyOC4wIKXMDSoASAFQAw%3D%3D",0,F&B,Indonesia.Batam.Kuliner.202406162232.db,places,out_of_batam_bounds
10343,Sushi Phe Garden,4.8,393,0,Sushi restaurant,,"X87P+QWQ, Jl. S. Parman, Benua Melayu Darat, Kec. Pontianak Sel., Kota Pontianak, Kalimantan Barat","[{""day"": ""Sunday"", ""hours"": ""10:30 - 21:00""}, {""day"": ""Monday"", ""hours"": ""10:30 - 21:00""}, {""day"": ""Tuesday"", ""hours"": ""10:30 - 21:00""}, {""day"": ""Wednesday"", ""hours"": ""10:30 - 21:00""}, {""day"": ""Thursday"", ""hours"": ""10:30 - 21:00""}, {""day"": ""Friday"", ""hours"": ""10:30 - 21:00""}, {""day"": ""Saturday"", ""hours"": ""10:30 - 21:00""}]",,-0.0355357,109.3373482,"https://www.google.com/maps/place/Sushi+Phe+Garden/@-0.0355357,109.3373482,17z/data=!3m1!4b1!4m6!3m5!1s0x2e1d59579094c70f:0x1be4d2ee551b5956!8m2!3d-0.0355357!4d109.3373482!16s%2Fg%2F11rz1n19g_?authuser=0&hl=en&entry=ttu&g_ep=EgoyMDI0MDgyOC4wIKXMDSoASAFQAw%3D%3D",0,F&B,Indonesia.Batam.Kuliner.202406162232.db,places,out_of_batam_bounds
10528,Sentra Wisata Kuliner Bratang Binangun,4.5,3039,0,Food court,,"Jl. Raya Manyar No.80A, Baratajaya, Kec. Gubeng, Surabaya, Jawa Timur 60284","[{""day"": ""Sunday"", ""hours"": ""08:00 - 22:00""}, {""day"": ""Monday"", ""hours"": ""08:00 - 22:00""}, {""day"": ""Tuesday"", ""hours"": ""08:00 - 22:00""}, {""day"": ""Wednesday"", ""hours"": ""08:00 - 22:00""}, {""day"": ""Thursday"", ""hours"": ""08:00 - 22:00""}, {""day"": ""Friday"", ""hours"": ""08:00 - 22:00""}, {""day"": ""Saturday"", ""hours"": ""08:00 - 22:00""}]",,-7.297318,112.760383,"https://www.google.com/maps/place/Sentra+Wisata+Kuliner+Bratang+Binangun/@-7.297318,112.760383,17z/data=!3m1!4b1!4m6!3m5!1s0x2dd7fbad7223083d:0xad919c035d6d60df!8m2!3d-7.297318!4d112.760383!16s%2Fg%2F11cmxv7xqz?authuser=0&hl=en&entry=ttu&g_ep=EgoyMDI0MDgyOC4wIKXMDSoASAFQAw%3D%3D",0,F&B,Indonesia.Batam.Kuliner.202406162232.db,places,out_of_batam_bounds
10540,Kulineran Kuliner Batavia,4.7,914,0,Food court,,"Blok Nangka No.18, Jl. Raya Pulo Gebang, RT.9/RW.6, Pulo Gebang, Cakung, East Jakarta City, Jakarta 13950",[object Object],,-6.2067714,106.9541256,"https://www.google.com/maps/place/Kulineran+Kuliner+Batavia/@-6.2067714,106.9541256,17z/data=!3m1!4b1!4m6!3m5!1s0x2e698b795c56dde5:0x2bf169bd61f8209e!8m2!3d-6.2067714!4d106.9541256!16s%2Fg%2F11f55z92f2?authuser=0&hl=en&entry=ttu&g_ep=EgoyMDI0MDgyOC4wIKXMDSoASAFQAw%3D%3D",0,F&B,Indonesia.Batam.Kuliner.202406162232.db,places,out_of_batam_bounds
10543,Sentra Kuliner Gang 7 Samping UNESA,5.0,177,0,Hawker stall,,"Samping UNESA, Lidah Wetan Gg. VII No.77, Lidah Wetan, Kec. Lakarsantri, Surabaya, Jawa Timur 60213","[{""day"": ""Sunday"", ""hours"": ""06:00 - 22:00""}, {""day"": ""Monday"", ""hours"": ""06:00 - 22:00""}, {""day"": ""Tuesday"", ""hours"": ""06:00 - 22:00""}, {""day"": ""Wednesday"", ""hours"": ""06:00 - 22:00""}, {""day"": ""Thursday"", ""hours"": ""06:00 - 22:00""}, {""day"": ""Friday"", ""hours"": ""06:00 - 22:00""}, {""day"": ""Saturday"", ""hours"": ""06:00 - 22:00""}]",0812-3197-9799,-7.3031245,112.6700438,"https://www.google.com/maps/place/Sentra+Kuliner+Gang+7+Samping+UNESA/@-7.3031245,112.6700438,17z/data=!3m1!4b1!4m6!3m5!1s0x2dd7fd977ee6111f:0xda5772a9381dc0f0!8m2!3d-7.3031245!4d112.6700438!16s%2Fg%2F11sv5n0lzt?authuser=0&hl=en&entry=ttu&g_ep=EgoyMDI0MDgyOC4wIKXMDSoASAFQAw%3D%3D",0,F&B,Indonesia.Batam.Kuliner.202406162232.db,places,out_of_batam_bounds
10552,Sentra Wisata Kuliner Ketintang,4.6,87,0,Brunch restaurant,,"MPQH+QQW, Jl. Raya Telkom, Ketintang, Kec. Gayungan, Surabaya, Jawa Timur","[{""day"": ""Sunday"", ""hours"": ""07:00 - 00:00""}, {""day"": ""Monday"", ""hours"": ""07:00 - 00:00""}, {""day"": ""Tuesday"", ""hours"": ""07:00 - 00:00""}, {""day"": ""Wednesday"", ""hours"": ""07:00 - 00:00""}, {""day"": ""Thursday"", ""hours"": ""07:00 - 00:00""}, {""day"": ""Friday"", ""hours"": ""07:00 - 00:00""}, {""day"": ""Saturday"", ""hours"": ""07:00 - 00:00""}]",,-7.310521,112.7294541,https://www.google.com/maps/place/Sentra+Wisata+Kuliner+Ketintang/data=!4m7!3m6!1s0x2dd7fb2375585d45:0x6f71b726ea2f327a!8m2!3d-7.310521!4d112.7294541!16s%2Fg%2F11t9qxnb98!19sChIJRV1YdSP71y0RejIv6ia3cW8?authuser=0&hl=en&rclk=1,0,F&B,Indonesia.Batam.Kuliner.202406162232.db,places,out_of_batam_bounds
10558,Sentra Wisata Kuliner Semolowaru,4.3,747,0,Food court,,"Semolowaru, Sukolilo, Surabaya, East Java 60119","[{""day"": ""Sunday"", ""hours"": ""08:00 - 23:00""}, {""day"": ""Monday"", ""hours"": ""08:00 - 23:00""}, {""day"": ""Tuesday"", ""hours"": ""08:00 - 23:00""}, {""day"": ""Wednesday"", ""hours"": ""08:00 - 23:00""}, {""day"": ""Thursday"", ""hours"": ""08:00 - 23:00""}, {""day"": ""Friday"", ""hours"": ""08:00 - 23:00""}, {""day"": ""Saturday"", ""hours"": ""08:00 - 23:00""}]",0821-4312-6533,-7.3007976,112.7799566,"https://www.google.com/maps/place/Sentra+Wisata+Kuliner+Semolowaru/@-7.3007976,112.7799566,17z/data=!3m1!4b1!4m6!3m5!1s0x2dd7fa59583643ad:0x9156b117d556b500!8m2!3d-7.3007976!4d112.7799566!16s%2Fg%2F11bw_53_1g?authuser=0&hl=en&entry=ttu&g_ep=EgoyMDI0MDgyOC4wIKXMDSoASAFQAw%3D%3D",0,F&B,Indonesia.Batam.Kuliner.202406162232.db,places,out_of_batam_bounds
10570,Sentra Wisata Kuliner Indrapura,4.5,141,0,Food court,,"Jl. Indrapura No.1, Krembangan Sel., Kec. Krembangan, Surabaya, Jawa Timur 60175",[object Object],,-7.2438092,112.7364089,"https://www.google.com/maps/place/Sentra+Wisata+Kuliner+Indrapura/@-7.2438092,112.7364089,17z/data=!3m1!4b1!4m6!3m5!1s0x2dd7f93eea7b3f93:0xcc4ae4320a69f8c0!8m2!3d-7.2438092!4d112.7364089!16s%2Fg%2F11cp7lth17?authuser=0&hl=en&entry=ttu&g_ep=EgoyMDI0MDgyOC4wIKXMDSoASAFQAw%3D%3D",0,F&B,Indonesia.Batam.Kuliner.202406162232.db,places,out_of_batam_bounds
10573,Sentra Wisata Kuliner Taman Prestasi,4.4,626,0,Food court,,"Jl. Ketabang Kali No.1, Ketabang, Kec. Genteng, Surabaya, Jawa Timur 60272","[{""day"": ""Sunday"", ""hours"": ""07:30 - 21:30""}, {""day"": ""Monday"", ""hours"": ""09:00 - 21:00""}, {""day"": ""Tuesday"", ""hours"": ""09:00 - 21:00""}, {""day"": ""Wednesday"", ""hours"": ""09:00 - 21:00""}, {""day"": ""Thursday"", ""hours"": ""09:00 - 21:00""}, {""day"": ""Friday"", ""hours"": ""09:00 - 21:00""}, {""day"": ""Saturday"", ""hours"": ""09:00 - 21:00""}]",,-7.2624706,112.7447097,https://www.google.com/maps/place/Sentra+Wisata+Kuliner+Taman+Prestasi/data=!4m7!3m6!1s0x2dd7f961583842c3:0xc37d54c83b94a6d8!8m2!3d-7.2624706!4d112.7447097!16s%2Fg%2F11g6bld2wl!19sChIJw0I4WGH51y0R2KaUO8hUfcM?authuser=0&hl=en&rclk=1,0,F&B,Indonesia.Batam.Kuliner.202406162232.db,places,out_of_batam_bounds
10578,Sentra Wisata Kuliner Wiyung,4.3,886,0,Restaurant,,"Jl. Menganti Wiyung No.1, Wiyung, Kec. Wiyung, Surabaya, Jawa Timur 60228","[{""day"": ""Sunday"", ""hours"": ""08:00 - 22:00""}, {""day"": ""Monday"", ""hours"": ""08:00 - 22:00""}, {""day"": ""Tuesday"", ""hours"": ""08:00 - 22:00""}, {""day"": ""Wednesday"", ""hours"": ""08:00 - 22:00""}, {""day"": ""Thursday"", ""hours"": ""08:00 - 22:00""}, {""day"": ""Friday"", ""hours"": ""08:00 - 22:00""}, {""day"": ""Saturday"", ""hours"": ""08:00 - 22:00""}]",0821-3992-1241,-7.314035,112.6974162,"https://www.google.com/maps/place/Sentra+Wisata+Kuliner+Wiyung/@-7.314035,112.6974162,17z/data=!3m1!4b1!4m6!3m5!1s0x2dd7fc8957b0a395:0x21bc82134ed33d94!8m2!3d-7.314035!4d112.6974162!16s%2Fg%2F1hm5y1svr?authuser=0&hl=en&entry=ttu&g_ep=EgoyMDI0MDgyOC4wIKXMDSoASAFQAw%3D%3D",0,F&B,Indonesia.Batam.Kuliner.202406162232.db,places,out_of_batam_bounds
10583,SENTRA KULINER JOMBANG,4.7,11,0,Restaurant,,"Tebuireng, Kwaron, Kec. Diwek, Kabupaten Jombang, Jawa Timur 61471","[{""day"": ""Sunday"", ""hours"": ""08:00 - 17:00""}, {""day"": ""Monday"", ""hours"": ""08:00 - 17:00""}, {""day"": ""Tuesday"", ""hours"": ""08:00 - 17:00""}, {""day"": ""Wednesday"", ""hours"": ""08:00 - 17:00""}, {""day"": ""Thursday"", ""hours"": ""08:00 - 17:00""}, {""day"": ""Friday"", ""hours"": ""08:00 - 17:00""}, {""day"": ""Saturday"", ""hours"": ""08:00 - 17:00""}]",0813-3519-5717,-7.6069363,112.2358382,"https://www.google.com/maps/place/SENTRA+KULINER+JOMBANG/@-7.6069363,112.2358382,17z/data=!3m1!4b1!4m6!3m5!1s0x2e7841e2c11698ab:0x3c2557cd00229585!8m2!3d-7.6069363!4d112.2358382!16s%2Fg%2F11f3zhyq94?authuser=0&hl=en&entry=ttu&g_ep=EgoyMDI0MDgyOC4wIKXMDSoASAFQAw%3D%3D",0,F&B,Indonesia.Batam.Kuliner.202406162232.db,places,out_of_batam_bounds
10586,Sentra Kuliner Tretes,4.3,120,0,Restaurant,,"Jl. Taman Wisata No.541, Semeru, Prigen, Kec. Prigen, Pasuruan, Jawa Timur 67157",[object Object],0856-4877-5772,-7.6964325,112.6312744,"https://www.google.com/maps/place/Sentra+Kuliner+Tretes/@-7.6964325,112.6312744,17z/data=!3m1!4b1!4m6!3m5!1s0x2dd7d7e7e858b9df:0x6980ce9e7807b71c!8m2!3d-7.6964325!4d112.6312744!16s%2Fg%2F11f06hmm24?authuser=0&hl=en&entry=ttu&g_ep=EgoyMDI0MDgyOC4wIKXMDSoASAFQAw%3D%3D",0,F&B,Indonesia.Batam.Kuliner.202406162232.db,places,out_of_batam_bounds
10590,Sentra Wisata Kuliner (SWK) Rungkut Kidul,4.9,9,0,Brunch restaurant,,"Jl. Rungkut Asri No.3, Rungkut Kidul, Kec. Rungkut, Surabaya, Jawa Timur 60293","[{""day"": ""Sunday"", ""hours"": ""08:00 - 22:00""}, {""day"": ""Monday"", ""hours"": ""08:00 - 22:00""}, {""day"": ""Tuesday"", ""hours"": ""08:00 - 22:00""}, {""day"": ""Wednesday"", ""hours"": ""08:00 - 22:00""}, {""day"": ""Thursday"", ""hours"": ""08:00 - 22:00""}, {""day"": ""Friday"", ""hours"": ""08:00 - 22:00""}, {""day"": ""Saturday"", ""hours"": ""08:00 - 22:00""}]",,-7.3272571,112.7769314,"https://www.google.com/maps/place/Sentra+Wisata+Kuliner+(SWK)+Rungkut+Kidul/@-7.3272571,112.7769314,17z/data=!3m1!4b1!4m6!3m5!1s0x2dd7fb00289fc951:0xeeb7070e8837a406!8m2!3d-7.3272571!4d112.7769314!16s%2Fg%2F11vzqwg8tw?authuser=0&hl=en&entry=ttu&g_ep=EgoyMDI0MDgyOC4wIKXMDSoASAFQAw%3D%3D",0,F&B,Indonesia.Batam.Kuliner.202406162232.db,places,out_of_batam_bounds
10591,Sentra Wisata Kuliner Penjaringan Sari,4.3,158,0,Food court,,"MQHM+5H3, Jl. Raya Pandugo, Penjaringan Sari, Kec. Rungkut, Surabaya, Jawa Timur 60297","[{""day"": ""Sunday"", ""hours"": ""08:00 - 23:59""}, {""day"": ""Monday"", ""hours"": ""08:00 - 23:59""}, {""day"": ""Tuesday"", ""hours"": ""08:00 - 23:59""}, {""day"": ""Wednesday"", ""hours"": ""08:00 - 23:59""}, {""day"": ""Thursday"", ""hours"": ""08:00 - 23:59""}, {""day"": ""Friday"", ""hours"": ""08:00 - 23:59""}, {""day"": ""Saturday"", ""hours"": ""08:00 - 23:59""}]",,-7.3221139,112.7839191,"https://www.google.com/maps/place/Sentra+Wisata+Kuliner+Penjaringan+Sari/@-7.3221139,112.7839191,17z/data=!3m1!4b1!4m6!3m5!1s0x2dd7fbf273895c7d:0x84edb54b4015d558!8m2!3d-7.3221139!4d112.7839191!16s%2Fg%2F11smh6k2yp?authuser=0&hl=en&entry=ttu&g_ep=EgoyMDI0MDgyOC4wIKXMDSoASAFQAw%3D%3D",0,F&B,Indonesia.Batam.Kuliner.202406162232.db,places,out_of_batam_bounds
10596,Sentra kuliner Simpang Tiga THB,5.0,7,0,Restaurant,,"Jl. Harapan Baru Raya Blok A12 No.22A, RT.001/RW.025, Pejuang, Kecamatan Medan Satria, Kota Bks, Jawa Barat 17131","[{""day"": ""Sunday"", ""hours"": ""08:00 - 00:00""}, {""day"": ""Monday"", ""hours"": ""08:00 - 00:00""}, {""day"": ""Tuesday"", ""hours"": ""08:00 - 00:00""}, {""day"": ""Wednesday"", ""hours"": ""08:00 - 00:00""}, {""day"": ""Thursday"", ""hours"": ""08:00 - 00:00""}, {""day"": ""Friday"", ""hours"": ""08:00 - 00:00""}, {""day"": ""Saturday"", ""hours"": ""08:00 - 00:00""}]",0813-1200-0779,-6.1822887,106.9939563,"https://www.google.com/maps/place/Sentra+kuliner+Simpang+Tiga+THB/@-6.1822887,106.9939563,17z/data=!3m1!4b1!4m6!3m5!1s0x2e698bfbc6ddb013:0x715a8c0172c84203!8m2!3d-6.1822887!4d106.9939563!16s%2Fg%2F11w4bbw1ck?authuser=0&hl=en&entry=ttu&g_ep=EgoyMDI0MDgyOC4wIKXMDSoASAFQAw%3D%3D",0,F&B,Indonesia.Batam.Kuliner.202406162232.db,places,out_of_batam_bounds
10598,SENTRA KULINER SETRO BARU,4.2,235,0,Indonesian restaurant,,"Setro Baru VIII No.1A, Gading, Kec. Tambaksari, Surabaya, Jawa Timur 60134",[object Object],0895-3637-93839,-7.2400056,112.7777324,"https://www.google.com/maps/place/SENTRA+KULINER+SETRO+BARU/@-7.2400056,112.7777324,17z/data=!3m1!4b1!4m6!3m5!1s0x2dd7f9bc80705763:0xd340c4c64b0861bb!8m2!3d-7.2400056!4d112.7777324!16s%2Fg%2F11bycfsn6x?authuser=0&hl=en&entry=ttu&g_ep=EgoyMDI0MDgyOC4wIKXMDSoASAFQAw%3D%3D",0,F&B,Indonesia.Batam.Kuliner.202406162232.db,places,out_of_batam_bounds
10600,Sentra Wisata Kuliner Karah,4.3,1066,0,Food court,,"Jl. Karah Agung, Karah, Kec. Jambangan, Surabaya, Jawa Timur 60232",[object Object],,-7.3094548,112.7196133,https://www.google.com/maps/place/Sentra+Wisata+Kuliner+Karah/data=!4m7!3m6!1s0x2dd7fb7e454cd07f:0xaa34624d82b54c19!8m2!3d-7.3094548!4d112.7196133!16s%2Fg%2F1jgm4c3s7!19sChIJf9BMRX771y0RGUy1gk1iNKo?authuser=0&hl=en&rclk=1,0,F&B,Indonesia.Batam.Kuliner.202406162232.db,places,out_of_batam_bounds
10601,kuliner Nusantara,5.0,2,0,Diner,,"Citraland Fresh Marke, S 11, Jl. Taman Puspa Raya, Sambikerep, Kec. Sambikerep, Surabaya, Jawa Timur 60217","[{""day"": ""Sunday"", ""hours"": ""06:00 - 14:00""}, {""day"": ""Monday"", ""hours"": ""06:00 - 14:00""}, {""day"": ""Tuesday"", ""hours"": ""06:00 - 14:00""}, {""day"": ""Wednesday"", ""hours"": ""06:00 - 14:00""}, {""day"": ""Thursday"", ""hours"": ""06:00 - 14:00""}, {""day"": ""Friday"", ""hours"": ""06:00 - 14:00""}, {""day"": ""Saturday"", ""hours"": ""06:00 - 14:00""}]",0813-4736-3288,-7.275947,112.645571,https://www.google.com/maps/place/kuliner+Nusantara/data=!4m7!3m6!1s0x2dd7fdde698021f1:0x96d7331ff350b264!8m2!3d-7.275947!4d112.645571!16s%2Fg%2F11b6vhkxmm!19sChIJ8SGAad791y0RZLJQ8x8z15Y?authuser=0&hl=en&rclk=1,0,F&B,Indonesia.Batam.Kuliner.202406162232.db,places,out_of_batam_bounds
10604,Centra Kuliner Jotaren(Pojok Kota Sragen) (CENTRA KULINER JOTAREN TAMAN TIARA SACHARI),5.0,1,0,Indonesian restaurant,,"Jl. Dr. Sutomo No.2A, Kebayan 1, Sragen Kulon, Kec. Sragen, Kabupaten Sragen, Jawa Tengah 57212",[object Object],,-7.4290926,111.0090173,https://www.google.com/maps/place/Centra+Kuliner+Jotaren%28Pojok+Kota+Sragen%29/data=!4m7!3m6!1s0x2e7a0369a6c144cb:0x9ebb2433aa802233!8m2!3d-7.4290926!4d111.0090173!16s%2Fg%2F11pzx827ff!19sChIJy0TBpmkDei4RMyKAqjMku54?authuser=0&hl=en&rclk=1,0,F&B,Indonesia.Batam.Kuliner.202406162232.db,places,out_of_batam_bounds
10606,Sentra Kuliner Siwalankerto (Sentra Wisata Kuliner Siwalankerto),4.4,54,0,Food court,,"Jl. Siwalankerto VIII No.1, Siwalankerto, Kec. Gayungan, Surabaya, Jawa Timur 60234",[object Object],,-7.3405056,112.7359633,"https://www.google.com/maps/place/Sentra+Kuliner+Siwalankerto/@-7.3405056,112.7359633,17z/data=!3m1!4b1!4m6!3m5!1s0x2dd7fb4900983491:0x14165ff6be9c9478!8m2!3d-7.3405056!4d112.7359633!16s%2Fg%2F11b8zkjvfr?authuser=0&hl=en&entry=ttu&g_ep=EgoyMDI0MDgyOC4wIKXMDSoASAFQAw%3D%3D",0,F&B,Indonesia.Batam.Kuliner.202406162232.db,places,out_of_batam_bounds
10610,Sentra Wisata Kuliner Dharmahusada,4.4,2492,0,Indonesian restaurant,,"Pojok Timur, Jl. Dharmahusada, Mulyorejo, Kec. Mulyorejo, Surabaya, Jawa Timur 60285","[{""day"": ""Sunday"", ""hours"": ""07:00 - 00:00""}, {""day"": ""Monday"", ""hours"": ""07:00 - 00:00""}, {""day"": ""Tuesday"", ""hours"": ""07:00 - 00:00""}, {""day"": ""Wednesday"", ""hours"": ""07:00 - 00:00""}, {""day"": ""Thursday"", ""hours"": ""07:00 - 00:00""}, {""day"": ""Friday"", ""hours"": ""07:00 - 00:00""}, {""day"": ""Saturday"", ""hours"": ""07:00 - 00:00""}]",0852-3600-7373,-7.2683301,112.7741892,"https://www.google.com/maps/place/Sentra+Wisata+Kuliner+Dharmahusada/@-7.2683301,112.7741892,17z/data=!3m1!4b1!4m6!3m5!1s0x2dd7fa289d633cf7:0x2415d06a920e042b!8m2!3d-7.2683301!4d112.7741892!16s%2Fg%2F11c1_v2fqh?authuser=0&hl=en&entry=ttu&g_ep=EgoyMDI0MDgyOC4wIKXMDSoASAFQAw%3D%3D",0,F&B,Indonesia.Batam.Kuliner.202406162232.db,places,out_of_batam_bounds
10611,Gayungan Culinary Central (Sentra Wisata Kuliner Gayungan),4.2,1166,0,Cafe,,"Jl. Masjid Al-AkbarTimur No.6, Gayungan, Kec. Gayungan, Surabaya, Jawa Timur 60234","[{""day"": ""Sunday"", ""hours"": ""07:00 - 22:00""}, {""day"": ""Monday"", ""hours"": ""07:00 - 22:00""}, {""day"": ""Tuesday"", ""hours"": ""07:00 - 22:00""}, {""day"": ""Wednesday"", ""hours"": ""07:00 - 22:00""}, {""day"": ""Thursday"", ""hours"": ""07:00 - 22:00""}, {""day"": ""Friday"", ""hours"": ""07:00 - 22:00""}, {""day"": ""Saturday"", ""hours"": ""07:00 - 22:00""}]",0851-0017-3041,-7.3377386,112.7166822,"https://www.google.com/maps/place/Gayungan+Culinary+Central/@-7.3377386,112.7166822,17z/data=!3m1!4b1!4m6!3m5!1s0x2dd7fb581598a395:0x35341b8a567170ba!8m2!3d-7.3377386!4d112.7166822!16s%2Fg%2F11b6t3dmn0?authuser=0&hl=en&entry=ttu&g_ep=EgoyMDI0MDgyOC4wIKXMDSoASAFQAw%3D%3D",0,F&B,Indonesia.Batam.Kuliner.202406162232.db,places,out_of_batam_bounds
10615,Sentra KULINER DI SONO,4.8,31,0,Food court,,"Sono, Sidokerto, Buduran, Sidoarjo Regency, East Java 61252",[object Object],0812-3384-3773,-7.4309497,112.7136537,https://www.google.com/maps/place/Sentra+KULINER+DI+SONO/data=!4m7!3m6!1s0x2dd7e15cf2571efd:0x782a6897faee420c!8m2!3d-7.4309497!4d112.7136537!16s%2Fg%2F11ktl5wxks!19sChIJ_R5X8lzh1y0RDELu-pdoKng?authuser=0&hl=en&rclk=1,0,F&B,Indonesia.Batam.Kuliner.202406162232.db,places,out_of_batam_bounds
10616,SENTRA KULINER ANGGASWANGI,4.8,10,0,Indonesian restaurant,,"Anggaswangi, Sukodono, Sidoarjo Regency, East Java 61258",[object Object],0819-4581-8598,-7.4125101,112.6735232,"https://www.google.com/maps/place/SENTRA+KULINER+ANGGASWANGI/@-7.4125101,112.6735232,17z/data=!3m1!4b1!4m6!3m5!1s0x2dd7e3cb086763a9:0xbe3c1a7ec1486de3!8m2!3d-7.4125101!4d112.6735232!16s%2Fg%2F11qqmh6sm5?authuser=0&hl=en&entry=ttu&g_ep=EgoyMDI0MDgyOC4wIKXMDSoASAFQAw%3D%3D",0,F&B,Indonesia.Batam.Kuliner.202406162232.db,places,out_of_batam_bounds
10618,Sentra Kuliner KITA,4.8,10,0,Food court,,"PQH6+V8P, Jl. Karang Menjangan, Mojo, Kec. Gubeng, Surabaya, Jawa Timur 60286","[{""day"": ""Sunday"", ""hours"": ""10:00 - 21:00""}, {""day"": ""Monday"", ""hours"": ""10:00 - 21:00""}, {""day"": ""Tuesday"", ""hours"": ""10:00 - 21:00""}, {""day"": ""Wednesday"", ""hours"": ""10:00 - 21:00""}, {""day"": ""Thursday"", ""hours"": ""10:00 - 21:00""}, {""day"": ""Friday"", ""hours"": ""10:00 - 21:00""}, {""day"": ""Saturday"", ""hours"": ""10:00 - 21:00""}]",,-7.2702994,112.760835,https://www.google.com/maps/place/Sentra+Kuliner+KITA/data=!4m7!3m6!1s0x2dd7fb7d45d3896d:0xe698f525c6a856ec!8m2!3d-7.2702994!4d112.760835!16s%2Fg%2F11fsf4mb8l!19sChIJbYnTRX371y0R7FaoxiX1mOY?authuser=0&hl=en&rclk=1,0,F&B,Indonesia.Batam.Kuliner.202406162232.db,places,out_of_batam_bounds
10622,Sentra Wisata Kuliner Convention Hall,4.3,2311,0,Convention center,,"Jl. Arief Rahman Hakim No.131, Keputih, Kec. Sukolilo, Surabaya, Jawa Timur 60117","[{""day"": ""Sunday"", ""hours"": ""06:00 - 00:00""}, {""day"": ""Monday"", ""hours"": ""06:00 - 00:00""}, {""day"": ""Tuesday"", ""hours"": ""06:00 - 00:00""}, {""day"": ""Wednesday"", ""hours"": ""06:00 - 00:00""}, {""day"": ""Thursday"", ""hours"": ""06:00 - 00:00""}, {""day"": ""Friday"", ""hours"": ""06:00 - 00:00""}, {""day"": ""Saturday"", ""hours"": ""06:00 - 00:00""}]",0813-3671-0885,-7.2893635,112.7834711,"https://www.google.com/maps/place/Sentra+Wisata+Kuliner+Convention+Hall/@-7.2893635,112.7834711,17z/data=!3m1!4b1!4m6!3m5!1s0x2dd7fb6b0433122f:0xedf793a530449c77!8m2!3d-7.2893635!4d112.7834711!16s%2Fg%2F11grpqy1x3?authuser=0&hl=en&entry=ttu&g_ep=EgoyMDI0MDgyOC4wIKXMDSoASAFQAw%3D%3D",0,F&B,Indonesia.Batam.Kuliner.202406162232.db,places,out_of_batam_bounds
10623,SENTRA BERDIKARI,5.0,1,0,Diner,,"Jl. Raya Mayor Oking Jaya Atmaja No.58, RT.4/RW.1, Cirimekar, Kec. Cibinong, Kabupaten Bogor, Jawa Barat 16917","[{""day"": ""Sunday"", ""hours"": ""06:30 - 20:30""}, {""day"": ""Monday"", ""hours"": ""06:30 - 20:30""}, {""day"": ""Tuesday"", ""hours"": ""06:30 - 20:30""}, {""day"": ""Wednesday"", ""hours"": ""06:30 - 20:30""}, {""day"": ""Thursday"", ""hours"": ""06:30 - 20:30""}, {""day"": ""Friday"", ""hours"": ""06:30 - 20:30""}, {""day"": ""Saturday"", ""hours"": ""06:30 - 20:30""}]",,-6.4690205,106.8593245,"https://www.google.com/maps/place/SENTRA+BERDIKARI/@-6.4690205,106.8593245,17z/data=!3m1!4b1!4m6!3m5!1s0x2e69c1e42e5d6943:0x52c8a2d0e733e24!8m2!3d-6.4690205!4d106.8593245!16s%2Fg%2F11kk109940?authuser=0&hl=en&entry=ttu&g_ep=EgoyMDI0MDgyOC4wIKXMDSoASAFQAw%3D%3D",0,F&B,Indonesia.Batam.Kuliner.202406162232.db,places,out_of_batam_bounds
10624,Kuliner Ami,5.0,1,0,Diner,,"Sentra Kuliner (Stan, Jl. Sukosemolo No.25, Semolowaru, Kec. Sukolilo, Surabaya, Jawa Timur 60119","[{""day"": ""Sunday"", ""hours"": ""08:00 - 17:00""}, {""day"": ""Monday"", ""hours"": ""08:00 - 17:00""}, {""day"": ""Tuesday"", ""hours"": ""08:00 - 17:00""}, {""day"": ""Wednesday"", ""hours"": ""08:00 - 17:00""}, {""day"": ""Thursday"", ""hours"": ""08:00 - 17:00""}, {""day"": ""Friday"", ""hours"": ""08:00 - 17:00""}, {""day"": ""Saturday"", ""hours"": ""08:00 - 17:00""}]",0878-5279-1881,-7.3012651,112.7812437,"https://www.google.com/maps/place/Kuliner+Ami/@-7.3012651,112.7812437,17z/data=!3m1!4b1!4m6!3m5!1s0x2dd7fa5eb7069381:0x92c5f5441b547661!8m2!3d-7.3012651!4d112.7812437!16s%2Fg%2F11clshkxch?authuser=0&hl=en&entry=ttu&g_ep=EgoyMDI0MDgyOC4wIKXMDSoASAFQAw%3D%3D",0,F&B,Indonesia.Batam.Kuliner.202406162232.db,places,out_of_batam_bounds
10627,Sentra Wisata Kuliner Lidah Wetan,3.0,2,0,Coffee shop,,"MMR9+XFH, Jl. Raya Lidah Wetan, Lidah Wetan, Kec. Lakarsantri, Surabaya, Jawa Timur 60213","[{""day"": ""Sunday"", ""hours"": ""10:01 - 03:00""}, {""day"": ""Monday"", ""hours"": ""08:00 - 22:00""}, {""day"": ""Tuesday"", ""hours"": ""08:00 - 22:00""}, {""day"": ""Wednesday"", ""hours"": ""08:00 - 22:00""}, {""day"": ""Thursday"", ""hours"": ""09:00 - 22:00""}, {""day"": ""Friday"", ""hours"": ""08:00 - 22:00""}, {""day"": ""Saturday"", ""hours"": ""08:00 - 22:00""}]",,-7.3073849,112.6656085,"https://www.google.com/maps/place/Sentra+Wisata+Kuliner+Lidah+Wetan/@-7.3073849,112.6656085,17z/data=!3m1!4b1!4m6!3m5!1s0x2dd7fd9f163b5ea9:0x6863da8594b7f2f2!8m2!3d-7.3073849!4d112.6656085!16s%2Fg%2F11v0694svv?authuser=0&hl=en&entry=ttu&g_ep=EgoyMDI0MDgyOC4wIKXMDSoASAFQAw%3D%3D",0,F&B,Indonesia.Batam.Kuliner.202406162232.db,places,out_of_batam_bounds
10629,Sentra Wisata Kuliner Sukomanunggal,4.1,156,0,Food court,,"118, Sentral kuliner sukomanunggal Jalan Sukomanunggal No, Sukomanunggal, Kec. Sukomanunggal, Surabaya, Jawa Timur 60188","[{""day"": ""Sunday"", ""hours"": ""08:00 - 00:00""}, {""day"": ""Monday"", ""hours"": ""08:00 - 00:00""}, {""day"": ""Tuesday"", ""hours"": ""08:00 - 00:00""}, {""day"": ""Wednesday"", ""hours"": ""08:00 - 00:00""}, {""day"": ""Thursday"", ""hours"": ""08:00 - 00:00""}, {""day"": ""Friday"", ""hours"": ""08:00 - 00:00""}, {""day"": ""Saturday"", ""hours"": ""08:00 - 00:00""}]",0838-3001-3260,-7.2643434,112.6970826,https://www.google.com/maps/place/Sentra+Wisata+Kuliner+Sukomanunggal/data=!4m7!3m6!1s0x2dd7fea15484ffff:0x7807438fad97b056!8m2!3d-7.2643434!4d112.6970826!16s%2Fg%2F11bwm70gy4!19sChIJ__-EVKH-1y0RVrCXrY9DB3g?authuser=0&hl=en&rclk=1,0,F&B,Indonesia.Batam.Kuliner.202406162232.db,places,out_of_batam_bounds
10632,Sentra makanan pocan,5.0,2,0,Brunch restaurant,,"MQ49+VJG, Jl. Raya Taman Asri, Palem, Wadungasri, Kec. Waru, Kabupaten Sidoarjo, Jawa Timur 61256","[{""day"": ""Sunday"", ""hours"": ""06:00 - 23:00""}, {""day"": ""Monday"", ""hours"": ""06:00 - 23:00""}, {""day"": ""Tuesday"", ""hours"": ""06:00 - 23:00""}, {""day"": ""Wednesday"", ""hours"": ""06:00 - 23:00""}, {""day"": ""Thursday"", ""hours"": ""06:00 - 23:00""}, {""day"": ""Friday"", ""hours"": ""06:00 - 23:00""}, {""day"": ""Saturday"", ""hours"": ""06:00 - 23:00""}]",,-7.3428241,112.7690784,"https://www.google.com/maps/place/Sentra+makanan+pocan/@-7.3428241,112.7690784,17z/data=!3m1!4b1!4m6!3m5!1s0x2dd7fb4b0f1165e7:0xa3720602d640714e!8m2!3d-7.3428241!4d112.7690784!16s%2Fg%2F11kqstd_9n?authuser=0&hl=en&entry=ttu&g_ep=EgoyMDI0MDgyOC4wIKXMDSoASAFQAw%3D%3D",0,F&B,Indonesia.Batam.Kuliner.202406162232.db,places,out_of_batam_bounds
10634,Wisata Kuliner Tanah Merah (Sentra Wisata Kuliner Tanah Merah Kenjeran),4.5,194,0,Food court,,"Jl. Tanah Merah Utara No.71, Tanah Kali Kedinding, Kec. Kenjeran, Surabaya, Jawa Timur 60129","[{""day"": ""Sunday"", ""hours"": ""07:08 - 21:08""}, {""day"": ""Monday"", ""hours"": ""07:08 - 21:08""}, {""day"": ""Tuesday"", ""hours"": ""07:08 - 21:08""}, {""day"": ""Wednesday"", ""hours"": ""07:08 - 21:08""}, {""day"": ""Thursday"", ""hours"": ""07:08 - 21:08""}, {""day"": ""Friday"", ""hours"": ""07:08 - 21:08""}, {""day"": ""Saturday"", ""hours"": ""07:08 - 21:08""}]",0819-3701-5845,-7.2266081,112.7684107,https://www.google.com/maps/place/Wisata+Kuliner+Tanah+Merah/data=!4m7!3m6!1s0x2dd7f9ab60aa8085:0x305de8d002dd4d1a!8m2!3d-7.2266081!4d112.7684107!16s%2Fg%2F11cjj09sbv!19sChIJhYCqYKv51y0RGk3dAtDoXTA?authuser=0&hl=en&rclk=1,0,F&B,Indonesia.Batam.Kuliner.202406162232.db,places,out_of_batam_bounds
10638,Sentra Kuliner BCC Blok O,4.6,80,0,Restaurant,,"Masjid Al Hidayah, seberang Jl. Bukit Cimanggu City Raya, RT.04/RW.11, Cibadak, Tanah Sereal, Bogor City, West Java 16166","[{""day"": ""Sunday"", ""hours"": ""07:00 - 23:30""}, {""day"": ""Monday"", ""hours"": ""07:00 - 23:30""}, {""day"": ""Tuesday"", ""hours"": ""07:00 - 23:30""}, {""day"": ""Wednesday"", ""hours"": ""07:00 - 23:30""}, {""day"": ""Thursday"", ""hours"": ""07:00 - 23:30""}, {""day"": ""Friday"", ""hours"": ""07:00 - 23:30""}, {""day"": ""Saturday"", ""hours"": ""07:00 - 23:30""}]",,-6.5439679,106.7820036,"https://www.google.com/maps/place/Sentra+Kuliner+BCC+Blok+O/@-6.5439679,106.7820036,17z/data=!3m1!4b1!4m6!3m5!1s0x2e69c3437fec004d:0x82db07d85ebb733a!8m2!3d-6.5439679!4d106.7820036!16s%2Fg%2F11ghnqm4j0?authuser=0&hl=en&entry=ttu&g_ep=EgoyMDI0MDgyOC4wIKXMDSoASAFQAw%3D%3D",0,F&B,Indonesia.Batam.Kuliner.202406162232.db,places,out_of_batam_bounds
10640,Wisata Kuliner Deles (Sentra Wisata Kuliner Deles),4.4,2885,0,Food court,,"Jl. Arief Rahman Hakim No.14, Keputih, Kec. Sukolilo, Surabaya, Jawa Timur 60117","[{""day"": ""Sunday"", ""hours"": ""10:00 - 23:00""}, {""day"": ""Monday"", ""hours"": ""10:00 - 23:00""}, {""day"": ""Tuesday"", ""hours"": ""10:00 - 23:00""}, {""day"": ""Wednesday"", ""hours"": ""10:00 - 23:00""}, {""day"": ""Thursday"", ""hours"": ""10:00 - 23:00""}, {""day"": ""Friday"", ""hours"": ""10:00 - 23:00""}, {""day"": ""Saturday"", ""hours"": ""10:00 - 23:00""}]",0822-3292-3145,-7.289812,112.783975,"https://www.google.com/maps/place/Wisata+Kuliner+Deles/@-7.289812,112.783975,17z/data=!3m1!4b1!4m6!3m5!1s0x2dd7fa422ce1357b:0x4fbb5799070778b5!8m2!3d-7.289812!4d112.783975!16s%2Fg%2F11b6tmp2d5?authuser=0&hl=en&entry=ttu&g_ep=EgoyMDI0MDgyOC4wIKXMDSoASAFQAw%3D%3D",0,F&B,Indonesia.Batam.Kuliner.202406162232.db,places,out_of_batam_bounds
10643,Sentra Kuliner Rajeg,5.0,7,0,Indonesian restaurant,,"VGHJ+2G7 Jalan Raya Mekarsari RT.04/RW.03 Kampung Priuk, Kec. Rajeg, Kabupaten Tangerang, Banten 15540","[{""day"": ""Sunday"", ""hours"": ""10:00 - 22:00""}, {""day"": ""Monday"", ""hours"": ""10:00 - 22:00""}, {""day"": ""Tuesday"", ""hours"": ""10:00 - 22:00""}, {""day"": ""Wednesday"", ""hours"": ""10:00 - 22:00""}, {""day"": ""Thursday"", ""hours"": ""10:00 - 22:00""}, {""day"": ""Friday"", ""hours"": ""10:00 - 22:00""}, {""day"": ""Saturday"", ""hours"": ""10:00 - 22:00""}]",0856-1941-601,-6.1224694,106.531286,"https://www.google.com/maps/place/Sentra+Kuliner+Rajeg/@-6.1224694,106.531286,17z/data=!3m1!4b1!4m6!3m5!1s0x2e41ff987c61ef27:0x434dd6b4a884fd3a!8m2!3d-6.1224694!4d106.531286!16s%2Fg%2F11svsb5yw4?authuser=0&hl=en&entry=ttu&g_ep=EgoyMDI0MDgyOC4wIKXMDSoASAFQAw%3D%3D",0,F&B,Indonesia.Batam.Kuliner.202406162232.db,places,out_of_batam_bounds
10650,Sentra Kuliner,5.0,3,0,Restaurant,,"QWF9+FR2, Menteng, Jekan Raya, Palangka Raya City, Central Kalimantan 74874","[{""day"": ""Sunday"", ""hours"": ""10:00 - 21:00""}, {""day"": ""Monday"", ""hours"": ""10:00 - 21:00""}, {""day"": ""Tuesday"", ""hours"": ""10:00 - 21:00""}, {""day"": ""Wednesday"", ""hours"": ""10:00 - 21:00""}, {""day"": ""Thursday"", ""hours"": ""10:00 - 21:00""}, {""day"": ""Friday"", ""hours"": ""10:00 - 21:00""}, {""day"": ""Saturday"", ""hours"": ""10:00 - 21:00""}]",,-2.2262753,113.9195065,"https://www.google.com/maps/place/Sentra+Kuliner/@-2.2262753,113.9195065,17z/data=!3m1!4b1!4m6!3m5!1s0x2dfcb33a0fa66e45:0xcae5af0213292118!8m2!3d-2.2262753!4d113.9195065!16s%2Fg%2F11ss8y9pbz?authuser=0&hl=en&entry=ttu&g_ep=EgoyMDI0MDgyOC4wIKXMDSoASAFQAw%3D%3D",0,F&B,Indonesia.Batam.Kuliner.202406162232.db,places,out_of_batam_bounds
10652,SENTRA KULINER SAWUNGGALING,4.8,19,0,Food court,,"Jl. Raya Sawunggaling No.173, Jemundo, Kec. Taman, Kabupaten Sidoarjo, Jawa Timur 61257","[{""day"": ""Sunday"", ""hours"": ""08:00 - 22:00""}, {""day"": ""Monday"", ""hours"": ""08:00 - 22:00""}, {""day"": ""Tuesday"", ""hours"": ""08:00 - 22:00""}, {""day"": ""Wednesday"", ""hours"": ""08:00 - 22:00""}, {""day"": ""Thursday"", ""hours"": ""08:00 - 22:00""}, {""day"": ""Friday"", ""hours"": ""08:00 - 22:00""}, {""day"": ""Saturday"", ""hours"": ""08:00 - 22:00""}]",,-7.3722857,112.6788595,https://www.google.com/maps/place/SENTRA+KULINER+SAWUNGGALING/data=!4m7!3m6!1s0x2dd7e35db8f7ae3d:0xaff9929db6cda14a!8m2!3d-7.3722857!4d112.6788595!16s%2Fg%2F11k4npvr1q!19sChIJPa73uF3j1y0RSqHNtp2S-a8?authuser=0&hl=en&rclk=1,0,F&B,Indonesia.Batam.Kuliner.202406162232.db,places,out_of_batam_bounds
10654,Sentra Wisata Kuliner Ketintang,4.4,122,0,Food court,,"Jl. Ketintang Baru I No.7, Ketintang, Kec. Gayungan, Surabaya, Jawa Timur 60231",[object Object],,-7.3185238,112.7295739,"https://www.google.com/maps/place/Sentra+Wisata+Kuliner+Ketintang/@-7.3185238,112.7295739,17z/data=!3m1!4b1!4m6!3m5!1s0x2dd7fb6fd1f49689:0xaa3ac49d4d092f61!8m2!3d-7.3185238!4d112.7295739!16s%2Fg%2F11cm0scc0k?authuser=0&hl=en&entry=ttu&g_ep=EgoyMDI0MDgyOC4wIKXMDSoASAFQAw%3D%3D",0,F&B,Indonesia.Batam.Kuliner.202406162232.db,places,out_of_batam_bounds
10657,Culinary Mulyorejo (Sentra Wisata Kuliner Mulyorejo),4.4,1447,0,Food court,,"Jl. Mulyorejo No.184, Mulyorejo, Kec. Mulyorejo, Surabaya, Jawa Timur 60115","[{""day"": ""Sunday"", ""hours"": ""06:00 - 23:00""}, {""day"": ""Monday"", ""hours"": ""06:00 - 23:00""}, {""day"": ""Tuesday"", ""hours"": ""06:00 - 23:00""}, {""day"": ""Wednesday"", ""hours"": ""06:00 - 23:00""}, {""day"": ""Thursday"", ""hours"": ""06:00 - 23:00""}, {""day"": ""Friday"", ""hours"": ""06:00 - 23:00""}, {""day"": ""Saturday"", ""hours"": ""06:00 - 23:00""}]",,-7.2627234,112.7854336,"https://www.google.com/maps/place/Culinary+Mulyorejo/@-7.2627234,112.7854336,17z/data=!3m1!4b1!4m6!3m5!1s0x2dd7f98adda85795:0xd4fba72d473d51f8!8m2!3d-7.2627234!4d112.7854336!16s%2Fg%2F11clydq8tc?authuser=0&hl=en&entry=ttu&g_ep=EgoyMDI0MDgyOC4wIKXMDSoASAFQAw%3D%3D",0,F&B,Indonesia.Batam.Kuliner.202406162232.db,places,out_of_batam_bounds
10661,Sentra Wisata Kuliner Terminal Manukan,4.5,292,0,Food court,,"Sentra Wisata Kuliner / PKL Terminal Manukan Stand No.2 dari Barat, Lontar, Kec. Sambikerep, Surabaya, Jawa Timur 60185","[{""day"": ""Sunday"", ""hours"": ""06:00 - 22:00""}, {""day"": ""Monday"", ""hours"": ""06:00 - 22:00""}, {""day"": ""Tuesday"", ""hours"": ""06:00 - 22:00""}, {""day"": ""Wednesday"", ""hours"": ""06:00 - 22:00""}, {""day"": ""Thursday"", ""hours"": ""06:00 - 22:00""}, {""day"": ""Friday"", ""hours"": ""06:00 - 22:00""}, {""day"": ""Saturday"", ""hours"": ""06:00 - 22:00""}]",,-7.2682654,112.6665108,"https://www.google.com/maps/place/Sentra+Wisata+Kuliner+Terminal+Manukan/@-7.2682654,112.6665108,17z/data=!3m1!4b1!4m6!3m5!1s0x2dd7fe7e33880247:0x301235ccc237160a!8m2!3d-7.2682654!4d112.6665108!16s%2Fg%2F11c58tfh5h?authuser=0&hl=en&entry=ttu&g_ep=EgoyMDI0MDgyOC4wIKXMDSoASAFQAw%3D%3D",0,F&B,Indonesia.Batam.Kuliner.202406162232.db,places,out_of_batam_bounds
10663,Wapo (Sentra PKL Indrapura),4.1,21,0,Brunch restaurant,,"Sentra PKL Indrapura Raya No. 1, Jl. Indrapura, Krembangan Sel., Kec. Krembangan, Surabaya, Jawa Timur 60175","[{""day"": ""Sunday"", ""hours"": ""08:00 - 16:00""}, {""day"": ""Monday"", ""hours"": ""08:00 - 16:00""}, {""day"": ""Tuesday"", ""hours"": ""08:00 - 16:00""}, {""day"": ""Wednesday"", ""hours"": ""08:00 - 16:00""}, {""day"": ""Thursday"", ""hours"": ""08:00 - 16:00""}, {""day"": ""Friday"", ""hours"": ""08:00 - 16:00""}, {""day"": ""Saturday"", ""hours"": ""08:00 - 16:00""}]",0853-5903-8876,-7.243839,112.736673,"https://www.google.com/maps/place/Wapo+(Sentra+PKL+Indrapura)/@-7.243839,112.736673,17z/data=!3m1!4b1!4m6!3m5!1s0x2dd7f93e5b3adb31:0x29ba0a0f3b519265!8m2!3d-7.243839!4d112.736673!16s%2Fg%2F11b6sp4hp_?authuser=0&hl=en&entry=ttu&g_ep=EgoyMDI0MDgyOC4wIKXMDSoASAFQAw%3D%3D",0,F&B,Indonesia.Batam.Kuliner.202406162232.db,places,out_of_batam_bounds
10664,SeKuL Sentra Kuliner Desa Mojoparon,4.3,42,0,Restaurant,,"Jl. Raya Rembang No.184, Balungbendo, Masangan, Kec. Bangil, Pasuruan, Jawa Timur 67153","[{""day"": ""Sunday"", ""hours"": ""09:00 - 00:00""}, {""day"": ""Monday"", ""hours"": ""09:00 - 00:00""}, {""day"": ""Tuesday"", ""hours"": ""09:00 - 00:00""}, {""day"": ""Wednesday"", ""hours"": ""09:00 - 00:00""}, {""day"": ""Thursday"", ""hours"": ""09:00 - 00:00""}, {""day"": ""Friday"", ""hours"": ""09:00 - 00:00""}, {""day"": ""Saturday"", ""hours"": ""09:00 - 00:00""}]",,-7.6046727,112.8123109,"https://www.google.com/maps/place/SeKuL+Sentra+Kuliner+Desa+Mojoparon/@-7.6046727,112.8123109,17z/data=!3m1!4b1!4m6!3m5!1s0x2dd7c5bf84a82f95:0xb16d31fdc09e35a4!8m2!3d-7.6046727!4d112.8123109!16s%2Fg%2F11kn02j6fs?authuser=0&hl=en&entry=ttu&g_ep=EgoyMDI0MDgyOC4wIKXMDSoASAFQAw%3D%3D",0,F&B,Indonesia.Batam.Kuliner.202406162232.db,places,out_of_batam_bounds
10667,Sentra Kuliner Kerto Emas,4.7,11,0,Food court,,"GHV8+4W2, Wonokerto Barat, Kedungwonokerto, Kec. Prambon, Kabupaten Sidoarjo, Jawa Timur",[object Object],,-7.4572296,112.5672792,"https://www.google.com/maps/place/Sentra+Kuliner+Kerto+Emas/@-7.4572296,112.5672792,17z/data=!3m1!4b1!4m6!3m5!1s0x2e780b8df9c2dafd:0xee8e9985b86c7d00!8m2!3d-7.4572296!4d112.5672792!16s%2Fg%2F11s4syzymg?authuser=0&hl=en&entry=ttu&g_ep=EgoyMDI0MDgyOC4wIKXMDSoASAFQAw%3D%3D",0,F&B,Indonesia.Batam.Kuliner.202406162232.db,places,out_of_batam_bounds
10670,DEPOT BU UGIK (Sentra PKL Indrapura),3.5,16,0,Diner,,"Sentra PKL Indrapura Raya No. 1, Jl. Indrapura, Krembangan Sel., Kec. Krembangan, Surabaya, Jawa Timur 60175",[object Object],0895-0731-0349,-7.2439342,112.7364926,"https://www.google.com/maps/place/DEPOT+BU+UGIK+(Sentra+PKL+Indrapura)/@-7.2439342,112.7364926,17z/data=!3m1!4b1!4m6!3m5!1s0x2dd7f93e5b3b3131:0x91f617a62be6a5a7!8m2!3d-7.2439342!4d112.7364926!16s%2Fg%2F11b6v6pkps?authuser=0&hl=en&entry=ttu&g_ep=EgoyMDI0MDgyOC4wIKXMDSoASAFQAw%3D%3D",0,F&B,Indonesia.Batam.Kuliner.202406162232.db,places,out_of_batam_bounds
10678,Waroenk Mak Sri,4.8,38,0,Restaurant,,"Ruko Sentra Niaga, Jl. Boulevard Hijau Raya No.16 Blok B2, RT.006/RW.030, Pejuang, Kec. Bekasi Barat, Kota Bks, Jawa Barat 17131",[object Object],0851-5055-4636,-6.186147,106.9811137,"https://www.google.com/maps/place/Waroenk+Mak+Sri/@-6.186147,106.9811137,17z/data=!3m1!4b1!4m6!3m5!1s0x2e698be0aefb2753:0xcca40f381270af1f!8m2!3d-6.186147!4d106.9811137!16s%2Fg%2F11jgjsz7bw?authuser=0&hl=en&entry=ttu&g_ep=EgoyMDI0MDgyOC4wIKXMDSoASAFQAw%3D%3D",0,F&B,Indonesia.Batam.Kuliner.202406162232.db,places,out_of_batam_bounds
10681,Sentra Wisata Kuliner Manukan Lor,4.5,133,0,Food court,,"Jl. Manukan Lor II, Manukan Kulon, Kec. Tandes, Surabaya, Jawa Timur 60185","[{""day"": ""Sunday"", ""hours"": ""07:00 - 22:00""}, {""day"": ""Monday"", ""hours"": ""07:00 - 22:00""}, {""day"": ""Tuesday"", ""hours"": ""07:00 - 22:00""}, {""day"": ""Wednesday"", ""hours"": ""07:00 - 22:00""}, {""day"": ""Thursday"", ""hours"": ""07:00 - 22:00""}, {""day"": ""Friday"", ""hours"": ""07:00 - 22:00""}, {""day"": ""Saturday"", ""hours"": ""07:00 - 22:00""}]",,-7.2594547,112.6633408,"https://www.google.com/maps/place/Sentra+Wisata+Kuliner+Manukan+Lor/@-7.2594547,112.6633408,17z/data=!3m1!4b1!4m6!3m5!1s0x2dd7fe630796250b:0x163b7ff9d7a96d83!8m2!3d-7.2594547!4d112.6633408!16s%2Fg%2F11bztf67d6?authuser=0&hl=en&entry=ttu&g_ep=EgoyMDI0MDgyOC4wIKXMDSoASAFQAw%3D%3D",0,F&B,Indonesia.Batam.Kuliner.202406162232.db,places,out_of_batam_bounds
10683,Sentra Kuliner Sukorame,4.9,7,0,Nasi restaurant,,"XPHF+W7J, Jl. Raya Pandaan, Pandaan, Pandanajeng, Kec. Tumpang, Kabupaten Malang, Jawa Timur 65156","[{""day"": ""Sunday"", ""hours"": ""07:30 - 22:00""}, {""day"": ""Monday"", ""hours"": ""08:00 - 22:00""}, {""day"": ""Tuesday"", ""hours"": ""08:00 - 22:30""}, {""day"": ""Wednesday"", ""hours"": ""08:00 - 22:30""}, {""day"": ""Thursday"", ""hours"": ""08:00 - 22:30""}, {""day"": ""Friday"", ""hours"": ""08:00 - 22:30""}, {""day"": ""Saturday"", ""hours"": ""08:00 - 22:30""}]",0857-4857-7599,-8.0201512,112.7231769,"https://www.google.com/maps/place/Sentra+Kuliner+Sukorame/@-8.0201512,112.7231769,17z/data=!3m1!4b1!4m6!3m5!1s0x2dd625258df3eebd:0xfc12ab9597e6ca58!8m2!3d-8.0201512!4d112.7231769!16s%2Fg%2F11t2sx04_5?authuser=0&hl=en&entry=ttu&g_ep=EgoyMDI0MDgyOC4wIKXMDSoASAFQAw%3D%3D",0,F&B,Indonesia.Batam.Kuliner.202406162232.db,places,out_of_batam_bounds
10685,Has Fried Chicken,4.3,21,0,Chicken restaurant,,"Ruko Sentra Cikarang, Jl. Raya Cikarang - Cibarusah, Sukaresmi, Cikarang, Kabupaten Bekasi, Jawa Barat 17550","[{""day"": ""Sunday"", ""hours"": ""08:00 - 22:00""}, {""day"": ""Monday"", ""hours"": ""08:00 - 22:00""}, {""day"": ""Tuesday"", ""hours"": ""08:00 - 22:00""}, {""day"": ""Wednesday"", ""hours"": ""08:00 - 22:00""}, {""day"": ""Thursday"", ""hours"": ""08:00 - 22:00""}, {""day"": ""Friday"", ""hours"": ""08:00 - 22:00""}, {""day"": ""Saturday"", ""hours"": ""08:00 - 22:00""}]",(021) 95681473,-6.3188305,107.1362163,"https://www.google.com/maps/place/Has+Fried+Chicken/@-6.3188305,107.1362163,17z/data=!3m1!4b1!4m6!3m5!1s0x2e699aeffa3aa30f:0x34a355934a15b168!8m2!3d-6.3188305!4d107.1362163!16s%2Fg%2F1pzscbl8m?authuser=0&hl=en&entry=ttu&g_ep=EgoyMDI0MDgyOC4wIKXMDSoASAFQAw%3D%3D",0,F&B,Indonesia.Batam.Kuliner.202406162232.db,places,out_of_batam_bounds
10692,Sentra Kuliner Mabes  Al-Mukhlasin sukorejo,4.6,91,0,Corporate office,,"Jl. Raya Sukorejo No.21, Glatik Wetan, Glagahsari, Kec. Sukorejo, Pasuruan, Jawa Timur 67161",[object Object],,-7.7197388,112.7192396,https://www.google.com/maps/place/Sentra+Kuliner+Mabes.+Al-Mukhlasin+sukorejo/data=!4m7!3m6!1s0x2dd7d12c411cad59:0xa29168844549ee26!8m2!3d-7.7197388!4d112.7192396!16s%2Fg%2F11g87hbxs5!19sChIJWa0cQSzR1y0RJu5JRYRokaI?authuser=0&hl=en&rclk=1,0,F&B,Indonesia.Batam.Kuliner.202406162232.db,places,out_of_batam_bounds
10693,Sriwijaya Culinary Center (Sentra Kuliner Sriwijaya),4.3,581,0,Food court,,"2JCP+JJ8, Jl. Sriwijaya No.3, Kiduldalem, Kec. Klojen, Kota Malang, Jawa Timur 65119",[object Object],,-7.9785158,112.6364204,"https://www.google.com/maps/place/Sriwijaya+Culinary+Center/@-7.9785158,112.6364204,17z/data=!3m1!4b1!4m6!3m5!1s0x2dd6283c3845c895:0x8aa9ad2db1fb58a1!8m2!3d-7.9785158!4d112.6364204!16s%2Fg%2F11dxhdpkqd?authuser=0&hl=en&entry=ttu&g_ep=EgoyMDI0MDgyOC4wIKXMDSoASAFQAw%3D%3D",0,F&B,Indonesia.Batam.Kuliner.202406162232.db,places,out_of_batam_bounds
10695,Sentra Kuliner Veteran Brigjen Katamso,4.5,20,0,Restaurant,,"Magero, Central Sragen, Sragen, Sragen Regency, Central Java 57211","[{""day"": ""Sunday"", ""hours"": ""07:30 - 15:00""}, {""day"": ""Monday"", ""hours"": ""11:00 - 20:00""}, {""day"": ""Tuesday"", ""hours"": ""11:00 - 20:00""}, {""day"": ""Wednesday"", ""hours"": ""11:00 - 20:00""}, {""day"": ""Thursday"", ""hours"": ""11:00 - 20:00""}, {""day"": ""Friday"", ""hours"": ""11:00 - 20:00""}, {""day"": ""Saturday"", ""hours"": ""11:00 - 20:00""}]",,-7.4313244,111.0236773,https://www.google.com/maps/place/Sentra+Kuliner+Veteran+Brigjen+Katamso/data=!4m7!3m6!1s0x2e7a032d7a2e23d3:0x3cfc58bc2d74280b!8m2!3d-7.4313244!4d111.0236773!16s%2Fg%2F11qmzqh0v4!19sChIJ0yMuei0Dei4RCyh0LbxY_Dw?authuser=0&hl=en&rclk=1,0,F&B,Indonesia.Batam.Kuliner.202406162232.db,places,out_of_batam_bounds
10701,Sentra Kuliner Kadipaten,3.9,35,0,Nasi goreng restaurant,,"Jl. Bandung - Palimanan No.867, Dawuan, Kec. Dawuan, Kabupaten Majalengka, Jawa Barat 45453","[{""day"": ""Sunday"", ""hours"": ""08:00 - 22:00""}, {""day"": ""Monday"", ""hours"": ""08:00 - 22:00""}, {""day"": ""Tuesday"", ""hours"": ""08:00 - 22:00""}, {""day"": ""Wednesday"", ""hours"": ""08:00 - 22:00""}, {""day"": ""Thursday"", ""hours"": ""08:00 - 22:00""}, {""day"": ""Friday"", ""hours"": ""08:00 - 22:00""}, {""day"": ""Saturday"", ""hours"": ""08:00 - 22:00""}]",(0233) 8667361,-6.7662129,108.1749691,"https://www.google.com/maps/place/Sentra+Kuliner+Kadipaten/@-6.7662129,108.1749691,17z/data=!3m1!4b1!4m6!3m5!1s0x2e6f29b90bcd8783:0x2cd4b39cddc752d1!8m2!3d-6.7662129!4d108.1749691!16s%2Fg%2F11g8tz1k_c?authuser=0&hl=en&entry=ttu&g_ep=EgoyMDI0MDgyOC4wIKXMDSoASAFQAw%3D%3D",0,F&B,Indonesia.Batam.Kuliner.202406162232.db,places,out_of_batam_bounds
10706,Sentra Wisata Kuliner Guminto Suramadu,4.7,38,0,Food court,,"Jl. Bandarejo No.V, Bulak Banteng, Kec. Kenjeran, Surabaya, Jawa Timur 60127",[object Object],0857-3287-5243,-7.2080615,112.762119,"https://www.google.com/maps/place/Sentra+Wisata+Kuliner+Guminto+Suramadu/@-7.2080615,112.762119,17z/data=!3m1!4b1!4m6!3m5!1s0x2dd7f923b66a3113:0x76b6be2ed05061b7!8m2!3d-7.2080615!4d112.762119!16s%2Fg%2F11t348mk7_?authuser=0&hl=en&entry=ttu&g_ep=EgoyMDI0MDgyOC4wIKXMDSoASAFQAw%3D%3D",0,F&B,Indonesia.Batam.Kuliner.202406162232.db,places,out_of_batam_bounds
10710,Sentral Kuliner,4.9,97,0,Restaurant,,"Ruko Newton Barat No.10, Curug Sangereng, Kec. Klp. Dua, Kabupaten Tangerang, Banten","[{""day"": ""Sunday"", ""hours"": ""07:00 - 21:00""}, {""day"": ""Monday"", ""hours"": ""07:00 - 21:00""}, {""day"": ""Tuesday"", ""hours"": ""07:00 - 21:00""}, {""day"": ""Wednesday"", ""hours"": ""07:00 - 21:00""}, {""day"": ""Thursday"", ""hours"": ""07:00 - 21:00""}, {""day"": ""Friday"", ""hours"": ""07:00 - 21:00""}, {""day"": ""Saturday"", ""hours"": ""07:00 - 21:00""}]",0812-9572-1914,-6.2551455,106.6149104,"https://www.google.com/maps/place/Sentral+Kuliner/@-6.2551455,106.6149104,17z/data=!3m1!4b1!4m6!3m5!1s0x2e69fd439fc749bf:0x470562d2450a6b4c!8m2!3d-6.2551455!4d106.6149104!16s%2Fg%2F11vt2z007w?authuser=0&hl=en&entry=ttu&g_ep=EgoyMDI0MDgyOC4wIKXMDSoASAFQAw%3D%3D",0,F&B,Indonesia.Batam.Kuliner.202406162232.db,places,out_of_batam_bounds
10713,PKL centers Villa Bukit Mas (Sentra Wisata Kuliner Villa Bukit Mas),4.3,353,0,Food court,,"MPX4+WW5, Jl. Villa Bukit Mas, Dukuh Pakis, Kec. Dukuhpakis, Surabaya, Jawa Timur 60225",[object Object],,-7.300234,112.707352,https://www.google.com/maps/place/PKL+centers+Villa+Bukit+Mas/data=!4m7!3m6!1s0x2dd7fc7a69fce6ab:0x94e58891a5e676c6!8m2!3d-7.300234!4d112.707352!16s%2Fg%2F11b6bj4h43!19sChIJq-b8aXr81y0RxnbmpZGI5ZQ?authuser=0&hl=en&rclk=1,0,F&B,Indonesia.Batam.Kuliner.202406162232.db,places,out_of_batam_bounds
10714,SKJ ( Sentra Kuliner Jerukgamping),4.6,18,0,Brunch restaurant,,"HHMQ+QCW, Jl. Asparaga Gamping Tengah, Gamping Kulon, Jerukgamping, Kec. Krian, Kabupaten Sidoarjo, Jawa Timur 61262",[object Object],,-7.4155014,112.5885755,https://www.google.com/maps/place/SKJ+%28+Sentra+Kuliner+Jerukgamping%29/data=!4m7!3m6!1s0x2e780960830a5bed:0x1541984c2a8a7b3f!8m2!3d-7.4155014!4d112.5885755!16s%2Fg%2F11lrsb0zr5!19sChIJ7VsKg2AJeC4RP3uKKkyYQRU?authuser=0&hl=en&rclk=1,0,F&B,Indonesia.Batam.Kuliner.202406162232.db,places,out_of_batam_bounds
10717,Rawon Kalkulator,4.4,8002,0,Soto restaurant,,"Sentra PKL Tamam Bungkul, Jl. Raya Darmo, Darmo, Kec. Wonokromo, Surabaya, Jawa Timur 60241","[{""day"": ""Sunday"", ""hours"": ""09:00 - 03:00""}, {""day"": ""Monday"", ""hours"": ""09:00 - 03:00""}, {""day"": ""Tuesday"", ""hours"": ""09:00 - 03:00""}, {""day"": ""Wednesday"", ""hours"": ""09:00 - 03:00""}, {""day"": ""Thursday"", ""hours"": ""09:00 - 03:00""}, {""day"": ""Friday"", ""hours"": ""09:00 - 03:00""}, {""day"": ""Saturday"", ""hours"": ""09:00 - 03:00""}]",(031) 5661784,-7.2918496,112.7401047,"https://www.google.com/maps/place/Rawon+Kalkulator/@-7.2918496,112.7401047,17z/data=!3m1!4b1!4m6!3m5!1s0x2dd7fbbe23d5a7e1:0xd3486fa5af94b650!8m2!3d-7.2918496!4d112.7401047!16s%2Fg%2F1pzrq3qkb?authuser=0&hl=en&entry=ttu&g_ep=EgoyMDI0MDgyOC4wIKXMDSoASAFQAw%3D%3D",0,F&B,Indonesia.Batam.Kuliner.202406162232.db,places,out_of_batam_bounds
10719,Sentra Kuliner BCC Blok M,4.0,5,0,Udon noodle restaurant,,"seberang Marcopolo, Jl. Bukit Cimanggu City Raya Blok M, RT.05/RW.11, Cibadak, Tanah Sereal, Bogor City, West Java 16166","[{""day"": ""Sunday"", ""hours"": ""08:00 - 22:00""}, {""day"": ""Monday"", ""hours"": ""08:00 - 22:00""}, {""day"": ""Tuesday"", ""hours"": ""08:00 - 22:00""}, {""day"": ""Wednesday"", ""hours"": ""08:00 - 22:00""}, {""day"": ""Thursday"", ""hours"": ""08:00 - 22:00""}, {""day"": ""Friday"", ""hours"": ""08:00 - 22:00""}, {""day"": ""Saturday"", ""hours"": ""08:00 - 22:30""}]",0818-0825-4141,-6.5468556,106.7817272,"https://www.google.com/maps/place/Sentra+Kuliner+BCC+Blok+M/@-6.5468556,106.7817272,17z/data=!3m1!4b1!4m6!3m5!1s0x2e69c5b13e541d5d:0xefbecea621d45d10!8m2!3d-6.5468556!4d106.7817272!16s%2Fg%2F11f61gpw1h?authuser=0&hl=en&entry=ttu&g_ep=EgoyMDI0MDgyOC4wIKXMDSoASAFQAw%3D%3D",0,F&B,Indonesia.Batam.Kuliner.202406162232.db,places,out_of_batam_bounds
10723,Sentra Wisata Kuliner (SWK) PEGIRIAN,4.3,185,0,Food court,,"QPCW+F7R, Jl. Pegirian, Ampel, Kec. Semampir, Surabaya, Jawa Timur 60151","[{""day"": ""Sunday"", ""hours"": ""10:00 - 22:00""}, {""day"": ""Monday"", ""hours"": ""10:00 - 22:00""}, {""day"": ""Tuesday"", ""hours"": ""10:00 - 22:00""}, {""day"": ""Wednesday"", ""hours"": ""10:00 - 22:00""}, {""day"": ""Thursday"", ""hours"": ""10:00 - 22:00""}, {""day"": ""Friday"", ""hours"": ""10:00 - 22:00""}, {""day"": ""Saturday"", ""hours"": ""10:00 - 22:00""}]",,-7.2287568,112.7456364,"https://www.google.com/maps/place/Sentra+Wisata+Kuliner+(SWK)+PEGIRIAN/@-7.2287568,112.7456364,17z/data=!3m1!4b1!4m6!3m5!1s0x2dd7f9d207616671:0x7701b927a73ded41!8m2!3d-7.2287568!4d112.7456364!16s%2Fg%2F11hzm043g6?authuser=0&hl=en&entry=ttu&g_ep=EgoyMDI0MDgyOC4wIKXMDSoASAFQAw%3D%3D",0,F&B,Indonesia.Batam.Kuliner.202406162232.db,places,out_of_batam_bounds
10725,Foodcourt Urip Sumoharjo (Sentra Wisata Kuliner Urip Sumoharjo),4.1,2134,0,Food court,,"Jl. Urip Sumoharjo No.46-48, Embong Kaliasin, Kec. Genteng, Surabaya, Jawa Timur 60271","[{""day"": ""Sunday"", ""hours"": ""10:00 - 00:00""}, {""day"": ""Monday"", ""hours"": ""10:00 - 00:00""}, {""day"": ""Tuesday"", ""hours"": ""10:00 - 00:00""}, {""day"": ""Wednesday"", ""hours"": ""10:00 - 00:00""}, {""day"": ""Thursday"", ""hours"": ""10:00 - 00:00""}, {""day"": ""Friday"", ""hours"": ""10:00 - 00:00""}, {""day"": ""Saturday"", ""hours"": ""10:00 - 00:00""}]",0813-3091-0202,-7.2747433,112.7415447,"https://www.google.com/maps/place/Foodcourt+Urip+Sumoharjo/@-7.2747433,112.7415447,17z/data=!3m1!4b1!4m6!3m5!1s0x2dd7fbdd1cc165e9:0xdd353d00a826c0e8!8m2!3d-7.2747433!4d112.7415447!16s%2Fg%2F11bvt1ndfb?authuser=0&hl=en&entry=ttu&g_ep=EgoyMDI0MDgyOC4wIKXMDSoASAFQAw%3D%3D",0,F&B,Indonesia.Batam.Kuliner.202406162232.db,places,out_of_batam_bounds
10732,Sentra Wisata Kuliner Dukuh Menanggal,4.3,202,0,Food court,,"Jl. Dukuh Menanggal No.1A, Dukuh Menanggal, Kec. Gayungan, Surabaya, Jawa Timur 60234",[object Object],0821-3269-2725,-7.3436613,112.7277249,"https://www.google.com/maps/place/Sentra+Wisata+Kuliner+Dukuh+Menanggal/@-7.3436613,112.7277249,17z/data=!3m1!4b1!4m6!3m5!1s0x2dd7fb4dfab7c487:0xfc161629cb0e0ab!8m2!3d-7.3436613!4d112.7277249!16s%2Fg%2F11b6dfylp0?authuser=0&hl=en&entry=ttu&g_ep=EgoyMDI0MDgyOC4wIKXMDSoASAFQAw%3D%3D",0,F&B,Indonesia.Batam.Kuliner.202406162232.db,places,out_of_batam_bounds
10736,Sentra Kuliner dan Transit Wisata Dieng,5.0,1,0,Indonesian restaurant,,"JXC2+RC6, Jl. Raya Brengkok - Banjarnegara No.Road, Siyono, Ngadikusuman, Kec. Kertek, Kabupaten Wonosobo, Jawa Tengah 56371",[object Object],0852-9153-5757,-7.3779693,109.9510307,"https://www.google.com/maps/place/Sentra+Kuliner+dan+Transit+Wisata+Dieng/@-7.3779693,109.9510307,17z/data=!3m1!4b1!4m6!3m5!1s0x2e7a9f9ceb9072b7:0xe97306dc700ff65d!8m2!3d-7.3779693!4d109.9510307!16s%2Fg%2F11jdfk0821?authuser=0&hl=en&entry=ttu&g_ep=EgoyMDI0MDgyOC4wIKXMDSoASAFQAw%3D%3D",0,F&B,Indonesia.Batam.Kuliner.202406162232.db,places,out_of_batam_bounds
10738,FOODCITY GRAND GALAXY CITY,4.6,1002,0,Food court,,"Ruko Sentra Komersial Blok RSN 5 No.50 Grand Galaxy City, Jl. Boulevard Raya, RT.004/RW.017, Jaka Setia, Kec. Bekasi Sel., Kota Bks, Jawa Barat 17147","[{""day"": ""Sunday"", ""hours"": ""05:30 - 22:30""}, {""day"": ""Monday"", ""hours"": ""09:00 - 22:00""}, {""day"": ""Tuesday"", ""hours"": ""09:00 - 22:00""}, {""day"": ""Wednesday"", ""hours"": ""09:00 - 22:00""}, {""day"": ""Thursday"", ""hours"": ""09:00 - 22:00""}, {""day"": ""Friday"", ""hours"": ""10:30 - 22:00""}, {""day"": ""Saturday"", ""hours"": ""05:30 - 22:30""}]",0811-189-275,-6.274167,106.9762567,"https://www.google.com/maps/place/FOODCITY+GRAND+GALAXY+CITY/@-6.274167,106.9762567,17z/data=!3m1!4b1!4m6!3m5!1s0x2e698df5aa5364c7:0xa23c02f856075c61!8m2!3d-6.274167!4d106.9762567!16s%2Fg%2F11fp32dqyv?authuser=0&hl=en&entry=ttu&g_ep=EgoyMDI0MDgyOC4wIKXMDSoASAFQAw%3D%3D",0,F&B,Indonesia.Batam.Kuliner.202406162232.db,places,out_of_batam_bounds
10742,SENTRA KULINER GANDARIA,4.5,140,0,Food court,,"Jl. KH. Moh. Syafi'i Hadzami No.8A 7, RT.7/RW.6, Kby. Lama Utara, Kec. Kby. Lama, Kota Jakarta Selatan, Daerah Khusus Ibukota Jakarta 12240","[{""day"": ""Sunday"", ""hours"": ""09:00 - 22:00""}, {""day"": ""Monday"", ""hours"": ""09:00 - 22:00""}, {""day"": ""Tuesday"", ""hours"": ""09:00 - 22:00""}, {""day"": ""Wednesday"", ""hours"": ""09:00 - 22:00""}, {""day"": ""Thursday"", ""hours"": ""09:00 - 22:00""}, {""day"": ""Friday"", ""hours"": ""09:00 - 22:00""}, {""day"": ""Saturday"", ""hours"": ""09:00 - 22:00""}]",0895-1760-4655,-6.2458746,106.7835455,"https://www.google.com/maps/place/SENTRA+KULINER+GANDARIA/@-6.2458746,106.7835455,17z/data=!3m1!4b1!4m6!3m5!1s0x2e69f12a411bda57:0xd0f7c01f42b9b5fb!8m2!3d-6.2458746!4d106.7835455!16s%2Fg%2F11kl9ndb3f?authuser=0&hl=en&entry=ttu&g_ep=EgoyMDI0MDgyOC4wIKXMDSoASAFQAw%3D%3D",0,F&B,Indonesia.Batam.Kuliner.202406162232.db,places,out_of_batam_bounds
10743,BAKSO NORJO sentra kuliner wonorejo kebun bibit2 WONOREJO-RUNGKUT,4.6,12,0,Bakso restaurant,,"Jl. Raya Kendalsari, Wonorejo, Kec. Rungkut, Surabaya, Jawa Timur 60297",[object Object],0818-523-155,-7.3123776,112.7889324,"https://www.google.com/maps/place/BAKSO+NORJO.sentra+kuliner+wonorejo%2Fkebun+bibit2.WONOREJO-RUNGKUT/@-7.3123776,112.7889324,17z/data=!3m1!4b1!4m6!3m5!1s0x2dd7fa8d1d8b235d:0x68ca8b56947ecf97!8m2!3d-7.3123776!4d112.7889324!16s%2Fg%2F11c3t2w6zs?authuser=0&hl=en&entry=ttu&g_ep=EgoyMDI0MDgyOC4wIKXMDSoASAFQAw%3D%3D",0,F&B,Indonesia.Batam.Kuliner.202406162232.db,places,out_of_batam_bounds
10745,Sentra Kuliner Rewwin RW IX  Wedoro Sidoarjo,4.7,421,0,Food court,,"Wedoro, Waru, Sidoarjo Regency, East Java 61256","[{""day"": ""Sunday"", ""hours"": ""10:00 - 00:00""}, {""day"": ""Monday"", ""hours"": ""10:00 - 00:00""}, {""day"": ""Tuesday"", ""hours"": ""10:00 - 00:00""}, {""day"": ""Wednesday"", ""hours"": ""10:00 - 00:00""}, {""day"": ""Thursday"", ""hours"": ""10:00 - 00:00""}, {""day"": ""Friday"", ""hours"": ""10:00 - 00:00""}, {""day"": ""Saturday"", ""hours"": ""10:00 - 00:00""}]",0812-3016-534,-7.3466484,112.7477522,"https://www.google.com/maps/place/Sentra+Kuliner+Rewwin+RW+IX,+Wedoro+Sidoarjo/@-7.3466484,112.7477522,17z/data=!3m1!4b1!4m6!3m5!1s0x2dd7fb9a15e75779:0x7ebbe148fc5f880!8m2!3d-7.3466484!4d112.7477522!16s%2Fg%2F11h42p2z73?authuser=0&hl=en&entry=ttu&g_ep=EgoyMDI0MDgyOC4wIKXMDSoASAFQAw%3D%3D",0,F&B,Indonesia.Batam.Kuliner.202406162232.db,places,out_of_batam_bounds
10746,Sentra Kuliner KBS,5.0,2,0,Restaurant,,"PP4P+8JH, Darmo, Wonokromo, Surabaya, East Java 60241",[object Object],,-7.2941979,112.7366171,"https://www.google.com/maps/place/Sentra+Kuliner+KBS/@-7.2941979,112.7366171,17z/data=!3m1!4b1!4m6!3m5!1s0x2dd7fbf9c74d7507:0x5c1d53fb8ae46a1b!8m2!3d-7.2941979!4d112.7366171!16s%2Fg%2F11fr10l04w?authuser=0&hl=en&entry=ttu&g_ep=EgoyMDI0MDgyOC4wIKXMDSoASAFQAw%3D%3D",0,F&B,Indonesia.Batam.Kuliner.202406162232.db,places,out_of_batam_bounds
10753,Kapas Krampung Street Food Culinary Center  Surabaya (Sentra Wisata Kuliner Kapas Krampung),4.3,870,0,Food court,,"Jl. Raya Karang Asem No.58-60, Ploso, Kec. Tambaksari, Surabaya, Jawa Timur 60133","[{""day"": ""Sunday"", ""hours"": ""10:00 - 23:00""}, {""day"": ""Monday"", ""hours"": ""10:00 - 23:00""}, {""day"": ""Tuesday"", ""hours"": ""10:00 - 23:00""}, {""day"": ""Wednesday"", ""hours"": ""10:00 - 23:00""}, {""day"": ""Thursday"", ""hours"": ""10:00 - 23:00""}, {""day"": ""Friday"", ""hours"": ""10:00 - 23:00""}, {""day"": ""Saturday"", ""hours"": ""10:00 - 23:00""}]",0819-3607-4664,-7.252782,112.7670666,"https://www.google.com/maps/place/Kapas+Krampung+Street+Food+Culinary+Center,+Surabaya/@-7.252782,112.7670666,17z/data=!3m1!4b1!4m6!3m5!1s0x2dd7f99c5c107609:0x29d363e56fe4453a!8m2!3d-7.252782!4d112.7670666!16s%2Fg%2F11c325y6rd?authuser=0&hl=en&entry=ttu&g_ep=EgoyMDI0MDgyOC4wIKXMDSoASAFQAw%3D%3D",0,F&B,Indonesia.Batam.Kuliner.202406162232.db,places,out_of_batam_bounds
10756,Sentra Kuliner Puncak (Centra Kuliner Sari Barokah),4.1,64,0,Restaurant,,"Puncak Rd No.KM. 79, Leuwimalang, Cisarua, Bogor Regency, West Java 16750","[{""day"": ""Sunday"", ""hours"": ""09:00 - 22:00""}, {""day"": ""Monday"", ""hours"": ""09:00 - 22:00""}, {""day"": ""Tuesday"", ""hours"": ""09:00 - 22:00""}, {""day"": ""Wednesday"", ""hours"": ""09:00 - 22:00""}, {""day"": ""Thursday"", ""hours"": ""09:00 - 22:00""}, {""day"": ""Friday"", ""hours"": ""09:00 - 22:00""}, {""day"": ""Saturday"", ""hours"": ""09:00 - 22:00""}]",0812-8931-1031,-6.6706526,106.926635,https://www.google.com/maps/place/Sentra+Kuliner+Puncak/data=!4m7!3m6!1s0x2e69b63183c7f4f9:0x2ffa38c794945a36!8m2!3d-6.6706526!4d106.926635!16s%2Fg%2F11f1tk7plz!19sChIJ-fTHgzG2aS4RNlqUlMc4-i8?authuser=0&hl=en&rclk=1,0,F&B,Indonesia.Batam.Kuliner.202406162232.db,places,out_of_batam_bounds
10758,Aiola Eatery,4.5,9633,0,Food court,,"Jl. Slamet No.16, Ketabang, Kec. Genteng, Surabaya, Jawa Timur 60272","[{""day"": ""Sunday"", ""hours"": ""09:00 - 23:00""}, {""day"": ""Monday"", ""hours"": ""09:00 - 23:00""}, {""day"": ""Tuesday"", ""hours"": ""09:00 - 23:00""}, {""day"": ""Wednesday"", ""hours"": ""09:00 - 23:00""}, {""day"": ""Thursday"", ""hours"": ""09:00 - 23:00""}, {""day"": ""Friday"", ""hours"": ""09:00 - 23:00""}, {""day"": ""Saturday"", ""hours"": ""09:00 - 23:00""}]",0812-5989-2882,-7.258743,112.7502734,"https://www.google.com/maps/place/Aiola+Eatery/@-7.258743,112.7502734,17z/data=!3m1!4b1!4m6!3m5!1s0x2dd7f9652618dd89:0x44d789bb4b69e7bf!8m2!3d-7.258743!4d112.7502734!16s%2Fg%2F11b69vppl0?authuser=0&hl=en&entry=ttu&g_ep=EgoyMDI0MDgyOC4wIKXMDSoASAFQAw%3D%3D",0,F&B,Indonesia.Batam.Kuliner.202406162232.db,places,out_of_batam_bounds
10760,Sentra Kuliner Pom Dinoyo Surabaya,5.0,1,0,Fast food restaurant,,"Jl. Dinoyo No.108, RT.003/RW.03, Keputran, Kec. Tegalsari, Surabaya, Jawa Timur 60265",[object Object],,-7.2860532,112.7452711,"https://www.google.com/maps/place/Sentra+Kuliner+Pom+Dinoyo+Surabaya/@-7.2860532,112.7452711,17z/data=!3m1!4b1!4m6!3m5!1s0x2dd7fb0a499c7dc9:0xcb48e7c5bbf47023!8m2!3d-7.2860532!4d112.7452711!16s%2Fg%2F11trtbzyby?authuser=0&hl=en&entry=ttu&g_ep=EgoyMDI0MDgyOC4wIKXMDSoASAFQAw%3D%3D",0,F&B,Indonesia.Batam.Kuliner.202406162232.db,places,out_of_batam_bounds
10763,Mr Sumo Harapan Indah (Mr Sumo - BEKASI),4.7,7879,0,Grill,,"Kav. Sentra Kuliner, Jl. Harapan Indah Raya Blok 2 L, RT.004/RW.010, Medan Satria, Bekasi, West Java 17132","[{""day"": ""Sunday"", ""hours"": ""11:00 - 22:00""}, {""day"": ""Monday"", ""hours"": ""11:00 - 22:00""}, {""day"": ""Tuesday"", ""hours"": ""11:00 - 22:00""}, {""day"": ""Wednesday"", ""hours"": ""11:00 - 22:00""}, {""day"": ""Thursday"", ""hours"": ""11:00 - 22:00""}, {""day"": ""Friday"", ""hours"": ""11:00 - 22:00""}, {""day"": ""Saturday"", ""hours"": ""11:00 - 22:00""}]",0811-3234-888,-6.1891115,106.9756062,"https://www.google.com/maps/place/Mr.Sumo+Harapan+Indah/@-6.1891115,106.9756062,17z/data=!3m1!4b1!4m6!3m5!1s0x2e698b9b091735d1:0x9926d35756f230b9!8m2!3d-6.1891115!4d106.9756062!16s%2Fg%2F11hzyppspf?authuser=0&hl=en&entry=ttu&g_ep=EgoyMDI0MDgyOC4wIKXMDSoASAFQAw%3D%3D",0,F&B,Indonesia.Batam.Kuliner.202406162232.db,places,out_of_batam_bounds
10767,Foodcourt Kulineri,3.5,6,0,Indonesian restaurant,,"Juanda International Airport, Terminal 1, Jl. Raya Ir. H.Juanda Lt.2 Gate 8, Segoro Tambak, Kec. Sedati, Kabupaten Sidoarjo, Jawa Timur 61253","[{""day"": ""Sunday"", ""hours"": ""04:00 - 20:00""}, {""day"": ""Monday"", ""hours"": ""04:00 - 20:00""}, {""day"": ""Tuesday"", ""hours"": ""04:00 - 20:00""}, {""day"": ""Wednesday"", ""hours"": ""04:00 - 20:00""}, {""day"": ""Thursday"", ""hours"": ""04:00 - 20:00""}, {""day"": ""Friday"", ""hours"": ""04:00 - 20:00""}, {""day"": ""Saturday"", ""hours"": ""04:00 - 20:00""}]",0812-5220-7083,-7.3748615,112.7948619,https://www.google.com/maps/place/Foodcourt+Kulineri/data=!4m7!3m6!1s0x2dd7e5e1048d471d:0xb9ca1694db46a4c9!8m2!3d-7.3748615!4d112.7948619!16s%2Fg%2F11ssq36vry!19sChIJHUeNBOHl1y0RyaRG25QWyrk?authuser=0&hl=en&rclk=1,0,F&B,Indonesia.Batam.Kuliner.202406162232.db,places,out_of_batam_bounds
10768,Sentra Kuliner Taman Tirtonadi,4.0,12,0,Food court,,"2CG8+CWR, Jl.Sudarman, Mlangsen, Kec. Blora, Kabupaten Blora, Jawa Tengah 58215","[{""day"": ""Sunday"", ""hours"": ""10:00 - 00:00""}, {""day"": ""Monday"", ""hours"": ""10:00 - 00:00""}, {""day"": ""Tuesday"", ""hours"": ""10:00 - 00:00""}, {""day"": ""Wednesday"", ""hours"": ""10:00 - 00:00""}, {""day"": ""Thursday"", ""hours"": ""10:00 - 00:00""}, {""day"": ""Friday"", ""hours"": ""10:00 - 00:00""}, {""day"": ""Saturday"", ""hours"": ""10:00 - 00:00""}]",,-6.9738769,111.4172532,"https://www.google.com/maps/place/Sentra+Kuliner+Taman+Tirtonadi/@-6.9738769,111.4172532,17z/data=!3m1!4b1!4m6!3m5!1s0x2e7741036ac9cbc1:0xefd451f93221d9cf!8m2!3d-6.9738769!4d111.4172532!16s%2Fg%2F11g6p0wktt?authuser=0&hl=en&entry=ttu&g_ep=EgoyMDI0MDgyOC4wIKXMDSoASAFQAw%3D%3D",0,F&B,Indonesia.Batam.Kuliner.202406162232.db,places,out_of_batam_bounds
10774,Sentra Kuliner RMI,4.3,1098,0,Food court,,"PQ36+XGC, Ngagel Jaya Selatan St, Pucang Sewu, Gubeng, Surabaya, East Java 60283","[{""day"": ""Sunday"", ""hours"": ""07:00 - 00:00""}, {""day"": ""Monday"", ""hours"": ""07:00 - 00:00""}, {""day"": ""Tuesday"", ""hours"": ""07:00 - 00:00""}, {""day"": ""Wednesday"", ""hours"": ""07:00 - 00:00""}, {""day"": ""Thursday"", ""hours"": ""07:00 - 00:00""}, {""day"": ""Friday"", ""hours"": ""07:00 - 00:00""}, {""day"": ""Saturday"", ""hours"": ""07:00 - 00:00""}]",,-7.295064,112.7612661,"https://www.google.com/maps/place/Sentra+Kuliner+RMI/@-7.295064,112.7612661,17z/data=!3m1!4b1!4m6!3m5!1s0x2dd7fbb0dca5f7c1:0xed69f649c1f79788!8m2!3d-7.295064!4d112.7612661!16s%2Fg%2F11bwfl4z6n?authuser=0&hl=en&entry=ttu&g_ep=EgoyMDI0MDgyOC4wIKXMDSoASAFQAw%3D%3D",0,F&B,Indonesia.Batam.Kuliner.202406162232.db,places,out_of_batam_bounds
10776,Foodteria The Central Mall Gunawangsa Tidar,4.3,21,0,Restaurant,,"Gunawangsa Tidar, Jl. Tidar No.350, RT.005/RW.05, Tembok Dukuh, Bubutan, Surabaya, East Java 60173","[{""day"": ""Sunday"", ""hours"": ""10:00 - 22:00""}, {""day"": ""Monday"", ""hours"": ""10:00 - 22:00""}, {""day"": ""Tuesday"", ""hours"": ""10:00 - 22:00""}, {""day"": ""Wednesday"", ""hours"": ""10:00 - 22:00""}, {""day"": ""Thursday"", ""hours"": ""10:00 - 22:00""}, {""day"": ""Friday"", ""hours"": ""10:00 - 22:00""}, {""day"": ""Saturday"", ""hours"": ""10:00 - 22:00""}]",0852-5757-2768,-7.2539211,112.7156811,https://www.google.com/maps/place/Foodteria+The+Central+Mall+Gunawangsa+Tidar/data=!4m7!3m6!1s0x2dd7f9ac34bcd991:0x892a7ba61e118b4f!8m2!3d-7.2539211!4d112.7156811!16s%2Fg%2F11gy1rq_qw!19sChIJkdm8NKz51y0RT4sRHqZ7Kok?authuser=0&hl=en&rclk=1,0,F&B,Indonesia.Batam.Kuliner.202406162232.db,places,out_of_batam_bounds
10779,Warmindo Arjuna (Koala Investing),4.7,17,0,Restaurant,,"Ruko Sentra Niaga, Jl. Boulevard Hijau Raya No.53 3 Timur, RT.006/RW.009, Pejuang, Kecamatan Medan Satria, Kota Bks, Jawa Barat 17131",[object Object],0856-8459-536,-6.1836302,106.9847922,"https://www.google.com/maps/place/Warmindo+Arjuna/@-6.1836302,106.9847922,17z/data=!3m1!4b1!4m6!3m5!1s0x2e698bc7a3fb550b:0xb489f2487eb1ebab!8m2!3d-6.1836302!4d106.9847922!16s%2Fg%2F1s04j4bw5?authuser=0&hl=en&entry=ttu&g_ep=EgoyMDI0MDgyOC4wIKXMDSoASAFQAw%3D%3D",0,F&B,Indonesia.Batam.Kuliner.202406162232.db,places,out_of_batam_bounds
10780,RayaFood Condet (RayaFood Restaurant),4.6,905,0,Middle Eastern restaurant,,"Jl. Raya Condet No.1A, RT.13/RW.4, Batu Ampar, Kec. Kramat jati, Kota Jakarta Timur, Daerah Khusus Ibukota Jakarta 13530",[object Object],(021) 80878815,-6.2730888,106.8572552,"https://www.google.com/maps/place/RayaFood+Condet/@-6.2730888,106.8572552,17z/data=!3m1!4b1!4m6!3m5!1s0x2e69f25c71ced9a7:0xc7bc7957e9be1a14!8m2!3d-6.2730888!4d106.8572552!16s%2Fg%2F11b6yh4d78?authuser=0&hl=en&entry=ttu&g_ep=EgoyMDI0MDgyOC4wIKXMDSoASAFQAw%3D%3D",0,F&B,Indonesia.Batam.Kuliner.202406162232.db,places,out_of_batam_bounds
10789,Culinary Sentra Dharmawangsa   Hokky Open 24 Hours (Sentra Wisata Kuliner Dharmawangsa),4.4,217,0,Food court,,"PQM4+3FF, Jl. Dharmawangsa, Airlangga, Kec. Gubeng, Surabaya, Jawa Timur 60286","[{""day"": ""Sunday"", ""hours"": ""06:00 - 00:00""}, {""day"": ""Monday"", ""hours"": ""06:00 - 00:00""}, {""day"": ""Tuesday"", ""hours"": ""06:00 - 00:00""}, {""day"": ""Wednesday"", ""hours"": ""06:00 - 00:00""}, {""day"": ""Thursday"", ""hours"": ""06:00 - 00:00""}, {""day"": ""Friday"", ""hours"": ""06:00 - 00:00""}, {""day"": ""Saturday"", ""hours"": ""06:00 - 00:00""}]",0821-4046-9946,-7.2673172,112.7561795,"https://www.google.com/maps/place/Culinary+Sentra+Dharmawangsa+%2F+Hokky+Open+24+Hours/@-7.2673172,112.7561795,17z/data=!3m1!4b1!4m6!3m5!1s0x2dd7fbd60d244851:0x1bd60c87ef84a349!8m2!3d-7.2673172!4d112.7561795!16s%2Fg%2F11b69bcrbv?authuser=0&hl=en&entry=ttu&g_ep=EgoyMDI0MDgyOC4wIKXMDSoASAFQAw%3D%3D",0,F&B,Indonesia.Batam.Kuliner.202406162232.db,places,out_of_batam_bounds
10792,Wisata Kuliner Jajar Tunggal Surabaya,4.3,387,0,Food court,,"MPP2+F72, Jl. Raya Wiyung Raya Menganti Kramat, Jajar Tunggal, Kec. Wiyung, Surabaya, Jawa Timur 60228",[object Object],0812-3330-2669,-7.3138735,112.7006293,"https://www.google.com/maps/place/Wisata+Kuliner+Jajar+Tunggal+Surabaya/@-7.3138735,112.7006293,17z/data=!3m1!4b1!4m6!3m5!1s0x2dd7fc8b73ebe583:0xebfbce1eacc9db20!8m2!3d-7.3138735!4d112.7006293!16s%2Fg%2F11bx4bcq6z?authuser=0&hl=en&entry=ttu&g_ep=EgoyMDI0MDgyOC4wIKXMDSoASAFQAw%3D%3D",0,F&B,Indonesia.Batam.Kuliner.202406162232.db,places,out_of_batam_bounds
10796,SWK SAIYO2,5.0,6,0,Food court,,"Jl. Raya Jemursari No.321, Sidosermo, Kec. Wonocolo, Surabaya, Jawa Timur 60239","[{""day"": ""Sunday"", ""hours"": ""08:00 - 02:04""}, {""day"": ""Monday"", ""hours"": ""08:05 - 02:05""}, {""day"": ""Tuesday"", ""hours"": ""08:05 - 02:05""}, {""day"": ""Wednesday"", ""hours"": ""08:06 - 02:00""}, {""day"": ""Thursday"", ""hours"": ""08:07 - 02:00""}, {""day"": ""Friday"", ""hours"": ""08:07 - 02:01""}, {""day"": ""Saturday"", ""hours"": ""08:08 - 02:00""}]",0812-1609-9067,-7.3108457,112.7577346,"https://www.google.com/maps/place/SWK+SAIYO2/@-7.3108457,112.7577346,17z/data=!3m1!4b1!4m6!3m5!1s0x2dd7fb58a1cd13eb:0xdd953e9b1527cc15!8m2!3d-7.3108457!4d112.7577346!16s%2Fg%2F11khs1p_9c?authuser=0&hl=en&entry=ttu&g_ep=EgoyMDI0MDgyOC4wIKXMDSoASAFQAw%3D%3D",0,F&B,Indonesia.Batam.Kuliner.202406162232.db,places,out_of_batam_bounds
10807,Sentra Wisata Kuliner Siola,4.8,16,0,Food court,,"Jl. Tunjungan, Genteng, Kec. Genteng, Surabaya, Jawa Timur 60275","[{""day"": ""Sunday"", ""hours"": ""10:00 - 21:30""}, {""day"": ""Monday"", ""hours"": ""09:00 - 21:00""}, {""day"": ""Tuesday"", ""hours"": ""09:00 - 21:00""}, {""day"": ""Wednesday"", ""hours"": ""09:00 - 21:00""}, {""day"": ""Thursday"", ""hours"": ""09:00 - 21:00""}, {""day"": ""Friday"", ""hours"": ""09:00 - 21:00""}, {""day"": ""Saturday"", ""hours"": ""09:00 - 21:00""}]",,-7.2567686,112.7376015,https://www.google.com/maps/place/Sentra+Wisata+Kuliner+Siola/data=!4m7!3m6!1s0x2dd7f9dfcca59d89:0x6881dc0eb4303946!8m2!3d-7.2567686!4d112.7376015!16s%2Fg%2F11hr641hgv!19sChIJiZ2lzN_51y0RRjkwtA7cgWg?authuser=0&hl=en&rclk=1,0,F&B,Indonesia.Batam.Kuliner.202406162232.db,places,out_of_batam_bounds
10808,Family Resto - Kota Harapan Indah,4.5,543,0,Chinese restaurant,,"Jalan Sentra Onderdil II Blok FB 38, Jl. Harapan Indah Raya, RT.008/RW.017, Pejuang, Kecamatan Medan Satria, Kota Bks, Jawa Barat 17131",[object Object],(021) 8883139,-6.1797933,106.9820614,"https://www.google.com/maps/place/Family+Resto+-+Kota+Harapan+Indah/@-6.1797933,106.9820614,17z/data=!3m1!4b1!4m6!3m5!1s0x2e698bb7c6686087:0xbf7d893f8e489d80!8m2!3d-6.1797933!4d106.9820614!16s%2Fg%2F1pyqlfvw4?authuser=0&hl=en&entry=ttu&g_ep=EgoyMDI0MDgyOC4wIKXMDSoASAFQAw%3D%3D",0,F&B,Indonesia.Batam.Kuliner.202406162232.db,places,out_of_batam_bounds
10816,Special Soto Boyolali Hj  Hesti Widodo Kota Wisata,4.6,570,0,Restaurant,,"Sentra Komersial, Jl. Raya Kota Wisata, Ciangsana, Kec. Gn. Putri, Kabupaten Bogor, Jawa Barat 16960","[{""day"": ""Sunday"", ""hours"": ""06:00 - 22:00""}, {""day"": ""Monday"", ""hours"": ""06:00 - 22:00""}, {""day"": ""Tuesday"", ""hours"": ""06:00 - 22:00""}, {""day"": ""Wednesday"", ""hours"": ""06:00 - 22:00""}, {""day"": ""Thursday"", ""hours"": ""06:00 - 22:00""}, {""day"": ""Friday"", ""hours"": ""06:00 - 22:00""}, {""day"": ""Saturday"", ""hours"": ""06:00 - 22:00""}]",0819-9399-3988,-6.3683182,106.9555692,"https://www.google.com/maps/place/Special+Soto+Boyolali+Hj.+Hesti+Widodo+Kota+Wisata/@-6.3683182,106.9555692,17z/data=!3m1!4b1!4m6!3m5!1s0x2e69955c72ea9117:0x413c701e5c8c9c10!8m2!3d-6.3683182!4d106.9555692!16s%2Fg%2F11k6drkd_k?authuser=0&hl=en&entry=ttu&g_ep=EgoyMDI0MDgyOC4wIKXMDSoASAFQAw%3D%3D",0,F&B,Indonesia.Batam.Kuliner.202406162232.db,places,out_of_batam_bounds
10823,Sei Sapi Dewa Gedung Sentra Kramat,5.0,1,0,Restaurant,,"Gedung Sentra Kramat, Jl. Kramat Raya No.7-9, RT.4/RW.2, Kramat, Senen, Central Jakarta City, Jakarta 10450","[{""day"": ""Sunday"", ""hours"": ""10:30 - 21:30""}, {""day"": ""Monday"", ""hours"": ""10:30 - 21:30""}, {""day"": ""Tuesday"", ""hours"": ""10:30 - 21:30""}, {""day"": ""Wednesday"", ""hours"": ""10:30 - 21:30""}, {""day"": ""Thursday"", ""hours"": ""10:30 - 21:30""}, {""day"": ""Friday"", ""hours"": ""10:30 - 21:30""}, {""day"": ""Saturday"", ""hours"": ""10:30 - 21:30""}]",0877-7500-0919,-6.1790668,106.8435523,"https://www.google.com/maps/place/Sei+Sapi+Dewa+Gedung+Sentra+Kramat/@-6.1790668,106.8435523,17z/data=!3m1!4b1!4m6!3m5!1s0x2e69f5cf0b47ebfd:0xb04178402c083d39!8m2!3d-6.1790668!4d106.8435523!16s%2Fg%2F11swbsq9hz?authuser=0&hl=en&entry=ttu&g_ep=EgoyMDI0MDgyOC4wIKXMDSoASAFQAw%3D%3D",0,F&B,Indonesia.Batam.Kuliner.202406162232.db,places,out_of_batam_bounds
10828,Sentra Kuliner Sukodadi,3.7,3,0,Restaurant,,"W84J+XMP, Sukodadi, Kec. Sukodadi, Kabupaten Lamongan, Jawa Timur 62253","[{""day"": ""Sunday"", ""hours"": ""09:00 - 21:00""}, {""day"": ""Monday"", ""hours"": ""09:00 - 21:00""}, {""day"": ""Tuesday"", ""hours"": ""09:00 - 21:00""}, {""day"": ""Wednesday"", ""hours"": ""09:00 - 21:00""}, {""day"": ""Thursday"", ""hours"": ""09:00 - 21:00""}, {""day"": ""Friday"", ""hours"": ""09:00 - 21:00""}, {""day"": ""Saturday"", ""hours"": ""09:00 - 21:00""}]",,-7.092548,112.3316884,https://www.google.com/maps/place/Sentra+Kuliner+Sukodadi/data=!4m7!3m6!1s0x2e77f3edad3bd9b9:0xe07b36f86ac74122!8m2!3d-7.092548!4d112.3316884!16s%2Fg%2F11ngjqxr38!19sChIJudk7re3zdy4RIkHHavg2e-A?authuser=0&hl=en&rclk=1,0,F&B,Indonesia.Batam.Kuliner.202406162232.db,places,out_of_batam_bounds
10829,Rm Rafli Minang - Puri Sentra Niaga,4.0,1,0,Indonesian restaurant,,"Kawasan Puri Central Niaga, Jl. Purbaya Raya Tarum Barat No.12 7, RT.12/RW.7, Cipinang Melayu, Kec. Makasar, Kota Jakarta Timur, Daerah Khusus Ibukota Jakarta 13620",[object Object],,-6.2250218,106.9003881,"https://www.google.com/maps/place/Rm+Rafli+Minang+-+Puri+Sentra+Niaga/@-6.2250218,106.9003881,17z/data=!3m1!4b1!4m6!3m5!1s0x2e69f3005e1f92a9:0xec506be4c0e4ae24!8m2!3d-6.2250218!4d106.9003881!16s%2Fg%2F11y2cm95k5?authuser=0&hl=en&entry=ttu&g_ep=EgoyMDI0MDgyOC4wIKXMDSoASAFQAw%3D%3D",0,F&B,Indonesia.Batam.Kuliner.202406162232.db,places,out_of_batam_bounds
11101,Taman kuliner Kartini Sragen,4.0,4,0,Indonesian restaurant,,"Jl. RA. Kartini No.20, Kroyo, Kec. Karangmalang, Kabupaten Sragen, Jawa Tengah 57212, Indonesia",[object Object],,-7.431553,111.0230261,https://www.google.com/maps/place/Taman+kuliner+Kartini+Sragen/data=!4m7!3m6!1s0x2e7a035a95374da3:0x7d5779f8e2e756fc!8m2!3d-7.431553!4d111.0230261!16s%2Fg%2F11t3x6cf3m!19sChIJo003lVoDei4R_Fbn4vh5V30?authuser=0&hl=en&rclk=1,0,F&B,Indonesia.Batam.Kuliner.202406162232.db,places,out_of_batam_bounds
11110,Rumah Makan Khas Sunda Cibiuk,4.4,1778,0,Sundanese restaurant,,"Jl. RA Kartini No.11B, RT.002/RW.005, Margahayu, Kec. Bekasi Tim., Kota Bks, Jawa Barat 17113, Indonesia",[object Object],+62 21 88345134,-6.2452081,107.0043894,https://www.google.com/maps/place/Rumah+Makan+Khas+Sunda+Cibiuk/data=!4m7!3m6!1s0x2e698c29669d69a5:0xccbd2c93216d1676!8m2!3d-6.2452081!4d107.0043894!16s%2Fg%2F1hd_30tsv!19sChIJpWmdZimMaS4RdhZtIZMsvcw?authuser=0&hl=en&rclk=1,0,F&B,Indonesia.Batam.Kuliner.202406162232.db,places,out_of_batam_bounds
11113,Kartini Point,4.9,44,0,Restaurant,,"Jl. Kartini No.19, Kejaksan, Kec. Kejaksan, Kota Cirebon, Jawa Barat 45123, Indonesia",[object Object],+62 813-2030-1588,-6.7110254,108.5570453,"https://www.google.com/maps/place/Kartini+Point/@-6.7110254,108.5570453,17z/data=!3m1!4b1!4m6!3m5!1s0x2e6ee3dddc7ed74f:0x4171d751f80361dd!8m2!3d-6.7110254!4d108.5570453!16s%2Fg%2F11s61btw1b?authuser=0&hl=en&entry=ttu&g_ep=EgoyMDI0MDgyOC4wIKXMDSoASAFQAw%3D%3D",0,F&B,Indonesia.Batam.Kuliner.202406162232.db,places,out_of_batam_bounds
11119,Soto Kudus Kartini,4.3,1578,0,Diner,,"Q233+XJR, Jl. Mayor Oking, RT.006/RW.001, Margahayu, Kec. Bekasi Tim., Kota Bks, Jawa Barat 17113, Indonesia",[object Object],+62 822-9899-9935,-6.245014,107.004001,https://www.google.com/maps/place/Soto+Kudus+Kartini/data=!4m7!3m6!1s0x2e698c29a9113b43:0x82ba31e222d6ff4e!8m2!3d-6.245014!4d107.004001!16s%2Fg%2F11cfbb1yq!19sChIJQzsRqSmMaS4RTv_WIuIxuoI?authuser=0&hl=en&rclk=1,0,F&B,Indonesia.Batam.Kuliner.202406162232.db,places,out_of_batam_bounds
11199,Selera Kota Raya Makanan dan Minuman,4.0,94,0,Restaurant,,"32, Jln Makmur 70, Taman Damai Jaya, 81300 Skudai, Johor, Malaysia",[object Object],+60 17-755 2379,1.503135,103.6438571,https://www.google.com/maps/place/Selera+Kota+Raya+Makanan+dan+Minuman/data=!4m7!3m6!1s0x31da7364f9164bd3:0xb94f70e9e4662397!8m2!3d1.503135!4d103.6438571!16s%2Fg%2F11c3_mn1w_!19sChIJ00sW-WRz2jERlyNm5OlwT7k?authuser=0&hl=en&rclk=1,2.0,F&B,Indonesia.Batam.Kuliner.202406162232.db,places,out_of_batam_bounds
11595,Rumah Makan Mr  Kevin,3.8,5,0,Permanently closed,,"Victoria Park Residence (Liga Mas) Blok A1, JL Imam Bonjol, RT.002/RW.004, Bojong Jaya, Kec. Tangerang, Kota Tangerang, Banten 15138",[object Object],(021) 5589345,-6.2061348,106.6196913,"https://www.google.com/maps/place/Rumah+Makan+Mr.+Kevin/@-6.2061348,106.6196913,17z/data=!3m1!4b1!4m6!3m5!1s0x2e69feb0f7ad1a23:0x6fb451aeef8876c6!8m2!3d-6.2061348!4d106.6196913!16s%2Fg%2F1pzpl4xzg?authuser=0&hl=en&entry=ttu&g_ep=EgoyMDI0MDgyOC4wIKXMDSoASAFQAw%3D%3D",0,F&B,Indonesia.Batam.Kuliner.202406162232.db,places,out_of_batam_bounds
11598,Rumah Makan Flamboyan,4.5,2224,0,Javanese restaurant,,"Jalan Flamboyan CTX No.39 Karang Asam Baru, Karang Gayam, Caturtunggal, Kec. Depok, Kabupaten Sleman, Daerah Istimewa Yogyakarta 55281","[{""day"": ""Sunday"", ""hours"": ""08:00 - 17:00""}, {""day"": ""Monday"", ""hours"": ""08:00 - 17:00""}, {""day"": ""Tuesday"", ""hours"": ""08:00 - 17:00""}, {""day"": ""Wednesday"", ""hours"": ""08:00 - 17:00""}, {""day"": ""Thursday"", ""hours"": ""08:00 - 17:00""}, {""day"": ""Friday"", ""hours"": ""08:00 - 17:00""}, {""day"": ""Saturday"", ""hours"": ""08:00 - 17:00""}]",0812-2943-875,-7.7661279,110.3900084,https://www.google.com/maps/place/Rumah+Makan+Flamboyan/data=!4m7!3m6!1s0x2e7a59b07a52d42f:0xa51751981858b85!8m2!3d-7.7661279!4d110.3900084!16s%2Fg%2F11b636s0n9!19sChIJL9RSerBZei4RhYuFgRl1UQo?authuser=0&hl=en&rclk=1,0,F&B,Indonesia.Batam.Kuliner.202406162232.db,places,out_of_batam_bounds
11599,Flamboyan Kuliner Khas Palembang,4.7,78,0,Pempek restaurant,,"Jl. Caman Raya No.168 B, RT.002/RW.003, Jatibening, Kec. Pd. Gede, Kota Bks, Jawa Barat 17412","[{""day"": ""Sunday"", ""hours"": ""09:00 - 19:30""}, {""day"": ""Monday"", ""hours"": ""09:00 - 19:30""}, {""day"": ""Tuesday"", ""hours"": ""09:00 - 19:30""}, {""day"": ""Wednesday"", ""hours"": ""09:00 - 19:30""}, {""day"": ""Thursday"", ""hours"": ""09:00 - 19:30""}, {""day"": ""Friday"", ""hours"": ""09:00 - 19:30""}, {""day"": ""Saturday"", ""hours"": ""09:00 - 19:30""}]",(021) 8463109,-6.2605859,106.9477363,https://www.google.com/maps/place/Flamboyan+Kuliner+Khas+Palembang/data=!4m7!3m6!1s0x2e698d04ca96634d:0x731643482545994a!8m2!3d-6.2605859!4d106.9477363!16s%2Fg%2F1pv5xylzd!19sChIJTWOWygSNaS4RSplFJUhDFnM?authuser=0&hl=en&rclk=1,0,F&B,Indonesia.Batam.Kuliner.202406162232.db,places,out_of_batam_bounds
11600,Rumah Makan Flamboyan Anyer,4.3,404,0,Seafood restaurant,,"Jl. Raya Anyer-Sirih No.129, Cikoneng, Kec. Anyar, Kabupaten Serang, Banten 42166","[{""day"": ""Sunday"", ""hours"": ""06:00 - 21:00""}, {""day"": ""Monday"", ""hours"": ""06:00 - 21:00""}, {""day"": ""Tuesday"", ""hours"": ""06:00 - 21:00""}, {""day"": ""Wednesday"", ""hours"": ""06:00 - 21:00""}, {""day"": ""Thursday"", ""hours"": ""06:00 - 21:00""}, {""day"": ""Friday"", ""hours"": ""06:00 - 21:00""}, {""day"": ""Saturday"", ""hours"": ""06:00 - 21:00""}]",0817-9862-809,-6.0681967,105.893853,https://www.google.com/maps/place/Rumah+Makan+Flamboyan+Anyer/data=!4m7!3m6!1s0x2e418416b3b2a16b:0x2de24ae77145be31!8m2!3d-6.0681967!4d105.893853!16s%2Fg%2F11cs0sc197!19sChIJa6GysxaEQS4RMb5FcedK4i0?authuser=0&hl=en&rclk=1,0,F&B,Indonesia.Batam.Kuliner.202406162232.db,places,out_of_batam_bounds
11601,Pondok Flamboyan (RM  Pondok Flamboyan Khas Sunda Tigaraksa),4.6,136,0,Sundanese restaurant,,"Ps. TigaraksaJalan, Blok, Jl. Aria Wangsakara Blok PK5, Tigaraksa, Tangerang Regency, Banten 15720",[object Object],0821-1356-4127,-6.2695452,106.4675009,https://www.google.com/maps/place/Pondok+Flamboyan/data=!4m7!3m6!1s0x2e4206f586d07b13:0xfb15469cf8b9656b!8m2!3d-6.2695452!4d106.4675009!16s%2Fg%2F11c5rzl07k!19sChIJE3vQhvUGQi4Ra2W5-JxGFfs?authuser=0&hl=en&rclk=1,0,F&B,Indonesia.Batam.Kuliner.202406162232.db,places,out_of_batam_bounds
11602,Sando Nichi,4.9,25,0,Fast food restaurant,,"Victoria Park, Jl. Shinta Raya No.D3/11, RT.002/RW.009, Nusa Jaya, Kec. Karawaci, Kota Tangerang, Banten 15116",[object Object],0856-4944-3723,-6.1970715,106.6189166,https://www.google.com/maps/place/Sando+Nichi/data=!4m7!3m6!1s0x2e69ffb0190aa7f7:0xd7312f1ecdbbf0fa!8m2!3d-6.1970715!4d106.6189166!16s%2Fg%2F11fsg_vvt8!19sChIJ96cKGbD_aS4R-vC7zR4vMdc?authuser=0&hl=en&rclk=1,0,F&B,Indonesia.Batam.Kuliner.202406162232.db,places,out_of_batam_bounds
9021,Golden Land Restaurant 金土地饺子馆,4.4,199,0,Diner,,"283 New Bridge Rd, Beside of, Oriental plaza, Singapore 088754",[object Object],6222 8812,1.2820986,103.8421921,https://www.google.com/maps/place/Golden+Land+Restaurant+%E9%87%91%E5%9C%9F%E5%9C%B0%E9%A5%BA%E5%AD%90%E9%A6%86/data=!4m7!3m6!1s0x31da197306b2d35b:0xd0acf623b86ff96a!8m2!3d1.2820986!4d103.8421921!16s%2Fg%2F11c6q8r947!19sChIJW9OyBnMZ2jERavlvuCP2rNA?authuser=0&hl=en&rclk=1,2.0,F&B,Indonesia.Batam.Kuliner.202406162232.db,places,singapore_zone_coordinate
9427,Newton Food Centre,4.2,13347,0,Food court,,"500 Clemenceau Ave N, Singapore 229495",[object Object],,1.3119888,103.8395742,"https://www.google.com/maps/place/Newton+Food+Centre/@1.3119888,103.8395742,17z/data=!3m1!4b1!4m6!3m5!1s0x31da19ebfc0b8c7b:0xd484e5a893032ac9!8m2!3d1.3119888!4d103.8395742!16zL20vMGZzNzd4?authuser=0&hl=en&entry=ttu&g_ep=EgoyMDI0MDgyOC4wIKXMDSoASAFQAw%3D%3D",-1.0,F&B,Indonesia.Batam.Kuliner.202406162232.db,places,singapore_zone_coordinate
9434,Hong Lim Market & Food Centre,4.3,6040,0,Hawker center,,"531A Upper Cross St, Singapore 051531",[object Object],6225 5632,1.2853948,103.8458272,https://www.google.com/maps/place/Hong+Lim+Market+%26+Food+Centre/data=!4m7!3m6!1s0x31da190b6bb30247:0x45e079b9cc6c1a2b!8m2!3d1.2853948!4d103.8458272!16s%2Fg%2F11bw21fcbk!19sChIJRwKzawsZ2jERKxpszLl54EU?authuser=0&hl=en&rclk=1,2.0,F&B,Indonesia.Batam.Kuliner.202406162232.db,places,singapore_zone_coordinate
9439,Seletar Sheng Mian Mee Hoon Kway (sims ave),4.2,35,0,Hawker Stall,,"49 Sims Pl, #01 60, Singapore 380049",[object Object],9008 0821,1.3170535,103.8793293,https://www.google.com/maps/place/Seletar+Sheng+Mian+Mee+Hoon+Kway+%28sims+ave%29/data=!4m7!3m6!1s0x31da191d1eb757a3:0xbd64a9a8b7b4e2a3!8m2!3d1.3170535!4d103.8793293!16s%2Fg%2F11fhz0ypgf!19sChIJo1e3Hh0Z2jERo-K0t6ipZL0?authuser=0&hl=en&rclk=1,2.0,F&B,Indonesia.Batam.Kuliner.202406162232.db,places,singapore_zone_coordinate
9613,Makan Makan,4.0,160,0,Indonesian restaurant,,"Raffles Blvd, #02-201 Marina Square, Singapore 039594",[object Object],6252 9848,1.2912061,103.8576768,https://www.google.com/maps/place/Makan+Makan/data=!4m7!3m6!1s0x31da19252670010f:0x7ce44654e3752159!8m2!3d1.2912061!4d103.8576768!16s%2Fg%2F11rydxypxv!19sChIJDwFwJiUZ2jERWSF141RG5Hw?authuser=0&hl=en&rclk=1,2.0,F&B,Indonesia.Batam.Kuliner.202406162232.db,places,singapore_zone_coordinate
9618,BHC Chicken Singapore   Marina Square,4.2,1756,0,Chicken restaurant,,"6 Raffles Blvd, #02-332A/332F Marina Square, Singapore 039594",[object Object],,1.2923068,103.8582551,https://www.google.com/maps/place/BHC+Chicken+Singapore+@+Marina+Square/data=!4m7!3m6!1s0x31da191b69a71321:0xca2a59eaf104861f!8m2!3d1.2923068!4d103.8582551!16s%2Fg%2F11kh_tmwlm!19sChIJIROnaRsZ2jERH4YE8epZKso?authuser=0&hl=en&rclk=1,2.0,F&B,Indonesia.Batam.Kuliner.202406162232.db,places,singapore_zone_coordinate
9697,Bebek Goreng Pak Ndut  Lucky Plaza,4.4,1345,0,Indonesian restaurant,,"304 Orchard Rd, #01-42 Lucky Plaza, Singapore 238863",[object Object],6734 4787,1.3045755,103.8340344,https://www.google.com/maps/place/Bebek+Goreng+Pak+Ndut+@Lucky+Plaza/data=!4m7!3m6!1s0x31da199270bd8a55:0x3ce988ae33fdb9ab!8m2!3d1.3045755!4d103.8340344!16s%2Fg%2F11g7zgnwrj!19sChIJVYq9cJIZ2jERq7n9M66I6Tw?authuser=0&hl=en&rclk=1,2.0,F&B,Indonesia.Batam.Kuliner.202406162232.db,places,singapore_zone_coordinate
9699,Kale by KangSu   Midpoint Orchard,3.9,772,0,Vegetarian restaurant,,"220 Orchard Rd, #01-09 Midpoint Orchard, Singapore 238852",[object Object],8826 2622,1.3017142,103.8387216,https://www.google.com/maps/place/Kale+by+KangSu+@+Midpoint+Orchard/data=!4m7!3m6!1s0x31da1991315227e5:0x41e9474e6c556e97!8m2!3d1.3017142!4d103.8387216!16s%2Fg%2F11ckz3rxhd!19sChIJ5SdSMZEZ2jERl25VbE5H6UE?authuser=0&hl=en&rclk=1,2.0,F&B,Indonesia.Batam.Kuliner.202406162232.db,places,singapore_zone_coordinate
9701,Food Republic 313 somerset,4.1,2242,0,Food court,,"313 Somerset Rd, Level 5, Singapore 238895",[object Object],6509 6643,1.3012522,103.8385517,https://www.google.com/maps/place/Food+Republic+313@somerset/data=!4m7!3m6!1s0x31da1991289bfe6b:0xa797134c71592281!8m2!3d1.3012522!4d103.8385517!16s%2Fg%2F1tm8h2nk!19sChIJa_6bKJEZ2jERgSJZcUwTl6c?authuser=0&hl=en&rclk=1,-1.0,F&B,Indonesia.Batam.Kuliner.202406162232.db,places,singapore_zone_coordinate
9702,Riverside Indonesian BBQ,4.3,116,0,Coffee shop,,"68 Orchard Rd, #06-15/17, Singapore 238839",[object Object],,1.3005317,103.8452356,https://www.google.com/maps/place/Riverside+Indonesian+BBQ/data=!4m7!3m6!1s0x31da19bd7ec8ac73:0x7379f59ccf5fae1a!8m2!3d1.3005317!4d103.8452356!16s%2Fg%2F1tgyt6tg!19sChIJc6zIfr0Z2jERGq5fz5z1eXM?authuser=0&hl=en&rclk=1,-1.0,F&B,Indonesia.Batam.Kuliner.202406162232.db,places,singapore_zone_coordinate
9703,YOSHI Restaurant,4.5,96,0,Japanese restaurant,,"583 Orchard Rd, Forum The Shopping Mall, #B1-39, 583 Orchard Rd, #B1 - 39, Singapore 238884",[object Object],8188 0900,1.3063813,103.8285353,https://www.google.com/maps/place/YOSHI+Restaurant/data=!4m7!3m6!1s0x31da198ced3e260d:0xcb00c86573f94302!8m2!3d1.3063813!4d103.8285353!16s%2Fg%2F124t36n5l!19sChIJDSY-7YwZ2jERAkP5c2XIAMs?authuser=0&hl=en&rclk=1,0,F&B,Indonesia.Batam.Kuliner.202406162232.db,places,singapore_zone_coordinate
9704,Food Opera,4.1,2783,0,Food court,,"2 Orchard Turn, #B4 - 03 / 04, Singapore 238801",[object Object],6509 9198,1.3039938,103.8314174,https://www.google.com/maps/place/Food+Opera/data=!4m7!3m6!1s0x31da198de91512c9:0x8ae2cc7a0247b502!8m2!3d1.3039938!4d103.8314174!16s%2Fg%2F1jmck5x3n!19sChIJyRIV6Y0Z2jERArVHAnrM4oo?authuser=0&hl=en&rclk=1,-1.0,F&B,Indonesia.Batam.Kuliner.202406162232.db,places,singapore_zone_coordinate
9705,French Fold Orchard,4.8,1344,0,French restaurant,,"390 Orchard Rd, #01-02, Singapore 238871",[object Object],6908 3962,1.3066113,103.8294731,"https://www.google.com/maps/place/French+Fold+Orchard/@1.3066113,103.8294731,17z/data=!3m1!4b1!4m6!3m5!1s0x31da19dd434ffc3f:0xa19b93d92ac49fe1!8m2!3d1.3066113!4d103.8294731!16s%2Fg%2F11rhswh642?authuser=0&hl=en&entry=ttu&g_ep=EgoyMDI0MDgyOC4wIKXMDSoASAFQAw%3D%3D",-1.0,F&B,Indonesia.Batam.Kuliner.202406162232.db,places,singapore_zone_coordinate
9706,Food Village Takashimaya,4.0,1042,0,Food court,,"391 Orchard Rd, Singapore 238873",[object Object],6506 0500,1.3024982,103.8347917,https://www.google.com/maps/place/Food+Village+Takashimaya/data=!4m7!3m6!1s0x31da1991925e97f3:0x50a05c0e1295a914!8m2!3d1.3024982!4d103.8347917!16s%2Fg%2F1tl9k2sz!19sChIJ85dekpEZ2jERFKmVEg5coFA?authuser=0&hl=en&rclk=1,5.0,F&B,Indonesia.Batam.Kuliner.202406162232.db,places,singapore_zone_coordinate
9707,Korat Thai Cafe,4.2,552,0,Restaurant,,"400 Orchard Rd, #03-28 Orchard Tower, Singapore 238875",[object Object],,1.3068163,103.8289468,"https://www.google.com/maps/place/Korat+Thai+Cafe/@1.3068163,103.8289468,17z/data=!3m1!4b1!4m6!3m5!1s0x31da198cd02537dd:0xf4470eafd35edf1f!8m2!3d1.3068163!4d103.8289468!16s%2Fg%2F1tff9qgz?authuser=0&hl=en&entry=ttu&g_ep=EgoyMDI0MDgyOC4wIKXMDSoASAFQAw%3D%3D",-1.0,F&B,Indonesia.Batam.Kuliner.202406162232.db,places,singapore_zone_coordinate
9709,Taste Paradise 味之楼 at Ion Orchard,4.2,626,0,Chinese restaurant,,"2 Orchard Turn, #04-07, Singapore 238801",[object Object],6509 9660,1.3043263,103.8317124,https://www.google.com/maps/place/Taste+Paradise+%E5%91%B3%E4%B9%8B%E6%A5%BC+at+Ion+Orchard/data=!4m7!3m6!1s0x31da198dbff324a3:0x90ad1f20e60a2ced!8m2!3d1.3043263!4d103.8317124!16s%2Fg%2F1td6c_7k!19sChIJoyTzv40Z2jER7SwK5iAfrZA?authuser=0&hl=en&rclk=1,2.0,F&B,Indonesia.Batam.Kuliner.202406162232.db,places,singapore_zone_coordinate
9711,New Station Snack Bar,4.3,551,0,Restaurant,,"Far East Plaza 14 Scotts Road #05-95 Singapore, 228213",[object Object],6734 2862,1.3074307,103.8338377,https://www.google.com/maps/place/New+Station+Snack+Bar/data=!4m7!3m6!1s0x31da1992a6c0228d:0xc009c39654467db1!8m2!3d1.3074307!4d103.8338377!16s%2Fg%2F1tg9kn60!19sChIJjSLAppIZ2jERsX1GVJbDCcA?authuser=0&hl=en&rclk=1,2.0,F&B,Indonesia.Batam.Kuliner.202406162232.db,places,singapore_zone_coordinate
9716,Opus Bar & Grill,4.3,1252,0,Steak house,,"581 Orchard Road voco, Orchard, Singapore 238883",[object Object],6730 3390,1.3059211,103.8293235,https://www.google.com/maps/place/Opus+Bar+%26+Grill/data=!4m7!3m6!1s0x31da198cf11625b3:0x906702930dd4a014!8m2!3d1.3059211!4d103.8293235!16s%2Fg%2F11btwk4g0p!19sChIJsyUW8YwZ2jERFKDUDZMCZ5A?authuser=0&hl=en&rclk=1,2.0,F&B,Indonesia.Batam.Kuliner.202406162232.db,places,singapore_zone_coordinate
9718,Saizeriya,4.1,841,0,Italian restaurant,,"277 Orchard Rd, B2-11, Singapore 238858",[object Object],6702 4451,1.3004556,103.8394631,https://www.google.com/maps/place/Saizeriya/data=!4m7!3m6!1s0x31da19972b78b549:0x6795418e14da861!8m2!3d1.3004556!4d103.8394631!16s%2Fg%2F11b8tn8qxq!19sChIJSbV4K5cZ2jERYahN4RhUeQY?authuser=0&hl=en&rclk=1,-1.0,F&B,Indonesia.Batam.Kuliner.202406162232.db,places,singapore_zone_coordinate
9719,My Favorite Cafe Yong Tau Foo,3.3,231,0,Hawker Stall,,"#06-046, #06-047, Lucky Plaza, 304 Orchard Rd, Singapore 238863",[object Object],6734 6935,1.3040925,103.8341718,https://www.google.com/maps/place/My+Favorite+Cafe+Yong+Tau+Foo/data=!4m7!3m6!1s0x31da19926d40711d:0xf544869445e117ee!8m2!3d1.3040925!4d103.8341718!16s%2Fg%2F1td7kty2!19sChIJHXFAbZIZ2jER7hfhRZSGRPU?authuser=0&hl=en&rclk=1,2.0,F&B,Indonesia.Batam.Kuliner.202406162232.db,places,singapore_zone_coordinate
9720,StraitsKitchen,4.3,1070,0,Buffet restaurant,,"10 Scotts Rd, Grand Hyatt, Singapore 228211",[object Object],6732 1234,1.3062611,103.8333999,https://www.google.com/maps/place/StraitsKitchen/data=!4m7!3m6!1s0x31da198d629b6129:0x4d4f206df6158080!8m2!3d1.3062611!4d103.8333999!16s%2Fg%2F1tdzj227!19sChIJKWGbYo0Z2jERgIAV9m0gT00?authuser=0&hl=en&rclk=1,5.0,F&B,Indonesia.Batam.Kuliner.202406162232.db,places,singapore_zone_coordinate
9721,One-Ninety Restaurant,4.4,272,0,Fine dining restaurant,,"190 Orchard Blvd, Singapore 248646",[object Object],6831 7653,1.3051634,103.8284154,"https://www.google.com/maps/place/One-Ninety+Restaurant/@1.3051634,103.8284154,17z/data=!3m1!4b1!4m6!3m5!1s0x31da1936dd010223:0x9202f72c2b31f673!8m2!3d1.3051634!4d103.8284154!16s%2Fg%2F11gfnhvnkx?authuser=0&hl=en&entry=ttu&g_ep=EgoyMDI0MDgyOC4wIKXMDSoASAFQAw%3D%3D",5.0,F&B,Indonesia.Batam.Kuliner.202406162232.db,places,singapore_zone_coordinate
9723,Crossroads Cafe,3.8,491,0,Restaurant,,"320 Orchard Rd, Singapore 238865",[object Object],6831 4605,1.3053683,103.8325366,https://www.google.com/maps/place/Crossroads+Cafe/data=!4m7!3m6!1s0x31da198d87a237ef:0x4f66f1b467aeaba8!8m2!3d1.3053683!4d103.8325366!16s%2Fg%2F1td35rjy!19sChIJ7zeih40Z2jERqKuuZ7TxZk8?authuser=0&hl=en&rclk=1,2.0,F&B,Indonesia.Batam.Kuliner.202406162232.db,places,singapore_zone_coordinate
9725,Thai Tantric Authentic Thai Cuisine,4.4,353,0,Thai restaurant,,"400 Orchard Rd, #03-44 Orchard Tower, Singapore 238875",[object Object],9625 7523,1.3069965,103.8292062,https://www.google.com/maps/place/Thai+Tantric+Authentic+Thai+Cuisine/data=!4m7!3m6!1s0x31da198cc59c04cb:0xf24f30b01322a240!8m2!3d1.3069965!4d103.8292062!16s%2Fg%2F1tcvwyqt!19sChIJywScxYwZ2jERQKIiE7AwT_I?authuser=0&hl=en&rclk=1,5.0,F&B,Indonesia.Batam.Kuliner.202406162232.db,places,singapore_zone_coordinate
9727,The Orchard Cafe,4.2,587,0,Restaurant,,"442 Orchard Road, Hotel, Lobby Level Orchard, Singapore 238879",[object Object],6739 6565,1.3075322,103.8286,https://www.google.com/maps/place/The+Orchard+Cafe/data=!4m7!3m6!1s0x31da198cb39ed9b1:0xed6cb581d9c58a39!8m2!3d1.3075322!4d103.8286!16s%2Fg%2F1ptzc_1hk!19sChIJsdmes4wZ2jEROYrF2YG1bO0?authuser=0&hl=en&rclk=1,2.0,F&B,Indonesia.Batam.Kuliner.202406162232.db,places,singapore_zone_coordinate
9728,il Cielo,4.5,410,0,Italian restaurant,,"581 Orchard Road voco, Level 24 Orchard, Singapore 238883",[object Object],6730 3395,1.3059057,103.8293282,https://www.google.com/maps/place/il+Cielo/data=!4m7!3m6!1s0x31da198cf1020615:0xa421bbb6591c8b02!8m2!3d1.3059057!4d103.8293282!16s%2Fg%2F1th54h_q!19sChIJFQYC8YwZ2jERAoscWba7IaQ?authuser=0&hl=en&rclk=1,0,F&B,Indonesia.Batam.Kuliner.202406162232.db,places,singapore_zone_coordinate
9729,Les Amis,4.6,789,0,Haute French restaurant,,"1 Scotts Rd, #01 - 16 Shaw Centre, Singapore 228208",[object Object],6733 2225,1.3066019,103.8314361,"https://www.google.com/maps/place/Les+Amis/@1.3066019,103.8314361,17z/data=!3m1!4b1!4m6!3m5!1s0x31da198d6d839c47:0xb9387abec42c67e8!8m2!3d1.3066019!4d103.8314361!16s%2Fg%2F11g7z094p7?authuser=0&hl=en&entry=ttu&g_ep=EgoyMDI0MDgyOC4wIKXMDSoASAFQAw%3D%3D",2.0,F&B,Indonesia.Batam.Kuliner.202406162232.db,places,singapore_zone_coordinate
9730,Rumah Makan Minang - Kandahar Street,4.3,1282,0,Indonesian restaurant,,"18 & 18A Kandahar Street, 198884",[object Object],6977 7064,1.3022991,103.8595966,https://www.google.com/maps/place/Rumah+Makan+Minang+-+Kandahar+Street/data=!4m7!3m6!1s0x31da19b126f40b5d:0xf5b1f9ae92a2f622!8m2!3d1.3022991!4d103.8595966!16s%2Fg%2F1tj30ms4!19sChIJXQv0JrEZ2jERIvaikq75sfU?authuser=0&hl=en&rclk=1,2.0,F&B,Indonesia.Batam.Kuliner.202406162232.db,places,singapore_zone_coordinate
9731,Tatsuya Goodwood,4.6,636,0,Sushi restaurant,,"22 Scotts Rd, Singapore 228221",[object Object],6737 1160,1.3084606,103.8339588,"https://www.google.com/maps/place/Tatsuya@Goodwood/@1.3084606,103.8339588,17z/data=!3m1!4b1!4m6!3m5!1s0x31da19ed48c02edf:0x43ae527ccdbf483!8m2!3d1.3084606!4d103.8339588!16s%2Fg%2F1tflpjhw?authuser=0&hl=en&entry=ttu&g_ep=EgoyMDI0MDgyOC4wIKXMDSoASAFQAw%3D%3D",5.0,F&B,Indonesia.Batam.Kuliner.202406162232.db,places,singapore_zone_coordinate
9732,Gerry's Grill Singapore Orchard,4.0,742,0,Filipino restaurant,,"Cuppage Road Starhub Centre, 229469 No. 51, 229469",[object Object],,1.3026585,103.8405234,https://www.google.com/maps/place/Gerry%27s+Grill+Singapore@Orchard/data=!4m7!3m6!1s0x31da1996a158d1b3:0x789357006a33fe5a!8m2!3d1.3026585!4d103.8405234!16s%2Fg%2F1hc8cp7j8!19sChIJs9FYoZYZ2jERWv4zagBXk3g?authuser=0&hl=en&rclk=1,5.0,F&B,Indonesia.Batam.Kuliner.202406162232.db,places,singapore_zone_coordinate
9734,Coocaça,3.9,204,0,Health food store,,"541 Orchard Rd, #01-01B Liat Towers, Singapore 238881",[object Object],8102 2071,1.3051318,103.8309415,https://www.google.com/maps/place/Cooca%C3%A7a/data=!4m7!3m6!1s0x31da19911a6869ed:0x13ea7a0a87124d05!8m2!3d1.3051318!4d103.8309415!16s%2Fg%2F11g6pd2360!19sChIJ7WloGpEZ2jERBU0Shwp66hM?authuser=0&hl=en&rclk=1,5.0,F&B,Indonesia.Batam.Kuliner.202406162232.db,places,singapore_zone_coordinate
9735,Uncle Chieng Traditional Ice Cream,4.7,223,0,Ice cream shop,,"391 Orchard Rd, Singapore 238801",[object Object],8881 3133,1.3035269,103.8339475,https://www.google.com/maps/place/Uncle+Chieng+Traditional+Ice+Cream/data=!4m7!3m6!1s0x31da19e3f7f4e401:0x2d8464f5b46e78b7!8m2!3d1.3035269!4d103.8339475!16s%2Fg%2F11fj17c4qj!19sChIJAeT09-MZ2jERt3hutPVkhC0?authuser=0&hl=en&rclk=1,2.0,F&B,Indonesia.Batam.Kuliner.202406162232.db,places,singapore_zone_coordinate
9736,The Drunken Poet,4.3,812,0,Irish pub,,"400 Orchard Road Orchard Towers #01, #29c, 238875",[object Object],6734 2924,1.3067198,103.829162,"https://www.google.com/maps/place/The+Drunken+Poet/@1.3067198,103.829162,17z/data=!3m1!4b1!4m6!3m5!1s0x31da198cc1e35667:0x8efd97a279bc2cb5!8m2!3d1.3067198!4d103.829162!16s%2Fg%2F11bxg03dmk?authuser=0&hl=en&entry=ttu&g_ep=EgoyMDI0MDgyOC4wIKXMDSoASAFQAw%3D%3D",2.0,F&B,Indonesia.Batam.Kuliner.202406162232.db,places,singapore_zone_coordinate
9934,Min Jiang,3.9,492,0,Restaurant,,"22 Scotts Rd, Goodwood Park Hotel, Singapore 228221",[object Object],6730 1704,1.3082965,103.8345983,https://www.google.com/maps/place/Min+Jiang/data=!4m7!3m6!1s0x31da19ed48c02ed5:0xdb584b87258a2ae3!8m2!3d1.3082965!4d103.8345983!16s%2Fg%2F1x6p_8rr!19sChIJ1S7ASO0Z2jER4yqKJYdLWNs?authuser=0&hl=en&rclk=1,0.0,F&B,Indonesia.Batam.Kuliner.202406162232.db,places,singapore_zone_coordinate
