id,name,category,source_category,source_file,source_table,latitude,longitude,x_utm,y_utm,cluster_id,dist_to_cluster_centroid_m,competitor_density_500m,competitor_density_1km,same_category_density_500m,nearest_neighbor_dist_m,rating,review_log,price_level
1,Baloi Mas Indah  PT,car dealer,Company,Indonesia.Batam.PT.202408042212.db,places,1.1302276,104.0048214,389277.33807809855,124943.23995482779,0,2440.051067562616,9,23,0,236.36789203185276,4.2,2.9444389791664403,0
3,Baloi Mas Indah,housing complex,Company,Indonesia.Batam.PT.202408042212.db,places,1.1280331,104.0072354,389545.8617458395,124700.55226638306,0,2512.114835533993,9,27,0,129.6892320249717,4.5,4.634728988229636,0
9,Baloi Blok L kelurahan Baloi Indah Kecamatan Lubuk Baja Kepulauan Riau,gated community,Company,Indonesia.Batam.PT.202408042212.db,places,1.12915,104.007592,389585.5828754414,124824.00885294843,0,2384.0019012250677,11,27,0,129.6892320249717,5.0,1.791759469228055,0
12,PT ALVA KARYA ABADI,corporate office,Company,Indonesia.Batam.PT.202408042212.db,places,1.1113988,104.0524534,394576.6557728997,122860.02497605962,1,370.49545308759457,14,30,12,67.26316427138427,4.3,2.0794415416798357,0
16,Baloi,housing complex,Company,Indonesia.Batam.PT.202408042212.db,places,1.1389341,104.0145719,390362.6057560263,125905.34686372975,0,1086.4656941048092,14,58,0,52.76896408435809,0.0,0.0,0
24,PT  NILAM SERVOTAMA INDONESIA,corporate office,Company,Indonesia.Batam.PT.202408042212.db,places,1.1310927,104.009128,389756.56726071535,125038.71042106865,0,2115.7701377123367,15,29,11,123.14718330022369,0.0,0.0,0
35,PT Teknindo fortuna indonesia,corporate office,Company,Indonesia.Batam.PT.202408042212.db,places,1.134758,104.002359,389003.51825479005,125444.15760720248,0,2243.5029855509706,1,23,1,382.5092228618333,3.7,1.3862943611198906,0
39,PT  Singa Laut Perkasa,corporate office,Company,Indonesia.Batam.PT.202408042212.db,places,1.1120349,104.0286749,391930.8484575618,122931.20301153816,11,581.7230950906475,6,28,3,438.7125104131301,5.0,1.791759469228055,0
42,Siemens Batam Fabrication Yard,construction company,Company,Indonesia.Batam.PT.202408042212.db,places,1.1666764,104.004961,389294.27408393845,128972.54964448212,0,2447.0157826380023,5,35,0,151.88268651804873,4.6,3.2188758248682006,0
43,PT BBM,corporate office,Company,Indonesia.Batam.PT.202408042212.db,places,1.156727,104.0048898,389285.9644069834,127872.67340291965,0,1663.3413332381426,12,28,11,20.201412840517296,5.0,0.6931471805599453,0
47,PT  Global Media Indonesia,corporate office,Company,Indonesia.Batam.PT.202408042212.db,places,1.165972,104.016278,390553.47515738785,128894.23763241213,0,1949.7745238204704,34,63,18,87.30210080291154,5.0,0.6931471805599453,0
50,PELABUHAN BATU AMPAR BATAM,port operating company,Company,Indonesia.Batam.PT.202408042212.db,places,1.1648105,104.00215,388981.4239013891,128766.39007482148,0,2480.585126881173,9,23,0,206.29385129852204,3.7,4.700480365792417,0
51,PT  Greenindo Riau Utama,corporate office,Company,Indonesia.Batam.PT.202408042212.db,places,1.1671341,104.0098746,389841.0224861687,129022.95418905253,0,2233.9983929182463,16,65,9,32.025350584425986,5.0,1.0986122886681098,0
52,PT GRP EXPRESSINDO,corporate office,Company,Indonesia.Batam.PT.202408042212.db,places,1.174552,104.0161926,390544.3054769159,129842.73336513234,0,2897.53714921071,15,45,11,105.83212358460482,5.0,0.6931471805599453,0
53,PT  Indo Asset Management,corporate office,Company,Indonesia.Batam.PT.202408042212.db,places,1.1758882,104.0130737,390197.32299619575,129990.56863074073,0,3078.976114731506,9,29,7,194.1559693085077,3.0,1.0986122886681098,0
55,PT  GLOBAL SARANA INTERNUSA,corporate office,Company,Indonesia.Batam.PT.202408042212.db,places,1.1704024,104.0171302,390648.4695269481,129383.97136083836,0,2436.194414994766,24,60,12,24.6971349513873,5.0,1.0986122886681098,0
59,PT AGUNG PERSADA LINTASTAMA,corporate office,Company,Indonesia.Batam.PT.202408042212.db,places,1.1679782,104.0117553,390050.31835043797,129116.19335481124,0,2254.7348562200223,22,70,12,200.12810372650534,5.0,0.6931471805599453,0
62,PT SAMUDERA INTERNUSA,corporate office,Company,Indonesia.Batam.PT.202408042212.db,places,1.160867,104.0040232,389189.6993089374,128330.37305354736,0,2024.4050038410016,11,33,10,294.08178020737716,5.0,1.0986122886681098,0
64,Batu ampar,greenhouse & equipment supplier,Company,Indonesia.Batam.PT.202408042212.db,places,1.171941,104.0194278,390904.1791499193,129553.96917618587,0,2616.7441430298904,10,44,0,0.0,5.0,1.0986122886681098,0
67,Batu Ampar Harbour Authority Office,port authority,Company,Indonesia.Batam.PT.202408042212.db,places,1.1648537,103.9977723,388494.32254981186,128771.33857493011,0,2837.6316648781226,4,10,0,373.817355838535,3.3,4.174387269895637,0
69,Global Pratama Group - PT  Global Pratama,corporate office,Company,Indonesia.Batam.PT.202408042212.db,places,1.1605095,104.0014042,388898.27123689855,128290.95513531654,0,2222.0801283748015,6,27,5,162.34307954323086,0.0,0.0,0
70,PT ARGATECH MULTI SINERGI,corporate office,Company,Indonesia.Batam.PT.202408042212.db,places,1.1701909,104.0170587,390640.5056452649,129360.59348532876,0,2412.8966156286956,29,61,15,24.6971349513873,4.5,1.0986122886681098,0
73,Batam,corporate office,Company,Indonesia.Batam.PT.202408042212.db,places,1.171941,104.0194278,390904.1791499193,129553.96917618587,0,2616.7441430298904,10,44,8,0.0,0.0,0.0,0
74,PT  Total Lintas Samudera (Keagenan Kapal),corporate office,Company,Indonesia.Batam.PT.202408042212.db,places,1.163074,104.0014711,388905.8153390186,128574.45128671486,0,2398.51670334413,8,20,5,20.134938693488508,5.0,0.6931471805599453,0
75,PT  Sukses Baja Megah Indo (Batam),corporate office,Company,Indonesia.Batam.PT.202408042212.db,places,1.1738068,104.0155955,390477.83819946117,129760.37719104574,0,2818.973415031313,15,54,11,105.83212358460482,5.0,0.6931471805599453,0
76,PT ANUGRAH SHANJASA MANDIRI,corporate office,Company,Indonesia.Batam.PT.202408042212.db,places,1.1661341,104.0121771,390097.1798695428,128912.31707264057,0,2045.851550078996,24,65,15,40.417618620562415,0.0,0.0,0
78,Pt Tirta Cooperate,corporate office,Company,Indonesia.Batam.PT.202408042212.db,places,1.1548354,104.0057508,389381.6940773403,127663.52866510928,0,1472.436568701774,11,30,9,62.47752250110039,0.0,0.0,0
81,Pt Pertamina,corporate office,Company,Indonesia.Batam.PT.202408042212.db,places,1.1662515,104.0068909,389508.9953485336,128925.50226909539,0,2292.496070432478,10,45,4,219.81509729799444,4.0,3.044522437723423,0
82,PT  Sindotama Trijaya,corporate office,Company,Indonesia.Batam.PT.202408042212.db,places,1.1553425,104.0045553,389248.6911641143,127719.63374624297,0,1616.0173405532446,10,29,9,144.3521910316129,0.0,0.0,0
83,PT Bahari Berkah Madani,corporate office,Company,Indonesia.Batam.PT.202408042212.db,places,1.1569097,104.0048936,389286.3943129693,127892.87024083048,0,1674.2999732979483,13,28,12,20.201412840517296,5.0,0.6931471805599453,0
84,PT  Ridho Pratama Mulya,corporate office,Company,Indonesia.Batam.PT.202408042212.db,places,1.1808669,104.0139312,390292.93035747984,130540.91517863772,-1,0.0,1,13,1,316.04545532590845,0.0,0.0,0
87,PT Sanpro Energi Fabrikator,corporate office,Company,Indonesia.Batam.PT.202408042212.db,places,1.1687529,104.0098466,389837.97000387986,129201.90895011082,0,2402.192937430734,15,64,10,70.86707666933654,0.0,0.0,0
89,PT  Menara Prima Sentosa,corporate office,Company,Indonesia.Batam.PT.202408042212.db,places,1.1541132,104.0017573,388937.3115734657,127583.84708673305,0,1844.3202471753864,11,25,10,338.540641832931,0.0,0.0,0
93,PT PLN Batam Unit PLTD Batu Ampar,power station,Company,Indonesia.Batam.PT.202408042212.db,places,1.1677979,104.0088292,389724.72799044906,129096.37635405344,0,2346.6665054179934,14,58,0,88.32841605239501,5.0,0.6931471805599453,0
94,PT  Multi Idea Advertising,corporate office,Company,Indonesia.Batam.PT.202408042212.db,places,1.1787718,104.0089462,389738.1761465831,130309.50508878035,-1,0.0,3,16,2,111.91954906464561,0.0,0.0,0
95,Tiga Benua  PT,manufacturer,Company,Indonesia.Batam.PT.202408042212.db,places,1.167624,104.009604,389810.93223710236,129077.12182364469,0,2295.4722279245207,15,65,3,58.77447069547715,4.3,1.6094379124341003,0
96,PT  Pro Asia,corporate office,Company,Indonesia.Batam.PT.202408042212.db,places,1.1671375,104.0101624,389873.0457613784,129023.31877772315,0,2222.676324067551,16,65,9,32.025350584425986,5.0,0.6931471805599453,0
97,PT  Demoh Engineering,corporate office,Company,Indonesia.Batam.PT.202408042212.db,places,1.1643514,104.0133051,390222.62192447647,128715.20092890396,0,1822.7203701698404,28,65,18,60.32960243593827,5.0,1.0986122886681098,0
101,PT  BH Marine & Offshore Engineering,corporate office,Company,Indonesia.Batam.PT.202408042212.db,places,1.1532016,103.9988527,388614.08250289096,127483.18560398994,0,2123.0245463770684,1,19,1,338.540641832931,5.0,0.6931471805599453,0
103,PT  Multi mitra cemerlang transportasi,corporate office,Company,Indonesia.Batam.PT.202408042212.db,places,1.1624176,104.0118749,390063.4104801515,128501.48079664896,0,1667.2975472866844,19,62,14,146.78277199304011,0.0,0.0,0
107,PT  Pro Teknik Indonesia,corporate office,Company,Indonesia.Batam.PT.202408042212.db,places,1.1660812,104.0111692,389985.0300705107,128906.50850674693,0,2074.475092462395,23,67,15,112.3001195933303,3.0,0.6931471805599453,0
108,PT  PNP YARD 1,corporate office,Company,Indonesia.Batam.PT.202408042212.db,places,1.1608361,104.0080074,389633.01653733617,128326.80131736523,0,1724.4480140362896,6,51,5,50.085435213062866,5.0,0.6931471805599453,0
109,PT inti prima persada,corporate office,Company,Indonesia.Batam.PT.202408042212.db,places,1.1796647,104.0094203,389790.96357467555,130408.19385662259,-1,0.0,3,14,2,111.91954906464561,0.0,0.0,0
110,PT  INDONESIA SURVEYOR (Preparasi Batubara DB Minba),mining company,Company,Indonesia.Batam.PT.202408042212.db,places,1.1761956,104.0113557,390006.17606033233,130024.61843732097,0,3147.24140250123,5,25,0,194.1559693085077,0.0,0.0,0
111,Obor Cemerlang Samudera,corporate office,Company,Indonesia.Batam.PT.202408042212.db,places,1.1830535,104.0052004,389321.55644511495,130782.98397263298,-1,0.0,0,3,0,600.6751903827923,0.0,0.0,0
113,PT  Pacific Batam Perkasa,wholesale grocer,Company,Indonesia.Batam.PT.202408042212.db,places,1.1681128,104.0098118,389834.0729144029,129131.1491080444,0,2337.3134183602824,14,64,0,58.77447069547715,3.8,1.791759469228055,0
115,PT Rotating Offshore Solutions,manufacturer,Company,Indonesia.Batam.PT.202408042212.db,places,1.1680503,104.0049676,389295.062201091,129124.43028622192,0,2573.6765533442153,5,33,0,151.88268651804873,5.0,1.6094379124341003,0
116,PT  Batam Usaha Karya Unggul (KIKY),corporate office,Company,Indonesia.Batam.PT.202408042212.db,places,1.1699915,104.0103827,389897.66940755415,129338.8115586322,0,2512.1390674158356,16,60,9,107.68925479979198,5.0,1.3862943611198906,0
118,PT  Yap Adi Pratama,manufacturer,Company,Indonesia.Batam.PT.202408042212.db,places,1.1705067,104.0112041,389989.08551142813,129395.73318503056,0,2540.413263963772,15,65,1,107.68925479979198,4.0,0.6931471805599453,0
127,Bengkong laut,market,Company,Indonesia.Batam.PT.202408042212.db,places,1.1561898,104.0260997,391645.9475933292,127812.46907911536,0,1304.9676512249237,6,27,0,204.1163411716478,5.0,1.6094379124341003,0
133,PT  Berkah Tata Baruna Cabang Batam,corporate office,Company,Indonesia.Batam.PT.202408042212.db,places,1.1539721,104.038947,393075.3634108035,127566.82380140033,-1,0.0,1,11,0,378.62107364174733,4.5,1.0986122886681098,0
134,PT  Mineral Anugrah Semesta,corporate office,Company,Indonesia.Batam.PT.202408042212.db,places,1.1640288,104.0397634,393166.57973369246,128678.52225459536,-1,0.0,2,6,2,68.96171307159098,0.0,0.0,0
138,PT MINANG BARU SEJAHTERA,corporate office,Company,Indonesia.Batam.PT.202408042212.db,places,1.1486427,104.0265904,391700.262004536,126978.14454152275,0,1032.1996315338,10,41,5,92.08296404556789,4.5,1.0986122886681098,0
141,PT WINGS FOOD,corporate office,Company,Indonesia.Batam.PT.202408042212.db,places,1.1507983,104.0222715,391219.7840206868,127216.60301606238,0,613.2942018290559,11,54,8,101.87402760377044,3.0,1.791759469228055,0
143,Kantor LLS ( Lautan Lestari Shipyard ),corporate office,Company,Indonesia.Batam.PT.202408042212.db,places,1.1638304,104.0178751,390731.09964300075,128657.42847630363,0,1710.7146085989823,24,61,12,65.57327157569758,3.5,1.0986122886681098,0
149,PT Dinamika Batam,corporate office,Company,Indonesia.Batam.PT.202408042212.db,places,1.1480506,104.0314726,392243.4764817759,126912.50546628032,0,1575.3664729921265,3,23,1,367.2800229703055,0.0,0.0,0
153,pt Alinda,corporate office,Company,Indonesia.Batam.PT.202408042212.db,places,1.1642856,104.0333431,392452.2156741346,128707.15460479997,-1,0.0,0,10,0,503.1407453756762,0.0,0.0,0
154,PT  Chang Hue Wangsa Industri,corporate office,Company,Indonesia.Batam.PT.202408042212.db,places,1.1598176,104.035299,392669.6761620016,128213.15935803595,-1,0.0,3,14,1,64.78625313979805,5.0,0.6931471805599453,0
156,PT PUTRI KHARISMA,corporate office,Company,Indonesia.Batam.PT.202408042212.db,places,1.1352914,104.043512,393582.61408861214,125501.57624646439,2,68.5314409579964,14,26,12,20.550645839610894,5.0,0.6931471805599453,0
158,PT  Althaf Handal Mandiri,corporate office,Company,Indonesia.Batam.PT.202408042212.db,places,1.1588287,104.0286811,391933.27623306296,128104.09178681024,-1,0.0,4,19,2,331.5904205768017,5.0,0.6931471805599453,0
159,PT  Cahaya Indonesia Grup,corporate office,Company,Indonesia.Batam.PT.202408042212.db,places,1.1634688,104.0394903,393136.1713973485,128616.62677050676,-1,0.0,3,6,2,68.96171307159098,0.0,0.0,0
164,Bengkong Indah 2 Swadaya,homestay,Company,Indonesia.Batam.PT.202408042212.db,places,1.1445014,104.0306909,392156.36487804947,126520.18364493217,0,1548.1047410928393,5,31,0,265.5830875028539,4.7,2.302585092994046,0
166,BUDI INDO PERKASA,corporate office,Company,Indonesia.Batam.PT.202408042212.db,places,1.1352352,104.0427442,393497.1797900252,125495.39183277219,2,143.08798588007085,14,30,12,7.934411420848245,5.0,1.0986122886681098,0
167,PT  Australian Skills Training,corporate office,Company,Indonesia.Batam.PT.202408042212.db,places,1.154785,104.021852,391173.25807193737,127657.3355466384,0,870.7068183931046,10,40,8,331.86566655608055,4.3,3.8501476017100584,0
168,Golden Prawn 933,seafood restaurant,Company,Indonesia.Batam.PT.202408042212.db,places,1.159912,104.037245,392886.2075333093,128223.52119254251,-1,0.0,4,11,0,190.87502171431967,4.2,1.9459101490553132,2
169,Bengkong Indah Swadebi Blok N 33,housing society,Company,Indonesia.Batam.PT.202408042212.db,places,1.1493517,104.0345098,392581.47042030934,127056.22294186258,-1,0.0,4,20,0,327.4399234155089,4.0,1.791759469228055,0
170,Sindo Utama Indonesia,corporate office,Company,Indonesia.Batam.PT.202408042212.db,places,1.1647469,104.0278476,391840.75907062145,128758.359947529,-1,0.0,2,12,1,0.17802918841761972,0.0,0.0,0
171,PT  JENY JAYA BAHARI,corporate office,Company,Indonesia.Batam.PT.202408042212.db,places,1.1593643,104.0257489,391607.0351389643,128163.41257186582,-1,0.0,4,19,2,223.65796130341812,0.0,0.0,0
173,Depo PT Laut Mas,corporate office,Company,Indonesia.Batam.PT.202408042212.db,places,1.1648354,104.0182112,390768.53570688935,128768.51502049883,0,1823.4014551406904,24,53,12,81.61086504615388,0.0,0.0,0
176,Indah,laundry,Company,Indonesia.Batam.PT.202408042212.db,places,1.1476468,104.0249787,391520.8923230249,126868.11232138354,0,856.1079008256421,12,51,0,134.2410004730595,0.0,0.0,0
179,Bengkong ratu,corporate office,Company,Indonesia.Batam.PT.202408042212.db,places,1.1578698,104.024394,391456.2205074403,127998.25255681171,0,1312.9428172918679,5,27,3,106.65653322867006,4.8,1.6094379124341003,0
180,PT  MUJUR INDO PERSADA,corporate office,Company,Indonesia.Batam.PT.202408042212.db,places,1.1647469,104.027846,391840.5810414436,128758.36000893697,-1,0.0,2,12,1,0.17802918841761972,4.0,1.6094379124341003,0
181,PT CAN TEKNIKTAMA,corporate office,Company,Indonesia.Batam.PT.202408042212.db,places,1.1388412,104.0472753,394001.48146549927,125893.8536854255,2,505.6450644062884,5,23,4,51.782278865988935,0.0,0.0,0
183,PT SANIKUSUMO SELARAS,corporate office,Company,Indonesia.Batam.PT.202408042212.db,places,1.1465933,104.0373271,392894.84470668994,126751.1865252616,-1,0.0,4,10,0,223.7323290903134,0.0,0.0,0
189,PT BERJAYA SUKSES PERKASA,corporate office,Company,Indonesia.Batam.PT.202408042212.db,places,1.1412129,104.0401103,393204.3284842827,126156.30034386314,-1,0.0,1,24,0,487.97986610241105,0.0,0.0,0
194,PT  LAKKU CORP INDONESIA,exporter,Company,Indonesia.Batam.PT.202408042212.db,places,1.1529065,104.0269933,391745.25301784836,127449.47756304122,0,1187.8566154567168,10,32,0,226.46037007995542,5.0,2.0794415416798357,0
197,Bengkong harapan 1 Block E No 45,corporate office,Company,Indonesia.Batam.PT.202408042212.db,places,1.1503789,104.0257595,391607.8741373721,127170.10699644279,0,965.3005171170446,13,42,8,182.04960835391964,4.6,2.302585092994046,0
210,PT RYBEL CAHAYA SEMPURNA,property investment,Company,Indonesia.Batam.PT.202408042212.db,places,0.837166,104.053115,394641.7521034941,92544.78357119006,-1,0.0,8,8,0,0.0,0.0,0.0,0
211,MESS B RIGHT PLN BATAM,corporate office,Company,Indonesia.Batam.PT.202408042212.db,places,1.1460976,104.0265845,391699.5097941453,126696.79276799217,0,1061.1322660352648,11,52,7,8.965278240010937,0.0,0.0,0
213,Harapan Putri Nusantara  PT,government office,Company,Indonesia.Batam.PT.202408042212.db,places,1.1402652,104.0128422,390170.192966484,126052.56182196505,0,1024.633737901461,12,66,0,164.31558224668345,0.0,0.0,0
215,Batam,housing society,Company,Indonesia.Batam.PT.202408042212.db,places,1.1546779,104.0304165,392126.21466122754,127645.16955525779,0,1615.9065110243457,5,24,0,59.592675217949235,5.0,0.6931471805599453,0
217,Bengkong,housing complex,Company,Indonesia.Batam.PT.202408042212.db,places,1.1505535,104.038739,393052.09209337854,127188.91857096426,-1,0.0,4,9,0,263.3532983845116,0.0,0.0,0
219,PT  Adira Dinamika Multi Finance Cab  Batam,corporate office,Company,Indonesia.Batam.PT.202408042212.db,places,1.1386217,104.0254332,391571.1254882771,125870.40120110316,0,1405.5734166004631,24,66,15,22.82419272969825,0.0,0.0,0
221,PT  KRISTAL JAYA RAYA,corporate office,Company,Indonesia.Batam.PT.202408042212.db,places,1.1727983,104.027721,391826.98062081647,129648.419042606,-1,0.0,0,7,0,890.1629372519781,0.0,0.0,0
222,Pt  Putra Perkasa Harapan Jaya,corporate office,Company,Indonesia.Batam.PT.202408042212.db,places,1.0898026,103.9090015,378613.61545598647,120478.06016070682,-1,0.0,0,2,0,847.4552601058206,3.1,2.1972245773362196,0
223,PT Nollin Tiga Berlian,corporate office,Company,Indonesia.Batam.PT.202408042212.db,places,1.1683552,104.0174895,390688.3690426864,129157.64582737765,0,2209.875741490386,30,62,14,152.2612825215894,5.0,0.6931471805599453,0
225,Ali Jaya Bengkong,electronics wholesaler,Company,Indonesia.Batam.PT.202408042212.db,places,1.1603305,104.0355807,392701.03973171295,128269.84784973273,-1,0.0,3,14,0,64.78625313979805,0.0,0.0,0
226,Batam,housing complex,Company,Indonesia.Batam.PT.202408042212.db,places,1.1384993,104.0302282,392104.65699156246,125856.69041080361,0,1803.6566027267972,10,53,0,203.442475312785,0.0,0.0,0
227,PT Harapan Mulia Interior,furniture manufacturer,Company,Indonesia.Batam.PT.202408042212.db,places,1.0564864,103.9124337,378994.2246742347,116794.80045093657,-1,0.0,0,2,0,864.007656573576,5.0,0.6931471805599453,0
228,Batam,general store,Company,Indonesia.Batam.PT.202408042212.db,places,1.1467911,104.0259995,391634.4434991734,126773.4789342272,0,981.5509740305973,10,51,0,100.57032779701025,0.0,0.0,0
230,Bengkong,housing development,Company,Indonesia.Batam.PT.202408042212.db,places,1.1433239,104.0362587,392775.84379668854,126389.8067082703,-1,0.0,2,16,0,380.46890636400315,0.0,0.0,0
233,PT Acces Media Solusi,corporate office,Company,Indonesia.Batam.PT.202408042212.db,places,1.1466781,104.0447877,393724.9776639388,126760.2827762747,-1,0.0,0,8,0,691.1460939158922,0.0,0.0,0
235,PT dias,corporate office,Company,Indonesia.Batam.PT.202408042212.db,places,1.1468396,104.0090891,389752.8373431304,126779.48626599467,0,931.0209311779937,13,51,11,44.28857198347029,0.0,0.0,0
237,Isagenix Batam,wellness center,Company,Indonesia.Batam.PT.202408042212.db,places,1.149464,104.0243991,391456.46937771083,127069.0196151644,0,797.2232425809291,16,52,0,182.04960835391964,0.0,0.0,0
239,Jelajah Batam,corporate office,Company,Indonesia.Batam.PT.202408042212.db,places,1.1499696,104.0274628,391797.3829298981,127124.79566014344,0,1142.658246075392,11,32,6,175.89492527043484,5.0,1.0986122886681098,0
241,pt pelita multi harapan,car repair and maintenance service,Company,Indonesia.Batam.PT.202408042212.db,places,1.1419602,104.0175663,390695.9057139816,126239.75889303761,0,708.6303392179947,25,70,0,94.97450503351526,0.0,0.0,0
242,PT putra Harapan utama,corporate office,Company,Indonesia.Batam.PT.202408042212.db,places,1.1629153,104.0015599,388915.68983698747,128556.90392092813,0,2379.3678990076655,7,20,5,20.134938693488508,0.0,0.0,0
245,Graha Cipta Utama PT,employment agency,Company,Indonesia.Batam.PT.202408042212.db,places,1.1486169,104.0373606,392898.6474879099,126974.88653405724,-1,0.0,3,11,0,223.7323290903134,0.0,0.0,0
246,Komplek perumahan,housing complex,Company,Indonesia.Batam.PT.202408042212.db,places,1.1535914,104.0326494,392374.625262188,127524.9763154632,-1,0.0,3,21,0,224.5308416854919,0.0,0.0,0
250,PT Esun International Utama Indonesia,corporate office,Company,Indonesia.Batam.PT.202408042212.db,places,1.1288795,103.9256772,380470.7716213397,124797.34494055637,-1,0.0,0,0,0,2555.7685250350564,5.0,1.0986122886681098,0
251,PT Selamat Mulia,corporate office,Company,Indonesia.Batam.PT.202408042212.db,places,1.1113704,103.9617729,384486.54586060665,122860.27724968683,12,576.6847000544358,5,21,3,40.48778516305101,5.0,1.3862943611198906,0
252,PT Jaya Abadi,fashion accessories store,Company,Indonesia.Batam.PT.202408042212.db,places,-2.44565,117.8888,1945181.7504626135,-277346.30088331114,-1,0.0,7,7,0,0.0,0.0,0.0,0
254,PT Plasmotech Batam,manufacturer,Company,Indonesia.Batam.PT.202408042212.db,places,1.1106242,104.0608057,395505.9834754338,122774.0996808315,3,897.6281326872814,11,46,0,123.28330509108673,4.4,3.8918202981106265,0
255,Kampung Harapan Swadaya Blok ag1 no 10 RT 01 RW 05 Sadai Bengkong kota Batam Sadai,condominium complex,Company,Indonesia.Batam.PT.202408042212.db,places,1.1363284,104.039463,393132.1242971846,125616.36190751832,2,500.263918691649,11,33,0,120.17895997431965,3.6,1.791759469228055,0
256,Seken,market,Company,Indonesia.Batam.PT.202408042212.db,places,1.1524444,104.0289761,391965.85916597524,127398.31872582447,0,1373.3305932002634,7,27,0,226.46037007995542,5.0,1.6094379124341003,0
257,PT Karya Raya Indomandiri,contractor,Company,Indonesia.Batam.PT.202408042212.db,places,-2.44565,117.8888,1945181.7504626135,-277346.30088331114,-1,0.0,7,7,0,0.0,0.0,0.0,0
260,PT  Fluid Sciences Batam,manufacturer,Company,Indonesia.Batam.PT.202408042212.db,places,1.0704838,104.0193594,390892.8117860258,118338.20717899565,-1,0.0,4,10,1,106.94244800172577,4.7,3.367295829986474,0
264,PT  Graha Saenab,corporate office,Company,Indonesia.Batam.PT.202408042212.db,places,1.0445663,103.9800476,386517.5388816015,115474.50510688235,-1,0.0,6,11,5,173.0664794372372,0.0,0.0,0
267,PT TAN INDO,corporate office,Company,Indonesia.Batam.PT.202408042212.db,places,1.037162,103.9243319,380317.4773895965,114658.02681516948,-1,0.0,2,6,2,185.190818133906,3.0,1.3862943611198906,0
268,PT  TITAN JAYA,corporate office,Company,Indonesia.Batam.PT.202408042212.db,places,1.0558107,103.9306583,381022.15964448993,116719.3980613736,-1,0.0,4,7,2,260.59766129407524,5.0,0.6931471805599453,0
269,PT eka mitra,shipyard,Company,Indonesia.Batam.PT.202408042212.db,places,-2.44565,117.8888,1945181.7504626135,-277346.30088331114,-1,0.0,7,7,0,0.0,0.0,0.0,0
271,PT  ANUGERAH NIAGA PRATAMA,wholesaler,Company,Indonesia.Batam.PT.202408042212.db,places,0.837166,104.053115,394641.7521034941,92544.78357119006,-1,0.0,8,8,0,0.0,0.0,0.0,0
273,PT  AMNOR,corporate office,Company,Indonesia.Batam.PT.202408042212.db,places,1.0747394,103.9151877,379301.39018527314,118812.56911584166,-1,0.0,0,3,0,843.7946401743025,5.0,1.3862943611198906,0
274,PT Viking Airtech Offshore,corporate office,Company,Indonesia.Batam.PT.202408042212.db,places,1.057586,103.920121,379849.68046439847,116916.06306550938,-1,0.0,1,8,1,273.94579472432633,5.0,0.6931471805599453,0
275,Toko Cipta Abadi,building materials store,Company,Indonesia.Batam.PT.202408042212.db,places,1.146122,104.0112429,389992.46225125156,126700.074830324,0,720.023155218592,13,58,0,116.06294501811736,3.7,1.3862943611198906,0
276,PT Sumber Kita Sejahtera,egg supplier,Company,Indonesia.Batam.PT.202408042212.db,places,0.837166,104.053115,394641.7521034941,92544.78357119006,-1,0.0,8,8,0,0.0,0.0,0.0,0
277,PT  CIPTA BAHTERA RAYA,corporate office,Company,Indonesia.Batam.PT.202408042212.db,places,1.0657006,103.9166293,379461.452085512,117813.26999687117,-1,0.0,2,5,0,238.53435326912137,4.7,1.9459101490553132,0
280,PT Rayyan Indo Solusi,international trade consultant,Company,Indonesia.Batam.PT.202408042212.db,places,-2.44565,117.8888,1945181.7504626135,-277346.30088331114,-1,0.0,7,7,0,0.0,0.0,0.0,0
281,PT  Ripos Bintana Press,corporate office,Company,Indonesia.Batam.PT.202408042212.db,places,1.0376306,103.9259297,380495.2926517256,114709.77014010205,-1,0.0,2,6,2,98.42168827276785,4.3,2.70805020110221,0
282,PT PLN Batam Unit PLTD Sekupang,power station,Company,Indonesia.Batam.PT.202408042212.db,places,1.111025,103.945949,382725.7621183774,122822.71715865193,-1,0.0,8,9,0,216.40285648300147,3.7,1.3862943611198906,0
285,PT  Mitra Tanes Sejahtera,marine supply store,Company,Indonesia.Batam.PT.202408042212.db,places,0.837166,104.053115,394641.7521034941,92544.78357119006,-1,0.0,8,8,0,0.0,0.0,0.0,0
286,Champion Ventures,corporate office,Company,Indonesia.Batam.PT.202408042212.db,places,1.0526905,103.9723051,385656.2911637896,116372.90235546627,5,519.586059941161,3,17,1,180.8379483804858,4.1,2.9444389791664403,0
292,Bumi Resourse Indah  PT,industrial equipment supplier,Company,Indonesia.Batam.PT.202408042212.db,places,1.1099574,103.9499116,383166.65079523623,122704.5378907559,-1,0.0,5,14,1,229.89051980312954,0.0,0.0,0
294,PT MEGA SOLAR INDONESIA,corporate office,Company,Indonesia.Batam.PT.202408042212.db,places,1.0372133,103.926711,380582.21732840786,114663.60815026036,-1,0.0,2,6,2,98.42168827276785,5.0,0.6931471805599453,0
295,Royal Standard Utama  PT,industrial equipment supplier,Company,Indonesia.Batam.PT.202408042212.db,places,1.1125314,103.9531485,383526.93109530734,122988.96339252172,-1,0.0,2,13,1,359.9591135047732,0.0,0.0,0
296,Telkom Studio Batam,corporate office,Company,Indonesia.Batam.PT.202408042212.db,places,1.1129827,103.9499448,383170.4639674982,123038.98089132618,-1,0.0,6,11,3,280.70560542277076,0.0,0.0,0
297,PT  TENGDA PACKING INDONESIA,corporate office,Company,Indonesia.Batam.PT.202408042212.db,places,1.070365,103.908793,378589.6430360776,118329.23002778462,-1,0.0,1,3,1,277.6628421494467,3.3,1.3862943611198906,0
299,PT  Bioworld Biosciences,corporate office,Company,Indonesia.Batam.PT.202408042212.db,places,1.0457949,103.9263574,380543.1931270895,115612.31685400299,-1,0.0,1,6,1,317.6758674131175,4.2,3.258096538021482,0
302,Pt  Rezki Cipta Perkasa,corporate office,Company,Indonesia.Batam.PT.202408042212.db,places,1.026975,104.0596596,395375.6266958681,113527.10511478236,4,154.35798964901116,9,11,3,26.404940903881933,0.0,0.0,0
303,PT ERRACIPTA KARYA SEJATI,corporate office,Company,Indonesia.Batam.PT.202408042212.db,places,1.045508,103.9767326,386148.69819073746,115578.72821766522,-1,0.0,2,15,2,185.80261410495186,4.5,1.0986122886681098,0
304,PT JMN,corporate office,Company,Indonesia.Batam.PT.202408042212.db,places,1.0430065,103.9256674,380466.3071697537,115304.08559942091,-1,0.0,1,4,1,317.6758674131175,4.0,1.0986122886681098,0
306,Batam,housing development,Company,Indonesia.Batam.PT.202408042212.db,places,1.0569828,103.976629,386137.5858911545,116847.24999894129,-1,0.0,1,6,0,490.8912872895214,0.0,0.0,0
307,Pt  RJ Computer,corporate office,Company,Indonesia.Batam.PT.202408042212.db,places,1.0522199,103.9686392,385248.3532109927,116321.01293693103,5,115.269279477761,9,19,5,137.62211245019432,0.0,0.0,0
311,WTP Duriangkang,corporate office,Company,Indonesia.Batam.PT.202408042212.db,places,1.0582421,104.1117854,401176.71586251946,116981.82945463934,-1,0.0,0,2,0,642.8357412730242,0.0,0.0,0
312,DAM Duriangkang Reservoir,park,Company,Indonesia.Batam.PT.202408042212.db,places,1.0716026,104.0426069,393479.63885253284,118461.06858086577,-1,0.0,0,0,0,1308.500370803377,4.6,2.772588722239781,0
313,PT  Alfa Scorpii Yamaha Sagulung,corporate office,Company,Indonesia.Batam.PT.202408042212.db,places,1.0368978,103.9684061,385221.859112179,114627.18723759153,-1,0.0,2,5,1,454.5221237094322,5.0,1.0986122886681098,0
316,PT Cahaya Metal Indo Perkasa,corporate office,Company,Indonesia.Batam.PT.202408042212.db,places,1.044103,103.977649,386250.61950919806,115423.3748905316,-1,0.0,4,12,3,185.80261410495186,0.0,0.0,0
322,PT  COCOINDO ABADI SUKSES,corporate office,Company,Indonesia.Batam.PT.202408042212.db,places,1.0316576,103.9282607,380754.4550373309,114049.36782510641,-1,0.0,0,5,0,637.9318187865339,4.1,2.8903717578961645,0
324,pt cool dfine,corporate office,Company,Indonesia.Batam.PT.202408042212.db,places,1.0619605,103.9252266,380417.97862145025,117399.46681526641,-1,0.0,1,8,1,69.916073089011,3.5,2.4849066497880004,0
325,Pt Dinasc,corporate office,Company,Indonesia.Batam.PT.202408042212.db,places,1.0458378,103.98402,386959.610236394,115614.92357813849,-1,0.0,5,11,4,211.7485855171388,0.0,0.0,0
327,duriangkang,clothing store,Company,Indonesia.Batam.PT.202408042212.db,places,1.028003,104.0600036,395413.937795584,113640.73449700221,4,158.71576176816276,9,11,0,101.47405702995998,4.4,2.0794415416798357,0
330,Batam,housing development,Company,Indonesia.Batam.PT.202408042212.db,places,1.0518785,103.9708943,385499.27571136336,116283.1888599717,5,368.4857547820772,8,19,0,180.8379483804858,0.0,0.0,0
334,PT  Sumatra Maju Jaya Shipyard BATAM,corporate office,Company,Indonesia.Batam.PT.202408042212.db,places,1.0361747,103.9191343,379739.06846722495,114549.07764719543,-1,0.0,0,3,0,588.5803281467015,3.9,2.302585092994046,0
342,PT  Glory Propertindo,corporate office,Company,Indonesia.Batam.PT.202408042212.db,places,1.048526,103.9337453,381365.39230838366,115913.95884193925,-1,0.0,0,3,0,674.4348729668884,3.7,1.9459101490553132,0
352,PT FILLTECH ANTARA NUSA,corporate office,Company,Indonesia.Batam.PT.202408042212.db,places,1.0416282,103.9690629,385295.1152119243,115150.10165190457,-1,0.0,2,10,1,73.56536399027999,0.0,0.0,0
357,PT Sarana Citranusa Kabil,port operating company,Company,Indonesia.Batam.PT.202408042212.db,places,1.1146874,104.1464325,405033.6282235555,123220.36783390057,-1,0.0,1,4,0,149.85841127447628,4.4,4.553876891600541,0
359,Kabil  Batam,manufacturer,Company,Indonesia.Batam.PT.202408042212.db,places,1.059149,104.117492,401811.71478340926,117081.90023322542,-1,0.0,1,2,0,226.34146281031846,0.0,0.0,0
363,PT Blue Steel Industries,steel fabricator,Company,Indonesia.Batam.PT.202408042212.db,places,1.0960131,104.1313038,403349.7040599295,121156.54240664165,-1,0.0,1,2,0,413.8020460028362,3.7,1.9459101490553132,0
365,Kabil Integrated Industrial Estate,oil & natural gas company,Company,Indonesia.Batam.PT.202408042212.db,places,1.1136494,104.1338832,403637.2759195683,123106.03169987633,6,54.960560282658804,13,14,0,0.0,0.0,0.0,0
366,Perum GMP Blok B,housing authority,Company,Indonesia.Batam.PT.202408042212.db,places,1.0289003,104.0601959,395435.3646523535,113739.92055478806,4,228.07136051117578,9,11,1,42.33465093809105,5.0,1.3862943611198906,0
370,PT KFTD BATAM,corporate office,Company,Indonesia.Batam.PT.202408042212.db,places,1.0555065,103.9686184,385246.15900650487,116684.34220647182,5,350.36644549515717,7,20,3,266.391330443889,4.7,2.0794415416798357,0
375,PT SMS,corporate office,Company,Indonesia.Batam.PT.202408042212.db,places,1.0406811,104.0465228,393914.3171348991,115042.69003111403,-1,0.0,3,10,2,280.04328623137826,0.0,0.0,0
381,Perum GMP Blok H,housing authority,Company,Indonesia.Batam.PT.202408042212.db,places,1.0269946,104.0598961,395401.9432276486,113529.26406341123,4,127.98941365576037,9,11,1,26.404940903881933,4.8,2.4849066497880004,0
382,PT Tripal Batam,corporate office,Company,Indonesia.Batam.PT.202408042212.db,places,1.0453029,103.98142,386670.27814522956,115555.88522516163,-1,0.0,6,12,5,173.0664794372372,0.0,0.0,0
385,PT  Bintang Samudera Persada,corporate office,Company,Indonesia.Batam.PT.202408042212.db,places,1.1043796,104.0775528,397369.2012082658,122083.20433583765,3,1131.4869072258593,12,24,10,110.58758032085368,0.0,0.0,0
394,PT  Lintas Cahaya Berlian,corporate office,Company,Indonesia.Batam.PT.202408042212.db,places,1.161156,104.013354,390227.9395159978,128361.95717221842,0,1481.1388020551492,13,59,9,46.58891783058346,4.8,1.6094379124341003,0
395,PT  Bintang Inti Persada Shipyard,company,Company,Indonesia.Batam.PT.202408042212.db,places,1.149202,104.014827,390391.3803790052,127040.42195076098,0,292.1760871662077,17,62,0,125.90624999627218,5.0,0.6931471805599453,0
400,Kampung seraya,homestay,Company,Indonesia.Batam.PT.202408042212.db,places,1.150919,104.0174612,390684.5511266941,127230.1299278065,0,282.7261956547838,16,54,0,167.89476806757753,4.7,2.4849066497880004,0
403,Kantor Kelurahan Kampung Seraya,government office,Company,Indonesia.Batam.PT.202408042212.db,places,1.1527415,104.0094531,389793.5658226927,127431.91024191958,0,999.9134511253324,8,52,0,333.79243251798295,5.0,0.6931471805599453,0
404,KANTOR PT  MASAGENA FORWARDING INDONESIA,corporate office,Company,Indonesia.Batam.PT.202408042212.db,places,1.1565241,104.0169915,390632.5020872337,127849.77415180407,0,902.6331751800301,8,47,6,141.0653833791642,0.0,0.0,0
407,PT  Lavo Imaging Indonesia,manufacturer,Company,Indonesia.Batam.PT.202408042212.db,places,1.1587389,104.0159733,390519.2930187274,128094.65268002903,0,1156.4599801615066,11,57,0,269.780997806906,1.0,0.6931471805599453,0
408,SMT,corporate office,Company,Indonesia.Batam.PT.202408042212.db,places,1.1556763,104.018546,390805.43718705216,127755.99270937975,0,819.6520427369678,9,44,7,52.878751363150535,0.0,0.0,0
414,PT KOMFROT INTI PERSADA,corporate office,Company,Indonesia.Batam.PT.202408042212.db,places,1.155211,104.0184358,390793.1575829007,127704.55951321608,0,766.8982769875904,10,41,7,52.878751363150535,0.0,0.0,0
415,PT  Daichii Indonesia & Fotocopy,corporate office,Company,Indonesia.Batam.PT.202408042212.db,places,1.1486984,104.0165208,390579.8290678413,126984.68560056061,0,96.02034044069931,19,64,12,96.41752484882967,1.0,0.6931471805599453,0
416,PT VJB,corporate office,Company,Indonesia.Batam.PT.202408042212.db,places,1.163083,104.0157818,390498.15217966953,128574.88690395409,0,1635.9215595998992,30,66,17,196.15918429556618,4.3,1.3862943611198906,0
418,Seraya Adyaconcrete  PT,building materials store,Company,Indonesia.Batam.PT.202408042212.db,places,1.1395837,104.0160703,390529.35672940797,125977.10115847176,0,980.6804750539899,17,61,0,132.3896549131134,0.0,0.0,0
419,PT  Royal Assetindo,corporate office,Company,Indonesia.Batam.PT.202408042212.db,places,1.1471971,104.011098,389976.38035184453,126818.92953385347,0,704.0325708040264,15,59,11,119.93776736131707,4.3,2.772588722239781,0
422,Kibing Batu Aji Batam  Kepulauan Riau,lodge,Company,Indonesia.Batam.PT.202408042212.db,places,1.0557895,103.9819415,386728.68536949396,116715.1388088236,-1,0.0,0,3,0,605.6830523033682,1.0,0.6931471805599453,0
423,Graha PKM Group,corporate office,Company,Indonesia.Batam.PT.202408042212.db,places,1.1481553,104.0172347,390659.2435271337,126924.62027918668,0,25.017230193740314,21,70,14,4.108349363062364,0.0,0.0,0
424,Seraya Garden,housing complex,Company,Indonesia.Batam.PT.202408042212.db,places,1.151141,104.0159685,390518.4681395304,127254.72859686102,0,341.585015774777,16,53,1,124.32689430627859,4.5,2.4849066497880004,0
427,PT AULIA ARRAHMAN,corporate office,Company,Indonesia.Batam.PT.202408042212.db,places,1.0446245,103.9854925,387123.4180569987,115480.7428739473,-1,0.0,3,11,3,211.7485855171388,4.0,1.0986122886681098,0
428,Villa Cemara,housing complex,Company,Indonesia.Batam.PT.202408042212.db,places,1.1522466,104.0161733,390541.2982494591,127376.94137331458,0,447.54149417500213,19,46,1,124.32689430627859,4.5,3.713572066704308,0
429,PT  Kombet Alkisah Jaya,corporate office,Company,Indonesia.Batam.PT.202408042212.db,places,1.0418259,103.9869999,387291.05305959156,115171.30969880456,-1,0.0,2,9,2,285.71236467531406,0.0,0.0,0
430,PT GTU Logistics,corporate office,Company,Indonesia.Batam.PT.202408042212.db,places,1.1607988,104.0131318,390203.2017924178,128322.47841468091,0,1451.2361245976251,13,60,9,46.58891783058346,4.9,2.772588722239781,0
431,PT Sarana Jamin Sentosa,corporate office,Company,Indonesia.Batam.PT.202408042212.db,places,1.1495803,104.0071706,389539.4718425448,127082.53691180772,0,1137.039088576024,11,41,9,202.56969746117392,0.0,0.0,0
432,PT Eshan Elekon Solusi,corporate office,Company,Indonesia.Batam.PT.202408042212.db,places,1.0482889,103.9825739,386798.78458770196,115885.9397846358,-1,0.0,3,11,3,315.1423066828787,5.0,1.0986122886681098,0
433,PT  Niven Bina Bening (Office),corporate office,Company,Indonesia.Batam.PT.202408042212.db,places,1.0400077,103.9984782,388568.22546957794,114969.90410519206,-1,0.0,3,5,3,29.750533548982915,0.0,0.0,0
434,PT  Buana Logistik Mandiri Sukses,corporate office,Company,Indonesia.Batam.PT.202408042212.db,places,1.1598191,104.0082546,389660.48283520003,128214.36520885529,0,1618.6875318293442,7,50,6,115.74228274578392,4.6,2.5649493574615367,0
435,PT GARD BATAM,corporate office,Company,Indonesia.Batam.PT.202408042212.db,places,1.1535203,104.0057633,389383.034123874,127518.14750542447,0,1406.2960136474853,12,36,10,57.987668884021,0.0,0.0,0
436,PT Indofab Jaya Mandiri,corporate office,Company,Indonesia.Batam.PT.202408042212.db,places,1.0400596,103.9824297,386782.444398831,114976.21271745031,-1,0.0,2,12,1,302.8551227434511,4.0,0.6931471805599453,0
439,PT  Pratama Niaga Indonesia,corporate office,Company,Indonesia.Batam.PT.202408042212.db,places,1.0469867,104.0045937,389248.9642287991,115741.1977374513,-1,0.0,1,4,1,179.36336116918835,0.0,0.0,0
449,Batam,housing complex,Company,Indonesia.Batam.PT.202408042212.db,places,1.045391,103.9960992,388303.69463462674,115565.09847864273,-1,0.0,0,7,0,593.3111993560872,0.0,0.0,0
452,PT  Graha Telekomunikasi Indonesia,corporate office,Company,Indonesia.Batam.PT.202408042212.db,places,1.1438986,104.0155003,390466.0963804539,126454.12165868285,0,533.6167797943292,21,65,14,245.35172836547054,2.6,2.9444389791664403,0
458,PT Batam Digital Sarana,corporate office,Company,Indonesia.Batam.PT.202408042212.db,places,1.0402152,103.9987104,388594.0705358128,114992.83449217054,-1,0.0,3,6,3,11.611145929862479,0.0,0.0,0
459,PT DIP Engineering,corporate office,Company,Indonesia.Batam.PT.202408042212.db,places,1.1643738,104.0176388,390704.82779742667,128717.50878984535,0,1770.0221363893436,27,63,14,65.57327157569758,5.0,1.3862943611198906,0
461,PT Indo Perdana Lintasindo,corporate office,Company,Indonesia.Batam.PT.202408042212.db,places,1.153174,104.0047099,389265.8095167518,127479.90595641104,0,1500.211034101884,11,33,10,51.818936955924784,5.0,0.6931471805599453,0
462,PT ADHI GUNA PUTERA,corporate office,Company,Indonesia.Batam.PT.202408042212.db,places,1.1460272,104.0265445,391695.0563890629,126689.01180422842,0,1058.6813467008315,11,55,7,8.965278240010937,0.0,0.0,0
465,PT SMS,corporate office,Company,Indonesia.Batam.PT.202408042212.db,places,1.0401112,103.998725,388595.6914862562,114981.33704769515,-1,0.0,3,5,3,11.611145929862479,4.0,0.6931471805599453,0
469,Morning Bakery,corporate office,Company,Indonesia.Batam.PT.202408042212.db,places,1.1554484,104.0163095,390556.5754840566,127730.88515602272,0,790.9854775462993,10,44,7,28.244425382025117,4.8,1.9459101490553132,0
473,Pt  Stanco Ekatehnik Surya,corporate office,Company,Indonesia.Batam.PT.202408042212.db,places,1.1479374,104.0261501,391651.24374220485,126900.19274728135,0,983.8923125851346,9,46,6,92.08296404556789,3.9,2.0794415416798357,0
474,PT SUNLY INDO SEMESTA,corporate office,Company,Indonesia.Batam.PT.202408042212.db,places,1.1529143,104.0050976,389308.93865266914,127451.1817529884,0,1449.7444185226484,12,37,10,49.8320021316561,0.0,0.0,0
478,Korean Windows UPVC   Al  Folding Door Yerim,corporate office,Company,Indonesia.Batam.PT.202408042212.db,places,1.0991407,104.0369985,392856.5538969871,121505.49518456646,7,459.3086070021594,14,30,8,114.82153416111957,5.0,3.828641396489095,0
480,Kathindo Usaha Sekawan PT,building materials store,Company,Indonesia.Batam.PT.202408042212.db,places,1.065637,103.918772,379699.88030889444,117806.15522461852,-1,0.0,1,6,0,238.53435326912137,0.0,0.0,0
485,PT  KEMET Electronics Indonesia,corporate office,Company,Indonesia.Batam.PT.202408042212.db,places,1.054777,104.038938,393070.8165507711,116601.19240254152,-1,0.0,2,13,1,377.59541271771343,4.7,3.828641396489095,0
491,PT EX Batam Indonesia,electronics manufacturer,Company,Indonesia.Batam.PT.202408042212.db,places,1.064286,104.0317133,392267.23753032484,117652.6264189366,8,223.9895309955247,12,28,1,150.43434897215292,4.9,2.0794415416798357,0
492,PT  Philips Industries Batam,electronics manufacturer,Company,Indonesia.Batam.PT.202408042212.db,places,1.0753039,104.024138,391424.7060575473,118870.88305586479,-1,0.0,6,16,0,226.06269583817812,4.2,4.718498871295094,0
494,PT  Noble Batam,company,Company,Indonesia.Batam.PT.202408042212.db,places,1.062978,104.028178,391873.81231493,117508.15541331912,8,332.14296832719884,11,28,0,69.15312915754822,3.5,1.9459101490553132,0
495,PT  Ronstan International,company,Company,Indonesia.Batam.PT.202408042212.db,places,1.059227,104.0343199,392557.1040231236,117093.28214596002,8,498.1840984286355,14,25,0,54.20926581230406,4.7,2.8903717578961645,0
497,PT  Blackmagic Design Manufacturing,electronics manufacturer,Company,Indonesia.Batam.PT.202408042212.db,places,1.0631693,104.0334866,392464.5172411119,117529.11753198337,8,280.5109030569322,13,28,1,130.48354062049629,4.7,2.995732273553991,0
500,PT  HLN BATAM,manufacturer,Company,Indonesia.Batam.PT.202408042212.db,places,1.058751,104.0342028,392544.05768001673,117040.66620321026,8,527.4414329642544,14,25,2,54.20926581230406,5.0,0.6931471805599453,0
502,PT  Alteco Chemical Indonesia,manufacturer,Company,Indonesia.Batam.PT.202408042212.db,places,1.0560449,104.035787,392720.2418231224,116741.46234244121,8,871.2152243204567,7,20,1,244.1618230300422,4.7,3.5263605246161616,0
503,PT  Mitra Calisindo,corporate office,Company,Indonesia.Batam.PT.202408042212.db,places,1.1129992,104.0672687,396225.19882121356,123036.41680888916,3,757.8728615971373,8,31,6,61.05936406192372,0.0,0.0,0
504,PT  Greenlam Asia Pacific,plastic fabrication company,Company,Indonesia.Batam.PT.202408042212.db,places,1.058799,104.0319459,392292.9294848328,117046.05074278645,8,404.43027747014065,14,28,0,139.05208267075318,4.8,1.791759469228055,0
505,PT  Shimano Batam Manufacturing,manufacturer,Company,Indonesia.Batam.PT.202408042212.db,places,1.0725183,104.0192918,390885.3617902108,118563.11689742707,-1,0.0,4,14,1,225.03307286383992,4.2,4.68213122712422,0
506,PT  Wohlrab Indonesia,manufacturer,Company,Indonesia.Batam.PT.202408042212.db,places,1.0656928,104.0292212,391989.98575446266,117808.23024942624,8,423.8475654280241,13,27,2,53.18700840424795,4.4,4.0943445622221,0
509,Pt  Asiatech,manufacturer,Company,Indonesia.Batam.PT.202408042212.db,places,1.0598058,104.030962,392183.48368365393,117157.38299062687,8,282.39332197277173,14,26,1,137.24285097917362,4.8,1.9459101490553132,0
510,PT  Schneider Electric Manufacturing Batam - Lot 04,manufacturer,Company,Indonesia.Batam.PT.202408042212.db,places,1.0666908,104.0286384,391925.17128518707,117918.57601294873,8,551.8079377252312,12,25,2,127.48388159573746,4.4,4.454347296253507,0
512,Kompleks Industri Muka Kuning Batam,corporate office,Company,Indonesia.Batam.PT.202408042212.db,places,1.0622781,104.0327177,392378.9294461685,117430.62548291552,8,180.38798751173036,14,29,5,130.48354062049629,0.0,0.0,0
513,PT Rubycon Indonesia Sejahtera,credit union,Company,Indonesia.Batam.PT.202408042212.db,places,1.0592596,104.0333272,392446.6454411599,117096.92039052301,8,422.75007899617094,16,26,0,71.29413319811768,4.0,1.0986122886681098,0
514,PT  Pegaunihan Technology Indonesia LOT22,corporate office,Company,Indonesia.Batam.PT.202408042212.db,places,1.0636567,104.0284363,391902.57749460265,117583.17422323093,8,329.24408109947166,9,29,4,21.217701565647012,4.0,0.6931471805599453,0
517,PT Jiayin Technology Indonesia,corporate office,Company,Indonesia.Batam.PT.202408042212.db,places,1.080713,104.0228106,391277.1958142384,119468.88798891733,-1,0.0,3,12,0,381.62766692619107,5.0,1.0986122886681098,0
519,PT  Grace Solution,industrial equipment supplier,Company,Indonesia.Batam.PT.202408042212.db,places,1.0607988,104.0302217,392101.14334952284,117267.18130354684,8,197.92494494570025,15,29,0,137.24285097917362,3.9,2.0794415416798357,0
520,PT  Takamori Indonesia,corporate office,Company,Indonesia.Batam.PT.202408042212.db,places,1.0602848,104.0324475,392348.79484471586,117210.28298713714,8,273.84344312676853,16,27,8,80.01687818698699,4.6,2.0794415416798357,0
521,PT  Sumitomo Wiring Systems Batam Indonesia (Plant 3),corporate office,Company,Indonesia.Batam.PT.202408042212.db,places,1.0610134,104.035412,392678.68564412167,117290.72400908727,8,502.4228823186697,10,25,5,123.82864819857075,0.0,0.0,0
522,Kyocera Indonesia  Pt,electronic parts supplier,Company,Indonesia.Batam.PT.202408042212.db,places,1.078078,104.0250264,391523.65792018065,119177.51862453933,-1,0.0,6,13,2,0.0,5.0,0.6931471805599453,0
523,PT  Infineon Technologies Batam 3,manufacturer,Company,Indonesia.Batam.PT.202408042212.db,places,1.065195,104.0327194,392379.21967885917,117753.07785874864,8,361.91856179271844,7,27,2,150.43434897215292,1.8,2.302585092994046,0
525,PT  BATAM KARYA PRIMA,pharmacy,Company,Indonesia.Batam.PT.202408042212.db,places,1.0824366,104.0292632,391995.2470731175,119659.1955489456,-1,0.0,3,11,0,139.32078524915823,4.1,2.0794415416798357,0
527,PT  AIT,corporate office,Company,Indonesia.Batam.PT.202408042212.db,places,1.068273,104.028847,391948.43783840234,118093.47521195264,8,700.3715624117743,7,22,3,176.43996800817945,5.0,0.6931471805599453,0
528,Kantor Staff Dormitory PT  Tunaskarya Indoswasta,corporate office,Company,Indonesia.Batam.PT.202408042212.db,places,1.050771,104.0328702,392395.5024577952,116158.5532236921,-1,0.0,1,15,1,278.43446832799265,0.0,0.0,0
530,PT Sanipak Indonesia Factory 3,corporate office,Company,Indonesia.Batam.PT.202408042212.db,places,1.0580887,104.0349551,392627.7448121961,116967.42538985176,8,637.7766719896096,11,24,5,111.21039894643228,0.0,0.0,0
531,PINTU 2 Kawasan Industri Batamindo,corporate office,Company,Indonesia.Batam.PT.202408042212.db,places,1.068986,104.0271475,391759.3562744673,118172.3546578983,8,854.6029253465944,7,23,3,194.15511239509706,4.7,1.3862943611198906,0
532,Maruwa Indonesia  Pt,electronic parts supplier,Company,Indonesia.Batam.PT.202408042212.db,places,1.078078,104.0250264,391523.65792018065,119177.51862453933,-1,0.0,6,13,2,0.0,0.0,0.0,0
534,PTSSG KANTOR,corporate office,Company,Indonesia.Batam.PT.202408042212.db,places,1.0722683,104.022675,391261.8081946319,118535.3598289634,-1,0.0,4,18,1,267.11040521389265,0.0,0.0,0
536,Muka kuning,corporate office,Company,Indonesia.Batam.PT.202408042212.db,places,1.0403613,103.9979597,388510.54238172976,115009.01198465122,-1,0.0,3,6,3,69.69049332221422,1.0,1.0986122886681098,0
538,PT LAKUNING TRISAKA SUKSES,corporate office,Company,Indonesia.Batam.PT.202408042212.db,places,1.048035,104.005824,389385.90063622553,115857.04088852658,-1,0.0,1,2,1,179.36336116918835,0.0,0.0,0
539,mcc office,corporate office,Company,Indonesia.Batam.PT.202408042212.db,places,1.0766523,104.0256654,391594.7100700631,119019.88969389861,-1,0.0,5,17,1,172.90253837887175,0.0,0.0,0
540,PT Sanipak F1,corporate office,Company,Indonesia.Batam.PT.202408042212.db,places,1.0599563,104.0357801,392719.60841836844,117173.85288064815,8,584.6245608387327,11,24,5,123.82864819857075,4.3,1.3862943611198906,0
541,Kumagaya Precision Motor Batam  Pt,electronic parts supplier,Company,Indonesia.Batam.PT.202408042212.db,places,1.078078,104.0250264,391523.65792018065,119177.51862453933,-1,0.0,6,13,2,0.0,0.0,0.0,0
542,PT GreenLine Sarana Sadaya,corporate office,Company,Indonesia.Batam.PT.202408042212.db,places,1.0386486,104.0518163,394503.2687671536,114817.82846626545,-1,0.0,6,11,4,92.74803217577036,0.0,0.0,0
544,Pt Simatelex lot B,corporate office,Company,Indonesia.Batam.PT.202408042212.db,places,1.0635988,104.0282545,391882.34622712777,117576.77995422747,8,344.95904514077154,9,29,4,21.217701565647012,4.0,0.6931471805599453,0
545,PT ABSOLUT KREATIF FAKTUAL,corporate office,Company,Indonesia.Batam.PT.202408042212.db,places,1.0277759,104.0477258,394047.74959306105,113616.03434181499,-1,0.0,0,4,0,565.0646635441219,5.0,1.3862943611198906,0
547,PT  NOK FREUDENBERG SEALING TECHNOLOGIES,corporate office,Company,Indonesia.Batam.PT.202408042212.db,places,1.069918,104.0221179,391199.735717886,118275.56187630756,-1,0.0,6,20,1,267.11040521389265,4.4,3.828641396489095,0
548,PT  Shimano Batam,corporate office,Company,Indonesia.Batam.PT.202408042212.db,places,1.0621332,104.030572,392140.16818882886,117414.68213423251,8,63.57167732765349,16,29,7,152.5759913480001,4.4,4.859812404361672,0
550,PT ANGKASA VISICOM INTEKMATIKA,corporate office,Company,Indonesia.Batam.PT.202408042212.db,places,1.0397446,104.0532633,394664.3158196007,114938.93816944996,-1,0.0,6,11,3,201.50363100286916,5.0,1.3862943611198906,0
551,PT Alam Semesta Karya,corporate office,Company,Indonesia.Batam.PT.202408042212.db,places,1.049997,104.030489,392130.5141636924,116073.07248234299,-1,0.0,4,8,3,278.43446832799265,0.0,0.0,0
553,PT SURYA INDOCHITA PRAKARSA,corporate office,Company,Indonesia.Batam.PT.202408042212.db,places,1.0409733,103.9689456,385282.0389962708,115077.70776153248,-1,0.0,3,8,2,73.56536399027999,5.0,0.6931471805599453,0
562,Pt Usp unitid indon prakoso,corporate office,Company,Indonesia.Batam.PT.202408042212.db,places,1.0716859,104.1158878,401633.61410613597,118467.82603621631,-1,0.0,0,0,0,1266.1552796387211,5.0,1.0986122886681098,0
564,PT  Kim Seah Shipyard Indonesia,boat builders,Company,Indonesia.Batam.PT.202408042212.db,places,1.1038363,103.933266,381314.1961772471,122028.51478252506,-1,0.0,0,1,0,510.803288325222,4.6,3.332204510175204,0
565,PT  Jaya Surviva,corporate office,Company,Indonesia.Batam.PT.202408042212.db,places,1.049857,103.9527094,383475.6812206546,116060.38724059844,13,607.3315979166417,6,15,2,143.44260040095514,0.0,0.0,0
566,BALAI PERTEMUAN,function room facility,Company,Indonesia.Batam.PT.202408042212.db,places,1.0336805,104.050873,394398.141216714,114268.65803600747,-1,0.0,4,12,0,153.33998982766389,5.0,1.6094379124341003,0
567,PT  Pilar Kemuning Suksesindo,corporate office,Company,Indonesia.Batam.PT.202408042212.db,places,1.0325244,104.0501115,394313.36911845196,114140.8814973292,-1,0.0,2,12,0,29.708988250954814,0.0,0.0,0
571,PT  Laksana Putra Batam,corporate office,Company,Indonesia.Batam.PT.202408042212.db,places,1.037945,103.9806993,386589.81969310367,114742.51002573408,-1,0.0,1,10,1,302.8551227434511,5.0,0.6931471805599453,0
572,Piayu,manufacturer,Company,Indonesia.Batam.PT.202408042212.db,places,1.0186055,104.0986806,399717.2986376255,112600.65494974739,-1,0.0,2,2,0,0.0,0.0,0.0,0
573,PT  Pegaunihan Technology Indonesia,corporate office,Company,Indonesia.Batam.PT.202408042212.db,places,1.0660208,104.0295709,392028.90896504285,117844.47720158947,8,439.27716936896195,13,27,6,53.18700840424795,4.3,4.919980925828125,0
575,Batam,apartment complex,Company,Indonesia.Batam.PT.202408042212.db,places,1.0436991,104.0522807,394555.111364028,115376.12365477551,-1,0.0,1,8,0,450.6181994729767,5.0,0.6931471805599453,0
576,PT  Patria Maritim Perkasa,shipbuilding and repairing,Company,Indonesia.Batam.PT.202408042212.db,places,1.0164439,103.9414008,382216.0825312531,112367.01317911856,-1,0.0,2,11,0,336.84051831503984,4.4,5.0238805208462765,0
578,PT  Trion Perkasa Mandiri,corporate office,Company,Indonesia.Batam.PT.202408042212.db,places,1.0393923,104.048956,394185.02170477516,114900.13695533421,-1,0.0,6,11,4,45.50347299843482,0.0,0.0,0
580,PT  SUBUR INTISURYA GAS BATAM,corporate office,Company,Indonesia.Batam.PT.202408042212.db,places,1.0350588,104.1220566,402318.86882394704,114418.74162294724,-1,0.0,0,0,0,2711.0180752500637,0.0,0.0,0
582,PT Solusindo Teknologi Infotama,corporate office,Company,Indonesia.Batam.PT.202408042212.db,places,1.0406287,104.0035606,389133.7849599634,115038.3749445494,-1,0.0,0,7,0,541.1080373861095,5.0,1.6094379124341003,0
583,Pt  Evergrown Technology,corporate office,Company,Indonesia.Batam.PT.202408042212.db,places,1.097672,104.03721,392880.03528869647,121343.12845979421,7,358.30223441405303,14,31,7,161.29826965724232,0.0,0.0,0
585,PT BBT Batam,corporate office,Company,Indonesia.Batam.PT.202408042212.db,places,1.0420199,103.9895603,387575.9662550973,115192.66447239429,-1,0.0,1,8,1,285.71236467531406,0.0,0.0,0
587,Batam,school,Company,Indonesia.Batam.PT.202408042212.db,places,1.0316587,104.0362587,392771.9026896721,114045.6456068792,-1,0.0,0,0,0,1346.2359228446187,0.0,0.0,0
588,Kantor pt etha global,corporate office,Company,Indonesia.Batam.PT.202408042212.db,places,1.0369193,104.0540079,394747.07552174246,114626.5889373678,-1,0.0,4,12,2,250.91822989905316,0.0,0.0,0
590,PT Centro Link,corporate office,Company,Indonesia.Batam.PT.202408042212.db,places,1.030393,103.9422492,382310.9981877949,113909.04622682344,-1,0.0,0,4,0,564.719388564778,0.0,0.0,0
591,PT  Global,corporate office,Company,Indonesia.Batam.PT.202408042212.db,places,1.0513913,104.0395178,393135.21671744407,116226.89673299092,-1,0.0,1,5,1,379.7955103892555,0.0,0.0,0
592,PT  Kaliban Punggur,corporate office,Company,Indonesia.Batam.PT.202408042212.db,places,1.0606375,104.1188888,401967.18260196457,117246.40012739185,-1,0.0,1,2,0,226.34146281031846,5.0,0.6931471805599453,0
593,PT  Bintang Marina Jaya,corporate office,Company,Indonesia.Batam.PT.202408042212.db,places,1.0493725,103.944001,382506.633613293,116007.15202490288,-1,0.0,0,2,0,641.2967831440902,0.0,0.0,0
594,PT Uwatec Batam,corporate campus,Company,Indonesia.Batam.PT.202408042212.db,places,1.0831494,104.0306681,392151.5972909054,119737.94299042806,-1,0.0,3,13,0,42.84500303645455,0.0,0.0,0
596,PT  Mayara Indonesia,corporate office,Company,Indonesia.Batam.PT.202408042212.db,places,1.0292827,104.0601753,395433.08489961846,113782.19377796203,4,267.93304058106173,9,11,3,42.33465093809105,0.0,0.0,0
598,ABB Batam  PT,corporate office,Company,Indonesia.Batam.PT.202408042212.db,places,1.05879,104.02962,392034.1213792143,117045.13673205707,8,427.22141060867926,9,27,4,186.8376850382178,4.5,1.0986122886681098,0
601,Dormitory Blok P Batamindo industrial Park,corporate office,Company,Indonesia.Batam.PT.202408042212.db,places,1.0559647,104.0329808,392407.9873358519,116732.69353038927,8,736.9945204894699,10,24,4,312.3775870406815,4.5,5.497168225293202,0
602,PT  WongTech Era Globalindo (Batam),corporate office,Company,Indonesia.Batam.PT.202408042212.db,places,1.0454599,103.960873,384383.9243095142,115573.99043533797,13,587.7909358098374,4,18,1,319.9257288144907,0.0,0.0,0
603,PT Microcast,corporate office,Company,Indonesia.Batam.PT.202408042212.db,places,1.0663824,104.0274578,391793.79288964474,117884.52497726637,8,601.7988672366234,10,24,5,135.71940114190764,3.2,1.791759469228055,0
604,Kelurahan Sei Pelungut,city clerk's office,Company,Indonesia.Batam.PT.202408042212.db,places,1.028628,103.9587596,384148.1436099116,113713.32241413833,-1,0.0,0,0,0,1104.3603748044013,2.7,2.3978952727983707,0
605,PT  SOMAN KARYA BATAM,industrial consultant,Company,Indonesia.Batam.PT.202408042212.db,places,-2.44565,117.8888,1945181.7504626135,-277346.30088331114,-1,0.0,7,7,0,0.0,0.0,0.0,0
606,PT DENHR Sei Lekop Batam Indonesia,car factory,Company,Indonesia.Batam.PT.202408042212.db,places,1.0229502,103.9403317,382097.35337629064,113086.31988216216,-1,0.0,4,11,0,35.9320563742915,4.2,2.3978952727983707,0
607,Pt maritim teknik inspeksi,industrial engineer,Company,Indonesia.Batam.PT.202408042212.db,places,0.837166,104.053115,394641.7521034941,92544.78357119006,-1,0.0,8,8,0,0.0,5.0,0.6931471805599453,0
608,Ramiro Garden  Sei Temiang  Batu Aji Batam Island,plant nursery,Company,Indonesia.Batam.PT.202408042212.db,places,1.0803278,103.9547171,383700.2306394143,119428.827041879,-1,0.0,1,2,0,482.3042908793494,5.0,1.6094379124341003,0
609,TPU Muslim Sei Temiang,cemetery,Company,Indonesia.Batam.PT.202408042212.db,places,1.0666392,103.9677966,385155.1243591302,117915.07554321755,-1,0.0,2,4,1,278.6143039205534,4.4,2.1972245773362196,0
610,PERUMAHAN KAVLING PLUS SEI TEMIANG,gated community,Company,Indonesia.Batam.PT.202408042212.db,places,1.0760263,103.953993,383619.49379496864,118953.32836580346,-1,0.0,1,3,0,482.3042908793494,4.6,2.3978952727983707,0
611,Pertamina Petrol Station,petrol station,Company,Indonesia.Batam.PT.202408042212.db,places,1.0619939,103.968352,385216.7541503792,117401.52407337874,-1,0.0,1,10,0,95.25741162591561,4.4,5.641907070938114,0
612,Sungai Temiang,river port,Company,Indonesia.Batam.PT.202408042212.db,places,1.0764859,103.9460725,382738.16351144103,119004.44013885396,-1,0.0,1,2,0,450.5768260770124,0.0,0.0,0
613,Spbu Pertamina sei temiang,transportation service,Company,Indonesia.Batam.PT.202408042212.db,places,1.1028311,103.9577086,384033.96871285536,121916.42663432403,-1,0.0,0,14,0,530.8111020833736,0.0,0.0,0
614,TPU Muslim (Blok Q) Sei Temiang,cemetery,Company,Indonesia.Batam.PT.202408042212.db,places,1.0669329,103.9702834,385431.8512391619,117947.4509075716,-1,0.0,1,4,1,278.6143039205534,5.0,1.6094379124341003,0
615,PT  Galang Agro Sejahtera,agricultural production,Company,Indonesia.Batam.PT.202408042212.db,places,1.0739033,103.9492051,383086.64323549956,118718.81563339666,-1,0.0,1,3,0,450.5768260770124,0.0,0.0,0
619,PT SUMBER CHANDRA MAKMUR,corporate office,Company,Indonesia.Batam.PT.202408042212.db,places,1.1299149,104.0287357,391938.26925149746,124907.77128963752,0,2402.96818011887,19,58,17,90.96366474734438,5.0,0.6931471805599453,0
621,PT PLS PRATAMA,corporate office,Company,Indonesia.Batam.PT.202408042212.db,places,1.1373045,104.0243314,391448.4796717381,125724.83067606864,0,1450.5712246656512,23,67,14,6.680112165841719,5.0,0.6931471805599453,0
623,Sungai Panas,river,Company,Indonesia.Batam.PT.202408042212.db,places,1.1408443,104.0470216,393973.32589207956,126115.29744255422,2,660.0078232058312,5,18,0,223.22650802687508,3.0,1.0986122886681098,0
626,Pt AGRA MITRA INDONESIA,corporate office,Company,Indonesia.Batam.PT.202408042212.db,places,1.1323801,104.0287907,391944.4802775217,125180.28836334158,0,2180.003579578195,21,65,19,28.653640511652547,4.0,0.6931471805599453,0
627,PT  Kaca Kendaga Juga,corporate office,Company,Indonesia.Batam.PT.202408042212.db,places,1.1294423,104.0307061,392157.49728739983,124855.45384345668,0,2568.1225809007456,17,48,15,87.53092253361855,5.0,0.6931471805599453,0
629,PT  Salesindo Cendratama Buana,corporate office,Company,Indonesia.Batam.PT.202408042212.db,places,1.1282045,104.0345738,392587.8086811232,124718.47644391892,0,2941.7457406622866,13,41,11,56.75440511109458,5.0,0.6931471805599453,0
630,PT  Cahaya Lestari Sanjaya,corporate office,Company,Indonesia.Batam.PT.202408042212.db,places,1.1331188,104.0335517,392474.2610208327,125261.77187046714,0,2470.5544796680406,11,52,8,103.57257360070763,5.0,0.6931471805599453,0
631,PT Aneka Karya Bajatama,homewares store,Company,Indonesia.Batam.PT.202408042212.db,places,1.1361893,104.0244225,391458.5746676038,125601.54567846953,0,1561.0149896562034,23,64,0,88.19680439801844,5.0,1.0986122886681098,0
632,PT RIWAY INDONESIA - BATAM,distribution service,Company,Indonesia.Batam.PT.202408042212.db,places,1.1259343,104.0277434,391827.7094557432,124467.76687641624,0,2737.6284557244144,8,32,0,37.600235513735896,5.0,1.9459101490553132,0
634,PT Syno Synergy,print shop,Company,Indonesia.Batam.PT.202408042212.db,places,1.1303588,104.0351691,392654.12640866905,124956.60424600985,0,2812.077928429268,13,44,0,72.55716072328592,5.0,0.6931471805599453,0
635,PT Selindo,tractor dealer,Company,Indonesia.Batam.PT.202408042212.db,places,1.1355397,104.0287845,391943.9075883896,125529.57117928521,0,1907.4036295496821,30,55,0,55.00674925373347,4.9,2.0794415416798357,0
636,ISS Servisystem PT,corporate office,Company,Indonesia.Batam.PT.202408042212.db,places,1.138952,104.028456,391907.4825726637,125906.80118103644,0,1618.2902009288111,23,62,14,134.38192505097823,4.0,0.6931471805599453,0
639,PT  Express Print,corporate office,Company,Indonesia.Batam.PT.202408042212.db,places,1.131538,104.0295712,392031.29492771794,125087.16813153183,0,2306.3745136243815,22,61,20,115.33602892969108,0.0,0.0,0
641,Pt  Sri Indah Multi Perkasa,corporate office,Company,Indonesia.Batam.PT.202408042212.db,places,1.1334397,104.0302653,392108.59738453664,125297.36840847303,0,2190.429490367738,22,64,20,109.21635824105267,0.0,0.0,0
644,Brinks Solutions Indonesia - Batam,corporate office,Company,Indonesia.Batam.PT.202408042212.db,places,1.1305408,104.0292664,391997.34312369407,124976.94256928425,0,2377.0399731847356,18,60,17,90.96366474734438,5.0,1.6094379124341003,0
645,PT  Bina Putra Sejahtara,corporate office,Company,Indonesia.Batam.PT.202408042212.db,places,1.1310022,104.0350402,392639.8074323205,125027.73446805755,0,2751.8913314946194,13,48,11,72.55716072328592,0.0,0.0,0
646,PT Sealand Pasifik,corporate office,Company,Indonesia.Batam.PT.202408042212.db,places,1.125603,104.0276669,391819.1851083959,124431.14566380673,0,2767.2926180397026,7,29,4,37.600235513735896,0.0,0.0,0
647,FIRST MEDIA BATAM (PT LINK NET TbK),corporate office,Company,Indonesia.Batam.PT.202408042212.db,places,1.1337579,104.0352863,392667.29218281567,125332.35764544798,0,2570.017299996602,6,55,3,102.44247987205577,5.0,0.6931471805599453,0
648,Batam Marine Engineering  PT,real estate developer,Company,Indonesia.Batam.PT.202408042212.db,places,1.1664979,104.0176641,390707.72478408925,128952.32036987344,0,2004.844642347464,26,61,0,47.85806988648395,4.6,2.4849066497880004,0
653,PT PLN Batam Gardu Induk Tanjung Sengkuang,electrical substation,Company,Indonesia.Batam.PT.202408042212.db,places,1.179036,104.0218914,391178.57417506364,130338.20228487373,-1,0.0,1,12,0,452.2492461392835,5.0,0.6931471805599453,0
654,Batam Park PT,real estate developer,Company,Indonesia.Batam.PT.202408042212.db,places,1.1361642,104.0256916,391599.78577238665,125598.723308953,0,1639.3439704821096,28,60,1,8.32131511197458,0.0,0.0,0
656,Pt xinrui technology batam,importer and exporter,Company,Indonesia.Batam.PT.202408042212.db,places,1.1660742,104.0177524,390717.53344754386,128905.47824167143,0,1958.2327102095264,27,60,1,30.978599991594443,4.0,0.6931471805599453,0
657,PT OTO Multiartha,car leasing service,Company,Indonesia.Batam.PT.202408042212.db,places,1.1646836,104.0279818,391855.68885427783,128751.35720343923,-1,0.0,2,12,0,16.490508324883315,4.1,3.332204510175204,0
658,PT Ultra Solution Indonesia,corporate office,Company,Indonesia.Batam.PT.202408042212.db,places,1.1347782,104.0288753,391953.9825747068,125445.38665992327,0,1977.3396906321707,25,58,19,43.96970989143701,5.0,0.6931471805599453,0
659,Anugerah Group,corporate campus,Company,Indonesia.Batam.PT.202408042212.db,places,1.1255076,104.0252,391544.69013104925,124420.69115357353,-1,0.0,4,23,0,152.34782856969997,0.0,0.0,0
660,Tanjung sengkuang,place of worship,Company,Indonesia.Batam.PT.202408042212.db,places,1.1826923,104.0200681,390975.84189181513,130742.46581521303,-1,0.0,2,7,0,323.56918683726883,4.7,1.3862943611198906,0
661,PT  Sukses Batam Mandiri,granite supplier,Company,Indonesia.Batam.PT.202408042212.db,places,1.1379201,104.0278176,391836.40983810596,125792.75220829713,0,1642.6411985192433,28,61,0,90.4780224510527,0.0,0.0,0
662,PT  Wahana Artha Gemilang,corporate office,Company,Indonesia.Batam.PT.202408042212.db,places,1.1374945,104.0251313,391537.4911621986,125745.8044528959,0,1483.2632486045834,25,67,15,18.816668358153436,0.0,0.0,0
663,PT MBU,corporate office,Company,Indonesia.Batam.PT.202408042212.db,places,1.1287401,104.0310696,392197.91788055527,124777.81469064993,0,2654.8431582886387,19,44,16,87.53092253361855,0.0,0.0,0
664,PT HELINDO JAYA,corporate office,Company,Indonesia.Batam.PT.202408042212.db,places,1.1311883,104.0282187,391880.7900009132,125048.5604050619,0,2253.2126252529774,21,62,19,40.31724322569678,0.0,0.0,0
665,PT XINSHENG INDONESIA MANUFACTURER,manufacturer,Company,Indonesia.Batam.PT.202408042212.db,places,1.166161,104.013695,390266.0756399921,128915.23156506749,0,2008.1096196252743,34,69,3,129.2398980270785,0.0,0.0,0
666,PT  Pelayaran Kurnia Samudra,shipping company,Company,Indonesia.Batam.PT.202408042212.db,places,1.1635241,104.0132003,390210.9289615784,128623.74948015632,0,1737.2349220576327,20,67,0,24.80866976992555,4.3,1.9459101490553132,0
668,PT Lotus Glassindo,construction equipment supplier,Company,Indonesia.Batam.PT.202408042212.db,places,1.138457,104.0255569,391584.88335074566,125852.18952918488,0,1428.3691436290646,25,64,0,22.82419272969825,4.0,1.6094379124341003,0
669,Sumber Sari Sekawan  PT,bakery,Company,Indonesia.Batam.PT.202408042212.db,places,1.1674539,104.0185713,390808.7044309878,129057.9679095367,0,2114.7608675285883,25,59,0,42.542807505653066,4.7,1.9459101490553132,0
672,PT  Unisox,manufacturer,Company,Indonesia.Batam.PT.202408042212.db,places,1.1660797,104.0125363,390137.14547673234,128906.28929220943,0,2029.2345002753436,25,65,3,40.417618620562415,0.0,0.0,0
673,PT  Mitra Buana Intimas - Kantor Cabang Batam,corporate office,Company,Indonesia.Batam.PT.202408042212.db,places,1.1321549,104.0286632,391930.2850808016,125155.39805388894,0,2192.0314836878592,21,65,19,28.653640511652547,0.0,0.0,0
674,PT  Ariobimo Suryakharism,corporate office,Company,Indonesia.Batam.PT.202408042212.db,places,1.136914,104.024754,391495.4875411519,125681.64634059193,0,1512.3467178724745,24,64,14,57.226246136190305,0.0,0.0,0
676,PT  Bertuah Jaya Makmur,corporate office,Company,Indonesia.Batam.PT.202408042212.db,places,1.1335,104.034402,392568.8873184291,125303.88056084664,0,2512.789789097436,8,53,5,102.44247987205577,0.0,0.0,0
677,PT  Mplas Enginering Batam,wholesaler,Company,Indonesia.Batam.PT.202408042212.db,places,1.1718762,104.0132324,390214.82477298775,129547.04781337814,0,2638.485933418596,14,63,0,56.14101339454012,0.0,0.0,0
678,Tasindo Total Inproducts  PT,luggage store,Company,Indonesia.Batam.PT.202408042212.db,places,1.132816,104.028177,391876.2103625812,125228.4984567224,0,2101.1306170090334,23,63,0,67.86164011411056,5.0,0.6931471805599453,0
679,PT  LIMANDA INDUSTRIES WORKSHOOP,corporate office,Company,Indonesia.Batam.PT.202408042212.db,places,1.17624,104.0160485,390528.33746574324,130029.34219354656,0,3084.6691808893715,4,29,4,187.29076918774444,5.0,1.0986122886681098,0
680,Lapangan Volly Kampung Melayu Sei Panas,gym and fitness centre,Company,Indonesia.Batam.PT.202408042212.db,places,1.1400032,104.0253612,391563.165756118,126023.12400075476,0,1286.6818503950574,23,65,0,152.93008490636407,4.7,2.0794415416798357,0
681,PT  Bina San Prima fand  Y  Fk,manufacturer,Company,Indonesia.Batam.PT.202408042212.db,places,1.167635,104.0159352,390515.3965910176,129078.09046860834,0,2135.7264218379933,32,63,3,105.50703280387816,5.0,0.6931471805599453,0
683,Best Mart Sungai Panas,supermarket,Company,Indonesia.Batam.PT.202408042212.db,places,1.1358917,104.0343314,392561.1199632113,125568.27670684221,0,2342.0574299613704,4,56,0,143.22966018968597,4.7,4.0943445622221,0
684,PT  Wahana Varia Motorindo,corporate office,Company,Indonesia.Batam.PT.202408042212.db,places,1.137541,104.026659,391707.4790935083,125750.88748954976,0,1584.9937358112445,28,62,17,122.75714595520856,4.0,0.6931471805599453,0
685,PT  Capella Multidana Batam (CMD Batam),corporate office,Company,Indonesia.Batam.PT.202408042212.db,places,1.1350738,104.0286109,391924.5739284047,125478.07407203584,0,1933.38394853236,28,56,20,43.96970989143701,5.0,1.0986122886681098,0
688,Inti Tata Dunia Gemil PT,corporate office,Company,Indonesia.Batam.PT.202408042212.db,places,1.133245,104.029303,392001.51564340707,125275.88088595188,0,2138.3228625634474,21,64,19,97.5654874518933,0.0,0.0,0
690,PT  Cutech Indonesia,corporate office,Company,Indonesia.Batam.PT.202408042212.db,places,1.1351019,104.0271692,391764.15790236735,125481.23435011122,0,1830.693943120837,32,57,24,80.85095491327162,3.0,0.6931471805599453,0
691,Tanjung Uma Sarana Alam  PT,real estate developer,Company,Indonesia.Batam.PT.202408042212.db,places,1.137386,104.025001,391522.98870925215,125733.81504646201,0,1484.6019568331149,26,66,1,18.816668358153436,2.2,1.791759469228055,0
693,PT Dewi Kartika Inti,place of worship,Company,Indonesia.Batam.PT.202408042212.db,places,1.1641341,104.0124252,390124.7081360105,128691.2133405381,0,1826.1982598536406,22,66,0,45.03224038976218,5.0,1.0986122886681098,0
697,Tanjung uma,housing development,Company,Indonesia.Batam.PT.202408042212.db,places,1.1458464,103.9985199,388576.76680674957,126670.09980687383,-1,0.0,2,19,0,396.49930566656076,4.0,0.6931471805599453,0
699,Tanjung uma,restaurant,Company,Indonesia.Batam.PT.202408042212.db,places,1.1453667,103.9935953,388028.7877298315,126617.26212592947,-1,0.0,2,4,0,58.780418787792414,0.0,0.0,0
700,SPBT Tanjung Sengkuang,petrol station,Company,Indonesia.Batam.PT.202408042212.db,places,1.1871668,104.0226196,391259.9160439435,131237.00692019204,-1,0.0,0,3,0,570.3236172747114,5.0,0.6931471805599453,0
701,PT  RAKATAK87,corporate office,Company,Indonesia.Batam.PT.202408042212.db,places,1.142399,103.9975365,388467.2107595637,126289.03659437611,-1,0.0,2,14,1,396.49930566656076,0.0,0.0,0
702,PT  Titan Jaya Batam,corporate office,Company,Indonesia.Batam.PT.202408042212.db,places,1.171008,104.0166929,390599.8353419938,129450.93560913963,0,2504.018077098703,18,60,11,82.76167287293833,5.0,0.6931471805599453,0
703,PT  DELTATAMA MITRA SEJAHTERA,corporate office,Company,Indonesia.Batam.PT.202408042212.db,places,1.1472943,104.0029497,389069.72587484855,126829.98935719776,0,1603.1199739212188,7,35,6,70.56032504153622,0.0,0.0,0
704,PT Bok Seng Indonesia,company,Company,Indonesia.Batam.PT.202408042212.db,places,1.1598872,104.010678,389930.1348676561,128221.79909608897,0,1472.4522168056455,10,58,0,178.36479112188988,4.5,2.3978952727983707,0
705,beach of Tanjung Uma,public beach,Company,Indonesia.Batam.PT.202408042212.db,places,1.1476105,103.9929885,387961.3562379501,126865.33269422318,-1,0.0,2,5,0,257.07199954666567,4.1,5.176149732573829,0
706,PT jaya timur,warehouse,Company,Indonesia.Batam.PT.202408042212.db,places,1.1703249,104.0146082,390367.8475798228,129375.50243490403,0,2446.190282334153,18,64,0,207.21528053067198,5.0,0.6931471805599453,0
707,Perum GMP Tanjung Sengkuang,school,Company,Indonesia.Batam.PT.202408042212.db,places,1.1840416,104.0174875,390688.7569641629,130891.72821163443,-1,0.0,1,6,0,323.56918683726883,4.1,3.4339872044851463,0
708,union plastic industries,corporate office,Company,Indonesia.Batam.PT.202408042212.db,places,1.166113,104.015506,390467.5812594475,128909.8547736747,0,1972.256855758599,36,64,19,69.18434933887016,5.0,2.3978952727983707,0
709,PT SKT INDO FURNITURE INDUSTRIAL,manufacturer,Company,Indonesia.Batam.PT.202408042212.db,places,1.167114,104.018392,390788.7408840815,129020.40000747413,0,2076.0252956489953,25,60,1,42.542807505653066,0.0,0.0,0
711,PT Ajinomoto Sales Indonesia Depo Batam,corporate office,Company,Indonesia.Batam.PT.202408042212.db,places,1.1654875,104.0155264,390469.8269635284,128840.70688139573,0,1903.2460282943896,34,65,18,69.18434933887016,0.0,0.0,0
712,PT CAK,apartment building,Company,Indonesia.Batam.PT.202408042212.db,places,1.1716346,104.0159405,390516.1413396009,129520.23367996288,0,2576.882791780554,15,61,0,108.65959992730951,0.0,0.0,0
715,PT McDermot,corporate office,Company,Indonesia.Batam.PT.202408042212.db,places,1.1714071,104.0130391,390193.2983149199,129495.19778938567,0,2591.2846617455816,15,65,11,0.0,5.0,0.6931471805599453,0
716,PT  PNP YARD 2,corporate office,Company,Indonesia.Batam.PT.202408042212.db,places,1.17806,104.0144706,390352.8384718516,130230.59961720939,0,3297.8826752676505,6,25,5,267.0289262165751,0.0,0.0,0
717,PT  CFM,corporate office,Company,Indonesia.Batam.PT.202408042212.db,places,1.1671833,104.0167705,390608.3217138367,129028.1239246,0,2081.135014007024,30,61,15,88.22026873730276,0.0,0.0,0
720,Finindo Batam  PT,importer and exporter,Company,Indonesia.Batam.PT.202408042212.db,places,1.1658274,104.0173604,390673.90666296025,128878.21049847119,0,1930.3587027827468,27,62,1,20.3852475181949,0.0,0.0,0
721,Alvest Sic Utama  PT,shipping company,Company,Indonesia.Batam.PT.202408042212.db,places,1.166433,104.0170406,390638.34635792003,128945.17010272451,0,1997.5384599560484,28,61,0,39.75847978690384,0.0,0.0,0
722,PT  Terma Dinamik,iron works,Company,Indonesia.Batam.PT.202408042212.db,places,1.1650935,104.0170792,390642.58963555587,128797.09107265108,0,1849.4133305303226,29,63,0,77.82462514991049,0.0,0.0,0
723,Silkargo Indonesia PT,transportation service,Company,Indonesia.Batam.PT.202408042212.db,places,1.1665736,104.0184093,390790.64498479094,128960.65983156416,0,2016.502797184719,25,60,0,59.77051294130109,0.0,0.0,0
724,PT  Oneberry Technologies Indonesia,security service,Company,Indonesia.Batam.PT.202408042212.db,places,1.1658364,104.0194526,390906.7029816373,128879.12426565286,0,1945.8986666560759,22,54,0,141.83619827276578,5.0,0.6931471805599453,0
725,Smith Tool Indonesia  PT,tool store,Company,Indonesia.Batam.PT.202408042212.db,places,1.16579,104.017181,390653.9436427513,128874.0830124911,0,1926.2787151214964,28,63,0,20.3852475181949,5.0,0.6931471805599453,0
726,PT  Cahaya Murni,wholesaler,Company,Indonesia.Batam.PT.202408042212.db,places,1.166101,104.017178,390653.621838398,128908.46320403866,0,1960.660358010774,28,62,0,34.381697585909905,0.0,0.0,0
727,Restoran Seafood Teluk Air ( kampung berkah),restaurant,Company,Indonesia.Batam.PT.202408042212.db,places,0.9592778,104.072576,396810.7616430706,106043.10162677031,-1,0.0,1,1,0,374.6902833299761,4.4,1.791759469228055,0
728,PT  Delta Bumi Perkasa,employment agency,Company,Indonesia.Batam.PT.202408042212.db,places,1.1236472,104.0481028,394093.0052535313,124214.18999416554,9,579.6723596588131,10,25,0,76.11284429422595,4.0,1.6094379124341003,0
736,PT  Silma Sunter Agung,corporate office,Company,Indonesia.Batam.PT.202408042212.db,places,1.131615,104.050633,394374.82561022026,125094.9047422504,9,490.7037418519021,5,33,3,103.93362974695658,4.3,1.9459101490553132,0
737,PT  MELIA ARTHA SENTRAL,corporate office,Company,Indonesia.Batam.PT.202408042212.db,places,1.1257721,104.0515016,394471.2630080211,124448.96557400862,9,176.14463158507107,12,24,9,11.182084628404157,0.0,0.0,0
738,PT  SARANA SANTOSA BAHARI,corporate office,Company,Indonesia.Batam.PT.202408042212.db,places,1.1153491,104.0544327,394797.0314301606,123296.6427161009,1,591.179719726517,11,27,9,51.68586953638644,0.0,0.0,0
739,Ruko,corporate office,Company,Indonesia.Batam.PT.202408042212.db,places,1.1352703,104.0428064,393504.1019993024,125499.26970632846,2,135.19468984045415,14,30,12,7.934411420848245,0.0,0.0,0
741,PT  Mega Technology Batam,plastic fabrication company,Company,Indonesia.Batam.PT.202408042212.db,places,1.1094739,104.0643503,395900.34797733295,122646.81434655917,3,510.72220700372446,17,48,0,164.517949633399,3.1,2.3978952727983707,0
746,RCB  PT,corporate office,Company,Indonesia.Batam.PT.202408042212.db,places,1.130723,104.0503378,394341.9467997024,124996.3086814198,9,408.5013498732605,8,34,5,103.93362974695658,0.0,0.0,0
747,PT  Haleyora Powerindo,corporate office,Company,Indonesia.Batam.PT.202408042212.db,places,1.1173619,104.0323118,392335.7204425471,123519.95038650831,-1,0.0,1,9,1,138.43891863333644,4.3,2.302585092994046,0
748,PT  Centri Japri,corporate office,Company,Indonesia.Batam.PT.202408042212.db,places,1.1258545,104.037652,392930.2322381646,124458.57950193816,0,3363.319237996465,9,23,8,240.69303803162327,0.0,0.0,0
749,PT  Batam Indo Kualita,corporate office,Company,Indonesia.Batam.PT.202408042212.db,places,1.1369914,104.0459612,393855.1957399573,125689.41424173588,2,264.91695364194595,11,23,10,49.06878838354533,0.0,0.0,0
750,Bias Surya Teknologi,corporate office,Company,Indonesia.Batam.PT.202408042212.db,places,1.117751,104.058009,395195.048565152,123562.03434282928,1,1066.1883776466466,3,21,3,317.988686719646,4.0,1.6094379124341003,0
751,General Contraktor,corporate office,Company,Indonesia.Batam.PT.202408042212.db,places,1.1360955,104.040518,393249.50447595015,125590.57671693395,2,380.70385365773876,10,32,9,62.29381792753335,4.3,1.6094379124341003,0
752,PT  Tiffa Mitra Sejahtera,corporate office,Company,Indonesia.Batam.PT.202408042212.db,places,1.1296564,104.0523638,394567.33888329903,124878.32698937636,9,263.93855019593747,15,25,9,77.52953002140639,0.0,0.0,0
755,PT  QUALITY SEKAWAN MANDIRI,corporate office,Company,Indonesia.Batam.PT.202408042212.db,places,1.1148136,104.0532645,394667.0276167686,123237.48730793249,1,448.3500602368697,14,28,12,78.66321351725395,0.0,0.0,0
759,PT  Vimela Arga Jaya,corporate office,Company,Indonesia.Batam.PT.202408042212.db,places,1.1258172,104.0517778,394501.9971162196,124453.94119008094,9,167.90969821319086,14,24,10,0.9607950917111306,0.0,0.0,0
761,PT  Oiltec Batam,corporate office,Company,Indonesia.Batam.PT.202408042212.db,places,1.1258401,104.051576,394479.54386396613,124456.479989585,9,167.31125335944117,14,24,10,11.182084628404157,1.0,1.6094379124341003,0
762,PT Multi Talenta Centre,corporate office,Company,Indonesia.Batam.PT.202408042212.db,places,1.1258251,104.0517742,394501.5968319828,124454.81463140009,9,167.04442656400664,14,24,10,0.9607950917111306,0.0,0.0,0
763,PT WSI,corporate office,Company,Indonesia.Batam.PT.202408042212.db,places,1.1151843,104.053998,394748.6568229393,123278.44034026934,1,539.626226308877,10,27,8,51.68586953638644,0.0,0.0,0
764,Pt  Gelatik Supra,corporate office,Company,Indonesia.Batam.PT.202408042212.db,places,1.1275102,104.0353033,392668.9542787358,124641.69726822869,0,3052.895972493564,12,40,10,3.540369277850202,0.0,0.0,0
768,Tiban Mas Indah,housing complex,Company,Indonesia.Batam.PT.202408042212.db,places,1.1225252,103.9789428,386397.50760265277,124092.75348760177,-1,0.0,5,11,2,246.98921570868256,4.6,2.1972245773362196,0
769,PERUM TIBAN MAS INDAH,housing development,Company,Indonesia.Batam.PT.202408042212.db,places,1.1248355,103.9793453,386442.3836193974,124348.13716847682,-1,0.0,5,9,0,34.62823601216931,4.4,2.8903717578961645,0
770,Perumahan Tiban Indah BTN,villa,Company,Indonesia.Batam.PT.202408042212.db,places,1.1195857,103.9790145,386405.3724668304,123767.7944833218,-1,0.0,2,28,0,237.09348610633967,4.3,3.7612001156935624,0
771,Komplek Tiban Indah Permai,housing complex,Company,Indonesia.Batam.PT.202408042212.db,places,1.1204177,103.9809784,386623.9307381919,123859.69444618115,-1,0.0,2,26,1,237.09348610633967,4.9,2.0794415416798357,0
772,PT Java Velosi Mandiri,corporate office,Company,Indonesia.Batam.PT.202408042212.db,places,1.1270261,104.0510868,394425.1537747688,124587.60493040107,9,86.99929093478534,15,26,10,71.92235203769626,0.0,0.0,0
775,Tiban indah,housing complex,Company,Indonesia.Batam.PT.202408042212.db,places,1.1254774,103.9765126,386127.20981270075,124419.20845827974,-1,0.0,5,10,1,282.9933987346347,0.0,0.0,0
776,PT  Ramatech International,corporate office,Company,Indonesia.Batam.PT.202408042212.db,places,1.1350607,104.0412501,393330.92651082366,125476.15662446721,2,307.0665677650295,12,32,10,42.97301975464109,0.0,0.0,0
777,Tiban indah,housing complex,Company,Indonesia.Batam.PT.202408042212.db,places,1.1246776,103.9829927,386848.22869463114,124330.53995302292,-1,0.0,2,8,0,406.2263988014534,0.0,0.0,0
779,PT  KEBAYORAN PHARMA CAB  BATAM,corporate office,Company,Indonesia.Batam.PT.202408042212.db,places,1.1321437,104.0443589,393676.73283348576,125153.57960725752,2,401.99257970040316,10,32,9,28.587570526300407,0.0,0.0,0
785,PT  Cahaya Kobe Mandiri,corporate office,Company,Indonesia.Batam.PT.202408042212.db,places,1.11953,104.038477,393021.7995824517,123759.40021087248,-1,0.0,3,15,2,376.16753264030075,0.0,0.0,0
786,Tiban Mas,boarding house,Company,Indonesia.Batam.PT.202408042212.db,places,1.1080028,103.9748824,385945.141281806,122487.48541752482,10,729.0773815724575,4,30,0,281.5175892049187,4.4,4.31748811353631,0
787,PT  Samudra Lintas Arta,corporate office,Company,Indonesia.Batam.PT.202408042212.db,places,1.1275889,104.0389597,393075.80246575957,124650.26269732794,0,3327.7654650414647,8,35,8,240.69303803162327,0.0,0.0,0
788,Top 100 Tiban,shopping mall,Company,Indonesia.Batam.PT.202408042212.db,places,1.1125898,103.9773506,386219.95864567783,122994.47498874555,10,254.86974995076397,16,29,1,114.3180450820259,4.4,0.6931471805599453,0
789,Pt Prima Asri Sentosa,corporate office,Company,Indonesia.Batam.PT.202408042212.db,places,1.1288558,104.0366384,392817.55931107386,124790.39903928475,0,3045.1702508338512,11,45,9,98.65195615504211,0.0,0.0,0
796,PT MUSTAFAMESINDO,corporate office,Company,Indonesia.Batam.PT.202408042212.db,places,1.1203342,104.0567517,395055.2417728789,123847.64048022132,-1,0.0,3,24,3,317.988686719646,0.0,0.0,0
804,Tiban lama,housing complex,Company,Indonesia.Batam.PT.202408042212.db,places,1.1089035,103.987544,387354.056772481,122586.57136561412,-1,0.0,0,13,0,625.6575096659031,0.0,0.0,0
806,KOMPLEK TIBAN CENTRE,shopping mall,Company,Indonesia.Batam.PT.202408042212.db,places,1.113192,103.981274,386656.5457551247,123060.89599458885,10,195.65601849928345,17,27,2,31.093174699859954,4.5,4.174387269895637,0
820,PT  Prima Multi Usaha Indonesia,corporate office,Company,Indonesia.Batam.PT.202408042212.db,places,1.129932,104.0391909,393101.6135019867,124909.27480190845,0,3174.2456388028495,7,36,6,260.29498633347964,4.1,2.8903717578961645,0
825,PT Sugih Jaya Logistik,corporate office,Company,Indonesia.Batam.PT.202408042212.db,places,1.1228142,104.0413174,393337.9685685784,124122.35202238779,-1,0.0,3,21,3,47.611547483817255,5.0,1.0986122886681098,0
826,PT HEMA MARITIME SERVICES,corporate office,Company,Indonesia.Batam.PT.202408042212.db,places,1.1100116,103.9572021,383977.8879300694,122710.24259809646,-1,0.0,2,16,1,95.4733686037136,0.0,0.0,0
827,PT Bintan Benco jaya,corporate office,Company,Indonesia.Batam.PT.202408042212.db,places,1.1117813,104.0347992,392612.29094288655,122902.94496423459,-1,0.0,1,24,1,65.74420919612952,0.0,0.0,0
844,Pertamina Petrol Station,petrol station,Company,Indonesia.Batam.PT.202408042212.db,places,1.1112,103.9781749,386311.62692942127,122840.80339262169,10,220.08890901879627,16,27,0,95.47295727706609,4.3,6.393590753950631,0
846,PT  Alijaya Hanindo Prima,corporate office,Company,Indonesia.Batam.PT.202408042212.db,places,1.1285183,104.0351852,392655.85030573653,124753.14328967987,0,2960.795999521986,13,42,11,76.36395010105188,0.0,0.0,0
847,Sei Harapan Power Station,electrical substation,Company,Indonesia.Batam.PT.202408042212.db,places,1.0952593,103.9638774,384720.0986102071,121079.1348046013,-1,0.0,3,6,0,290.239168224771,4.3,1.6094379124341003,0
848,Perumahan Bukit Tiban Selaras,housing development,Company,Indonesia.Batam.PT.202408042212.db,places,1.1174291,103.9860983,387193.51522864646,123529.11340207582,10,899.3478509165664,2,19,0,239.19067336524245,4.3,3.6635616461296463,0
852,PT  SELATANINDO BATAM MANDIRI,corporate office,Company,Indonesia.Batam.PT.202408042212.db,places,1.1315745,104.0306286,392148.9525880407,125091.16373983058,0,2374.6659628970237,22,60,20,117.72548542391245,3.5,2.1972245773362196,0
854,Beautiful villa in batam,homestay,Company,Indonesia.Batam.PT.202408042212.db,places,1.1168567,103.9694254,385338.2701323883,123466.4810337639,-1,0.0,2,9,0,199.84730163071072,4.1,2.9444389791664403,0
855,PT PPILN,corporate office,Company,Indonesia.Batam.PT.202408042212.db,places,1.1175127,104.023403,391344.44329796603,123536.94883014729,-1,0.0,4,10,2,14.382955453513478,0.0,0.0,0
858,Batam,housing development,Company,Indonesia.Batam.PT.202408042212.db,places,1.097945,103.9651266,384859.20354570047,121375.98713539643,-1,0.0,4,7,0,301.12873924239085,5.0,0.6931471805599453,0
860,Kantor Pusat PT Kobac,corporate office,Company,Indonesia.Batam.PT.202408042212.db,places,1.1127252,103.979944,386508.53639004944,123009.34330573976,10,39.667975033936514,16,27,8,60.337311942046476,0.0,0.0,0
861,Kantor PT Andika Buana Lines,corporate office,Company,Indonesia.Batam.PT.202408042212.db,places,1.1071644,104.0319862,392299.12121785403,122392.66606453813,11,411.77887238352247,10,30,4,55.908159045933616,0.0,0.0,0
868,Perumahan Tiban 1,housing complex,Company,Indonesia.Batam.PT.202408042212.db,places,1.1159148,103.9755379,386018.38373638043,123362.1178677631,10,589.7770849089463,7,27,0,239.205189209636,4.5,1.0986122886681098,0
869,CV ASTRA BATAM,corporate office,Company,Indonesia.Batam.PT.202408042212.db,places,1.1207588,104.0435997,393591.84439369186,123895.05267503322,-1,0.0,2,17,2,340.76080743659804,5.0,0.6931471805599453,0
872,PT MSAS,corporate office,Company,Indonesia.Batam.PT.202408042212.db,places,1.1314711,104.0284475,391906.2589341982,125079.81442142212,0,2240.897654114824,21,62,19,3.3857976150196323,5.0,1.3862943611198906,0
873,PT PELAYARAN NASIONAL NUSANTARA PERKASA,corporate office,Company,Indonesia.Batam.PT.202408042212.db,places,1.1131406,103.9783863,386335.2240787253,123055.32498149076,10,154.6930759559483,16,29,8,17.549990660930188,0.0,0.0,0
876,PT BATAM STEEL INDONESIA,corporate office,Company,Indonesia.Batam.PT.202408042212.db,places,1.0834433,103.9132542,379086.5825262606,119774.86561556491,-1,0.0,0,2,0,847.4552601058206,5.0,0.6931471805599453,0
877,PT Damurin,corporate office,Company,Indonesia.Batam.PT.202408042212.db,places,1.1279638,104.0366117,392814.5557652153,124691.79281653237,0,3113.7377109961003,11,39,9,98.65195615504211,0.0,0.0,0
878,PT BUMI MOJOPAHIT WIJAYA,corporate office,Company,Indonesia.Batam.PT.202408042212.db,places,1.1211311,104.0030165,389076.1623884333,123937.71522726222,-1,0.0,1,6,1,283.6269057735036,0.0,0.0,0
880,PASAR TIBAN CENTRE,shopping mall,Company,Indonesia.Batam.PT.202408042212.db,places,1.1131962,103.9819566,386732.50003470806,123061.33406572313,10,267.8223751141795,15,27,1,28.65150662345397,4.5,5.948034989180646,0
884,PT  Cahaya Perdana Transalam,corporate office,Company,Indonesia.Batam.PT.202408042212.db,places,1.0910549,103.9359442,381611.70703066955,120615.4289637887,-1,0.0,0,0,0,1261.4071870369364,4.4,3.1354942159291497,0
891,PT Gong Samudra Internasional,corporate office,Company,Indonesia.Batam.PT.202408042212.db,places,1.0978023,103.9624241,384558.4828529774,121360.31606121895,-1,0.0,4,8,0,89.25890711878499,4.8,1.6094379124341003,0
892,PT Sumo Bola,corporate office,Company,Indonesia.Batam.PT.202408042212.db,places,1.103768,103.9650929,384855.67706092005,122019.71291355068,12,424.361688301316,8,24,7,212.0209977215655,0.0,0.0,0
893,Perumahan Tiban Asri,housing development,Company,Indonesia.Batam.PT.202408042212.db,places,1.1078459,103.9615115,384457.3224430295,122470.65847929932,12,428.24969384670464,8,20,1,165.96427167073028,4.4,3.295836866004329,0
894,Tiban Bukit Asri,housing development,Company,Indonesia.Batam.PT.202408042212.db,places,1.1063602,103.9612972,384433.4191689732,122306.42458218735,12,471.5025352625771,5,21,1,165.96427167073028,4.5,2.833213344056216,0
896,Tiban Mas Asri,business center,Company,Indonesia.Batam.PT.202408042212.db,places,1.1098556,103.971134,385528.1194660595,122692.45406003349,12,690.069855216098,4,27,0,135.21303331721904,4.2,5.062595033026967,0
897,PT  Triado Jayano Abadi,corporate office,Company,Indonesia.Batam.PT.202408042212.db,places,1.1072704,103.9671125,385080.5380450277,122406.81995948116,12,199.18334644388804,10,21,8,51.55878655568995,5.0,0.6931471805599453,0
902,PT SUMBER UTAMA TEKNIK KARYA MANDIRI,corporate office,Company,Indonesia.Batam.PT.202408042212.db,places,1.1081055,103.9654197,384892.20811524097,122499.20476717505,12,56.62485839016533,11,21,7,132.37551735289117,5.0,0.6931471805599453,0
904,Tiban Viola,corporate office,Company,Indonesia.Batam.PT.202408042212.db,places,1.1052167,103.9719433,385617.9942299607,122179.59994862108,12,779.2096622939167,2,18,1,449.24231267004154,4.0,3.091042453358316,0
907,PT LESTARI JAYA TRAVEL RentalBATAM,car rental agency,Company,Indonesia.Batam.PT.202408042212.db,places,1.1226493,103.968637,385250.76850674115,124106.87496913943,-1,0.0,0,6,0,586.0403772091581,5.0,1.0986122886681098,0
908,Tiban Ayu,housing complex,Company,Indonesia.Batam.PT.202408042212.db,places,1.1064869,103.9795892,386468.8192644207,122319.72475548298,10,668.8444518923426,2,23,0,15.76919176325133,4.5,4.912654885736052,0
909,PT  ALI UMAR BAROKAH,corporate office,Company,Indonesia.Batam.PT.202408042212.db,places,1.1408182,104.0282136,391880.58052867826,126113.11211480132,0,1471.7084517253395,12,57,5,80.8525571908744,3.7,2.70805020110221,0
910,Kawasan Industri Batamindo,business park,Company,Indonesia.Batam.PT.202408042212.db,places,1.0702277,104.0184326,390789.6757581067,118309.92914989767,-1,0.0,3,9,0,106.94244800172577,5.0,1.9459101490553132,0
911,PT  PLS Bahari,corporate office,Company,Indonesia.Batam.PT.202408042212.db,places,1.1147563,103.9442495,382536.8010319791,123235.27744423345,-1,0.0,3,8,2,232.05028504223134,0.0,0.0,0
912,PT  SANSON INDO SINERGI,corporate office,Company,Indonesia.Batam.PT.202408042212.db,places,1.1138028,103.9760055,386070.3332730391,123128.62189737866,10,427.9983609478978,12,29,7,200.9555802487303,0.0,0.0,0
913,PT imed,corporate office,Company,Indonesia.Batam.PT.202408042212.db,places,1.1065518,103.9797154,386482.8642711941,122326.89449701263,10,661.6979716671674,2,23,1,15.76919176325133,0.0,0.0,0
915,PT  Yana Rizky Pratama,corporate office,Company,Indonesia.Batam.PT.202408042212.db,places,1.1176847,104.0243593,391450.8572902089,123555.92748487763,-1,0.0,3,14,2,93.99900111827105,5.0,1.0986122886681098,0
916,PT  Hadi Jaya Batam,corporate office,Company,Indonesia.Batam.PT.202408042212.db,places,1.1280371,103.9764801,386123.6929015906,124702.18000289796,-1,0.0,4,9,2,188.13002580536426,3.7,4.02535169073515,0
917,Perumahan tiban mas,housing complex,Company,Indonesia.Batam.PT.202408042212.db,places,1.1104498,103.9741819,385867.288855961,122758.02405214435,10,649.7378762845794,7,33,0,281.5175892049187,5.0,0.6931471805599453,0
918,Primart,grocery store,Company,Indonesia.Batam.PT.202408042212.db,places,1.1134419,103.9779327,386284.76268792374,123088.65063071293,10,214.7563816403166,16,29,0,21.652202058945463,4.3,5.780743515792329,0
919,Batam,parking lot,Company,Indonesia.Batam.PT.202408042212.db,places,1.1071245,103.9666724,385031.56138761,122390.70799190167,12,155.93654649826038,10,21,0,47.182943501054375,0.0,0.0,0
921,Gorengan SPBU Tiban III,hawker stall,Company,Indonesia.Batam.PT.202408042212.db,places,1.1095501,103.9655378,384905.40520475316,122658.8986669787,12,216.80908867557756,11,23,0,160.23827509709042,4.3,1.3862943611198906,0
922,PT Hi-Tech Marine Inspection (Marine Inspection & NDT Services),corporate office,Company,Indonesia.Batam.PT.202408042212.db,places,1.1095672,103.9579378,384059.7339826237,122661.08583056822,-1,0.0,5,18,3,95.4733686037136,5.0,0.6931471805599453,0
923,PT  Anhong Media Internasional,corporate office,Company,Indonesia.Batam.PT.202408042212.db,places,1.1385208,104.0241008,391422.8664284271,125859.29719722278,0,1324.3964918820386,23,71,12,39.34669530990002,5.0,1.6094379124341003,0
924,PT  Adhi Raja Perkasa,corporate office,Company,Indonesia.Batam.PT.202408042212.db,places,1.137799,104.0250149,391524.5507796373,125779.4702630735,0,1448.4282584350867,25,67,15,36.06716340033892,0.0,0.0,0
925,PT  SAMUDRA REZEKI TEKNINDO,corporate office,Company,Indonesia.Batam.PT.202408042212.db,places,1.1072731,103.9662749,384987.3362806188,122407.1509256132,12,108.7597095539821,10,22,8,29.047507207518404,0.0,0.0,0
926,Asri,barber shop,Company,Indonesia.Batam.PT.202408042212.db,places,1.1138052,103.9844175,387006.3518241721,123128.56333773508,10,549.7238409396417,9,24,0,118.90724320260139,3.3,1.6094379124341003,0
928,PT TCI,corporate office,Company,Indonesia.Batam.PT.202408042212.db,places,1.11268,103.9439432,382502.6358556419,123005.75603888303,-1,0.0,4,8,2,232.05028504223134,0.0,0.0,0
929,PT  Bisma Ario Persada,corporate office,Company,Indonesia.Batam.PT.202408042212.db,places,1.1144586,103.9696106,385358.7848810928,123201.3675716407,-1,0.0,2,25,1,265.90600353012144,3.0,1.0986122886681098,0
931,PT  FUTURE SHIPPING MANAGEMENT,corporate office,Company,Indonesia.Batam.PT.202408042212.db,places,1.1175049,103.971102,385524.85392992,123538.0731455341,-1,0.0,2,15,1,199.84730163071072,4.0,2.0794415416798357,0
932,CV  SARANA MANDIRI,corporate office,Company,Indonesia.Batam.PT.202408042212.db,places,1.1288453,103.9749922,385958.1636257044,124791.58338893071,-1,0.0,3,8,2,188.13002580536426,0.0,0.0,0
933,PT INDOMARCO ADI PRIMA SP SEKUPANG,corporate office,Company,Indonesia.Batam.PT.202408042212.db,places,1.1070233,103.9675582,385130.12268816127,122379.4861463367,12,253.54470184791973,9,20,7,56.619556477417824,0.0,0.0,0
934,Bukit tiban permai,gated community,Company,Indonesia.Batam.PT.202408042212.db,places,1.097104,103.9620214,384513.64641278976,121283.13545399577,-1,0.0,4,7,0,89.25890711878499,4.0,2.772588722239781,0
935,Pool pt marina armada perkasa,corporate office,Company,Indonesia.Batam.PT.202408042212.db,places,1.0765639,103.9307278,381030.6900989014,119013.65745785217,-1,0.0,0,0,0,1703.893374666226,5.0,0.6931471805599453,0
936,PT Nautek Marine Indonesia,corporate office,Company,Indonesia.Batam.PT.202408042212.db,places,1.1146152,103.9480126,382955.52680490934,123219.52909279606,-1,0.0,4,9,3,280.70560542277076,0.0,0.0,0
937,Rumah Bekam Batam Hj  Hasanah,physical therapy clinic,Company,Indonesia.Batam.PT.202408042212.db,places,1.1075747,103.9584478,384116.4056038436,122440.79729053885,12,768.2811429315321,5,19,0,227.46145502034227,4.0,1.791759469228055,0
941,PT SCM,corporate office,Company,Indonesia.Batam.PT.202408042212.db,places,1.1132447,103.9801103,386527.0607585277,123066.76663710318,10,94.0978288796223,17,27,8,60.337311942046476,4.0,0.6931471805599453,0
942,PT  KARYA MARINE TIA MANDIRI,corporate office,Company,Indonesia.Batam.PT.202408042212.db,places,1.1110115,103.9618454,384494.59917727567,122820.59847906527,12,542.8482928837076,5,21,3,40.48778516305101,0.0,0.0,0
943,PT NUSA RIZKI INDUSTRI,corporate office,Company,Indonesia.Batam.PT.202408042212.db,places,1.1099537,103.9478456,382936.76050846156,122704.21056520678,-1,0.0,5,11,2,165.31545464358277,0.0,0.0,0
944,Maritime PT Arena Tirtatama,corporate office,Company,Indonesia.Batam.PT.202408042212.db,places,1.1321771,104.0130102,390188.58082431427,125158.44036999682,0,1852.6600290674162,10,35,8,132.95059801304384,3.3,1.6094379124341003,0
945,Kpp Tiban,corporate office,Company,Indonesia.Batam.PT.202408042212.db,places,1.1134644,103.978126,386306.27240808203,123091.13050827304,10,197.26145448031127,16,29,8,3.6111266441227365,3.7,1.3862943611198906,0
946,PT  Deva Karya,corporate office,Company,Indonesia.Batam.PT.202408042212.db,places,1.103589,103.9631958,384644.5746341066,121999.99822693587,12,503.9598434740163,3,25,2,212.0209977215655,0.0,0.0,0
947,Kantor Cabang PT Razasa Karya,corporate office,Company,Indonesia.Batam.PT.202408042212.db,places,1.116953,103.9583361,384104.3423543345,123477.56187218579,-1,0.0,0,5,0,726.0301821415052,3.0,1.0986122886681098,0
948,PT Lautan Mutiara Pratama,corporate office,Company,Indonesia.Batam.PT.202408042212.db,places,1.1134771,103.9781559,386309.59992433566,123092.53331660696,10,195.17084127777716,16,29,8,3.6111266441227365,0.0,0.0,0
949,PT  Arpindo Pratama Batam,corporate office,Company,Indonesia.Batam.PT.202408042212.db,places,1.1092478,103.9700795,385410.75944293785,122625.30356225625,12,556.7411547754941,9,27,6,135.21303331721904,0.0,0.0,0
950,PT  Sari Group Lines,corporate office,Company,Indonesia.Batam.PT.202408042212.db,places,1.1131844,103.9782347,386318.3569363386,123060.17283461399,10,172.02491861924113,16,29,8,17.549990660930188,3.0,1.3862943611198906,0
952,Riyadi (PT Khalifah Fil Ardi,corporate office,Company,Indonesia.Batam.PT.202408042212.db,places,1.1104753,103.9777082,386259.6685789813,122760.70710437569,10,313.325960384235,15,26,8,95.47295727706609,0.0,0.0,0
955,PT  SUPER CARGO SCM BATAM,corporate office,Company,Indonesia.Batam.PT.202408042212.db,places,1.1092175,103.9992644,388658.2154310104,122620.83980288853,-1,0.0,0,0,0,1304.6088043587747,0.0,0.0,0
956,Pt dutananda jaya,corporate office,Company,Indonesia.Batam.PT.202408042212.db,places,1.1017292,103.9491077,383076.87637577177,121794.9490217478,-1,0.0,1,4,1,489.74412786763327,5.0,0.6931471805599453,0
957,Pt  Arga citra mandiri,corporate office,Company,Indonesia.Batam.PT.202408042212.db,places,1.1269664,103.9716936,385591.0501319306,124584.00360931718,-1,0.0,1,7,1,421.73650804169677,0.0,0.0,0
958,Pt Titian Damai Mandiri,corporate office,Company,Indonesia.Batam.PT.202408042212.db,places,1.1040606,103.9528502,383493.4073434836,122052.53641219594,-1,0.0,1,10,1,489.74412786763327,0.0,0.0,0
959,PT RESTU BUMI LESTARI,corporate office,Company,Indonesia.Batam.PT.202408042212.db,places,1.1247571,103.979044,386408.8545060492,124339.48192224136,-1,0.0,5,9,1,34.62823601216931,0.0,0.0,0
960,PT Batavia oil,corporate office,Company,Indonesia.Batam.PT.202408042212.db,places,1.1114491,103.9478476,382937.0419073504,122869.52578035252,-1,0.0,6,10,4,165.31545464358277,5.0,1.3862943611198906,0
961,PT Pino Bola Jaya,corporate office,Company,Indonesia.Batam.PT.202408042212.db,places,1.1072619,103.962927,384614.80630802136,122406.0428869757,12,272.40690439867865,13,21,8,170.22438868772375,0.0,0.0,0
962,PT STAPLER SINAR INDONESIA,corporate office,Company,Indonesia.Batam.PT.202408042212.db,places,1.1266258,104.0065554,389470.1448275851,124545.00502478899,0,2685.103390866672,6,22,3,172.99709846545724,5.0,0.6931471805599453,0
963,PT CIPTA BUANA KUNSHULIYYAH,corporate office,Company,Indonesia.Batam.PT.202408042212.db,places,1.1070188,103.9662092,384980.01587260887,122379.0409753902,12,114.84579707944648,10,22,8,29.047507207518404,0.0,0.0,0
964,PT  Bahagia Batam Wisata,courier service,Company,Indonesia.Batam.PT.202408042212.db,places,1.1384892,104.0272332,391771.4052860219,125855.68614790845,0,1552.1686314839485,27,62,0,90.4780224510527,0.0,0.0,0
965,RM  Bahagia 2 Batam Centre,padang restaurant,Company,Indonesia.Batam.PT.202408042212.db,places,1.1279771,104.0341165,392536.9168256052,124693.35510754024,0,2928.095891310247,12,42,0,56.75440511109458,4.9,4.1588830833596715,0
966,Rumah Bahagia Cab  Batam,housing complex,Company,Indonesia.Batam.PT.202408042212.db,places,1.0611945,103.9416447,382244.8798567419,117314.15560008168,-1,0.0,0,0,0,1329.5126914679752,0.0,0.0,0
967,Duty Free Shop Toko Bahagia - Tiban,shop,Company,Indonesia.Batam.PT.202408042212.db,places,1.1130209,103.9836862,386924.9489600695,123041.88862284116,10,453.3392313355588,9,25,0,118.90724320260139,4.0,1.9459101490553132,0
968,Toko Bahagia,wholesaler,Company,Indonesia.Batam.PT.202408042212.db,places,1.1130191,103.9817686,386711.57418139046,123041.76323296814,10,242.72139522831506,16,27,0,28.65150662345397,0.0,0.0,0
969,Minang Bahagia,padang restaurant,Company,Indonesia.Batam.PT.202408042212.db,places,1.112983,103.981461,386677.3456006632,123037.78426729533,10,208.48479115933011,16,27,0,4.753306597537421,2.0,0.6931471805599453,0
970,PT  EMI INTERNASIONAL,corporate office,Company,Indonesia.Batam.PT.202408042212.db,places,1.1136987,104.0682481,396334.20004259865,123113.70871010858,3,838.354210003656,6,29,5,133.62374136938683,4.2,2.8903717578961645,0
973,Pt  Maju belian abadi,corporate office,Company,Indonesia.Batam.PT.202408042212.db,places,1.1065888,104.0872652,398449.96322523523,122327.08579339115,-1,0.0,4,8,3,253.21639974489878,0.0,0.0,0
976,Pt Bintan Bersatu Apparel,corporate office,Company,Indonesia.Batam.PT.202408042212.db,places,1.1038903,104.0718253,396731.89096413995,122029.3130292323,3,538.5310398593814,8,38,7,147.3291831824771,4.0,0.6931471805599453,0
983,PT  Prima Labeling,corporate office,Company,Indonesia.Batam.PT.202408042212.db,places,1.1069913,104.0753252,397121.4283629559,122371.9915715964,3,871.5850929619738,19,31,17,131.78394303274408,0.0,0.0,0
985,Lytech Industries,corporate office,Company,Indonesia.Batam.PT.202408042212.db,places,1.1079886,104.0646121,395929.4263711364,122482.61223011972,3,383.7699821744135,15,51,11,91.16281163961787,4.4,3.912023005428146,0
986,Pt MBS,corporate office,Company,Indonesia.Batam.PT.202408042212.db,places,1.1122481,104.0602239,395441.30414674553,122953.63496891233,3,1056.76436211955,5,37,4,190.83064540537126,0.0,0.0,0
987,PT  Transcal Suntech International,corporate office,Company,Indonesia.Batam.PT.202408042212.db,places,1.110117,104.069921,396520.21698001603,122717.71048152016,3,512.6430847181655,15,41,13,253.87867021701945,4.3,3.4011973816621555,0
988,PT HAB BATAM CARTONS,corporate office,Company,Indonesia.Batam.PT.202408042212.db,places,1.1071651,104.0717426,396722.8021757488,122391.3288431464,3,481.26037494625587,14,45,14,42.38267868427996,5.0,1.0986122886681098,0
989,PT  Global Trans Nusa,corporate office,Company,Indonesia.Batam.PT.202408042212.db,places,1.1039154,104.0784332,397467.146462763,122031.8590337868,3,1237.2998048425302,12,23,10,5.357776795875442,0.0,0.0,0
991,Batam,housing development,Company,Indonesia.Batam.PT.202408042212.db,places,1.1104237,104.0766845,397272.79448716925,122751.37876272872,3,1122.198039673531,7,27,0,196.48735127411453,5.0,0.6931471805599453,0
992,PT Impor ekspor barang,corporate office,Company,Indonesia.Batam.PT.202408042212.db,places,1.1080591,104.0637958,395838.59976453375,122490.43436276303,3,466.77574372463107,15,50,10,0.0,5.0,0.6931471805599453,0
993,PT ASIA PAPERINDO PERKASA,corporate office,Company,Indonesia.Batam.PT.202408042212.db,places,1.1095339,104.0721279,396765.756160715,122653.1745230719,3,633.2345148883867,11,45,11,100.06176789495466,4.7,2.0794415416798357,0
995,PT  PERTAMINA PATRA LOGISTIK,corporate office,Company,Indonesia.Batam.PT.202408042212.db,places,1.1239279,104.0576431,395154.55491826346,124244.87597470437,-1,0.0,2,20,2,197.82536150271633,3.0,0.6931471805599453,0
998,PT  AOHAI TECHNOLOGY INDONESIA,corporate office,Company,Indonesia.Batam.PT.202408042212.db,places,1.1051629,104.071432,396688.17276317073,122170.00633796172,3,446.893575985726,13,45,12,134.45827292614078,4.9,3.332204510175204,0
999,Melati  PT,post office,Company,Indonesia.Batam.PT.202408042212.db,places,1.1074133,104.0780361,397423.0816433014,122418.54758339033,3,1176.5668179967631,13,25,0,135.08183420319656,0.0,0.0,0
1000,Blok 9 No 9 Perumahan Bambu Kuning,housing complex,Company,Indonesia.Batam.PT.202408042212.db,places,1.0487938,103.9635443,384681.29487467045,115942.45021176478,13,613.8824715212238,9,27,1,117.68418480195112,4.0,0.6931471805599453,0
1002,PT  Kimtek Tumbuh Abadi,corporate office,Company,Indonesia.Batam.PT.202408042212.db,places,1.0477955,103.9546797,383694.8503846765,115832.41726017302,13,459.4941752639257,5,18,1,21.424991956069576,5.0,1.0986122886681098,0
1004,Kantor Kelurahan Bukit Tempayan,local government office,Company,Indonesia.Batam.PT.202408042212.db,places,1.050591,103.955692,383807.5973143574,116141.41912053857,13,282.18452041204625,9,19,0,221.21109501968962,3.4,2.1972245773362196,0
1005,Bike To Campus Batam,corporate office,Company,Indonesia.Batam.PT.202408042212.db,places,1.048664,103.9678127,385156.25501598936,115927.9440621588,5,423.85131386842636,7,22,2,88.4649311518728,5.0,0.6931471805599453,0
1007,Juan Brother Batam,corporate office,Company,Indonesia.Batam.PT.202408042212.db,places,1.0485865,103.9662188,384978.8915312458,115919.43508008828,5,460.0102537962037,7,24,2,177.56747589651883,5.0,1.0986122886681098,0
1009,PT  Batam Jagat Buana,company,Company,Indonesia.Batam.PT.202408042212.db,places,1.0479716,103.9545993,383685.9103621975,115851.8879118928,13,457.09601382160884,5,18,0,21.424991956069576,3.0,0.6931471805599453,0
1010,PT  KALIBRA INFA MEDIKA,corporate office,Company,Indonesia.Batam.PT.202408042212.db,places,1.1060662,104.0772689,397337.6698773515,122269.6591353439,3,1082.9061393200925,14,26,12,156.39690536483374,0.0,0.0,0
1012,PT  GRIYA BATAM SAKTI,corporate office,Company,Indonesia.Batam.PT.202408042212.db,places,1.105063,104.0913713,398906.7911362853,122158.27682668206,-1,0.0,3,6,3,225.66624800487673,1.0,0.6931471805599453,0
1015,SIKANCIL BATAM KURIR,corporate office,Company,Indonesia.Batam.PT.202408042212.db,places,1.0567506,103.9649588,384838.98497642175,116822.0109699243,5,557.145706045724,6,23,3,1.469960293781689,4.8,1.791759469228055,0
1018,CV  Tuah Karya Consultant,corporate office,Company,Indonesia.Batam.PT.202408042212.db,places,1.0546769,103.9634339,384669.22613473405,116592.82286996284,-1,0.0,6,25,3,198.32469032385504,5.0,1.0986122886681098,0
1019,PT  TOTAL TEKHNO MANDIRI,corporate office,Company,Indonesia.Batam.PT.202408042212.db,places,1.0482355,103.9616869,384474.592601164,115880.79938704372,13,439.01837765311984,5,25,1,53.727411874583595,1.0,0.6931471805599453,0
1020,PT NERINDO JAYA,corporate office,Company,Indonesia.Batam.PT.202408042212.db,places,1.1068193,104.0715781,396704.4864539959,122353.10809238028,3,455.7271179376154,13,45,13,42.38267868427996,0.0,0.0,0
1021,PT QNET LTD (Dinasti Satria Batam),corporate office,Company,Indonesia.Batam.PT.202408042212.db,places,1.0540336,103.9584521,384114.8543135277,116521.89189154853,13,444.303347994545,6,21,3,99.11415320824139,3.5,1.0986122886681098,0
1022,PT Radiant grup,corporate office,Company,Indonesia.Batam.PT.202408042212.db,places,1.112304,104.0902202,398778.95591600705,122958.76861218442,-1,0.0,1,8,1,167.30750068400172,1.0,0.6931471805599453,0
1023,PT  RAIHAN ANUGERAH JAYA,contractor,Company,Indonesia.Batam.PT.202408042212.db,places,1.0477836,103.9632107,384644.1366368154,115830.78628423218,13,613.7248361403725,6,26,0,117.68418480195112,5.0,0.6931471805599453,0
1024,zam sport,home builder,Company,Indonesia.Batam.PT.202408042212.db,places,1.0529046,103.9637103,384699.9172425447,116396.88732266882,5,439.5978487107643,8,27,0,198.32469032385504,0.0,0.0,0
1025,PT  Ahmadan Media Integrasi,corporate office,Company,Indonesia.Batam.PT.202408042212.db,places,1.1200659,104.0877038,398499.22656278475,123816.89089429188,-1,0.0,0,2,0,723.6426220055469,0.0,0.0,0
1026,PT Natos Indo Asia,place of worship,Company,Indonesia.Batam.PT.202408042212.db,places,1.0494461,103.967981,385175.01104878203,116014.39783753955,5,339.08696239908727,8,22,0,88.4649311518728,5.0,0.6931471805599453,0
1028,Platinum Pub,cafe,Company,Indonesia.Batam.PT.202408042212.db,places,1.0528449,103.9554356,383779.14979693317,116390.59482908745,13,435.2132870541625,7,16,0,250.7943280427974,4.4,4.143134726391533,0
1030,PT  Batam Autoparts Pratama,car repair and maintenance service,Company,Indonesia.Batam.PT.202408042212.db,places,1.051002,103.968383,385219.80019737524,116186.38540910475,5,184.52351826253945,9,19,0,137.62211245019432,4.5,1.0986122886681098,0
1031,PT  SUMBER AGUNG PERKASA,corporate office,Company,Indonesia.Batam.PT.202408042212.db,places,1.053458,103.9594019,384220.5218060979,116458.22469307587,13,403.7145407627451,7,23,4,28.88584374192089,5.0,1.0986122886681098,0
1032,PT  Intan Citra Elang,corporate office,Company,Indonesia.Batam.PT.202408042212.db,places,1.053552,103.9577008,384031.2357643617,116468.67954710142,13,393.3146730156952,6,22,3,99.11415320824139,0.0,0.0,0
1033,PT  Gota Mulya Batam,real estate developer,Company,Indonesia.Batam.PT.202408042212.db,places,1.047612,103.956905,383942.4640498633,115812.04901324307,13,301.34023986390355,5,19,0,248.44998021783027,5.0,0.6931471805599453,0
1034,PT  Cycraft Technology Indonesia,industrial equipment supplier,Company,Indonesia.Batam.PT.202408042212.db,places,1.05068,103.953706,383586.6084341778,116151.33191009455,13,501.40769439847276,7,15,0,143.44260040095514,0.0,0.0,0
1035,PT Sambu Baru,building materials store,Company,Indonesia.Batam.PT.202408042212.db,places,1.056008,103.965684,384919.65385876544,116739.89074173199,5,445.261521931185,6,25,0,115.11385866583439,4.6,3.6375861597263857,0
1036,KANTOR PT CAKRA SATYA INTERNUSA,corporate office,Company,Indonesia.Batam.PT.202408042212.db,places,1.1120603,104.067136,396210.4006187068,122932.63058662273,3,655.0149915825875,9,31,6,51.79456648102144,0.0,0.0,0
1037,Kantor seketariat DPC PBB,corporate office,Company,Indonesia.Batam.PT.202408042212.db,places,1.0532656,103.9677381,385148.12204899086,116436.64663546365,5,85.98467910497163,10,21,3,153.02757291603623,0.0,0.0,0
1039,PT  Aviari Pratama,marketing agency,Company,Indonesia.Batam.PT.202408042212.db,places,1.056762,103.964952,384838.2287302216,116823.27147575535,5,558.6152327608413,6,23,0,1.469960293781689,3.3,1.6094379124341003,0
1040,PT Zaitunindo Perkasa,corporate office,Company,Indonesia.Batam.PT.202408042212.db,places,1.1058001,104.08948,398696.3739862463,122239.82361360875,-1,0.0,3,6,3,24.939018488192843,0.0,0.0,0
1041,PT SRI HARTACO MAS,corporate office,Company,Indonesia.Batam.PT.202408042212.db,places,1.0533357,103.9596313,384246.04371759796,116444.69605670465,13,400.7311555662082,7,23,4,28.88584374192089,0.0,0.0,0
1042,PT GUDANG BSJ,corporate office,Company,Indonesia.Batam.PT.202408042212.db,places,1.1119707,104.0641194,395874.7433271483,122922.8319724728,3,747.5352092233553,14,31,9,277.20268383635215,4.5,1.0986122886681098,0
1043,Chatkaew,housing complex,Company,Indonesia.Batam.PT.202408042212.db,places,1.0485625,103.9613297,384434.8572151583,115916.96199045827,13,387.5121428826704,5,28,1,53.727411874583595,0.0,0.0,0
1044,Perumahan Bambu Kuning,housing authority,Company,Indonesia.Batam.PT.202408042212.db,places,1.0498575,103.9592436,384202.77429893997,116060.19973666234,13,121.46420924949811,10,24,0,272.7261115808744,4.3,3.6888794541139363,0
1045,Piayu Live Seafood Restaurant,seafood restaurant,Company,Indonesia.Batam.PT.202408042212.db,places,0.9897191,104.0939701,399192.26960618916,109407.57527058266,-1,0.0,1,4,0,301.60122681553605,4.2,5.5254529391317835,2
1046,TANJUNG_PIAYU,shipping service,Company,Indonesia.Batam.PT.202408042212.db,places,1.0262197,104.0630524,395753.1266553956,113443.4994096703,4,240.26834514731158,9,11,0,28.55542566806555,5.0,1.0986122886681098,0
1048,Kampung Tua Tanjung Piayu Batam,restaurant,Company,Indonesia.Batam.PT.202408042212.db,places,0.9870075,104.0942698,399225.53622178105,109107.81431197781,-1,0.0,4,4,0,301.60122681553605,4.2,2.3978952727983707,0
1049,PT  TAMITO AGUNG JAYA,housing development,Company,Indonesia.Batam.PT.202408042212.db,places,1.0186055,104.0986806,399717.2986376255,112600.65494974739,-1,0.0,2,2,0,0.0,0.0,0.0,0
1050,Kampung Bagan Tanjung Piayu,low income housing program,Company,Indonesia.Batam.PT.202408042212.db,places,1.0275118,104.0970377,399534.767957112,113585.24603070115,-1,0.0,0,0,0,1001.3675878629322,4.4,3.295836866004329,0
1051,Tanjung piayu,housing complex,Company,Indonesia.Batam.PT.202408042212.db,places,1.0083057,104.0728647,396844.3924007314,111462.87892639772,-1,0.0,1,1,0,274.3877944073382,5.0,1.0986122886681098,0
1054,Tanjung piayu,housing development,Company,Indonesia.Batam.PT.202408042212.db,places,1.0414209,103.9519989,383396.3089168877,115127.81114095621,-1,0.0,0,4,0,765.2429622200198,0.0,0.0,0
1055,Tanjung piayu,housing complex,Company,Indonesia.Batam.PT.202408042212.db,places,1.0378185,104.0519374,394516.71630666306,114726.06049171212,-1,0.0,7,11,1,92.74803217577036,0.0,0.0,0
1056,Tanjung Piayu,housing development,Company,Indonesia.Batam.PT.202408042212.db,places,1.0322606,104.0501625,394319.0352995354,114111.71784915506,-1,0.0,2,11,0,29.708988250954814,0.0,0.0,0
1057,Love Seafood Restaurant,seafood restaurant,Company,Indonesia.Batam.PT.202408042212.db,places,0.9857086,104.0974485,399579.19918594975,108964.13233078016,-1,0.0,3,4,2,84.5607315832746,4.5,1.6094379124341003,2
1059,Piayu,housing complex,Company,Indonesia.Batam.PT.202408042212.db,places,1.0285692,104.0703525,396565.499581005,113702.98798827478,-1,0.0,0,4,0,786.0652738966371,0.0,0.0,0
1060,Batam,transportation service,Company,Indonesia.Batam.PT.202408042212.db,places,1.0186055,104.0986806,399717.2986376255,112600.65494974739,-1,0.0,2,2,0,0.0,0.0,0.0,0
1064,piayu,housing complex,Company,Indonesia.Batam.PT.202408042212.db,places,1.039797,104.0488813,394176.7231470076,114944.87731735663,-1,0.0,6,11,1,45.50347299843482,5.0,0.6931471805599453,0
1065,Seafood Jawa Melayu 1,seafood restaurant,Company,Indonesia.Batam.PT.202408042212.db,places,0.9853158,104.0981006,399651.74821742205,108920.6909293487,-1,0.0,3,4,2,84.5607315832746,4.6,4.219507705176107,0
1066,Piayu,housing complex,Company,Indonesia.Batam.PT.202408042212.db,places,1.0281505,104.0542533,394774.09334097354,113657.22889416419,-1,0.0,0,14,0,507.05400903195374,0.0,0.0,0
1068,RM Seafood Jawa Melayu 2,seafood restaurant,Company,Indonesia.Batam.PT.202408042212.db,places,0.9836475,104.094833,399288.1040030462,108736.36855855184,-1,0.0,3,4,2,369.6116089212339,4.4,0.6931471805599453,2
1074,pt stafalindo menara nusantara,corporate office,Company,Indonesia.Batam.PT.202408042212.db,places,1.0371086,104.0740458,396976.7348485433,114646.85589481273,-1,0.0,0,0,0,1029.5635338625912,0.0,0.0,0
1076,PT Karya Putra Karimun,corporate office,Company,Indonesia.Batam.PT.202408042212.db,places,1.0615027,103.9247931,380369.72301314777,117348.87379654302,-1,0.0,1,8,1,69.916073089011,5.0,0.6931471805599453,0
1077,PT NIIWA KARYA,corporate office,Company,Indonesia.Batam.PT.202408042212.db,places,1.1112619,104.0345114,392580.24865404825,122845.53771060905,-1,0.0,1,23,1,65.74420919612952,5.0,1.791759469228055,0
1079,Yayasan SD Hidup Baru 2,non-governmental organization,Company,Indonesia.Batam.PT.202408042212.db,places,1.028066,104.0588094,395281.0585182581,113647.73799872605,4,274.28320126043457,7,11,0,133.063711728791,4.0,2.6390573296152584,0
1081,PT  Vista Maritim Indonesia,corporate office,Company,Indonesia.Batam.PT.202408042212.db,places,1.0580998,103.9300991,380960.0214480839,116972.47904765932,-1,0.0,3,6,2,119.84674439901268,4.7,3.295836866004329,0
1083,PT MJb,corporate office,Company,Indonesia.Batam.PT.202408042212.db,places,1.060063,103.9201917,379857.6430546085,117189.89311427009,-1,0.0,1,7,1,273.94579472432633,0.0,0.0,0
1084,PT  Pelabuhan Damar Besar  Batam,corporate office,Company,Indonesia.Batam.PT.202408042212.db,places,1.1078908,103.9676608,385141.5726471185,122475.3830055656,12,258.9120682577272,9,20,6,91.79386657482233,0.0,0.0,0
1087,PT Shye Chang BATAM,corporate office,Company,Indonesia.Batam.PT.202408042212.db,places,1.0578477,103.9290516,380843.4505827758,116944.6496476593,-1,0.0,3,7,2,119.84674439901268,4.4,3.258096538021482,0
1088,OLEANA PARK PIAYU,corporate office,Company,Indonesia.Batam.PT.202408042212.db,places,1.0104323,104.071593,396702.95424051845,111698.00423034288,-1,0.0,1,1,0,274.3877944073382,4.6,3.044522437723423,0
1091,PT  SIP SIAP SUKSES,corporate office,Company,Indonesia.Batam.PT.202408042212.db,places,1.0507898,103.9495895,383128.548490555,116163.62390579884,-1,0.0,2,9,1,362.1587239706704,0.0,0.0,0
1095,PT BUMI ARTHA MAS ASIA,corporate office,Company,Indonesia.Batam.PT.202408042212.db,places,1.1408364,104.0178037,390722.27865697414,126115.51734367426,0,834.07711267359,24,68,14,77.14080210214935,5.0,1.0986122886681098,0
1098,Multigambut Industri  PT,corporate office,Company,Indonesia.Batam.PT.202408042212.db,places,1.144197,104.017974,390741.3548271238,126487.0145221796,0,466.5670315143048,24,67,17,27.659145181744677,0.0,0.0,0
1101,PT Remicon Widyaprima,corporate office,Company,Indonesia.Batam.PT.202408042212.db,places,1.0973445,104.127828,402963.0028177448,121303.83219776418,-1,0.0,1,3,0,413.8020460028362,5.0,0.6931471805599453,0
1103,PT  Laksana Hrapan Batam,corporate office,Company,Indonesia.Batam.PT.202408042212.db,places,1.1658228,104.0178754,390731.209780752,128877.68199071166,0,1930.8410342556954,26,60,13,22.861182909758504,0.0,0.0,0
1104,PT Bintang Lima Imada,food products supplier,Company,Indonesia.Batam.PT.202408042212.db,places,1.1495881,104.0201436,390982.9687829663,127082.9005763567,0,342.2316432951946,13,62,0,61.138818954829745,5.0,1.9459101490553132,0
1106,Pelita Jaya,tool manufacturer,Company,Indonesia.Batam.PT.202408042212.db,places,1.1414659,104.0214139,391124.0072578848,126184.96962768615,0,888.5276756451547,21,77,0,111.6580284099698,5.0,0.6931471805599453,0
1109,Kantorpos Batam Pelita,post office,Company,Indonesia.Batam.PT.202408042212.db,places,1.145524,104.0180099,390745.3996368646,126633.708786913,0,323.4240095451654,24,67,0,59.54535004443109,2.4,3.258096538021482,0
1110,Pos Pelita,police,Company,Indonesia.Batam.PT.202408042212.db,places,1.1398185,104.0196398,390926.5422070911,126002.92212093704,0,979.5349183740328,17,67,0,88.0322039395976,0.0,0.0,0
1111,PT  SSI Batam,corporate office,Company,Indonesia.Batam.PT.202408042212.db,places,1.152065,104.0123767,390118.8467339373,127357.01219931382,0,685.2241959242054,7,54,3,158.02146598211672,3.9,2.6390573296152584,0
1118,PT  Mitra Calisindo,corporate office,Company,Indonesia.Batam.PT.202408042212.db,places,1.1370346,104.0455223,393806.3614756464,125694.20596612728,2,227.4648275095027,12,22,11,49.06878838354533,5.0,0.6931471805599453,0
1122,Skip Hilir Dockyard  PT,corporate office,Company,Indonesia.Batam.PT.202408042212.db,places,1.140968,104.022287,391221.13781000255,126129.89539456667,0,987.1504992721169,23,74,12,111.6580284099698,5.0,0.6931471805599453,0
1123,PT Mastrada Batam,corporate office,Company,Indonesia.Batam.PT.202408042212.db,places,1.138003,104.0165731,390585.2434681798,125802.34062472585,0,1148.5407794185917,15,59,7,183.47907707884121,0.0,0.0,0
1125,Pt Batam Dieselindo,diesel engine repair service,Company,Indonesia.Batam.PT.202408042212.db,places,1.14388,104.0191786,390875.377900273,126451.92534171586,0,537.3511031503916,24,79,0,84.52883374382404,4.9,2.1972245773362196,0
1126,PT TEMPO BATAM,corporate office,Company,Indonesia.Batam.PT.202408042212.db,places,1.162234,104.0131814,390208.77612650924,128481.1335360729,0,1600.712962729409,18,62,12,120.70725412444982,4.4,2.70805020110221,0
1127,South River Hill  PT,industrial equipment supplier,Company,Indonesia.Batam.PT.202408042212.db,places,1.1441846,104.0198754,390952.9218672612,126485.5713952412,0,542.7726092938804,23,76,0,69.68295607065953,0.0,0.0,0
1129,Gudang,housing development,Company,Indonesia.Batam.PT.202408042212.db,places,1.1347125,104.0215781,391142.0244409406,125438.39734199861,0,1581.9906901934569,11,60,0,324.1678012136188,0.0,0.0,0
1130,PT ALIYAH RENTAL MOBIL BATAM,corporate office,Company,Indonesia.Batam.PT.202408042212.db,places,1.1514982,104.0228671,391286.08232205163,127293.95191868131,0,707.9404234080598,11,53,7,48.63712728919363,3.1,2.4849066497880004,0
1132,PT  WAHANA GLOBAL PERSADA,corporate office,Company,Indonesia.Batam.PT.202408042212.db,places,1.1446325,104.0102553,389882.51559783926,126535.45290808956,0,887.6154446993115,13,59,11,74.01726274929939,5.0,0.6931471805599453,0
1135,Pt  Xiaomi Technology Indonesia,manufacturer,Company,Indonesia.Batam.PT.202408042212.db,places,1.1400185,104.0186325,390814.46798053803,126025.0696526737,0,934.2620086232163,22,65,0,114.24160984290576,4.3,2.1972245773362196,0
1136,Pt Putra Kelana Makmur,corporate office,Company,Indonesia.Batam.PT.202408042212.db,places,1.148154,104.0171978,390655.1376429025,126924.47797961255,0,26.93365323820324,21,71,14,4.108349363062364,5.0,0.6931471805599453,0
1137,PT  LINTAS CAHAYA ANUGRAH,corporate office,Company,Indonesia.Batam.PT.202408042212.db,places,1.1362299,104.0257281,391603.8495551599,125605.98484837412,0,1635.693528749593,28,59,17,8.32131511197458,5.0,0.6931471805599453,0
1138,PT  Sekilak Indah Raya Tour & Travel,corporate office,Company,Indonesia.Batam.PT.202408042212.db,places,1.1474655,104.0161538,390538.9463580424,126848.4064012878,0,163.33029794480208,22,71,17,104.4802715456967,4.3,2.6390573296152584,0
1140,PT Tuah Makmur Nusantara,corporate office,Company,Indonesia.Batam.PT.202408042212.db,places,1.1429846,104.0131637,390206.0693405149,126353.17101651816,0,753.3276699119772,14,67,9,132.61324327650078,5.0,0.6931471805599453,0
1142,Citra Buana Centre Park I,corporate office,Company,Indonesia.Batam.PT.202408042212.db,places,1.1510368,104.0209415,391071.8053174863,127243.01916914064,0,499.7689935657069,10,58,7,150.31802867375347,3.2,1.791759469228055,0
1143,Depo Unilever Batam,corporate office,Company,Indonesia.Batam.PT.202408042212.db,places,1.1525239,104.0137217,390268.52140460303,127407.6903669231,0,609.4529099135345,10,50,5,158.02146598211672,5.0,1.0986122886681098,0
1145,PT  Mitramas Logistik,corporate office,Company,Indonesia.Batam.PT.202408042212.db,places,1.1451639,104.0186476,390816.34244003263,126593.87657703951,0,383.61333526325456,26,69,20,81.36022532382601,0.0,0.0,0
1146,Batamindo  PT,hotel,Company,Indonesia.Batam.PT.202408042212.db,places,1.14402,104.010524,389912.3903850504,126467.73251032058,0,895.6750257945399,15,60,0,74.01726274929939,5.0,0.6931471805599453,0
1149,PT  BINTAN JAYA,corporate office,Company,Indonesia.Batam.PT.202408042212.db,places,1.1341266,104.018457,390794.71873587,125373.74561347038,0,1579.1654484805956,6,46,4,158.15859165582464,5.0,0.6931471805599453,0
1151,Taraka Group (Batam Branch Office),corporate office,Company,Indonesia.Batam.PT.202408042212.db,places,1.1443165,104.018413,390790.20659471344,126500.20814953948,0,463.89917638716446,24,68,17,50.60204540868503,0.0,0.0,0
1152,PT Karya Bahari Abadi L 12,corporate office,Company,Indonesia.Batam.PT.202408042212.db,places,1.1346273,104.0298711,392064.7789957711,125428.66802744994,0,2063.375493836102,23,60,18,112.05070099037913,5.0,0.6931471805599453,0
1155,PT  Rev Gemilang Indonesia,corporate office,Company,Indonesia.Batam.PT.202408042212.db,places,1.1275913,104.0088803,389728.8736590266,124651.65016393644,0,2481.025389186441,6,27,4,189.43277433460025,5.0,1.0986122886681098,0
1156,Kalbe Nutritionals,corporate office,Company,Indonesia.Batam.PT.202408042212.db,places,1.149037,104.0200974,390977.8072503235,127021.98002347043,0,318.05764936391495,16,62,12,61.138818954829745,0.0,0.0,0
1159,Lubuk baja,shop,Company,Indonesia.Batam.PT.202408042212.db,places,1.1441751,104.0041335,389201.3271304144,126485.12438643147,0,1538.4211737962908,11,33,0,97.59142667004922,5.0,1.0986122886681098,0
1160,PT  Srijaya Indo Pratama,corporate office,Company,Indonesia.Batam.PT.202408042212.db,places,1.1455572,103.9940885,388083.67355331406,126638.30218328473,-1,0.0,3,5,0,58.780418787792414,5.0,0.6931471805599453,0
1161,PT Mitra Andalan Batam ( Headquarter,corporate office,Company,Indonesia.Batam.PT.202408042212.db,places,1.1366628,104.0237537,391384.17533795413,125653.91464158082,0,1478.673195505936,22,67,12,90.98224304596796,0.0,0.0,0
1163,SD Negeri 008 Lubuk Baja,elementary school,Company,Indonesia.Batam.PT.202408042212.db,places,1.1396685,104.0204168,391012.99294082774,125986.31069213449,0,1021.3944134425296,18,67,0,88.0322039395976,4.6,3.091042453358316,0
1164,PT  Samudera Tanker Internasional,corporate office,Company,Indonesia.Batam.PT.202408042212.db,places,1.1481217,104.0151854,390431.21813195164,126920.98436359386,0,238.80568962956326,18,67,11,28.834646874380116,4.8,1.9459101490553132,0
1166,PT YISHUN MEKANINDO,corporate office,Company,Indonesia.Batam.PT.202408042212.db,places,1.1345311,104.0267149,391713.586976734,125418.15140161503,0,1852.6195140355462,31,60,23,80.85095491327162,5.0,0.6931471805599453,0
1170,PT  DUJ GLOBAL MARINDO,corporate office,Company,Indonesia.Batam.PT.202408042212.db,places,1.1439195,104.0220506,391194.9447835593,126456.18287648985,0,720.3351627031993,16,79,11,144.84727905445092,0.0,0.0,0
1172,PT Wahana Logistindo Abadi BTH,corporate office,Company,Indonesia.Batam.PT.202408042212.db,places,1.1449779,104.0063714,389450.368548187,126573.78535080241,0,1274.280995961787,14,39,12,125.5532767189045,4.0,1.6094379124341003,0
1174,PT  San Calm Sukses,construction company,Company,Indonesia.Batam.PT.202408042212.db,places,1.1232623,104.014325,390334.54487462464,124172.88681804799,-1,0.0,2,9,0,87.61134861643691,4.2,2.302585092994046,0
1175,PT  Group Industri Indonesia,corporate office,Company,Indonesia.Batam.PT.202408042212.db,places,1.1505829,104.0134678,390240.1959006004,127193.12846671871,0,493.56573211698964,15,57,10,203.92032282030985,0.0,0.0,0
1176,PT UWAY MAKMUR,corporate office,Company,Indonesia.Batam.PT.202408042212.db,places,1.1422386,104.0202948,390999.5148118777,126270.4314920817,0,753.9726994693879,21,79,12,118.37381599852698,0.0,0.0,0
1177,PT  Citra Batam Mandiri,corporate office,Company,Indonesia.Batam.PT.202408042212.db,places,1.1245164,104.0151851,390430.29517952143,124311.49142078597,-1,0.0,2,12,1,100.64089515387862,0.0,0.0,0
1178,PT,apartment complex,Company,Indonesia.Batam.PT.202408042212.db,places,1.1357164,104.0356068,392703.02613127383,125548.85056404799,0,2469.1080685968645,5,54,0,143.22966018968597,0.0,0.0,0
1180,PT  GRP Nuansa Lautan,corporate office,Company,Indonesia.Batam.PT.202408042212.db,places,1.1438064,104.0284061,391902.1115244613,126443.439859798,0,1332.748940182994,6,52,3,265.5830875028539,0.0,0.0,0
1181,PT  Kacaba Marga Marina,corporate office,Company,Indonesia.Batam.PT.202408042212.db,places,1.146879,104.008693,389708.76497582486,126783.85708381546,0,973.6534462663103,12,49,10,44.28857198347029,0.0,0.0,0
1182,PT  Indora Mitra Selaras,corporate office,Company,Indonesia.Batam.PT.202408042212.db,places,1.1359675,104.0254311,391570.79275468586,125576.98857456281,0,1641.1601678166196,27,60,16,36.23525568297624,5.0,1.0986122886681098,0
1183,PT PRADANA BATAM BERSAUDARA,corporate office,Company,Indonesia.Batam.PT.202408042212.db,places,1.1333721,104.0284353,391904.9718791941,125289.96371000507,0,2068.2030705549732,22,61,19,67.86164011411056,5.0,0.6931471805599453,0
1187,PT Coconut Charcoal Indonesia,corporate office,Company,Indonesia.Batam.PT.202408042212.db,places,1.1562067,104.0147913,390387.6759527514,127814.7714333716,0,911.2642343592729,9,45,7,179.8539218034136,4.8,2.995732273553991,0
1189,PT  Batam Muda Berjaya,corporate office,Company,Indonesia.Batam.PT.202408042212.db,places,1.1156801,103.9848328,387052.6343949165,123335.8137152875,10,674.1933221282831,8,21,1,212.35535159334339,5.0,0.6931471805599453,0
1190,PT  Hijrah Hanjaya - Batam,corporate office,Company,Indonesia.Batam.PT.202408042212.db,places,1.1451344,104.0044444,389235.9577334419,126591.16038208232,0,1476.2895595387613,10,33,9,17.361778595946006,0.0,0.0,0
1191,PT  Cahaya FORTUNA INDO,corporate office,Company,Indonesia.Batam.PT.202408042212.db,places,1.1451263,104.0109121,389955.6162988499,126590.01583251875,0,797.6620777274944,13,59,11,91.21855738015729,0.0,0.0,0
1192,PT  Era Century Park,corporate office,Company,Indonesia.Batam.PT.202408042212.db,places,1.1458529,104.0175861,390698.25616593147,126670.08380389294,0,279.36406417129183,22,67,16,59.54535004443109,0.0,0.0,0
1193,PT  TH Indo Plantations,corporate office,Company,Indonesia.Batam.PT.202408042212.db,places,1.14413,104.0177345,390714.7032777042,126479.61700734566,0,470.51568339066307,23,64,17,27.659145181744677,4.8,2.1972245773362196,0
1194,Pt pelayaran Nasional Sri Andalas Raya,corporate office,Company,Indonesia.Batam.PT.202408042212.db,places,1.145352,104.0074368,389568.92961341335,126615.09998631154,0,1148.8249181088763,16,47,13,122.1153083655836,0.0,0.0,0
1195,PT Bintang Central Imada,corporate office,Company,Indonesia.Batam.PT.202408042212.db,places,1.1450041,104.022781,391276.25667513267,126576.05410130315,0,712.4598951470572,16,71,10,144.84727905445092,0.0,0.0,0
1196,PT  Central Manunggal Prakarsa,corporate office,Company,Indonesia.Batam.PT.202408042212.db,places,1.1411832,104.0172021,390655.3520165049,126153.87784607537,0,794.0904692427403,26,70,14,77.14080210214935,0.0,0.0,0
1198,PT  Dyvan Batam,corporate office,Company,Indonesia.Batam.PT.202408042212.db,places,1.141825,104.0125173,390134.1006290463,126225.00543359724,0,898.948104213512,12,65,7,146.98949648156747,4.0,0.6931471805599453,0
1199,PT  Adhi Karya (Persero)  Tbk Proyek FO Batam,corporate office,Company,Indonesia.Batam.PT.202408042212.db,places,1.1213111,104.0055592,389359.0971709447,123957.51751308709,-1,0.0,1,9,1,283.6269057735036,5.0,0.6931471805599453,0
1200,PT  BKA,corporate office,Company,Indonesia.Batam.PT.202408042212.db,places,1.1590966,104.001802,388942.47907322075,128134.74712437188,0,2094.725319750174,7,27,7,162.34307954323086,0.0,0.0,0
1201,PT PSU,corporate office,Company,Indonesia.Batam.PT.202408042212.db,places,1.1365057,104.0074372,389568.6367592397,125637.16652248612,0,1711.031764946617,8,40,8,14.392616669188001,0.0,0.0,0
1202,PT Sarana Hadi Utama,corporate office,Company,Indonesia.Batam.PT.202408042212.db,places,1.1422078,104.0140719,390307.09488331876,126267.26343831055,0,770.6032292020128,17,62,12,132.61324327650078,5.0,0.6931471805599453,0
1203,PT KURNIA HOLLY LESTARI CABANG,corporate office,Company,Indonesia.Batam.PT.202408042212.db,places,1.143699,104.0202747,390997.33336903097,126431.87472050899,0,611.8554368745681,23,77,14,69.68295607065953,0.0,0.0,0
1206,th Gambut Plantations  PT,corporate office,Company,Indonesia.Batam.PT.202408042212.db,places,1.143272,104.017709,390711.8334481104,126384.7687981291,0,564.7549644059103,24,64,14,94.89161561216453,0.0,0.0,0
1207,PT  Delta Jaya Mandiri Propertindo,corporate office,Company,Indonesia.Batam.PT.202408042212.db,places,1.1315774,104.0065933,389474.54901216936,125092.38906123825,0,2206.4235967286695,11,25,8,165.9998156151898,0.0,0.0,0
1208,PT Pang Mobile,corporate office,Company,Indonesia.Batam.PT.202408042212.db,places,1.1350894,104.0167793,390608.0776253033,125480.24348342315,0,1468.859423991453,6,50,4,104.38810838576478,0.0,0.0,0
1209,baloi permai,gated community,Company,Indonesia.Batam.PT.202408042212.db,places,1.1060117,104.04787,394066.47141249175,122264.66761173564,-1,0.0,1,18,0,368.74866218402195,5.0,0.6931471805599453,0
1210,PT  ERGEHA SUKSES BERSINAR - CAB BATAM,corporate office,Company,Indonesia.Batam.PT.202408042212.db,places,1.1326177,104.016192,390542.63604360644,125207.02699944374,0,1745.3769519275436,6,33,5,157.17982445228265,0.0,0.0,0
1211,Batamas Puri Permai  PT,real estate developer,Company,Indonesia.Batam.PT.202408042212.db,places,1.1147892,104.054581,394813.51278488745,123234.74293075078,1,583.8905418071154,10,28,0,46.84146293066421,4.5,1.0986122886681098,0
1212,Pt Karya abadi solusi,corporate office,Company,Indonesia.Batam.PT.202408042212.db,places,1.1286187,104.0034223,389121.598724271,124765.43378493215,0,2675.052487063978,6,19,3,157.5945221368192,0.0,0.0,0
1213,AV Plastik Industri Batam PT,plastic fabrication company,Company,Indonesia.Batam.PT.202408042212.db,places,1.1099645,104.0444014,393680.6616371666,122701.75759140449,1,675.8812577858654,8,20,0,122.1855968927114,5.0,0.6931471805599453,0
1215,Pt Wahana Tri Optima,corporate office,Company,Indonesia.Batam.PT.202408042212.db,places,1.1360004,104.0170262,390635.5843702149,125580.94232232771,0,1367.3134388108754,9,58,5,104.38810838576478,0.0,0.0,0
1216,Baloi Kusuma Batam,corporate office,Company,Indonesia.Batam.PT.202408042212.db,places,1.1326039,104.0092613,389771.45664057,125205.76414100616,0,1959.4883584644053,15,33,13,159.10192940443764,4.8,3.367295829986474,0
1218,RENTAL MOBIL BATAM AUTOBATAM PT DUNIA BERJAYA ABADI,car rental agency,Company,Indonesia.Batam.PT.202408042212.db,places,1.133709,104.0170975,390643.43182733934,125327.63258470628,0,1620.420784273588,6,44,0,156.65250080600822,4.7,3.091042453358316,0
1220,PT  Graha Anugerah Kediri,corporate office,Company,Indonesia.Batam.PT.202408042212.db,places,1.1276433,104.0044552,389236.49306432344,124657.56662574342,0,2701.1301297294076,7,19,4,157.5945221368192,5.0,1.6094379124341003,0
1222,PT  Enseval kantor lama Seraya,corporate office,Company,Indonesia.Batam.PT.202408042212.db,places,1.1494101,104.0189175,390846.5349748661,127063.27009000018,0,212.16428744276052,19,64,12,137.61278973188647,1.0,0.6931471805599453,0
1223,PT Perdana Solusi Internasional,corporate office,Company,Indonesia.Batam.PT.202408042212.db,places,1.1464282,104.0135554,390249.7845765324,126733.83558912127,0,470.24933360059737,19,62,15,207.81604169515987,0.0,0.0,0
1224,PT  ALIF TEKNIK JAYA,corporate office,Company,Indonesia.Batam.PT.202408042212.db,places,1.1014441,104.0607507,395499.542519576,121759.28378301242,3,916.8717405731996,16,35,13,75.32551460520311,5.0,0.6931471805599453,0
1226,Kantor PT Zaitunindo Mega Perkasa Batam,corporate office,Company,Indonesia.Batam.PT.202408042212.db,places,1.1085218,104.0586284,395263.64294079645,122541.76595087332,3,1025.370181682298,5,48,4,64.20567353374614,5.0,0.6931471805599453,0
1227,PT  Multi Lucky Starindo,corporate office,Company,Indonesia.Batam.PT.202408042212.db,places,1.147796,104.0067561,389493.2820679386,126885.30358031596,0,1176.8883969672565,13,42,12,202.56969746117392,0.0,0.0,0
1228,GD PT Tanjung Pantun,corporate office,Company,Indonesia.Batam.PT.202408042212.db,places,1.1474118,104.003573,389139.0848281112,126842.9545055684,0,1533.015482356547,9,36,8,70.56032504153622,0.0,0.0,0
1229,PT  Sandico Synergy Resources,corporate office,Company,Indonesia.Batam.PT.202408042212.db,places,1.1449832,104.0044866,389240.64751406614,126574.44400347596,0,1475.8797524091694,10,34,9,17.361778595946006,0.0,0.0,0
1230,PT Aspero Mitra Mandiri,corporate office,Company,Indonesia.Batam.PT.202408042212.db,places,1.1313401,104.0121522,390093.0796462706,125065.94503765892,0,1967.9222127204232,10,34,9,132.95059801304384,5.0,0.6931471805599453,0
1231,PT  Ardesta Flora,corporate office,Company,Indonesia.Batam.PT.202408042212.db,places,1.1015308,104.063193,395771.2991324407,121768.78253178671,3,703.0112679780425,15,37,13,59.5194828469585,4.0,1.0986122886681098,0
1233,Capella Service Centre Nagoya,corporate office,Company,Indonesia.Batam.PT.202408042212.db,places,1.1479216,104.012421,390123.61749397626,126898.97000244909,0,547.0781291855259,15,60,11,167.58655267091922,4.3,3.6888794541139363,0
1234,PT  Sinar Inter Plast,corporate office,Company,Indonesia.Batam.PT.202408042212.db,places,1.1112151,104.042939,393517.9854234378,122840.0590078587,1,770.7237105770968,8,19,6,96.63112014264016,4.0,2.1972245773362196,0
1236,PT  Harsa Trengginas Abadi,corporate office,Company,Indonesia.Batam.PT.202408042212.db,places,1.1409581,104.0199011,390955.65981364175,126128.89130742066,0,867.8510983551663,21,75,12,129.29064527096466,0.0,0.0,0
1238,PT Brama Mitra Kumbara,corporate office,Company,Indonesia.Batam.PT.202408042212.db,places,1.14057,104.0072358,389546.3816802219,126086.4711158636,0,1414.621638435996,10,43,10,314.43922867285596,0.0,0.0,0
1239,PT Bok Seng Indonesia,corporate office,Company,Indonesia.Batam.PT.202408042212.db,places,1.161266,104.0078653,389617.22188105766,128374.33109385877,0,1772.0105912104204,6,50,5,50.085435213062866,0.0,0.0,0
1240,PT Samudra Berdikari Abadi,corporate office,Company,Indonesia.Batam.PT.202408042212.db,places,1.1392497,104.0149277,390402.2074318782,125940.22193850037,0,1042.232450845229,13,62,8,52.76896408435809,0.0,0.0,0
1242,PT Mutiara Duta Indonesia ( MDI ),corporate office,Company,Indonesia.Batam.PT.202408042212.db,places,1.1021331,104.0600191,395418.1617156803,121835.47524308269,3,946.9925966290597,16,37,13,4.2792834140082805,5.0,1.3862943611198906,0
1243,PT  Hadiah Surga (Tian Pin Bird Nest Batam 天品燕窝巴淡岛),corporate office,Company,Indonesia.Batam.PT.202408042212.db,places,1.1110489,104.0441113,393648.4210335148,122821.64403926712,1,652.5085695375185,8,19,6,79.56443610942445,5.0,2.1972245773362196,0
1245,PT DINAR PUTRA MANDIRI,corporate office,Company,Indonesia.Batam.PT.202408042212.db,places,1.1014725,104.062212,395662.14171073964,121762.37206879501,3,786.3083599608867,17,37,14,69.59904935087556,5.0,0.6931471805599453,0
1246,PT  Wahana,corporate office,Company,Indonesia.Batam.PT.202408042212.db,places,1.1023056,104.0633908,395793.3351667462,121854.42612388873,3,627.1534573415063,16,41,15,88.43309152150412,4.7,1.3862943611198906,0
1247,Kantor BKKBN,municipal administration office,Company,Indonesia.Batam.PT.202408042212.db,places,1.1148337,104.0511639,394433.2959241984,123239.78450819901,1,256.6844400459584,14,27,0,193.02035725773868,4.5,1.6094379124341003,0
1248,PT  PRIKKON,corporate office,Company,Indonesia.Batam.PT.202408042212.db,places,1.1022948,104.0618102,395617.46223634155,121853.28759345926,3,766.5123854168619,16,39,13,64.63483414325664,5.0,0.6931471805599453,0
1249,PT WISCO,corporate office,Company,Indonesia.Batam.PT.202408042212.db,places,1.1167867,104.0471495,393986.68575262383,123455.82478242055,1,487.92788492470845,5,32,3,114.6305809267845,3.3,1.3862943611198906,0
1251,Waen Indonesia,corporate office,Company,Indonesia.Batam.PT.202408042212.db,places,1.113615,104.055836,394953.11410913174,123104.89552509018,1,695.948500518446,9,25,8,143.79490245341495,4.0,0.6931471805599453,0
1252,PT  BERLIAN SURYA GEMILANG,corporate office,Company,Indonesia.Batam.PT.202408042212.db,places,1.1133313,104.0490556,394198.65299920936,123073.77620148307,1,64.68965192206859,10,27,8,206.1620643056506,0.0,0.0,0
1253,PT  PIDSG-BT Panasonic,corporate office,Company,Indonesia.Batam.PT.202408042212.db,places,1.1142717,104.0528063,394616.0247453713,123177.59900965902,1,378.53323812946064,14,27,12,78.66321351725395,5.0,2.70805020110221,0
1254,PT  Abadi Five Star,corporate office,Company,Indonesia.Batam.PT.202408042212.db,places,1.1007888,104.0528217,394617.2619936758,121687.12243078901,-1,0.0,0,14,0,652.0132584446859,3.8,2.70805020110221,0
1255,PT Astaka Bhadra Indonesia,corporate office,Company,Indonesia.Batam.PT.202408042212.db,places,1.1080591,104.0637958,395838.59976453375,122490.43436276303,3,466.77574372463107,15,50,10,0.0,3.0,1.0986122886681098,0
1256,PT  JPJ,corporate office,Company,Indonesia.Batam.PT.202408042212.db,places,1.0995257,104.0606495,395488.21525591327,121547.21703475843,3,1059.8799507364006,16,24,13,138.96496112405487,5.0,0.6931471805599453,0
1257,Gudang PT  Artha Untung Perkasa,corporate office,Company,Indonesia.Batam.PT.202408042212.db,places,1.1119934,104.0503464,394342.2320542594,122925.83076657646,1,150.2814690333695,9,30,8,206.1620643056506,5.0,0.6931471805599453,0
1258,PT  DATAM JAYA ABADI,corporate office,Company,Indonesia.Batam.PT.202408042212.db,places,1.102125,104.0607766,395502.4481294791,121834.55323618985,3,873.8894554461173,16,37,13,75.32551460520311,2.5,1.0986122886681098,0
1259,Pt  Lautan Intan Permata,corporate office,Company,Indonesia.Batam.PT.202408042212.db,places,1.1332308,104.0054437,389346.69544061366,125275.21168477596,0,2131.8854022921682,9,29,8,223.09336036009077,4.2,2.302585092994046,0
1261,Sekupang Logistics  PT,freight forwarding service,Company,Indonesia.Batam.PT.202408042212.db,places,1.132519,104.011551,390026.22850355296,125196.29170971936,0,1865.612647519399,9,34,0,123.81414027939503,3.8,2.4849066497880004,0
1262,PT Gandira Sinergi Indonesia,corporate office,Company,Indonesia.Batam.PT.202408042212.db,places,1.1032843,104.0622156,395662.6053552853,121962.65801240774,3,671.4538440581895,19,40,15,118.32070710122866,5.0,0.6931471805599453,0
1263,PT  Ong Kian Indonesia,corporate office,Company,Indonesia.Batam.PT.202408042212.db,places,1.1378685,104.0097839,389829.80568752094,125787.73047386753,0,1431.5440940209055,8,50,7,219.1757684030938,5.0,1.0986122886681098,0
1266,PT Isabel Cahaya Maju,corporate office,Company,Indonesia.Batam.PT.202408042212.db,places,1.1009908,104.0615764,395591.4020261171,121709.14462455103,3,874.6304053244908,16,35,13,85.57169019034774,0.0,0.0,0
1268,PT KARYA LALUAN MADANI,corporate office,Company,Indonesia.Batam.PT.202408042212.db,places,1.101278,104.0662359,396109.8721873878,121740.73043857956,3,557.5585220627313,7,39,5,170.86391334600353,5.0,0.6931471805599453,0
1269,Bentara Jaya Sukses  PT,corporate office,Company,Indonesia.Batam.PT.202408042212.db,places,1.1395333,104.0115569,390027.1502383308,125971.7015196433,0,1167.9992694710809,9,61,7,164.31558224668345,4.1,2.0794415416798357,0
1270,PT hansel,corporate office,Company,Indonesia.Batam.PT.202408042212.db,places,1.1108467,104.0521993,394548.3626182796,122799.00177826204,1,383.60508984932045,9,30,8,67.26316427138427,0.0,0.0,0
1271,Sinar Batanghari  PT,corporate office,Company,Indonesia.Batam.PT.202408042212.db,places,1.135169,104.009919,389844.7359548128,125489.30345736397,0,1675.1070489451909,13,39,12,132.8626420659752,5.0,0.6931471805599453,0
1272,Pt SANWA ENGGENERING,corporate office,Company,Indonesia.Batam.PT.202408042212.db,places,1.1078372,104.0506437,394375.16500424367,122466.36997234108,1,596.1308340965788,4,28,3,368.74866218402195,5.0,0.6931471805599453,0
1273,PT  Lubuk Sumber Jaya,corporate office,Company,Indonesia.Batam.PT.202408042212.db,places,1.1320059,104.0105619,389916.15194478916,125139.60756251888,0,1958.5229863171073,11,35,9,123.81414027939503,0.0,0.0,0
1274,PT Indosolid Pratama,corporate office,Company,Indonesia.Batam.PT.202408042212.db,places,1.1004533,104.0598066,395394.4583581344,121649.7884954046,3,1065.9539033513431,16,30,13,114.59041062850736,0.0,0.0,0
1275,PT  MARSINDO GLOBE MASTER,corporate office,Company,Indonesia.Batam.PT.202408042212.db,places,1.140282,104.0035219,389133.125272216,126054.77630228673,0,1776.230175873026,5,30,4,82.94049791174388,0.0,0.0,0
1276,PT  SEMEN CONCH,corporate office,Company,Indonesia.Batam.PT.202408042212.db,places,1.1155316,104.0495007,394248.25754338875,123316.99408571613,1,266.0991892724653,8,33,6,200.5006763904545,3.0,1.791759469228055,0
1278,PT  Indopack Industries Batam,corporate office,Company,Indonesia.Batam.PT.202408042212.db,places,1.1119523,104.0544272,394796.2989947003,122921.1415874248,1,552.5582401565971,12,26,10,227.98768621949907,4.3,1.3862943611198906,0
1279,PT  Pelayaran Sumatera Bukit Emas,corporate office,Company,Indonesia.Batam.PT.202408042212.db,places,1.1314502,104.0080798,389639.94736574235,125078.27086660791,0,2133.845242071104,14,25,10,123.14718330022369,0.0,0.0,0
1280,PT Bangun Bumi Segara,corporate office,Company,Indonesia.Batam.PT.202408042212.db,places,1.102102,104.060042,395420.7087040688,121832.03647634352,3,946.3628516369618,16,37,13,4.2792834140082805,0.0,0.0,0
1282,PT Salam Pacific Indonesia Lines,corporate office,Company,Indonesia.Batam.PT.202408042212.db,places,1.139881,104.0041519,389203.21003515465,126010.42258544498,0,1739.5063017718255,5,34,4,82.94049791174388,4.9,2.5649493574615367,0
1284,PT  PUTRA BATAM JASA MANDIRI UTAMA,corporate office,Company,Indonesia.Batam.PT.202408042212.db,places,1.171941,104.0194278,390904.1791499193,129553.96917618587,0,2616.7441430298904,10,44,8,0.0,4.6,2.3978952727983707,0
1285,Cammo Industrial Park,corporate office,Company,Indonesia.Batam.PT.202408042212.db,places,1.1129527,104.04587,393844.1791310827,123032.03803941891,1,415.505527744016,12,27,9,268.59388298050976,4.6,3.4011973816621555,0
1287,PT  Madeira Indonesia,corporate office,Company,Indonesia.Batam.PT.202408042212.db,places,1.1127526,104.0434643,393576.4905120219,123010.00449227272,1,683.9926420674796,8,21,6,83.65080202396207,4.8,1.791759469228055,0
1288,Pt Berkah Maju Bersama,corporate office,Company,Indonesia.Batam.PT.202408042212.db,places,1.1076371,104.0636306,395820.2033445246,122443.79005059121,3,464.7516470663439,15,52,10,29.853873818612435,4.0,0.6931471805599453,0
1290,PT  Indo Profesional Sejati,corporate office,Company,Indonesia.Batam.PT.202408042212.db,places,1.114455,104.0543222,394784.7044313154,123197.80783343193,1,545.5484835522122,11,28,9,46.84146293066421,0.0,0.0,0
1291,PT DANSYAH ALPHA SOLUSI,corporate office,Company,Indonesia.Batam.PT.202408042212.db,places,1.1017648,104.0615649,395590.1493655637,121794.70714557263,3,822.4508606146799,16,39,13,64.63483414325664,0.0,0.0,0
1294,Pt  Indo Network Services,corporate office,Company,Indonesia.Batam.PT.202408042212.db,places,1.1363772,104.0074164,389566.3174616339,125622.96200654218,0,1723.4193378494617,9,39,9,14.392616669188001,0.0,0.0,0
1295,Global Aluminium Asia,corporate office,Company,Indonesia.Batam.PT.202408042212.db,places,1.1678257,104.0191501,390873.12093708187,129099.04673821395,0,2160.896607374781,28,52,15,76.39997658938294,4.9,2.3978952727983707,0
1296,PT cendana Han Wijaya,corporate office,Company,Indonesia.Batam.PT.202408042212.db,places,1.1552792,104.0161193,390535.4056456438,127712.18795016897,0,775.8312431457852,10,44,7,28.244425382025117,4.5,2.772588722239781,0
1297,PT  Mitra Cahaya Inti Kreasi,corporate office,Company,Indonesia.Batam.PT.202408042212.db,places,1.1033986,104.0590819,395313.92407177424,121975.40343976757,3,988.6871723517324,15,36,12,158.88812768723253,5.0,0.6931471805599453,0
1298,PT AG-MAR JAYA,corporate office,Company,Indonesia.Batam.PT.202408042212.db,places,1.14211,104.0048599,389282.07441486785,126256.8051935153,0,1549.1128074655096,10,35,9,242.17716201265134,0.0,0.0,0
1299,PT Multi Preneur Indonesia,corporate office,Company,Indonesia.Batam.PT.202408042212.db,places,1.1061278,104.055312,394894.5446437184,122277.23735279404,-1,0.0,2,39,2,424.5792887099773,0.0,0.0,0
1300,PT  Kartika Utama Inti,corporate office,Company,Indonesia.Batam.PT.202408042212.db,places,1.1634368,104.0134057,390233.7801922004,128614.09073516463,0,1722.0087752740349,23,66,16,24.80866976992555,5.0,0.6931471805599453,0
1301,PT KSS BATAM,corporate office,Company,Indonesia.Batam.PT.202408042212.db,places,1.1611338,104.0096603,389816.94463629747,128359.64673022513,0,1648.7272850383554,12,56,9,178.36479112188988,0.0,0.0,0
1303,PT GEMAH NUSANTARA JAYA,corporate office,Company,Indonesia.Batam.PT.202408042212.db,places,1.114537,104.0549244,394851.7137070801,123206.85106655485,1,612.5923244551796,11,27,9,47.299752057422964,5.0,0.6931471805599453,0
1305,Hi - Tek Indo Mulia NDT Services,corporate office,Company,Indonesia.Batam.PT.202408042212.db,places,1.1398471,104.0011251,388866.41655483673,126006.79166843479,0,2033.0119239094627,4,20,4,270.9908947031087,4.4,2.4849066497880004,0
1306,PT Winner Nusantara Jaya Tbk,real estate developer,Company,Indonesia.Batam.PT.202408042212.db,places,1.1480812,104.0154414,390459.7015315298,126916.4974037275,0,211.1473292512452,18,68,0,28.834646874380116,3.6,4.3694478524670215,0
1308,Pt Api Indonesia,corporate office,Company,Indonesia.Batam.PT.202408042212.db,places,1.1640925,104.0128278,390169.50333226554,128686.59889940241,0,1808.9277614444973,22,66,17,45.03224038976218,3.3,1.3862943611198906,0
1310,PT Sumber Panca Fortuna Energi,corporate office,Company,Indonesia.Batam.PT.202408042212.db,places,1.1339676,104.0098858,389840.9963427198,125356.49345413325,0,1793.660753547477,14,38,13,116.98862917597216,0.0,0.0,0
1311,PT  BATAM INDONESIA INDAH,freight forwarding service,Company,Indonesia.Batam.PT.202408042212.db,places,1.1011961,104.062774,395724.6655753794,121731.79766739358,3,761.9792138504666,17,37,0,59.5194828469585,4.7,1.3862943611198906,0
1314,PT Tunaskarya Indoswasta,corporate office,Company,Indonesia.Batam.PT.202408042212.db,places,1.0917804,104.0339499,392517.0723884532,120691.95110514965,7,444.4466744224968,15,28,12,3.511375652438287,5.0,0.6931471805599453,0
1316,PT  FTS Indonesia,corporate office,Company,Indonesia.Batam.PT.202408042212.db,places,1.1037823,104.0275509,391805.4812807373,122018.94832192558,11,342.4621738469447,15,26,8,0.0,0.0,0.0,0
1317,PT  PETROCON MITRA SEJAHTERA Cabang Batam,corporate office,Company,Indonesia.Batam.PT.202408042212.db,places,1.1076947,104.028209,391878.8500133145,122451.42633663632,11,101.03093651631077,18,25,10,11.56711200067626,5.0,1.9459101490553132,0
1320,Sukajadi,corporate office,Company,Indonesia.Batam.PT.202408042212.db,places,1.1037823,104.0275509,391805.4812807373,122018.94832192558,11,342.4621738469447,15,26,8,0.0,0.0,0.0,0
1322,PT Luxxindo Batam,corporate office,Company,Indonesia.Batam.PT.202408042212.db,places,1.1037823,104.0275509,391805.4812807373,122018.94832192558,11,342.4621738469447,15,26,8,0.0,0.0,0.0,0
1323,PT BERJAYA TENAGA RAYA,corporate office,Company,Indonesia.Batam.PT.202408042212.db,places,1.1543165,104.0055283,389356.91657907725,127606.17435927528,0,1467.5310742587124,11,30,9,35.714130540192,2.3,1.3862943611198906,0
1325,PT MULIA MULTI VALAS,corporate office,Company,Indonesia.Batam.PT.202408042212.db,places,1.1364507,104.008407,389676.5443159982,125631.04936634637,0,1648.6291327996034,10,44,10,108.0808049786173,4.3,1.3862943611198906,0
1327,PT  Tripiranti Maju Jaya,corporate office,Company,Indonesia.Batam.PT.202408042212.db,places,1.1540403,104.0056948,389375.4322581504,127575.63473339837,0,1437.4086402467049,11,33,9,35.714130540192,4.4,2.302585092994046,0
1330,PT  Flo-Bend Indonesia,corporate office,Company,Indonesia.Batam.PT.202408042212.db,places,1.1102385,104.0597661,395390.29439924506,122731.4990826575,3,975.7168374991953,5,45,3,123.28330509108673,4.5,1.0986122886681098,0
1334,Pt adhya mitra bangun sarana,corporate office,Company,Indonesia.Batam.PT.202408042212.db,places,1.0917767,104.0340035,392523.0363722968,120691.54016781382,7,443.8863497568316,15,28,12,5.978124520368214,0.0,0.0,0
1335,Perumahan Sukajadi,housing complex,Company,Indonesia.Batam.PT.202408042212.db,places,1.101876,104.0279198,391846.4601734202,121808.20018147698,11,544.4546321465017,5,26,0,214.6952452851684,5.0,0.6931471805599453,0
1337,The Central Boulevard Sukajadi,housing complex,Company,Indonesia.Batam.PT.202408042212.db,places,1.0990499,104.0324137,392346.39760482707,121495.62246527302,7,440.41346977369784,12,42,1,144.52434132591185,4.5,4.04305126783455,0
1340,Lintas Nusa Transportindo  PT,corporate office,Company,Indonesia.Batam.PT.202408042212.db,places,1.1074611,104.0638341,395842.8404925864,122424.32692366856,3,436.8056392213011,16,53,11,29.853873818612435,5.0,2.1972245773362196,0
1341,PT OS selnajaya Batam,corporate office,Company,Indonesia.Batam.PT.202408042212.db,places,1.089726,104.0332269,392436.55063148524,120464.87068636419,7,683.0875346635504,13,24,10,132.60489357429964,5.0,0.6931471805599453,0
1343,PT  Djarum DSO Batam,corporate office,Company,Indonesia.Batam.PT.202408042212.db,places,1.0923078,104.034178,392542.4719911987,120750.2450431463,7,383.0077829150381,17,29,14,16.144211864697606,4.5,1.0986122886681098,0
1346,PT  Sumber Cipta Multianga (Djarum) SUB DSO Batam,corporate office,Company,Indonesia.Batam.PT.202408042212.db,places,1.1129455,103.9814819,386679.66974965425,123033.6379128631,10,209.81381847069505,16,27,7,4.753306597537421,5.0,0.6931471805599453,0
1347,PT  Anugerah Pharmindo Lestari Cabang Batam,corporate office,Company,Indonesia.Batam.PT.202408042212.db,places,1.0963108,104.0354633,392685.63058353844,121192.71558548069,7,112.68532301813606,21,31,11,38.529089706555986,5.0,1.3862943611198906,0
1348,PT  SCM DSO Batam,corporate office,Company,Indonesia.Batam.PT.202408042212.db,places,1.09235,104.0340391,392527.01797888667,120754.91506243867,7,380.70806753639727,17,29,14,13.171885746428018,4.7,1.3862943611198906,0
1349,Daiho Batam  PT,corporate office,Company,Indonesia.Batam.PT.202408042212.db,places,1.1715396,104.011604,390033.62206782814,129509.90155320398,0,2639.5338282113485,11,61,5,122.547628077215,4.3,3.044522437723423,0
1350,Club House Sukajadi,swim club,Company,Indonesia.Batam.PT.202408042212.db,places,1.1117696,104.0234849,391353.34581555135,122902.0655223803,11,768.8580387000833,3,22,0,220.69543203320166,4.4,3.7612001156935624,0
1351,PT Pasar Kapal Bahari - STS  FSU & Energy Production Partnership,corporate office,Company,Indonesia.Batam.PT.202408042212.db,places,1.1734861,103.9755556,386022.6268342114,129726.52446896133,-1,0.0,0,0,0,2649.8414674606192,0.0,0.0,0
1352,PT SUMBERDAYA DIAN MANDIRI,corporate office,Company,Indonesia.Batam.PT.202408042212.db,places,1.0918121,104.0339519,392517.2960560067,120695.4553499753,7,440.95502098918996,15,28,12,3.511375652438287,4.0,1.0986122886681098,0
1355,PT Cahaya Bintang Development,corporate office,Company,Indonesia.Batam.PT.202408042212.db,places,1.0915149,104.0340662,392530.0037554165,120662.59691752576,7,471.53339401728294,14,27,11,29.770054833226002,0.0,0.0,0
1356,PT  CTN,corporate office,Company,Indonesia.Batam.PT.202408042212.db,places,1.106452,104.0288242,391947.2585678898,122314.02784107729,11,68.58697111445385,17,28,9,48.216447083475224,0.0,0.0,0
1357,PT  BATAMEC Shipyard,shipyard,Company,Indonesia.Batam.PT.202408042212.db,places,1.0844844,103.898557,377451.1844667365,119890.55083375073,-1,0.0,0,0,0,1090.6127390267327,4.1,4.382026634673881,0
1358,Denko Wahana Sakti  PT,corporate office,Company,Indonesia.Batam.PT.202408042212.db,places,1.093608,104.0347001,392600.6126559233,120893.95858986858,7,236.23809899006054,18,31,14,26.470369949707827,0.0,0.0,0
1360,PT  Ganani Indonesia Petroleum Energy,warehouse,Company,Indonesia.Batam.PT.202408042212.db,places,1.0927257,104.0337259,392492.18132422864,120796.45849773439,7,348.19049102694834,18,29,1,45.940795866599366,5.0,0.6931471805599453,0
1361,PT Citra Maritime,corporate office,Company,Indonesia.Batam.PT.202408042212.db,places,1.1349124,104.0416071,393370.6440896713,125459.74948098297,2,273.9041185439912,13,31,11,42.97301975464109,4.3,2.9444389791664403,0
1362,PT  Okada Ecotech Indo Batam,wholesaler,Company,Indonesia.Batam.PT.202408042212.db,places,1.0915414,104.0292531,391994.4467649724,120665.69883612981,7,756.7449331506542,1,24,0,485.5798333167048,0.0,0.0,0
1363,PT  Dok & Perkapalan Kodja Bahari,corporate office,Company,Indonesia.Batam.PT.202408042212.db,places,1.1079458,104.0275499,391805.52078985807,122479.20861430648,11,153.28106104838113,17,25,9,29.674064519042965,2.0,0.6931471805599453,0
1365,PT  Sumber Cipta Multiniaga,corporate office,Company,Indonesia.Batam.PT.202408042212.db,places,1.0923595,104.0339211,392513.8883637584,120755.9694725583,7,382.1348276080984,17,29,14,13.171885746428018,5.0,1.0986122886681098,0
1367,Khazanah Plaza,shopping mall,Company,Indonesia.Batam.PT.202408042212.db,places,1.1062856,104.0299784,392075.68086679373,122295.590905694,11,194.27591494479663,16,29,0,37.44196495617255,4.2,6.315358001522335,0
1368,PT  Flamez 72,corporate office,Company,Indonesia.Batam.PT.202408042212.db,places,1.1334002,104.0107733,389939.72705121816,125293.73529485583,0,1807.5525572704973,11,36,10,116.98862917597216,4.3,1.9459101490553132,0
1369,PT Batamas Pilar Logistikindo,company,Company,Indonesia.Batam.PT.202408042212.db,places,1.107608,104.0282672,391885.3228084337,122441.83983553416,11,90.97986416957029,18,25,2,0.1820565509818041,0.0,0.0,0
1370,PT  Gos Solutions Indonesia,corporate office,Company,Indonesia.Batam.PT.202408042212.db,places,1.1024236,104.0338042,392501.2401570793,121868.52232245177,7,744.0376430523211,9,38,3,61.37680662424504,0.0,0.0,0
1371,PT  CiptaKarya Teknologi Nusantara,web hosting company,Company,Indonesia.Batam.PT.202408042212.db,places,1.1075407,104.0316505,392261.7813637069,122434.27685088228,11,381.5305353102317,12,29,0,55.908159045933616,0.0,0.0,0
1372,Gudang 2 PT Jaya Bersama Batam,warehouse,Company,Indonesia.Batam.PT.202408042212.db,places,1.096667,104.0354949,392689.1594199623,121232.09101261443,7,140.91704580385857,19,31,1,39.53323852748277,5.0,0.6931471805599453,0
1373,PT FANTASTIK BUANA RAYA,tour operator,Company,Indonesia.Batam.PT.202408042212.db,places,1.1068859,104.0287801,391942.3672467949,122361.99554633093,11,54.04667904544849,17,28,0,48.216447083475224,4.3,3.4965075614664802,0
1374,PT  Aztech Karya Mandiri,computer store,Company,Indonesia.Batam.PT.202408042212.db,places,1.1001744,104.037199,392878.9004742,121619.7595531481,7,567.5800182868809,13,29,0,33.749887805264635,4.7,2.5649493574615367,0
1375,PT  Karya Pantura Sejati,company,Company,Indonesia.Batam.PT.202408042212.db,places,1.1060973,104.0302581,392106.7963946677,122274.76484834022,11,230.30353880918562,16,30,2,37.44196495617255,0.0,0.0,0
1376,PT WISMA PREMIUM UTAMA,food broker,Company,Indonesia.Batam.PT.202408042212.db,places,1.100716,104.0348872,392621.68486678833,121679.71449585169,7,550.4772542898158,13,40,0,116.75035465712607,0.0,0.0,0
1377,Happy Kitchen Catering,restaurant supply store,Company,Indonesia.Batam.PT.202408042212.db,places,1.0942191,104.0350861,392643.58487170574,120961.49957597739,7,176.2616887784743,19,31,0,59.76417720493317,5.0,1.6094379124341003,0
1378,PT Momentum Otomasi Indonesia,company,Company,Indonesia.Batam.PT.202408042212.db,places,1.107864,104.0272959,391777.25513341546,122470.1751891007,11,163.71834792115013,17,25,2,29.674064519042965,0.0,0.0,0
1379,PT BATAM CITY MEGA PERKASA,corporate office,Company,Indonesia.Batam.PT.202408042212.db,places,1.1304833,104.0458826,393846.21294766193,124969.97336658945,2,622.0826800215879,3,38,2,249.86948735976137,4.3,2.9444389791664403,0
1381,PT Batam Karya Perkasa,corporate office,Company,Indonesia.Batam.PT.202408042212.db,places,1.1443384,104.0078731,389617.4377988701,126503.03257587962,0,1141.322398276773,15,45,12,122.1153083655836,5.0,0.6931471805599453,0
1382,PT Mega Satria Persada,corporate office,Company,Indonesia.Batam.PT.202408042212.db,places,1.0960001,104.0353064,392668.16116327903,121158.3745006199,7,81.2761894837671,21,31,14,27.10145567922984,5.0,1.3862943611198906,0
1383,PT Batam Well Industry Indonesia,company,Company,Indonesia.Batam.PT.202408042212.db,places,1.05717,103.927793,380703.37310396676,116869.77834523351,-1,0.0,4,8,0,158.83139487026352,4.1,3.8066624897703196,0
1384,PT Nekari Sejaya Visitama,corporate office,Company,Indonesia.Batam.PT.202408042212.db,places,1.1004779,104.0372319,392882.57209722477,121653.30913006395,7,598.5422783535438,12,28,6,33.749887805264635,0.0,0.0,0
1385,Batam indonesia,corporate office,Company,Indonesia.Batam.PT.202408042212.db,places,1.1232974,104.0559792,394969.39213466155,124175.23678155514,9,644.1786177810404,3,28,3,197.82536150271633,4.8,1.791759469228055,0
1386,PT  Sari Surya Perwira,corporate office,Company,Indonesia.Batam.PT.202408042212.db,places,1.090819,104.0337179,392491.22341989767,120585.68022244086,7,553.6057197375992,13,27,10,86.13995824085589,0.0,0.0,0
1388,PT  Bonadea Sinema,trailer manufacturer,Company,Indonesia.Batam.PT.202408042212.db,places,1.1074493,104.027678,391819.7565224261,122424.31761207042,11,101.19703615842629,17,25,0,56.7069502638601,0.0,0.0,0
1389,PT  Batam Bina Mandiri,corporate office,Company,Indonesia.Batam.PT.202408042212.db,places,1.1225064,104.0410181,393304.65447385603,124088.33687066636,-1,0.0,3,21,3,47.611547483817255,4.3,1.3862943611198906,0
1392,Taman Golf Residence 3,housing complex,Company,Indonesia.Batam.PT.202408042212.db,places,1.0986183,104.0361066,392757.29314855195,121447.77786890465,7,358.16892675434855,17,31,1,114.82153416111957,4.0,2.70805020110221,0
1393,PT Dewata Ocean,corporate office,Company,Indonesia.Batam.PT.202408042212.db,places,1.1061075,104.0292237,391991.6986444301,122275.93005055918,11,126.81190526459112,18,28,9,58.5351351349569,5.0,0.6931471805599453,0
1395,Pesona-Batam,corporate office,Company,Indonesia.Batam.PT.202408042212.db,places,1.1037823,104.0275509,391805.4812807373,122018.94832192558,11,342.4621738469447,15,26,8,0.0,5.0,0.6931471805599453,0
1397,PT  BATAM KONEKTRA JAYA,corporate office,Company,Indonesia.Batam.PT.202408042212.db,places,1.1361283,104.0410769,393311.69387863856,125594.18198325523,2,319.33301111404575,10,31,9,62.29381792753335,5.0,0.6931471805599453,0
1398,Lgb Indonesia,corporate office,Company,Indonesia.Batam.PT.202408042212.db,places,1.1076407,104.0660878,396093.61419338454,122444.10174397274,3,230.65270718364084,14,50,10,113.65897732353271,5.0,1.6094379124341003,0
1399,PT  Batam Property Prakarsa,corporate office,Company,Indonesia.Batam.PT.202408042212.db,places,1.1344115,104.0432433,393552.6839717398,125404.31672542384,2,166.49729635917728,14,29,12,60.25431868520999,5.0,0.6931471805599453,0
1400,Adhya Bumi Battam  PT,real estate developer,Company,Indonesia.Batam.PT.202408042212.db,places,1.1089912,104.0261448,391649.21269225684,122594.82530345679,11,342.33337726201506,11,26,0,178.69672002262132,4.3,1.9459101490553132,0
1401,Central Package Batam  PT,stationery store,Company,Indonesia.Batam.PT.202408042212.db,places,1.1134463,104.0224083,391233.6134847074,123087.45873334285,-1,0.0,4,13,0,220.69543203320166,4.0,1.0986122886681098,0
1403,PT BATAM DIAGONAL PERKASA,corporate office,Company,Indonesia.Batam.PT.202408042212.db,places,1.1542482,104.0307399,392162.1827147912,127597.65549352368,0,1628.8962185131265,4,27,0,59.592675217949235,5.0,0.6931471805599453,0
1404,PT  Sirius Maritime Service,corporate office,Company,Indonesia.Batam.PT.202408042212.db,places,1.0925107,104.0344581,392573.6461426205,120772.66486046051,7,357.84438968560977,18,29,14,38.39890526134458,5.0,0.6931471805599453,0
1406,PT  Batam Polyurthane,wholesaler,Company,Indonesia.Batam.PT.202408042212.db,places,1.125522,104.0265691,391697.03016589786,124422.23214423837,-1,0.0,4,29,0,88.42071345825829,5.0,0.6931471805599453,0
1407,Sukajadi Driving range,golf driving range,Company,Indonesia.Batam.PT.202408042212.db,places,1.1001216,104.0361327,392760.25095209933,121613.96102030954,7,512.3418224161838,16,34,0,118.79112794229412,4.2,4.174387269895637,0
1408,PT  Batam Mitra Suplindo,corporate office,Company,Indonesia.Batam.PT.202408042212.db,places,1.1487255,104.0029344,389068.07861578825,126988.20528792363,0,1600.9366123743916,7,35,6,158.22450568058338,5.0,1.6094379124341003,0
1409,PT  Batam Polyurethane Industry,manufacturer,Company,Indonesia.Batam.PT.202408042212.db,places,1.115042,104.020872,391062.72737774136,123263.91483588777,-1,0.0,5,7,0,245.63960934540034,0.0,0.0,0
1410,Pt jaya agung auto rental,car rental agency,Company,Indonesia.Batam.PT.202408042212.db,places,1.0937059,104.0349172,392624.77300726937,120904.77329782158,7,227.63955662889995,18,31,0,26.470369949707827,5.0,1.0986122886681098,0
1411,PT  Hamston Perdana Jaya,marine supply store,Company,Indonesia.Batam.PT.202408042212.db,places,1.1019699,104.0430817,393533.5339438143,121818.03426536203,-1,0.0,0,10,0,671.4802274931161,0.0,0.0,0
1413,PT  Batam Anugerah Service,corporate office,Company,Indonesia.Batam.PT.202408042212.db,places,1.101776,104.0676896,396271.6417190652,121795.73130679797,3,483.6842680823369,3,45,2,149.17932270581778,4.3,1.6094379124341003,0
1414,SURYA TUNGGAL GROUP (PT  SURYA TUNGGAL KHARISMA TEKNIK),corporate office,Company,Indonesia.Batam.PT.202408042212.db,places,1.117559,104.0235238,391357.8864392772,123542.0626701199,-1,0.0,4,10,2,14.382955453513478,0.0,0.0,0
1415,Batam Office,corporate office,Company,Indonesia.Batam.PT.202408042212.db,places,1.1349507,104.0431641,393543.8911882683,125463.92603576243,2,122.46782461540069,14,29,12,53.219870421166675,0.0,0.0,0
1417,PT EPC-M Fabricators Perkasa,corporate office,Company,Indonesia.Batam.PT.202408042212.db,places,1.107607,104.0282685,391885.4674237204,122441.72924165278,11,90.8629148120501,18,25,10,0.1820565509818041,4.5,1.0986122886681098,0
1418,PT BATAM JAYA,corporate office,Company,Indonesia.Batam.PT.202408042212.db,places,1.1714071,104.0130391,390193.2983149199,129495.19778938567,0,2591.2846617455816,15,65,11,0.0,0.0,0.0,0
1419,PT  Nego Teknindo,corporate office,Company,Indonesia.Batam.PT.202408042212.db,places,1.099386,104.0336689,392486.0764461169,121532.7318513043,7,416.38677265522017,16,42,9,117.40714742847675,5.0,0.6931471805599453,0
1420,PT  Emics Solusindo,gas company,Company,Indonesia.Batam.PT.202408042212.db,places,1.100427,104.033878,392509.380366812,121647.80298385947,7,524.3118145401147,13,40,0,116.75035465712607,0.0,0.0,0
1421,Batam Center Point,corporate office,Company,Indonesia.Batam.PT.202408042212.db,places,1.1306859,104.0551876,394881.5765817978,124992.03137236812,9,527.9757882851665,6,20,2,3.812710206187997,4.1,3.7376696182833684,0
1422,Mess PT  DBAK,hotel,Company,Indonesia.Batam.PT.202408042212.db,places,1.1161532,104.0388942,393068.09909604595,123386.09287414626,-1,0.0,1,19,0,376.16753264030075,0.0,0.0,0
1423,PT Batam City Point,lumber store,Company,Indonesia.Batam.PT.202408042212.db,places,1.1569051,104.0244085,391457.79722046066,127891.60767856428,0,1230.3009156164344,4,30,0,106.65653322867006,5.0,0.6931471805599453,0
1425,PT  Global Batam International,corporate office,Company,Indonesia.Batam.PT.202408042212.db,places,1.0456344,104.0304589,392127.01561376074,115590.80405805644,-1,0.0,3,4,2,1.0629724687834616,5.0,0.6931471805599453,0
1429,PT  Batam Mitra Karya,corporate office,Company,Indonesia.Batam.PT.202408042212.db,places,1.1628685,104.0384945,393025.34819539625,128550.30364907777,-1,0.0,5,7,3,129.15315918334048,0.0,0.0,0
1430,Batam Island,island,Company,Indonesia.Batam.PT.202408042212.db,places,1.0828276,104.0304535,392127.7071049338,119702.37680846492,-1,0.0,3,12,0,0.0,4.5,0.6931471805599453,0
1432,PT Pelayanan Energi Batam,corporate office,Company,Indonesia.Batam.PT.202408042212.db,places,1.0938895,103.9015154,377780.7617429076,120930.17334483784,-1,0.0,0,1,0,947.6558650978618,5.0,2.6390573296152584,0
1433,PT  TANJUNG UNCANG,corporate office,Company,Indonesia.Batam.PT.202408042212.db,places,1.1289989,104.029478,392020.8308184189,124806.48315710534,0,2532.6413789001203,19,46,17,130.6740147251011,5.0,0.6931471805599453,0
1434,Pt  Putra Jaya Batam,corporate office,Company,Indonesia.Batam.PT.202408042212.db,places,1.1090365,104.0438049,393614.2560472401,122599.19240376976,1,787.5611200855029,8,19,6,122.1855968927114,4.4,2.302585092994046,0
1436,PT BATAM TRANS TOUR,corporate office,Company,Indonesia.Batam.PT.202408042212.db,places,1.1554646,104.0178121,390723.76884071383,127732.61817008986,0,786.7021709812042,9,43,7,74.84708256063504,0.0,0.0,0
1437,PT BATAM JAYA KURNIA,corporate office,Company,Indonesia.Batam.PT.202408042212.db,places,1.1374733,103.9776738,386256.8855487491,125745.28806697058,-1,0.0,0,1,0,999.3935162000275,0.0,0.0,0
1438,BAR Teluk Bakau,homestay,Company,Indonesia.Batam.PT.202408042212.db,places,1.1082781,104.1257473,402731.8431065212,122512.53712375993,-1,0.0,0,7,0,570.5560449875463,4.6,2.6390573296152584,0
1439,PT  Kabil Industrial Estate,office,Company,Indonesia.Batam.PT.202408042212.db,places,1.1146575,104.1351928,403783.0237004532,123217.42744995677,6,164.3484167079735,13,14,0,155.09250249592674,4.4,3.6109179126442243,0
1441,Bakau,island,Company,Indonesia.Batam.PT.202408042212.db,places,0.9427778,103.7725,363417.8365237941,104229.44393158537,-1,0.0,1,2,0,448.9951511583921,5.0,0.6931471805599453,0
1442,PT  Amtek Precision Components,machining manufacturer,Company,Indonesia.Batam.PT.202408042212.db,places,1.1084942,104.0632373,395776.4711025109,122538.55227732018,3,544.1573632391239,15,49,0,78.58310471135093,4.4,3.367295829986474,0
1443,Masjid Al ikhlas teluk bakau batu besar Nongsa batam,mosque,Company,Indonesia.Batam.PT.202408042212.db,places,1.1166865,104.1348134,403740.8750264619,123441.73189004548,6,361.99422464517926,7,15,0,85.71520273107508,4.3,2.4849066497880004,0
1444,Pulau Bakau,island,Company,Indonesia.Batam.PT.202408042212.db,places,1.1033333,103.9191667,379745.2889215381,121973.47450012526,-1,0.0,0,0,0,1569.8724182885005,0.0,0.0,0
1447,PT Batara Indah Mulia,corporate office,Company,Indonesia.Batam.PT.202408042212.db,places,1.1120808,104.0431183,393537.9671067924,122935.75219312464,1,730.44757422802,8,21,6,82.4770943611802,0.0,0.0,0
1448,PT  Batam Surya Makmur,corporate office,Company,Indonesia.Batam.PT.202408042212.db,places,1.1474276,104.0205516,391028.28472257266,126844.04877059696,0,374.45536322544365,22,64,16,184.95271275056038,5.0,1.0986122886681098,0
1449,pt,corporate office,Company,Indonesia.Batam.PT.202408042212.db,places,1.1300779,104.0529207,394629.31965592894,124924.90178781436,9,327.5329049227306,14,24,8,0.1573374042876902,3.0,1.9459101490553132,0
1450,PT  Batam global konsultindo,corporate office,Company,Indonesia.Batam.PT.202408042212.db,places,1.1244552,104.0488044,394171.1007774562,124303.48557173183,9,461.4338781264523,11,31,8,118.62803644165886,0.0,0.0,0
1451,PT  Securindo Packatama Indonesia Batam,corporate office,Company,Indonesia.Batam.PT.202408042212.db,places,1.1258359,104.0273,391778.36882213206,124456.90555725874,0,2727.0211932912052,6,28,3,48.26532228244458,4.7,2.0794415416798357,0
1452,Batam Family Tourism,corporate office,Company,Indonesia.Batam.PT.202408042212.db,places,1.1519162,104.0227307,391270.92108462413,127340.16562909946,0,718.893063958023,9,50,6,48.63712728919363,5.0,1.9459101490553132,0
1453,Kota batam,housing development,Company,Indonesia.Batam.PT.202408042212.db,places,1.130589,104.0522369,394553.25251158956,124981.42650623726,9,362.809086843583,10,26,1,94.76947947907885,4.7,1.3862943611198906,0
1456,PT  HM SAMPOERNA  Tbk,corporate office,Company,Indonesia.Batam.PT.202408042212.db,places,1.1086211,104.0675724,396258.83849430573,122552.42823242486,3,273.3355412385371,20,47,15,42.3063094084316,4.3,3.912023005428146,0
1457,Batam Port,ferry terminal,Company,Indonesia.Batam.PT.202408042212.db,places,1.130712,104.05521,394884.0699386843,124994.91580135025,9,531.7761090010944,6,20,1,2.0852283822410613,0.0,0.0,0
1460,PT Pro-pack Batam,corporate office,Company,Indonesia.Batam.PT.202408042212.db,places,1.1116565,104.043728,393605.7930773321,122888.82556087163,1,673.3060568242073,8,20,6,79.56443610942445,0.0,0.0,0
1461,PT  BATAM RHEZKY SWADAYA,corporate office,Company,Indonesia.Batam.PT.202408042212.db,places,1.1275222,104.0353328,392672.2371663691,124643.02273547107,0,3054.0477005676516,12,40,10,3.540369277850202,3.0,0.6931471805599453,0
1463,Kota batam,housing development,Company,Indonesia.Batam.PT.202408042212.db,places,1.0874058,103.9466849,382806.72704265063,120211.60318146025,-1,0.0,0,0,0,1187.8918983338892,4.0,0.6931471805599453,0
1464,Batam Promo PT,shop,Company,Indonesia.Batam.PT.202408042212.db,places,1.0828276,104.0304535,392127.7071049338,119702.37680846492,-1,0.0,3,12,0,0.0,0.0,0.0,0
1465,PT  Sindo Megah Lestari,corporate office,Company,Indonesia.Batam.PT.202408042212.db,places,1.1085439,104.0672,396217.39919270814,122543.90719382235,3,267.4138377441053,18,46,13,42.3063094084316,4.8,2.833213344056216,0
1466,Batam indonesia,housing development,Company,Indonesia.Batam.PT.202408042212.db,places,1.1300781,104.0529221,394629.4754393946,124924.92384616009,9,327.61240686648824,14,24,1,0.1573374042876902,0.0,0.0,0
1467,PT  Bentoro Adisandi Batam (Walls),corporate office,Company,Indonesia.Batam.PT.202408042212.db,places,1.1314894,104.0284719,391908.9745874986,125081.83651257781,0,2240.7145416475405,21,62,19,3.3857976150196323,4.2,2.302585092994046,0
1504,Nginang,island,Company,Indonesia.Batam.PT.202408042212.db,places,1.0094444,104.1691667,407560.0477371494,111585.86013221757,-1,0.0,0,0,0,1080.4283189060131,4.3,2.833213344056216,0
1505,Dermaga Pulau Ngenang,port authority,Company,Indonesia.Batam.PT.202408042212.db,places,1.0234574,104.1743897,408141.6043510509,113134.73635035568,-1,0.0,1,2,0,236.5924718789625,4.7,1.3862943611198906,0
1507,Gardu Induk 150KV Pulau Ngenang,park,Company,Indonesia.Batam.PT.202408042212.db,places,1.0199382,104.1822214,409012.92952682456,112745.49466457067,-1,0.0,0,1,0,954.3147551461906,3.9,3.6888794541139363,0
1522,PT Batu Besar Port,mining company,Company,Indonesia.Batam.PT.202408042212.db,places,1.1582076,104.1222457,402343.901718145,128032.03549045931,-1,0.0,0,5,0,518.7484666431924,5.0,0.6931471805599453,0
1523,Pt Persero Warehouse,corporate office,Company,Indonesia.Batam.PT.202408042212.db,places,1.1257429,104.1177512,401842.71713746473,124443.42368148924,-1,0.0,0,2,0,869.183872467783,4.5,1.9459101490553132,0
1526,PTEC,corporate office,Company,Indonesia.Batam.PT.202408042212.db,places,1.113516,104.1368408,403966.35437816964,123091.18872541192,6,278.96208896356495,12,14,8,222.59010078318505,4.3,2.1972245773362196,0
1527,PT MBS,corporate office,Company,Indonesia.Batam.PT.202408042212.db,places,1.1547911,104.126068,402769.0753982433,127654.23243180761,-1,0.0,2,5,2,463.0040153043698,5.0,1.0986122886681098,0
1528,BUSAR (PT  BINTANG UTAMA SARANA),corporate office,Company,Indonesia.Batam.PT.202408042212.db,places,1.1370874,104.1121504,401219.91676588356,125697.67729790701,-1,0.0,1,5,1,107.96834504074205,5.0,0.6931471805599453,0
1529,PT INDOSAT,corporate office,Company,Indonesia.Batam.PT.202408042212.db,places,1.1642446,104.1371945,404007.387993585,128698.87353753755,-1,0.0,1,3,1,443.5839028301925,4.6,1.791759469228055,0
1530,batu besar,wholesaler,Company,Indonesia.Batam.PT.202408042212.db,places,1.0856712,104.1143729,401465.5026282755,120013.8618791234,-1,0.0,0,0,0,1555.1489628141335,0.0,0.0,0
1531,Kabil Industrial Park,corporate office,Company,Indonesia.Batam.PT.202408042212.db,places,1.1122871,104.132858,403523.1608321968,122955.47223442944,6,208.43754263805624,12,15,9,101.85821089533229,4.0,1.3862943611198906,0
1532,PT ASSIDIQ SUSKES BERSAMA,corporate office,Company,Indonesia.Batam.PT.202408042212.db,places,1.1535241,104.1219538,402311.2632509977,127514.3148108386,-1,0.0,1,6,1,478.71588946188206,5.0,0.6931471805599453,0
1533,Batu besar,housing development,Company,Indonesia.Batam.PT.202408042212.db,places,1.159112,104.1363452,403912.7173568822,128131.52877389938,-1,0.0,0,3,0,575.1891952056997,4.3,1.3862943611198906,0
1534,PT Erda Mega Indo,corporate office,Company,Indonesia.Batam.PT.202408042212.db,places,1.1126636,104.1341421,403666.0509169694,122997.04978702261,6,89.25924201043617,13,14,9,52.431179796773606,5.0,0.6931471805599453,0
1535,PT AIRIN Cabang Batam,corporate office,Company,Indonesia.Batam.PT.202408042212.db,places,1.1231688,104.1403994,404362.6206718308,124158.12234938142,-1,0.0,0,3,0,672.5497780659168,5.0,0.6931471805599453,0
1537,Yamaha Alfa Scorpii Batu besar Nongsa,corporate office,Company,Indonesia.Batam.PT.202408042212.db,places,1.1522893,104.1306897,403283.2265171455,127377.51754608266,-1,0.0,1,6,1,151.25792965997675,4.7,2.5649493574615367,0
1538,PT  TOPTENLOG Logistic Batam,corporate office,Company,Indonesia.Batam.PT.202408042212.db,places,1.1116927,104.1335575,403600.97277529386,122889.7425102686,6,212.37570482751877,11,15,8,48.77453526414586,0.0,0.0,0
1539,PT  SUPRAME ENERGI INDONESIA,corporate office,Company,Indonesia.Batam.PT.202408042212.db,places,1.1160586,104.1352654,403791.1471748332,123372.30705963618,6,306.6609270918839,10,15,6,85.71520273107508,0.0,0.0,0
1540,PT Intimas Citrasarana,corporate office,Company,Indonesia.Batam.PT.202408042212.db,places,1.112942,104.1311243,403330.2785870652,123027.92374350809,6,361.5419363102413,9,15,6,184.70244991220122,0.0,0.0,0
1541,PT trias jaya Propertindo Batam,corporate office,Company,Indonesia.Batam.PT.202408042212.db,places,1.1336033,104.1175578,401821.46198219276,125312.34762668378,-1,0.0,1,5,1,0.0,0.0,0.0,0
1542,PT Adiprotek Envirodunia - CNG Station,corporate office,Company,Indonesia.Batam.PT.202408042212.db,places,1.1031504,104.1251625,402666.60694747575,121945.72282963457,-1,0.0,1,3,1,254.8259848034045,5.0,0.6931471805599453,0
1544,PT  Maju Ofsor,corporate office,Company,Indonesia.Batam.PT.202408042212.db,places,1.1122009,104.1340385,403654.5086562162,122945.90484757024,6,141.68338960194316,12,14,9,28.820298946675848,0.0,0.0,0
1546,DINA BATAM,corporate office,Company,Indonesia.Batam.PT.202408042212.db,places,1.152195,104.1293335,403132.325042104,127367.13939040281,-1,0.0,2,5,2,151.25792965997675,5.0,0.6931471805599453,0
1547,Mitra Utama,corporate office,Company,Indonesia.Batam.PT.202408042212.db,places,1.1430649,104.1144938,401480.86212314805,126358.37257621823,-1,0.0,0,4,0,559.5296166845395,0.0,0.0,0
1548,PT Songkongan Perdana Shipping,corporate office,Company,Indonesia.Batam.PT.202408042212.db,places,1.111489,104.1319439,403421.4257568955,122867.27758440215,6,342.96996258964117,9,15,7,134.64145661719715,4.0,0.6931471805599453,0
1549,PT FIFGROUP NONGSA,corporate office,Company,Indonesia.Batam.PT.202408042212.db,places,1.1482425,104.1343332,403688.48645447154,126930.04794278834,-1,0.0,0,2,0,603.7090877847215,0.0,0.0,0
1550,Thiess Batam Rebuild Center (BRC),corporate office,Company,Indonesia.Batam.PT.202408042212.db,places,1.1105972,104.1356704,403836.03323325305,122768.57362894593,6,348.3761004274425,10,14,7,253.76669042092752,0.0,0.0,0
1551,Batu ampar,insurance agency,Company,Indonesia.Batam.PT.202408042212.db,places,1.1159232,104.1458788,404972.0596181593,123356.99451599187,-1,0.0,1,4,0,149.85841127447628,0.0,0.0,0
1552,Batu besar,mosque,Company,Indonesia.Batam.PT.202408042212.db,places,1.1586122,104.1297976,403184.1806405924,128076.50222222344,-1,0.0,0,5,0,592.1352363468363,5.0,1.3862943611198906,0
1554,PT  Hapsibah,corporate office,Company,Indonesia.Batam.PT.202408042212.db,places,1.1120146,104.1338573,403634.3410463655,122925.31657070486,6,167.05974615089582,12,15,9,28.820298946675848,0.0,0.0,0
1555,KIIE,business park,Company,Indonesia.Batam.PT.202408042212.db,places,1.1136494,104.1338832,403637.2759195683,123106.03169987633,6,54.960560282658804,13,14,0,0.0,4.3,2.302585092994046,0
1556,PT  Yingmei Indotobacco International,corporate office,Company,Indonesia.Batam.PT.202408042212.db,places,1.1086655,104.0723816,396793.95499779325,122557.16836190659,3,606.6235681803976,13,44,13,100.06176789495466,4.6,2.0794415416798357,0
1557,Citranusa Kabil Port,corporate office,Company,Indonesia.Batam.PT.202408042212.db,places,1.1109779,104.1500328,405434.1025443106,122810.19382443994,-1,0.0,0,2,0,573.2559634415313,4.2,3.5553480614894135,0
1558,PT  TNT Teknologi Presisi,corporate office,Company,Indonesia.Batam.PT.202408042212.db,places,1.1255675,104.0999338,399860.21951155324,124424.64008306799,-1,0.0,1,6,0,171.0149875837057,5.0,1.0986122886681098,0
1559,PT  Sarana Bangun Sejati,corporate office,Company,Indonesia.Batam.PT.202408042212.db,places,1.1142421,104.084734,398168.5820973192,123173.20395031985,-1,0.0,0,6,0,628.9113384789193,5.0,0.6931471805599453,0
1561,PT  PUSAKA BETUAH BATAM,home builder,Company,Indonesia.Batam.PT.202408042212.db,places,1.1558297,104.0978366,399627.91806564026,127770.02500803825,-1,0.0,1,3,0,410.1824660364931,5.0,1.0986122886681098,0
1562,PT  Kawasan Pembangunan Nongsa,corporate office,Company,Indonesia.Batam.PT.202408042212.db,places,1.1841023,104.1040276,400317.7654359507,130895.17619532316,-1,0.0,0,0,0,1162.0087258444366,5.0,0.6931471805599453,0
1563,Sambau,housing society,Company,Indonesia.Batam.PT.202408042212.db,places,1.1576789,104.1105404,401041.4850946767,127973.99695356685,-1,0.0,0,3,0,601.8430474956871,4.0,1.3862943611198906,0
1564,PT  PERISAI TIGA MITRA Cbg,corporate office,Company,Indonesia.Batam.PT.202408042212.db,places,1.1168712,104.0789513,397525.24108799937,123464.0378996255,-1,0.0,0,4,0,706.0255238597022,5.0,1.0986122886681098,0
1565,PT  Maber Wika Prima,corporate office,Company,Indonesia.Batam.PT.202408042212.db,places,1.1581706,104.1006969,399946.2550949405,128028.69698413943,-1,0.0,1,2,0,410.1824660364931,4.0,1.0986122886681098,0
1566,TPS PT  IBU,corporate office,Company,Indonesia.Batam.PT.202408042212.db,places,1.127111,104.1049591,400419.42382144515,124595.09273575858,-1,0.0,1,4,1,147.48555373277296,5.0,0.6931471805599453,0
1567,Hanggar Batam Aero Technic (SCP),corporate office,Company,Indonesia.Batam.PT.202408042212.db,places,1.1400729,104.1239464,402532.51617292024,126027.30390723633,-1,0.0,0,2,0,600.6322248374315,5.0,1.0986122886681098,0
1568,TPU Nongsa Sambau,funeral director,Company,Indonesia.Batam.PT.202408042212.db,places,1.1618443,104.0918102,398957.5951463175,128435.11947564797,-1,0.0,0,1,0,944.2899274134164,3.5,1.0986122886681098,0
1569,PT  Argenta Teknika Intramas Cb Batam,corporate office,Company,Indonesia.Batam.PT.202408042212.db,places,1.1292401,104.0947653,399285.2595200836,124830.80326685662,-1,0.0,1,4,1,158.82586913186262,0.0,0.0,0
1573,Pt  Borneogroup,corporate office,Company,Indonesia.Batam.PT.202408042212.db,places,1.1058596,104.0749529,397079.9639401545,122246.90076744596,3,825.7877259828254,19,32,18,119.07452905470835,3.6,2.0794415416798357,0
1576,MATRIX NAP INFO,corporate office,Company,Indonesia.Batam.PT.202408042212.db,places,1.1682487,104.1369326,403978.3834480145,129141.50816698527,-1,0.0,2,2,1,216.93786152651532,5.0,2.4849066497880004,0
1578,CLS SEAX INDONESIA PRATAMA,telecommunications service provider,Company,Indonesia.Batam.PT.202408042212.db,places,1.1701423,104.1364206,403921.48030779307,129350.85015607641,-1,0.0,1,2,0,216.93786152651532,4.0,0.6931471805599453,0
1579,PT  Hesheng Industry Electronic Indonesia,corporate office,Company,Indonesia.Batam.PT.202408042212.db,places,1.1087643,104.0760517,397202.32633393916,122567.96251865242,3,990.56806728109,11,30,9,117.31333613643062,0.0,0.0,0
1580,Palm Spring Beach  Nongsa  Batam,beach,Company,Indonesia.Batam.PT.202408042212.db,places,1.1902626,104.0835822,398043.1263659446,131576.9085693983,-1,0.0,0,0,0,1240.03512327124,4.3,6.39024066706535,0
1581,PT  JAYA WIRA MANGGALA BATAM - KEPULAUAN RIAU,corporate office,Company,Indonesia.Batam.PT.202408042212.db,places,1.1034341,104.075948,397190.60429799854,121978.73957589493,3,982.8275707010202,13,27,12,109.93055117650903,5.0,0.6931471805599453,0
1582,Perusahaan Tambang Pasir,mining consultant,Company,Indonesia.Batam.PT.202408042212.db,places,1.1692741,104.0856595,398273.49556977325,129256.66494251497,-1,0.0,0,1,0,982.6520203409461,0.0,0.0,0
1583,PT  Catur Inti Darmala,corporate office,Company,Indonesia.Batam.PT.202408042212.db,places,1.1074076,104.0768221,397288.00108914665,122417.95951796633,3,1042.4824736785692,13,26,11,56.66137985292041,5.0,0.6931471805599453,0
1585,Mess PT  Binkei,housing complex,Company,Indonesia.Batam.PT.202408042212.db,places,1.1604987,104.1164416,401698.1840694497,128285.5028664256,-1,0.0,1,4,0,288.5396318151898,5.0,0.6931471805599453,0
1587,PT  Tiga Sekawan Enjiniring - Batam Reps  Office,corporate office,Company,Indonesia.Batam.PT.202408042212.db,places,1.1051614,104.0757678,397170.61298579024,122169.69005578666,3,922.3229126056932,17,30,16,119.07452905470835,0.0,0.0,0
1589,Dermaga PT  JW MARIN,corporate office,Company,Indonesia.Batam.PT.202408042212.db,places,1.1212899,104.154715,405955.40184476867,123949.95934783766,-1,0.0,1,1,0,256.2160251737607,4.8,1.791759469228055,0
1590,PT  Duta Global Indonesia,forklift rental service,Company,Indonesia.Batam.PT.202408042212.db,places,-2.44565,117.8888,1945181.7504626135,-277346.30088331114,-1,0.0,7,7,0,0.0,4.7,1.3862943611198906,0
1591,PT  Hokushin Indonesia,corporate office,Company,Indonesia.Batam.PT.202408042212.db,places,1.1058569,104.0724244,396798.6201691486,122246.69008898525,3,544.7813329604888,12,44,12,134.45827292614078,0.0,0.0,0
1592,PT anugrah sejahtera makmur3,hydraulic equipment supplier,Company,Indonesia.Batam.PT.202408042212.db,places,1.1709913,104.0943247,399237.6995472796,129446.17927664574,-1,0.0,0,1,0,982.6520203409461,0.0,0.0,0
1593,PT Lokakarya Teknologi Solusi,corporate office,Company,Indonesia.Batam.PT.202408042212.db,places,1.1078027,104.0764977,397251.9190824951,122461.64705352092,3,1013.6821732903925,14,27,12,56.66137985292041,5.0,1.3862943611198906,0
1594,PT Logen Jaya Abadi,office supply wholesaler,Company,Indonesia.Batam.PT.202408042212.db,places,-2.44565,117.8888,1945181.7504626135,-277346.30088331114,-1,0.0,7,7,0,0.0,4.7,1.3862943611198906,0
1596,PT  Wahana Mitra Prima Internasional,corporate office,Company,Indonesia.Batam.PT.202408042212.db,places,1.1110342,104.089402,398687.87294143706,122818.42727284133,-1,0.0,1,8,1,167.30750068400172,2.8,1.791759469228055,0
1598,IBB kurir (PT indah barika Batam),corporate office,Company,Indonesia.Batam.PT.202408042212.db,places,1.1136987,104.094881,399297.60193439946,123112.78534754527,-1,0.0,0,2,0,541.0312811340137,5.0,1.0986122886681098,0
1599,Nongsapura Ferry Terminal,ferry service,Company,Indonesia.Batam.PT.202408042212.db,places,1.188648,104.094611,399270.1900855866,131398.018282114,-1,0.0,0,0,0,1162.0087258444366,4.1,6.47543271670409,0
1600,PT  AG IRM,corporate office,Company,Indonesia.Batam.PT.202408042212.db,places,1.1039506,104.0784663,397470.8306701107,122035.74907085778,3,1240.1406448920693,12,23,10,5.357776795875442,0.0,0.0,0
1601,PT  KURNIA DJAJA ALAM,corporate office,Company,Indonesia.Batam.PT.202408042212.db,places,1.1025085,104.0763092,397230.7629116833,121876.40672765503,3,1055.7810512808371,7,25,7,109.93055117650903,4.3,2.9444389791664403,0
1602,PT Anugerah Manajemen Abadi,corporate office,Company,Indonesia.Batam.PT.202408042212.db,places,1.1388258,104.0478364,394063.9137114897,125892.13065028795,2,552.2655381708773,5,23,4,49.8988513291323,5.0,0.6931471805599453,0
1603,PT  BATAM WINSEN BERJAYA,corporate office,Company,Indonesia.Batam.PT.202408042212.db,places,1.078467,104.0269274,391735.1989243192,119220.4535402978,-1,0.0,5,11,1,215.85412533265756,5.0,2.1972245773362196,0
1604,PT Top Solusi Marina (2),corporate office,Company,Indonesia.Batam.PT.202408042212.db,places,1.1056305,104.0893322,398679.922748979,122221.08030985702,-1,0.0,3,7,3,24.939018488192843,5.0,0.6931471805599453,0
1605,PT  Puri Triniti Batam - Marc s Boulevard,corporate office,Company,Indonesia.Batam.PT.202408042212.db,places,1.1384705,104.0475598,394033.12384365336,125852.86387804235,2,503.9861494393429,5,23,4,49.8988513291323,5.0,1.791759469228055,0
1606,PT  AMRETA BATAM ASIA PASIFIC,corporate office,Company,Indonesia.Batam.PT.202408042212.db,places,1.1629353,104.0005389,388802.0847582241,128559.15507274546,0,2465.7260587211754,7,18,5,104.85231305871945,5.0,1.0986122886681098,0
1607,PT  ANDALAN MUTU ENERGI BATAM,certification agency,Company,Indonesia.Batam.PT.202408042212.db,places,1.1125116,104.0670109,396196.4966402049,122982.5240380846,3,705.814187089743,9,31,0,51.79456648102144,5.0,1.3862943611198906,0
1608,PT  SURVINDO BERLIAN SAMUDERA INDONESIA,corporate office,Company,Indonesia.Batam.PT.202408042212.db,places,1.1336033,104.1175578,401821.46198219276,125312.34762668378,-1,0.0,1,5,1,0.0,0.0,0.0,0
1609,PT  Prima Utama Jaya,corporate office,Company,Indonesia.Batam.PT.202408042212.db,places,1.1087517,104.0580985,395204.6893736238,122567.19910701926,3,1088.912839799855,5,47,4,64.20567353374614,5.0,0.6931471805599453,0
1610,Perumahan kavling sambau IV,housing society,Company,Indonesia.Batam.PT.202408042212.db,places,1.1560607,104.1053758,400466.78448839375,127795.2953392572,-1,0.0,0,3,0,570.4622487794966,4.3,2.9444389791664403,0
1611,PT AMS BATAM,corporate office,Company,Indonesia.Batam.PT.202408042212.db,places,1.1240504,104.0144081,390343.82082729915,124260.00573165675,-1,0.0,2,12,1,87.61134861643691,0.0,0.0,0
1612,PT  HENDRA JAYA KARYA   TOKO HENDRA JAYA,corporate office,Company,Indonesia.Batam.PT.202408042212.db,places,1.163077,104.1160375,401653.310802056,128570.5318281145,-1,0.0,1,3,0,288.5396318151898,5.0,1.6094379124341003,0
1613,PT BODYKNIT INDONESIA,corporate office,Company,Indonesia.Batam.PT.202408042212.db,places,1.1123882,104.0718685,396736.99211177486,122968.71232284345,3,841.4502458659757,5,33,5,316.84613552338845,3.5,1.0986122886681098,0
1614,PT  Mandiri Gifha Nusantara,corporate office,Company,Indonesia.Batam.PT.202408042212.db,places,1.1073428,104.0685767,396370.5416065106,122411.08319085673,3,175.52372602503365,15,49,13,122.96950292944862,4.6,2.70805020110221,0
1616,PT ABB Sakti Industri Batam,corporate office,Company,Indonesia.Batam.PT.202408042212.db,places,1.1066264,104.0663533,396123.1208527117,122331.96641461855,3,141.89158610702853,14,54,10,115.95246885695762,5.0,0.6931471805599453,0
1617,PT Annawa Marine Engineering,corporate office,Company,Indonesia.Batam.PT.202408042212.db,places,1.163499,104.014068,390307.4758936021,128620.94099731225,0,1711.5915078302799,28,68,18,74.01339403503533,5.0,0.6931471805599453,0
1618,PT FUJITEK BATAM,corporate office,Company,Indonesia.Batam.PT.202408042212.db,places,1.1779739,104.009812,389834.4808889063,130221.26527263888,0,3377.985419865234,4,18,3,130.6172597577162,4.8,2.302585092994046,0
1619,PT  Bukit Kiat Usaha Dinamis,contractor,Company,Indonesia.Batam.PT.202408042212.db,places,0.7651609,104.1903922,409915.88461099035,84581.81986003132,-1,0.0,1,1,0,352.7206157612764,0.0,0.0,0
1621,PT  Kanagu Eka Persada,corporate office,Company,Indonesia.Batam.PT.202408042212.db,places,1.1354773,104.0435113,393582.54299890046,125522.12676934528,2,55.01256245176157,14,25,12,20.550645839610894,0.0,0.0,0
1623,PT Accord Mandiri Batam Offset Printing & Paper Box,corporate office,Company,Indonesia.Batam.PT.202408042212.db,places,1.108463,104.0738437,396956.63428150996,122534.7320748567,3,746.9273702349402,17,35,15,164.21917161881163,4.4,2.833213344056216,0
1625,Pt  Petro Energi Samudra,corporate office,Company,Indonesia.Batam.PT.202408042212.db,places,1.1242309,104.04774,394052.65783937916,124278.72875180616,9,567.8507335454359,9,27,7,76.11284429422595,4.8,1.6094379124341003,0
1626,Kelong Sijantung,seafood restaurant,Company,Indonesia.Batam.PT.202408042212.db,places,0.7776682,104.1821316,408996.94049677614,85964.57092606761,-1,0.0,0,0,0,1355.3752563722096,5.0,0.6931471805599453,0
1627,Halona Beach Resort,tourist attraction,Company,Indonesia.Batam.PT.202408042212.db,places,0.7045259,104.213718,412510.30582812615,77878.70149864737,-1,0.0,0,0,0,4080.435910653686,4.5,5.733341276897746,0
1628,Pantai SBS,water sports equipment rental service,Company,Indonesia.Batam.PT.202408042212.db,places,0.7862971,104.1712585,407787.20999700855,86918.66182290972,-1,0.0,0,0,0,1540.693779277671,4.5,2.1972245773362196,0
1630,PT SIAGA JAYA,corporate office,Company,Indonesia.Batam.PT.202408042212.db,places,1.1223992,104.0520709,394534.4873960603,124076.0854093012,9,546.5244420793864,9,35,6,378.2022481096065,4.8,3.044522437723423,0
1632,PT AMS,corporate office,Company,Indonesia.Batam.PT.202408042212.db,places,1.141217,104.0996784,399832.3395508197,126154.61045166518,-1,0.0,0,1,0,994.9617643092353,0.0,0.0,0
1633,PT BAYU ELOK PERKASA,corporate office,Company,Indonesia.Batam.PT.202408042212.db,places,1.1323696,104.0980357,399649.2559618851,125176.63841121609,-1,0.0,0,7,0,502.0909845020921,0.0,0.0,0
1635,PT  PROPAN RAYA ICC,corporate office,Company,Indonesia.Batam.PT.202408042212.db,places,1.1069435,104.0675452,396255.753620011,122366.97857878405,3,87.86124723845542,17,50,14,122.96950292944862,4.7,2.0794415416798357,0
1638,PT IDN SOLAR TECH,corporate office,Company,Indonesia.Batam.PT.202408042212.db,places,1.1176076,104.1379479,404089.6703238967,123543.45063900329,6,610.8367842431425,4,17,2,344.1020129051158,4.8,2.833213344056216,0
1639,PT  Gondari Media Pratama (Area Batam),corporate office,Company,Indonesia.Batam.PT.202408042212.db,places,1.1256953,104.0489849,394191.22953219956,124440.56686573636,9,362.4834093713923,10,28,7,138.55124659661143,4.6,1.791759469228055,0
1640,PT  ADAM JAYA SAKTI BATAM,corporate office,Company,Indonesia.Batam.PT.202408042212.db,places,1.1284795,104.0935543,399150.4883878309,124746.76518848249,-1,0.0,1,4,1,158.82586913186262,1.0,0.6931471805599453,0
1642,PT Agung Raya Pratama,corporate office,Company,Indonesia.Batam.PT.202408042212.db,places,1.1270629,104.0316919,392267.0992112008,124592.38327937102,0,2846.711320057146,12,41,10,197.91630756148913,3.0,1.3862943611198906,0
1643,PT TRIBATAMINDO DUTA GOTAMA,corporate office,Company,Indonesia.Batam.PT.202408042212.db,places,1.1372578,104.0243695,391452.71729153953,125719.66671664134,0,1457.2039321692992,23,67,14,6.680112165841719,5.0,1.0986122886681098,0
1645,PT  Luxindo Raya Batam,corporate office,Company,Indonesia.Batam.PT.202408042212.db,places,1.1018748,104.0338878,392510.52268532757,121807.85151348477,7,682.6900497197845,10,37,4,61.37680662424504,2.3,1.3862943611198906,0
1646,Asiwai Batam Global  PT,contractor,Company,Indonesia.Batam.PT.202408042212.db,places,1.0425033,103.9810711,386631.3542709546,115246.40763599703,-1,0.0,5,11,0,254.9164550943807,0.0,0.0,0
1648,PT  EKA SATYA PUSPITA BTH,corporate office,Company,Indonesia.Batam.PT.202408042212.db,places,1.1279717,104.1039463,400306.7616342223,124690.27267130186,-1,0.0,1,4,1,147.48555373277296,0.0,0.0,0
1650,Air naga,housing complex,Company,Indonesia.Batam.PT.202408042212.db,places,0.757908,104.204716,411509.63315237075,83779.77921581344,-1,0.0,0,1,0,625.9185786094325,0.0,0.0,0
1651,Kampung Melayu Pulau Panjang,housing authority,Company,Indonesia.Batam.PT.202408042212.db,places,0.8070762,104.1475471,405149.1610596706,89216.16826170759,-1,0.0,0,0,0,3498.262144566566,5.0,1.0986122886681098,0
1656,PT  SalindoAB,small appliance repair service,Company,Indonesia.Batam.PT.202408042212.db,places,1.1022981,104.0689259,396409.22202791594,121853.40390808751,3,452.85855385612444,4,45,0,149.17932270581778,0.0,0.0,0
1658,Dapur tiga,apartment building,Company,Indonesia.Batam.PT.202408042212.db,places,0.7947529,104.2071768,411784.224897146,87852.59741882431,-1,0.0,0,0,0,2443.920190660382,0.0,0.0,0
1660,PT  Graha Resik,corporate office,Company,Indonesia.Batam.PT.202408042212.db,places,1.0521674,103.9769541,386173.58611261984,116314.90451504833,-1,0.0,0,14,0,520.5360828784648,4.2,3.258096538021482,0
1661,pantai galang baru,beach,Company,Indonesia.Batam.PT.202408042212.db,places,0.625696,104.2689979,418660.3650744777,69163.90188132864,-1,0.0,0,0,0,4101.026937945248,4.3,2.70805020110221,0
1662,Galang baru,tourist attraction,Company,Indonesia.Batam.PT.202408042212.db,places,0.6605779,104.2564455,417264.1252609169,73019.9278574834,-1,0.0,1,1,0,83.54867616838509,4.0,0.6931471805599453,0
1663,Galang-baru Island,island,Company,Indonesia.Batam.PT.202408042212.db,places,0.6610442,104.2570364,417329.8865730928,73071.4626138173,-1,0.0,1,1,0,83.54867616838509,4.4,5.0106352940962555,0
1664,Kantor Lurah Galang Baru,city government office,Company,Indonesia.Batam.PT.202408042212.db,places,0.6862212,104.2455612,416053.3896706358,75854.71678874979,-1,0.0,0,0,0,1533.6702922618772,0.0,0.0,0
1665,Tanjung pengapit galang baru,housing society,Company,Indonesia.Batam.PT.202408042212.db,places,0.6872985,104.2593021,417582.44832555146,75973.56204609796,-1,0.0,0,0,0,1533.6702922618772,0.0,0.0,0
1668,Puskesmas Rempang Cate,public medical center,Company,Indonesia.Batam.PT.202408042212.db,places,0.912162,104.120804,402175.9493849302,100833.3425626033,-1,0.0,0,0,0,3911.2945256088624,4.8,3.9318256327243257,0
1670,PT Batam Matahari,corporate office,Company,Indonesia.Batam.PT.202408042212.db,places,0.8697051,104.1562901,406123.54125418037,96139.11083183184,-1,0.0,1,1,0,457.05451516461756,0.0,0.0,0
1671,Rempang cate,cemetery,Company,Indonesia.Batam.PT.202408042212.db,places,0.8317529,104.204716,411511.2049975882,91942.66652799094,-1,0.0,0,0,0,1599.9972017491043,0.0,0.0,0
1672,Pantai Kalat,beach pavillion,Company,Indonesia.Batam.PT.202408042212.db,places,0.8589865,104.1430514,404650.14337111474,94954.57928817855,-1,0.0,0,0,0,1140.6930995348316,4.1,4.962844630259907,0
1673,Pantai Tiga Putri,beach pavillion,Company,Indonesia.Batam.PT.202408042212.db,places,0.8652125,104.1348764,403740.6250971304,95643.02482459735,-1,0.0,0,0,0,1140.6930995348316,4.3,4.8283137373023015,0
1674,Tanjung Kelingking Batam,housing development,Company,Indonesia.Batam.PT.202408042212.db,places,0.8739029,104.096194,399436.4437917613,96604.70106728675,-1,0.0,0,0,0,4410.305874340497,5.0,1.3862943611198906,0
1675,Puskesmas Pembantu Rempang Cate,hospital,Company,Indonesia.Batam.PT.202408042212.db,places,0.9082607,104.1557399,406063.292532241,100401.15264935474,-1,0.0,0,0,0,1630.8536180413712,5.0,0.6931471805599453,0
1676,TebingTinggi,boat rental service,Company,Indonesia.Batam.PT.202408042212.db,places,0.9230081,104.1553292,406017.97669449245,102031.37655984305,-1,0.0,0,0,0,1630.8536180413712,4.8,2.4849066497880004,0
1677,Peternakan Cate,poultry farm,Company,Indonesia.Batam.PT.202408042212.db,places,0.868044,104.1600515,406542.0476418073,95955.39574440617,-1,0.0,1,1,0,457.05451516461756,0.0,0.0,0
1678,PT  Konsultan,consultant,Company,Indonesia.Batam.PT.202408042212.db,places,-2.44565,117.8888,1945181.7504626135,-277346.30088331114,-1,0.0,7,7,0,0.0,5.0,0.6931471805599453,0
1679,Pelabuhan Sembulang,tourist attraction,Company,Indonesia.Batam.PT.202408042212.db,places,0.8453007,104.2601527,417680.1163872228,93439.03466750539,-1,0.0,0,1,0,629.8218566390765,4.4,5.602118820879701,0
1680,Tambak udang PT  PANCA BUDIDAYA BERSAMA,warehouse,Company,Indonesia.Batam.PT.202408042212.db,places,0.8122004,104.220666,413285.60175177123,89780.96808825307,-1,0.0,0,1,0,943.1791719993206,5.0,0.6931471805599453,0
1681,Pantai Sembulang,tourist attraction,Company,Indonesia.Batam.PT.202408042212.db,places,0.8577558,104.2642628,418137.7190827138,94815.72783556841,-1,0.0,1,1,0,0.0,3.7,1.3862943611198906,0
1683,Pantai Warga Sembulang,tourist attraction,Company,Indonesia.Batam.PT.202408042212.db,places,0.839721,104.2590067,417552.48105423665,92822.28123794556,-1,0.0,0,1,0,629.8218566390765,5.0,1.0986122886681098,0
1684,Sembulang Beach,beach,Company,Indonesia.Batam.PT.202408042212.db,places,0.8577558,104.2642628,418137.7190827138,94815.72783556841,-1,0.0,1,1,0,0.0,4.3,4.454347296253507,0
1685,PT Bias Delta Pratama Layup Anchorage,corporate office,Company,Indonesia.Batam.PT.202408042212.db,places,0.7334237,104.1894989,409815.8324549502,81073.56517081046,-1,0.0,0,0,0,2617.8374131836404,4.7,2.995732273553991,0
1686,PT  SUMBER NGENANG JAYA,corporate office,Company,Indonesia.Batam.PT.202408042212.db,places,1.0220893,104.1727545,407959.6183453864,112983.55073102609,-1,0.0,1,1,0,236.5924718789625,5.0,0.6931471805599453,0
1688,PT  Bintang Terang Indonesia,contractor,Company,Indonesia.Batam.PT.202408042212.db,places,1.026552,104.0628381,395729.2917854695,113480.24059135254,4,206.0962590271603,10,12,0,24.92577926338564,5.0,0.6931471805599453,0
1689,PT Sinba Technology Industries,company,Company,Indonesia.Batam.PT.202408042212.db,places,1.107931,103.9353929,381551.0268021244,122481.09765281965,-1,0.0,0,2,0,510.803288325222,4.0,3.091042453358316,0
1690,PT  Garda Bangsa Securindo Kantor Cabang Batam,security service,Company,Indonesia.Batam.PT.202408042212.db,places,1.111122,104.0420755,393421.9006088669,122829.7983164153,1,866.101447357071,8,17,0,96.63112014264016,5.0,0.6931471805599453,0
1691,PT  Sri Indah Barelang,contractor,Company,Indonesia.Batam.PT.202408042212.db,places,1.1386377,104.0237668,391385.7068300478,125872.23267866341,0,1292.806510829939,24,71,1,39.34669530990002,4.4,1.791759469228055,0
1692,PT ANUGERAH MAKMUR PERSADA A,exporter,Company,Indonesia.Batam.PT.202408042212.db,places,0.8114979,104.2291134,414225.5638182002,89703.1332363684,-1,0.0,0,1,0,943.1791719993206,0.0,0.0,0
1693,PT Karya Celcon Parama Areated Concrete,tennis court construction company,Company,Indonesia.Batam.PT.202408042212.db,places,1.1102947,103.9434854,382451.6006790879,122742.08086491992,-1,0.0,3,9,0,268.5687744514918,4.6,1.791759469228055,0
1694,Berger Batam  PT,contractor,Company,Indonesia.Batam.PT.202408042212.db,places,1.0671649,103.9142533,379197.11764775147,117975.24203954132,-1,0.0,1,5,0,310.01231845350037,5.0,0.6931471805599453,0
1696,Kuning Mas Batam PT,contractor,Company,Indonesia.Batam.PT.202408042212.db,places,1.0670974,104.0253286,391556.8976219158,117963.64067324802,8,828.7614081037539,8,22,0,97.61095212743676,5.0,1.0986122886681098,0
1699,PT  Global Tri Indonusa,contractor,Company,Indonesia.Batam.PT.202408042212.db,places,1.040114,103.9713558,385550.20255629916,114982.62598916769,-1,0.0,3,6,0,284.52106839936374,5.0,0.6931471805599453,0
1701,PT  SANDEN,corporate office,Company,Indonesia.Batam.PT.202408042212.db,places,1.0068934,104.257368,417373.99863189604,111301.49908086532,-1,0.0,1,2,0,390.95542179609276,4.7,2.302585092994046,0
1703,PT Fajar Nur Alam,contractor,Company,Indonesia.Batam.PT.202408042212.db,places,1.0988701,103.9611325,384414.8036100951,121478.40990065795,-1,0.0,3,10,0,185.98354698379376,5.0,0.6931471805599453,0
1704,PT  Medianusa Permana,internet service provider,Company,Indonesia.Batam.PT.202408042212.db,places,1.1322737,104.0441368,393652.0247356468,125167.95872718107,2,385.41688294531986,10,30,0,28.587570526300407,4.9,4.382026634673881,0
1705,PT  CHAROEN POKPHAND JAYA FARM BATAM,poultry farm,Company,Indonesia.Batam.PT.202408042212.db,places,0.8220045,104.2153447,412693.68955335644,90864.8347595899,-1,0.0,0,0,0,1234.9603280539063,0.0,0.0,0
1706,PT  Pultech Solusi Precision,repair service,Company,Indonesia.Batam.PT.202408042212.db,places,1.0606414,103.9741289,385859.5234553045,117251.79361550932,-1,0.0,1,8,0,490.8912872895214,0.0,0.0,0
1707,PT  Esco Bintan Indonesia,laboratory equipment supplier,Company,Indonesia.Batam.PT.202408042212.db,places,1.0046732,104.2601031,417678.27009290823,111056.00973314272,-1,0.0,1,2,0,390.95542179609276,4.3,3.4011973816621555,0
1708,Pos Logistik   Mengkilo - PT SBP,corporate office,Company,Indonesia.Batam.PT.202408042212.db,places,1.0088563,104.2460674,416116.65998995653,111518.76666851169,-1,0.0,0,0,0,1275.9724390267845,0.0,0.0,0
1709,PT  SURYA MULIA BATAM,contractor,Company,Indonesia.Batam.PT.202408042212.db,places,1.1019862,104.0588172,395284.4216556073,121819.27834710061,3,1073.825221478991,15,32,0,134.71727100781357,0.0,0.0,0
1710,BBT LOBAM,corporate office,Company,Indonesia.Batam.PT.202408042212.db,places,1.0098209,104.2624255,417936.80598912854,111624.97603144587,-1,0.0,0,2,0,624.9507646520791,4.0,1.0986122886681098,0
1711,Galang Refugee Camp (Camp Vietnam),tourist attraction,Company,Indonesia.Batam.PT.202408042212.db,places,0.7683303,104.1900253,409875.1236216029,84932.1773553517,-1,0.0,1,1,0,352.7206157612764,4.4,6.610696044717759,0
1712,PT  Pertambangan Bumi Indonesia (PBI),contractor,Company,Indonesia.Batam.PT.202408042212.db,places,1.116436,104.04618,393878.7974317095,123417.0913305489,1,527.8966592933969,4,32,0,114.6305809267845,0.0,0.0,0
1713,PT  Sinar Mahakam Berjaya,contractor,Company,Indonesia.Batam.PT.202408042212.db,places,1.1024151,104.0811443,397768.7563244426,121865.91538496292,3,1569.3273803357674,4,16,0,342.9331952053304,0.0,0.0,0
1714,PT BATAM ISTANA GEMILANG,real estate agency,Company,Indonesia.Batam.PT.202408042212.db,places,1.0456264,104.0304536,392126.42559594125,115589.9198694781,-1,0.0,3,4,0,0.011127260229324998,0.0,0.0,0
1715,PT  Indonesia Surya Sejahtera,e-commerce service,Company,Indonesia.Batam.PT.202408042212.db,places,1.1051612,104.0835885,398040.8132111677,122169.39832781328,-1,0.0,2,20,0,407.574344403142,0.0,0.0,0
1716,PLTD Pulau Terong,corporate office,Company,Indonesia.Batam.PT.202408042212.db,places,0.9352588,103.7748794,363682.33825365745,103398.08180685707,-1,0.0,1,2,0,444.0598464002321,5.0,1.3862943611198906,0
1717,PLTS PULAU TERONG,green energy supplier,Company,Indonesia.Batam.PT.202408042212.db,places,0.9392585,103.7745136,363641.78462429426,103840.28600214525,-1,0.0,2,2,0,444.0598464002321,0.0,0.0,0
1718,PT  Global Inovatif Asia,corporate office,Company,Indonesia.Batam.PT.202408042212.db,places,1.1180732,104.0333358,392449.6866935211,123598.54445645829,-1,0.0,1,9,1,138.43891863333644,5.0,0.6931471805599453,0
1719,PT Daya Akses Nusantara,internet service provider,Company,Indonesia.Batam.PT.202408042212.db,places,1.0530982,103.9297326,380919.0486255611,116419.56710401403,-1,0.0,2,6,0,317.06542734221046,5.0,2.772588722239781,0
1720,PT  Batam Surya Kencana Sakti,contractor,Company,Indonesia.Batam.PT.202408042212.db,places,1.1266417,104.0516083,394483.16668409784,124545.09226083285,9,79.81402348538386,14,24,0,71.92235203769626,0.0,0.0,0
1721,PT  Prima Mitra Batam,contractor,Company,Indonesia.Batam.PT.202408042212.db,places,1.1428078,104.0211959,391099.80105618807,126333.32051748496,0,750.7814231970377,21,80,0,118.37381599852698,0.0,0.0,0
1722,PT  Central Corp,contractor,Company,Indonesia.Batam.PT.202408042212.db,places,1.0640495,104.0189705,390849.3112072883,117626.93017509789,-1,0.0,0,8,0,685.5975396518247,0.0,0.0,0
1723,PT Rizky karya madani,electric utility company,Company,Indonesia.Batam.PT.202408042212.db,places,1.062578,104.2376064,415176.65296513523,117457.39639227852,-1,0.0,0,0,0,6012.5648605832375,0.0,0.0,0
1724,PT  Mulia Batam Net,internet service provider,Company,Indonesia.Batam.PT.202408042212.db,places,1.1247212,104.0986472,399717.03388765734,124331.13070873688,-1,0.0,1,6,0,171.0149875837057,3.9,2.3978952727983707,0
1725,Ex Camp Vietnam,museum,Company,Indonesia.Batam.PT.202408042212.db,places,0.7523504,104.2036392,411389.6985116275,83165.45865698585,-1,0.0,0,1,0,625.9185786094325,4.4,6.61338421837956,0
1726,Batam Sarana Jaya  PT,contractor,Company,Indonesia.Batam.PT.202408042212.db,places,1.1067972,104.0647472,395944.41728919226,122350.90384288512,3,318.57990159550184,15,52,1,125.33472942662858,0.0,0.0,0
1727,PT  Bintang Kejora Teknologi ( KejoraNET),internet service provider,Company,Indonesia.Batam.PT.202408042212.db,places,1.1258818,104.0517095,394494.3997690957,124461.0849141183,9,161.0950764463608,14,24,0,9.545373725883584,4.7,1.3862943611198906,0
1728,PT  KSM Katering Batam,catering food and drink supplier,Company,Indonesia.Batam.PT.202408042212.db,places,1.0677984,104.025862,391616.27464433137,118041.11497340159,8,837.488200541725,8,24,0,97.61095212743676,5.0,1.6094379124341003,0
1729,Batam Centre Point International Ferry Terminal,ferry terminal,Company,Indonesia.Batam.PT.202408042212.db,places,1.1307223,104.0551943,394882.32339130074,124996.05498950114,9,531.3347308918349,6,20,1,2.0852283822410613,4.0,6.373319789577012,0
1730,Victory Batam Raya  PT,contractor,Company,Indonesia.Batam.PT.202408042212.db,places,1.1406111,104.0275167,391803.0293112041,126090.24413123085,0,1422.1973428251665,15,58,1,80.8525571908744,0.0,0.0,0
1731,Jaya Putra Batam PT,contractor,Company,Indonesia.Batam.PT.202408042212.db,places,1.152703,104.004702,389264.9122868626,127427.83849806713,0,1483.3938879029733,12,32,0,49.8320021316561,0.0,0.0,0
1732,PLTD PLN PULAU AIR RAJA,corporate office,Company,Indonesia.Batam.PT.202408042212.db,places,0.9714951,104.1490626,405321.9901653619,107391.42260656574,-1,0.0,0,0,0,3710.2261196142317,4.5,1.0986122886681098,0
1733,Pulau Airraja,island,Company,Indonesia.Batam.PT.202408042212.db,places,1.0,104.1666667,407281.60742571676,110541.92701881261,-1,0.0,0,0,0,1080.4283189060131,0.0,0.0,0
1734,PT  VALDARTA NATURA INDONESIA,corporate office,Company,Indonesia.Batam.PT.202408042212.db,places,1.0334839,104.0855791,398259.9445037942,114245.79190003303,-1,0.0,0,0,0,1344.4252851080112,5.0,0.6931471805599453,0
1735,PT BATAM NARA INDONESIA,corporate office,Company,Indonesia.Batam.PT.202408042212.db,places,0.9733855,104.0551497,394872.09405657405,107603.17463647702,-1,0.0,2,4,1,353.54616061302994,4.8,1.791759469228055,0
1738,PT PRIMANRU JAYA BATAM,corporate office,Company,Indonesia.Batam.PT.202408042212.db,places,1.0611776,104.1340492,403654.08239339053,117305.62837484214,-1,0.0,1,1,1,258.5060213088505,5.0,0.6931471805599453,0
1739,PT  ETOS INDONUSA BATAM,pest control service,Company,Indonesia.Batam.PT.202408042212.db,places,1.1005232,104.0587791,395280.13121691556,121657.55167701669,3,1156.0014631589947,14,24,0,114.59041062850736,5.0,2.833213344056216,0
1740,PT  Petrotec Airpower,corporate office,Company,Indonesia.Batam.PT.202408042212.db,places,1.0961834,104.0358459,392728.1981746734,121178.61828913382,7,144.61733711469245,20,31,12,44.84120403519996,5.0,1.791759469228055,0
1741,Semen Merah Putih (PT  Cemindo Gemilang TBK),corporate office,Company,Indonesia.Batam.PT.202408042212.db,places,1.0590187,104.1349421,403753.3676167183,117066.94907644848,-1,0.0,1,1,1,258.5060213088505,4.7,3.6635616461296463,0
1742,Pt  Arminareka Perdana - Mitra DULONGMAS Batam,corporate office,Company,Indonesia.Batam.PT.202408042212.db,places,1.0380532,104.0486082,394146.2766681493,114752.11680661427,-1,0.0,5,11,3,153.00700078824366,5.0,1.3862943611198906,0
1743,PT NAMCO SHIPYARD,construction company,Company,Indonesia.Batam.PT.202408042212.db,places,1.1210643,104.1524232,405700.39518116746,123925.09465248817,-1,0.0,1,3,0,256.2160251737607,4.3,2.0794415416798357,0
1745,Mess Karyawan Batam Aero Technic,housing society,Company,Indonesia.Batam.PT.202408042212.db,places,1.1450488,104.1217782,402291.43693370715,126577.4310470264,-1,0.0,0,4,0,600.6322248374315,4.5,1.6094379124341003,0
1746,PT  Budidaya Perikanan Laut Persada BATAM,corporate office,Company,Indonesia.Batam.PT.202408042212.db,places,0.9265435,103.9213514,379981.87189811806,102429.25537448013,-1,0.0,0,0,0,4309.927248818561,2.8,1.6094379124341003,0
1747,Pt Yakult Indonesia persada,corporate office,Company,Indonesia.Batam.PT.202408042212.db,places,1.1388901,104.1173372,401797.0951166328,125896.77742267044,-1,0.0,0,7,0,559.5296166845395,5.0,0.6931471805599453,0
1748,PT  GLOBAL CITRA PRATAMA,corporate office,Company,Indonesia.Batam.PT.202408042212.db,places,1.0957931,104.0351759,392653.6329781095,121135.49611047519,7,61.88978049369263,22,31,15,27.10145567922984,5.0,0.6931471805599453,0
1749,DC Indomaret Cabang Batam,corporate office,Company,Indonesia.Batam.PT.202408042212.db,places,1.0596781,104.0328397,392392.41477495653,117143.20092932292,8,353.85998105820795,15,27,8,71.29413319811768,4.4,3.8501476017100584,0
1750,PT  ALCOTRAINDO BATAM,corporate office,Company,Indonesia.Batam.PT.202408042212.db,places,1.1018544,104.1270565,402877.30558382394,121802.3967427835,-1,0.0,1,4,1,254.8259848034045,0.0,0.0,0
1751,SLO PT JKI BATAM,corporate office,Company,Indonesia.Batam.PT.202408042212.db,places,1.1364933,104.1113802,401134.19898530276,125632.02955900354,-1,0.0,1,5,1,107.96834504074205,5.0,0.6931471805599453,0
1752,PT  Bumi Batam Jaya,corporate office,Company,Indonesia.Batam.PT.202408042212.db,places,1.0456264,104.0304535,392126.41446868156,115589.9198729145,-1,0.0,3,4,2,0.011127260229324998,0.0,0.0,0
1754,Pulau karas,apartment building,Company,Indonesia.Batam.PT.202408042212.db,places,0.7586246,104.3278949,425216.315449129,83856.66884103187,-1,0.0,0,0,0,1129.189564161882,5.0,0.6931471805599453,0
1755,Pulau Karas-besar,island,Company,Indonesia.Batam.PT.202408042212.db,places,0.75,104.3333333,425821.31604081707,82903.23118923226,-1,0.0,0,0,0,1129.189564161882,4.9,2.70805020110221,0
1756,Pengusahaan Daerah Industri Pulau Batam (Persero)  PT,industrial equipment supplier,Company,Indonesia.Batam.PT.202408042212.db,places,1.1673844,104.0027833,389051.99140715343,129050.90295148629,0,2652.529788620675,5,22,0,253.94818333422305,4.4,1.791759469228055,0
1757,PT KARUNIA BARAKAH RESTU ABADI,oil and gas exploration service,Company,Indonesia.Batam.PT.202408042212.db,places,1.7012151,106.2211275,635831.7605429786,188078.91487588652,-1,0.0,0,0,0,230918.63498828732,5.0,2.0794415416798357,0
1758,PLTD TEMOYONG,government office,Company,Indonesia.Batam.PT.202408042212.db,places,0.9136657,103.957908,384049.46309636964,101004.41337130399,-1,0.0,0,0,0,2357.3135423165863,0.0,0.0,0
1759,PLTD TEMOYONG,pub,Company,Indonesia.Batam.PT.202408042212.db,places,0.9337003,103.965162,384857.328076921,103218.97457162967,-1,0.0,0,0,0,2357.3135423165863,4.0,2.0794415416798357,0
1760,PLTD TEMOYONG,housing complex,Company,Indonesia.Batam.PT.202408042212.db,places,1.0339986,103.9765398,386126.83202134585,114306.39227481183,-1,0.0,0,5,0,636.0473857105317,0.0,0.0,0
1761,PT  Tunas Karya Bahari,shipyard,Company,Indonesia.Batam.PT.202408042212.db,places,1.0203024,103.9353589,381543.9001910334,112793.78981172593,-1,0.0,3,8,0,326.569083515248,4.7,1.9459101490553132,0
1762,PT TGI Panaran Station,gas company,Company,Indonesia.Batam.PT.202408042212.db,places,1.0124882,104.0054223,389339.9755185167,111927.4572504915,-1,0.0,3,6,1,244.34736001519482,4.8,2.833213344056216,0
1764,PT  Rempang Galang,cruise terminal,Company,Indonesia.Batam.PT.202408042212.db,places,0.9795481,104.0425518,393470.4638149129,108284.82015429363,-1,0.0,1,1,1,454.8812396855828,0.0,0.0,0
1765,PT  Sumitomo Wiring Systems Batam Indonesia,car manufacturer,Company,Indonesia.Batam.PT.202408042212.db,places,0.837166,104.053115,394641.7521034941,92544.78357119006,-1,0.0,8,8,0,0.0,0.0,0.0,0
1766,PT  Tydi Inti Karya,home builder,Company,Indonesia.Batam.PT.202408042212.db,places,0.837166,104.053115,394641.7521034941,92544.78357119006,-1,0.0,8,8,0,0.0,0.0,0.0,0
1767,PT  Truckindo batam,corporate office,Company,Indonesia.Batam.PT.202408042212.db,places,1.165722,104.017696,390711.2443194967,128866.54583154905,0,1919.1624005154333,26,60,13,22.861182909758504,4.1,2.9444389791664403,0
1768,PT  MUYI MARINE EQUIPMENT,manufacturer,Company,Indonesia.Batam.PT.202408042212.db,places,1.0254834,103.9440026,382505.9302850261,113366.22868856514,-1,0.0,2,9,0,462.84309550455635,5.0,0.6931471805599453,0
1769,PT  MARINDO ALFA SENTOSA PIPE LINE GUARD POST,corporate office,Company,Indonesia.Batam.PT.202408042212.db,places,1.0175861,103.9256462,380463.0004927193,112493.8622662887,-1,0.0,0,2,0,949.0970505588625,2.0,0.6931471805599453,0
1770,PT Giken Precision Indonesia,manufacturer,Company,Indonesia.Batam.PT.202408042212.db,places,1.0205916,103.949034,383065.6281479789,112825.2602913842,-1,0.0,1,6,0,306.5041817153755,0.0,0.0,0
1771,Batam Travel Tour & Travel,travel agency,Company,Indonesia.Batam.PT.202408042212.db,places,1.02636,103.97857,386352.47141346405,113461.88696782906,-1,0.0,0,1,0,874.1294805676871,4.9,3.044522437723423,0
1772,PT  Marcopolo Shipyard,shipyard,Company,Indonesia.Batam.PT.202408042212.db,places,1.0080345,103.961199,384418.8556500372,111436.6497792959,-1,0.0,3,4,0,147.6558670892797,4.3,4.61512051684126,0
1773,PT  Bintan Shipping Bioteknik,shipbuilding and repairing,Company,Indonesia.Batam.PT.202408042212.db,places,1.0126628,103.9562959,383873.420968564,111948.477451416,-1,0.0,1,4,0,389.1992514384496,5.0,1.9459101490553132,0
1774,PT  JAYA ELECTRICAL ENERGY-DAPUR12,electrical equipment manufacturer,Company,Indonesia.Batam.PT.202408042212.db,places,1.0119258,103.959716,384253.97060846165,111866.88070580678,-1,0.0,2,4,0,389.1992514384496,0.0,0.0,0
1775,PT  Remajuna Karya Bersama (RKB),corporate office,Company,Indonesia.Batam.PT.202408042212.db,places,1.0230055,103.9406499,382132.7635730619,113092.42157372317,-1,0.0,5,12,2,35.9320563742915,5.0,0.6931471805599453,0
1776,PT  Galaksi Indo Marine Shipyard,corporate office,Company,Indonesia.Batam.PT.202408042212.db,places,1.019415,103.9381581,381855.3536064829,112695.58524812113,-1,0.0,7,10,3,326.569083515248,4.3,1.3862943611198906,0
1777,WTP TANJUNG PIAYU,corporate office,Company,Indonesia.Batam.PT.202408042212.db,places,1.026478,104.0630497,395752.83458508574,113472.05334162404,4,230.95266986527432,9,12,4,24.92577926338564,0.0,0.0,0
1778,Pt  Marcopolo Shipyard,harbor,Company,Indonesia.Batam.PT.202408042212.db,places,1.0015575,103.9698135,385377.2178721946,110720.32349494248,-1,0.0,0,0,0,1196.4871476593798,4.7,1.9459101490553132,0
1779,PT Yavindo Sumber Persada,corporate office,Company,Indonesia.Batam.PT.202408042212.db,places,1.0173342,103.9355008,381559.58195219195,112465.65128595893,-1,0.0,3,7,2,37.94981537835388,5.0,2.0794415416798357,0
1780,P T  Global Industri Fabrikasi,marine engineer,Company,Indonesia.Batam.PT.202408042212.db,places,0.837166,104.053115,394641.7521034941,92544.78357119006,-1,0.0,8,8,0,0.0,0.0,0.0,0
1781,PT Mustika Arya Perdana,corporate office,Company,Indonesia.Batam.PT.202408042212.db,places,0.986045,103.9399338,382051.7530020862,109006.4859157656,-1,0.0,0,0,0,1341.8423067903964,0.0,0.0,0
1782,PT  Golden Planet,cruise terminal,Company,Indonesia.Batam.PT.202408042212.db,places,0.9765242,104.0557597,394940.0686387032,107950.12469609451,-1,0.0,1,3,0,353.54616061302994,0.0,0.0,0
1783,PT  Indo Asean,cruise terminal,Company,Indonesia.Batam.PT.202408042212.db,places,0.9763084,104.0400314,393189.90518733696,107926.76457381679,-1,0.0,1,1,1,454.8812396855828,0.0,0.0,0
1784,PT  Hasil Laut Sejati,cruise terminal,Company,Indonesia.Batam.PT.202408042212.db,places,0.9713859,104.0505756,394363.0520697122,107382.27052904229,-1,0.0,1,4,0,249.85332034004313,4.0,1.791759469228055,0
1785,MEB,corporate office,Company,Indonesia.Batam.PT.202408042212.db,places,1.0132712,104.0074758,389568.50429003546,112013.94559036751,-1,0.0,3,5,1,129.39136151092097,3.3,1.3862943611198906,0
1786,PUL TEMIANG PT  CNGM,corporate office,Company,Indonesia.Batam.PT.202408042212.db,places,1.0625639,103.968994,385288.21315369644,117464.512844716,-1,0.0,2,8,0,95.25741162591561,0.0,0.0,0
1787,PT  Duta Logistik Asia,corporate office,Company,Indonesia.Batam.PT.202408042212.db,places,1.020209,103.9440367,382509.53295232233,112783.14626855035,-1,0.0,3,10,1,202.43780385442102,5.0,0.6931471805599453,0
1788,PT Citra Concrete,ready mix concrete supplier,Company,Indonesia.Batam.PT.202408042212.db,places,1.019299,103.942458,382333.8277183743,112682.60406252385,-1,0.0,6,11,0,202.43780385442102,4.3,3.2188758248682006,0
1789,PT Barelang Glassindo,contractor,Company,Indonesia.Batam.PT.202408042212.db,places,1.0492329,103.969061,385295.17981020396,115990.78928450456,5,393.68450235585556,7,22,0,122.46589320331618,4.7,2.0794415416798357,0
1790,PT AFG,corporate office,Company,Indonesia.Batam.PT.202408042212.db,places,0.9909578,104.0111941,389981.5113504763,109547.14078834582,-1,0.0,0,0,0,2465.2534724952457,0.0,0.0,0
1791,PT  KING MEGA KARYA,corporate office,Company,Indonesia.Batam.PT.202408042212.db,places,1.0193449,103.9996773,388700.93719865114,112685.6439084256,-1,0.0,1,4,0,454.66190633169845,0.0,0.0,0
1792,WWTP PT MEB,corporate office,Company,Indonesia.Batam.PT.202408042212.db,places,1.0154342,104.0070439,389520.51820738515,112253.07368579059,-1,0.0,4,6,2,118.5233062457699,0.0,0.0,0
1793,PT Kanzun Bahriyah Sentosa,corporate office,Company,Indonesia.Batam.PT.202408042212.db,places,0.9702608,104.0566675,395040.8895885301,107257.70601890155,-1,0.0,1,4,1,384.5003216355529,5.0,2.0794415416798357,0
1794,Pt Sagulung,corporate office,Company,Indonesia.Batam.PT.202408042212.db,places,1.0172374,103.935828,381595.9882103488,112454.93807662342,-1,0.0,3,8,2,37.94981537835388,3.0,1.9459101490553132,0
1795,PT Sarana Sijori Pratama,scrap metal dealer,Company,Indonesia.Batam.PT.202408042212.db,places,1.0200055,104.0037102,389149.7185865969,112758.53228131632,-1,0.0,1,6,0,454.66190633169845,0.0,0.0,0
1796,PT Prima Batam Sejahtera,corporate office,Company,Indonesia.Batam.PT.202408042212.db,places,1.0238223,104.0650927,395980.0778975073,113178.41190483513,4,572.6650154785499,3,11,1,348.96740752650993,0.0,0.0,0
1797,PT  IDLP,corporate office,Company,Indonesia.Batam.PT.202408042212.db,places,1.0164787,104.0113617,390001.0138992128,112368.39272204309,-1,0.0,1,5,1,494.140253356434,0.0,0.0,0
1798,PT  Hymics Indonesia,corporate office,Company,Indonesia.Batam.PT.202408042212.db,places,1.026169,103.925845,380485.4396814116,113442.69401859802,-1,0.0,1,3,1,30.549528074347798,0.0,0.0,0
1799,PT  Karyasindo Samudra Biru (KSB) Shipyard Yard 1,shipyard,Company,Indonesia.Batam.PT.202408042212.db,places,1.009956,103.944811,382595.3244547299,111649.65648198828,-1,0.0,0,1,0,811.4339575344671,4.7,2.4849066497880004,0
1800,Laboratorium PT  ITS,laboratory,Company,Indonesia.Batam.PT.202408042212.db,places,0.9934247,103.93036,380986.6634551752,109822.65074798607,-1,0.0,0,0,0,1341.8423067903964,5.0,0.6931471805599453,0
1801,Mitra Energi Batam,gas company,Company,Indonesia.Batam.PT.202408042212.db,places,1.0143621,104.0070544,389521.6502050541,112134.55578543496,-1,0.0,3,6,1,118.5233062457699,4.4,3.6109179126442243,0
1802,PT  BATAM MARINE ENGINEERING,contractor,Company,Indonesia.Batam.PT.202408042212.db,places,1.0284565,103.9686827,385252.3350186952,113694.00480024333,-1,0.0,0,1,0,933.6799463697931,0.0,0.0,0
1803,KJA PT Pulau Babilonia,corporate office,Company,Indonesia.Batam.PT.202408042212.db,places,0.9624738,104.0714546,396686.07483005285,106396.4371713754,-1,0.0,1,1,0,374.6902833299761,0.0,0.0,0
1804,Pos PT INDOTIRTA SUAKA,corporate office,Company,Indonesia.Batam.PT.202408042212.db,places,1.0261603,103.9261194,380515.9737412621,113441.7219822759,-1,0.0,1,3,1,30.549528074347798,5.0,1.0986122886681098,0
1805,PT VINNEX COATINDO,construction company,Company,Indonesia.Batam.PT.202408042212.db,places,1.0071173,103.9602344,384311.4861952439,111335.28876478203,-1,0.0,2,4,0,147.6558670892797,5.0,0.6931471805599453,0
1806,PT  CIH INDONESIA Shipyard Batam,corporate office,Company,Indonesia.Batam.PT.202408042212.db,places,1.0067557,103.9569736,383948.6233830514,111295.43024442157,-1,0.0,2,4,0,365.04536994400183,3.5,1.0986122886681098,0
1807,PT LOUIS ALAIN,contractor,Company,Indonesia.Batam.PT.202408042212.db,places,1.1086597,104.0662239,396108.79343605816,122556.74256125532,3,313.6755133314813,19,49,1,109.36158847901805,4.5,3.367295829986474,0
1808,PT Subur Batam Jaya,home builder,Company,Indonesia.Batam.PT.202408042212.db,places,1.0309948,103.9472888,382871.8070928911,113975.38897160972,-1,0.0,0,2,0,564.719388564778,0.0,0.0,0
1809,BATAM EXPRESINDO SHIPYARD,corporate office,Company,Indonesia.Batam.PT.202408042212.db,places,1.067887,103.9092,378634.83503234084,118055.26956095728,-1,0.0,1,3,1,277.6628421494467,3.8,2.3978952727983707,0
1810,PT KBS - Warehouse & Port,corporate office,Company,Indonesia.Batam.PT.202408042212.db,places,0.9692284,104.0499065,394288.5313489011,107143.78920093726,-1,0.0,1,3,0,249.85332034004313,2.3,1.3862943611198906,0
1811,Pos Buluh PT BBM,corporate office,Company,Indonesia.Batam.PT.202408042212.db,places,1.0159503,103.9114989,378888.6637249732,112313.55156954286,-1,0.0,0,0,0,1584.6287280111196,0.0,0.0,0
1812,PT Nusa Tri Tunggal,corporate office,Company,Indonesia.Batam.PT.202408042212.db,places,1.025959,104.0587331,395272.49985292985,113414.82132131526,4,282.96317508393577,9,11,3,152.45588217504624,0.0,0.0,0
1813,PT Sinar Cahaya Bersatu Abadi (SCBA),marine engineer,Company,Indonesia.Batam.PT.202408042212.db,places,1.0189787,103.9467936,382816.2663806596,112647.03705381851,-1,0.0,3,8,0,306.5041817153755,5.0,2.0794415416798357,0
1814,PT SALUSTA MASJAYA,shipyard,Company,Indonesia.Batam.PT.202408042212.db,places,0.837166,104.053115,394641.7521034941,92544.78357119006,-1,0.0,8,8,0,0.0,0.0,0.0,0
